tree
version=v4
num_class=1
num_tree_per_iteration=1
label_index=0
max_feature_idx=37
objective=binary sigmoid:1
feature_names=f_lvl_n_stores f_lvl_avg_sales_log f_lvl_direct_ratio f_lvl_brand_age f_lvl_sales_per_area_log f_lvl_biz_age f_lvl_emp_cnt_log f_chg_store_growth f_chg_sales_growth f_chg_contract_end_rate f_chg_new_open_rate f_chg_name_change_rate f_chg_sales_per_area_growth f_trd_store_growth_mean f_trd_store_growth_std f_trd_store_growth_slope f_trd_sales_growth_mean f_trd_sales_growth_std f_trd_sales_growth_slope f_trd_sales_per_area_mean f_trd_sales_per_area_std f_trd_sales_per_area_slope f_ind_store_growth_pct f_ind_real_sales_growth_pct f_ind_contract_end_pct f_ind_major_uB3C4uC18CuB9E4 f_ind_major_uC11CuBE44uC2A4 f_ind_major_uC678uC2DD f_struct_direct_ratio_chg f_struct_direct_growth f_struct_open_close_gap f_struct_n_regions f_struct_n_regions_chg f_struct_region_hhi f_struct_region_hhi_chg f_struct_top_region_share f_struct_top_region_share_chg f_struct_stores_per_region
feature_infos=[10:674.14000000000033] [9.0647430686543835:14.245841521367012] [0:0.89787234042553188] [3:6] [5.6875690892716948:10.80614918245716] [0:29] [0:6.7650389767805414] [-0.34999999999999998:8.3983333333333121] [-0.6140994189799871:5.7855836767695603] [0:0.45454545454545453] [0:9] [0:0.51277777777777878] [-0.86937463471654008:7.3616266145175144] [-0.41025641025641024:5.6939245395127553] [0:7.051043928809257] [-8.8959090909090879:1.6934285714285637] [-0.4565346480706669:4.5109916785834887] [0.0017315368439300561:7.4714955882376621] [-6.9920314263707812:4.8778313625961625] [-0.48852940312839377:5.2770848544001794] [0.0021822761633856261:7.688712890651666] [-8.577053409817875:6.2497704995939429] [0.083333333333333329:0.99622445724579212] [0.13333333333333333:1] [0.083333333333333329:0.84042553191489366] [0:1] [0:1] [0:1] [-0.81254964257347095:0.47161904761904305] [-0.70476190476190459:2.5749999999998181] [-0.34999999999999998:8] [1:17] [-4:8] [0.094610980228928193:1] [-0.68132520775623273:0.22964707095662648] [0.16191804707933741:1] [-0.57071428571428573:0.29341377576671696] [1.3:49.604705882352661]
tree_sizes=868 876 879 876 877 884 889 887 881 880 888 891 876 876 888 893 886 886 884 889 883 881 894 892 890 882 888 877 889 882 885 900 896 886 889 885 892 892 897 891 885 890 891 891 891 896 896 896 899 892 894 895 895 888 888 890 891 892 895 898 889 895 894 894 891 889 892 898 889 898 896 893 899 897 902 892 895 895 896 897 894 898 904 898 896 899 889 892 892 898 894 897 897 893 888 898 895 899 888 898 883 890 910 899 900 893 897 890 903 897 901 897 892 903 909 895 899 901 895 896

Tree=0
num_leaves=7
num_cat=0
split_feature=24 37 19 36 37 13
split_gain=666.411 397.958 438.59 233.611 128.867 136.499
threshold=0.59116350067842616 6.514705882352942 0.0878449642468183 0.0079316686024003009 2.6076923076923082 -0.078510709865515768
decision_type=2 10 8 10 8 10
left_child=1 4 -3 -4 -1 -6
right_child=-2 2 3 -5 5 -7
leaf_value=-1.965717910258155 -1.9699540984741195 -2.1234543823483865 -2.0014138315604617 -2.1387825071829427 -1.9883011732826252 -2.0439524817696668
leaf_weight=41.662838347256184 180.10390555858612 86.785730615258217 63.533377803862095 13.537971787154673 61.751964814960957 146.11980559676886
leaf_count=180 818 788 345 129 311 983
internal_value=-2.01837 -2.03982 -2.0768 -2.02518 -2.0159 -2.02676
internal_weight=593.496 413.392 163.857 77.0713 249.535 207.872
internal_count=3554 2736 1262 474 1474 1294
is_linear=0
shrinkage=1


Tree=1
num_leaves=7
num_cat=0
split_feature=24 37 17 19 0 10
split_gain=567.952 331.114 333.623 177.95 142.318 130.328
threshold=0.57810681273536468 6.514705882352942 0.34634816476803404 -0.086655119374712319 44.500000000000007 0.014545646884586904
decision_type=2 10 10 10 2 2
left_child=1 -1 3 -3 -2 -5
right_child=4 2 -4 5 -6 -7
leaf_value=0.11411410696721941 0.17315471967991963 0.07857000545681557 0.16041131158055666 0.10611574846332002 0.12186846830176824 -0.0040954474078052343
leaf_weight=263.34707721322775 133.58384869247675 62.995400249958038 24.175051361322403 10.207924395799635 99.189499489963055 69.305951446294785
leaf_count=1388 425 419 95 58 472 655
internal_value=0.11396 0.0931107 0.0594443 0.041318 0.151915 0.0111956
internal_weight=662.805 430.031 166.684 142.509 232.773 79.5139
internal_count=3512 2615 1227 1132 897 713
is_linear=0
shrinkage=0.03


Tree=2
num_leaves=7
num_cat=0
split_feature=24 19 19 37 37 22
split_gain=433.371 306.851 238.868 192.989 156.961 139.797
threshold=0.50414478426526632 0.097536675630595857 -0.050265649605567821 4.6794871794871806 2.6770833333333335 0.70026737967914443
decision_type=2 8 10 8 8 2
left_child=1 2 5 -2 -4 -1
right_child=3 -3 4 -5 -6 -7
leaf_value=0.10260085915009658 0.14681702281546791 0.10523359559023741 0.13239644226273442 0.1013460216977245 0.0029485754239827497 0.00083634017788475747
leaf_weight=72.120811000466347 193.44728550314903 195.11877071857452 8.3905851915478689 172.28971840441227 82.940039820969105 14.589902825653551
leaf_count=375 586 937 27 811 714 122
internal_value=0.102386 0.0792291 0.0503017 0.125732 0.0161461 0.0856828
internal_weight=738.897 373.16 178.041 365.737 91.3306 86.7107
internal_count=3572 2175 1238 1397 741 497
is_linear=0
shrinkage=0.03


Tree=3
num_leaves=7
num_cat=0
split_feature=24 17 37 24 10 23
split_gain=309.247 183.924 266.913 252.879 164.156 109.902
threshold=0.59116350067842616 0.26538810800612272 3.379807692307693 0.39697742022164501 0.02865943091815782 0.27299154334038062
decision_type=2 8 10 2 2 10
left_child=1 2 -1 -4 -5 -6
right_child=-2 -3 3 4 5 -7
leaf_value=0.11004382395161491 0.11558003121054999 0.095051424366576404 0.0030470070338252729 0.12402513173376585 0.12931119608114722 0.033245951406032904
leaf_weight=67.957943543791771 264.87769332528114 233.2954153418541 89.18865641951561 34.641536638140678 11.695636630058287 78.853502996265888
leaf_count=258 836 1026 741 129 43 553
internal_value=0.0890332 0.075199 0.0585173 0.0417484 0.0690775 0.046931
internal_weight=780.51 515.633 282.337 214.379 125.191 90.5491
internal_count=3586 2750 1724 1466 725 596
is_linear=0
shrinkage=0.03


Tree=4
num_leaves=7
num_cat=0
split_feature=24 14 10 33 5 4
split_gain=271.129 230.492 117.723 130.505 112.248 110.175
threshold=0.63766702766083927 0.042676227755531967 0.02339261285909713 0.34968569991482185 17.500000000000004 8.8225431936501
decision_type=2 8 2 8 8 8
left_child=1 5 -3 4 -4 -1
right_child=-2 2 3 -5 -6 -7
leaf_value=0.070304022725538415 0.11026263684945013 0.11099354736558893 0.084673960619186375 0.038687809492306859 -0.011084719950224144 0.013476084936741059
leaf_weight=47.842065021395683 203.47724090516567 89.952547453343868 297.53270690888166 86.035702392458916 11.213275648653505 84.376429744064808
leaf_count=241 553 294 1293 511 88 600
internal_value=0.0800256 0.0698909 0.0794775 0.0720341 0.0811716 0.0344121
internal_weight=820.43 616.953 484.734 394.782 308.746 132.218
internal_count=3580 3027 2186 1892 1381 841
is_linear=0
shrinkage=0.03


Tree=5
num_leaves=7
num_cat=0
split_feature=24 19 19 15 23 17
split_gain=200.422 170.854 171.176 122.449 122.919 103.744
threshold=0.50414478426526632 0.0878449642468183 -0.054198896708387116 0.027949046331880983 0.40633355614973271 0.33024504405064348
decision_type=2 8 10 10 10 10
left_child=1 2 -1 -4 -5 -3
right_child=-2 5 3 4 -6 -7
leaf_value=0.066623041700937649 0.089400509165019557 0.066333339740904732 -0.013958671981403778 0.1315076048661955 0.01238501396620365 0.1155862537468538
leaf_weight=99.639031447470188 445.93660821020603 184.70953857898712 63.210347823798656 11.467514425516127 21.442354194819927 51.544227614998817
leaf_count=485 1405 822 538 30 157 141
internal_value=0.0751745 0.0603174 0.0392668 0.0105151 0.0565476 0.0775209
internal_weight=877.95 432.013 195.759 96.1202 32.9099 236.254
internal_count=3578 2173 1210 725 187 963
is_linear=0
shrinkage=0.03


Tree=6
num_leaves=7
num_cat=0
split_feature=0 26 14 24 33 33
split_gain=212.026 141.521 104.903 102.978 115.025 92.6365
threshold=93.500000000000014 1.0000000180025095e-35 0.068545633921863233 0.49628247650635715 0.29533918753213884 0.56611117483353357
decision_type=2 2 8 2 8 10
left_child=3 2 -2 4 -1 -6
right_child=1 -3 -4 -5 5 -7
leaf_value=0.076669938592476297 -0.0059232969678881704 0.075330777396050819 0.047497026378014943 0.086985384183056735 0.020911416265176414 0.080815088522071518
leaf_weight=207.82731725275517 61.704227708280087 70.359058946371078 69.835753545165062 390.38679554313421 81.030197523534298 32.217634558677673
leaf_count=795 472 268 342 1083 485 132
internal_value=0.0687083 0.0412452 0.0225824 0.0764329 0.0633723 0.0385115
internal_weight=913.361 201.899 131.54 711.462 321.075 113.248
internal_count=3577 1082 814 2495 1412 617
is_linear=0
shrinkage=0.03


Tree=7
num_leaves=7
num_cat=0
split_feature=24 14 13 27 17 12
split_gain=154.26 139.813 124.86 101.017 87.4776 105.101
threshold=0.63766702766083927 0.050743123660322138 -0.13811561837494304 1.0000000180025095e-35 0.26538810800612272 -0.19754687043627109
decision_type=2 8 10 2 10 10
left_child=1 2 -1 -4 5 -3
right_child=-2 4 3 -5 -6 -7
leaf_value=0.10712378190664204 0.084392639248341464 0.074741954454029522 0.050843887233108932 0.0021721290355773827 0.08812651789884135 0.044168096770304408
leaf_weight=17.023287311196327 234.93239015340805 180.1502303481102 66.984488591551781 88.341335333883762 107.51192481815815 247.00621404498816
leaf_count=39 543 595 310 612 302 1165
internal_value=0.0631514 0.055984 0.0321973 0.0233529 0.0635771 0.0572069
internal_weight=941.95 707.017 172.349 155.326 534.668 427.156
internal_count=3566 3023 961 922 2062 1760
is_linear=0
shrinkage=0.03


Tree=8
num_leaves=7
num_cat=0
split_feature=37 1 17 7 6 9
split_gain=168.706 156.821 137.564 126.357 97.4184 63.4671
threshold=4.6794871794871806 11.911490151553641 0.24109042298595659 -0.071479664827304293 2.6735537653587347 0.068307244631747963
decision_type=10 10 8 2 2 2
left_child=5 -2 3 -3 -5 -1
right_child=1 2 -4 4 -6 -7
leaf_value=0.053836325249962548 0.066838141969663492 0.059526605479678113 0.059459072285403168 0.030170467270490327 -0.019048462919340731 0.078955589226756995
leaf_weight=137.00370632857084 210.71111022680998 46.971989579498768 110.25745176523924 65.216100320219994 78.843286171555519 345.74094778299332
leaf_count=516 734 173 387 360 598 851
internal_value=0.0591566 0.0469749 0.0329081 0.0173539 0.00328747 0.0719527
internal_weight=994.745 512 301.289 191.031 144.059 482.745
internal_count=3619 2252 1518 1131 958 1367
is_linear=0
shrinkage=0.03


Tree=9
num_leaves=7
num_cat=0
split_feature=0 20 7 1 4 34
split_gain=127.013 151.48 122.822 99.9557 104.823 69.6753
threshold=91.500000000000014 0.24495888676425429 -0.071479664827304293 12.333150102104199 8.682283807687865 0.035010495831980355
decision_type=2 8 2 10 8 8
left_child=3 2 -2 -1 -5 -6
right_child=1 -3 -4 4 5 -7
leaf_value=0.070143672119116082 0.062946316141949288 0.058120623921441662 -0.009601110736718578 0.084305480171314118 0.043376963875843506 -0.020230651782619725
leaf_weight=475.05158945918083 27.461017645895481 124.95352936536074 79.39287281036377 57.696706369519234 238.50953790545464 16.007042229175568
leaf_count=1306 98 437 587 134 915 97
internal_value=0.0556095 0.0358243 0.00945404 0.0613824 0.0478702 0.039313
internal_weight=1019.07 231.807 106.854 787.265 312.213 254.517
internal_count=3574 1122 685 2452 1146 1012
is_linear=0
shrinkage=0.03


Tree=10
num_leaves=7
num_cat=0
split_feature=24 23 11 14 11 4
split_gain=135.689 137.716 95.8708 80.5562 78.5687 78.5121
threshold=0.44354625252376029 0.91709621993127155 0.0064045845809479734 0.044411559168449417 0.26969696969696971 9.4370376006953567
decision_type=2 8 2 8 2 8
left_child=1 2 5 -3 -4 -1
right_child=-2 3 4 -5 -6 -7
leaf_value=0.062026937961620704 0.060686392928936322 0.0032831169371923875 0.0042081328789651982 0.069786992609048235 0.089957246738866278 -0.0077865065965704279
leaf_weight=73.807543516159058 665.37917316704988 18.913479529321194 145.76532244682312 127.15111205726862 9.3063469901680929 17.725456729531288
leaf_count=250 1839 101 921 350 20 103
internal_value=0.052394 0.0382242 0.0243897 0.0612565 0.00989762 0.0485695
internal_weight=1058.05 392.669 246.605 146.065 155.072 91.533
internal_count=3584 1745 1294 451 941 353
is_linear=0
shrinkage=0.03


Tree=11
num_leaves=7
num_cat=0
split_feature=24 37 17 19 11 24
split_gain=166.228 128.144 126.364 144.732 105.435 72.0218
threshold=0.63766702766083927 3.4083333333333337 0.33024504405064348 -0.053020916952176651 0.058748499399759908 0.39697742022164501
decision_type=2 8 10 10 2 2
left_child=1 -1 3 -3 5 -5
right_child=-2 2 -4 4 -6 -7
leaf_value=0.062751276820051299 0.06922825459763346 0.041723931576294074 0.067666862916767961 -0.0083523796420292007 -0.020866933998780257 0.041411230954681577
leaf_weight=207.00379373133183 287.42661775648594 307.2086533010006 90.377454616129398 38.202385805547237 69.534955330193043 80.153586685657501
leaf_count=521 546 1158 225 279 509 319
internal_value=0.0496102 0.0424166 0.0351323 0.0290689 0.00826608 0.0254134
internal_weight=1079.91 792.481 585.477 495.1 187.891 118.356
internal_count=3557 3011 2490 2265 1107 598
is_linear=0
shrinkage=0.03


Tree=12
num_leaves=7
num_cat=0
split_feature=24 0 4 17 10 3
split_gain=128.895 79.5228 131.36 88.1676 58.5719 88.2191
threshold=0.57810681273536468 91.500000000000014 8.5915582561355119 0.334603320941191 0.099861495844875373 5.5000000000000009
decision_type=2 2 10 8 2 2
left_child=1 4 -3 -4 -1 -6
right_child=-2 2 3 -5 5 -7
leaf_value=0.054030566644584894 0.059216794946915126 0.052506708054132094 -0.020218853964643457 0.041806876355663006 0.038693376800187917 -0.02433946074057429
leaf_weight=255.68014261126518 427.18549151718616 64.3929782807827 70.413793876767159 28.00471955537796 234.23930440098047 21.173022761940956
leaf_count=798 910 226 566 93 844 128
internal_value=0.0462659 0.0379808 0.0195485 -0.00232661 0.0438028 0.0333936
internal_weight=1101.09 673.904 162.811 98.4185 511.092 255.412
internal_count=3565 2655 885 659 1770 972
is_linear=0
shrinkage=0.03


Tree=13
num_leaves=7
num_cat=0
split_feature=0 23 1 35 3 4
split_gain=115.199 112.47 72.2193 84.0336 65.4374 53.1678
threshold=93.500000000000014 0.96808149405772503 12.315187105094937 0.46176338281601442 5.5000000000000009 8.0978825723931376
decision_type=2 8 8 10 2 10
left_child=2 5 4 -4 -1 -2
right_child=1 -3 3 -5 -6 -7
leaf_value=0.062707238308566976 0.043014110250953454 0.059994288378008 0.048773094609057356 0.020547832694792784 0.028128634129798803 0.0039469890419370456
leaf_weight=364.98511868715286 39.751118175685406 61.013674035668373 326.72817581146955 136.75670903176069 59.686532557010651 137.00501357764006
leaf_count=806 126 156 901 558 208 814
internal_value=0.0439158 0.0252044 0.0488911 0.0405071 0.0579248 0.0129254
internal_weight=1125.93 237.77 888.157 463.485 424.672 176.756
internal_count=3569 1096 2473 1459 1014 940
is_linear=0
shrinkage=0.03


Tree=14
num_leaves=7
num_cat=0
split_feature=37 17 16 29 4 14
split_gain=115.145 98.3951 91.6308 83.5747 57.9261 53.6928
threshold=6.2583333333333337 0.083563205910513458 -0.12539051789798872 0.26105442176870758 8.0978825723931376 0.050010263937198395
decision_type=10 8 10 10 8 8
left_child=5 2 -2 4 -3 -1
right_child=1 3 -4 -5 -6 -7
leaf_value=0.030855526598953496 0.065147658486398419 0.070277532429462247 -0.010713336989297126 -0.023006602750505416 0.035126402638409333 0.05306491255846231
leaf_weight=121.87590347230434 16.453875161707401 52.377332702279091 79.110905952751637 18.528811194002628 236.90735650807619 633.26039410382509
leaf_count=409 40 103 526 111 871 1486
internal_value=0.0425919 0.0295208 0.00288743 0.0377534 0.041711 0.049526
internal_weight=1158.51 403.378 95.5648 307.814 289.285 755.136
internal_count=3546 1651 566 1085 974 1895
is_linear=0
shrinkage=0.03


Tree=15
num_leaves=7
num_cat=0
split_feature=13 14 27 34 33 35
split_gain=86.8494 89.804 83.3787 76.5581 63.6603 72.6433
threshold=-0.13811561837494304 0.050743123660322138 1.0000000180025095e-35 -0.011395434338638736 0.36067210884353745 0.76705426356589157
decision_type=8 8 2 8 10 10
left_child=-1 2 -2 -4 -3 -6
right_child=1 4 3 -5 5 -7
leaf_value=0.066050884073197424 0.039857192172366107 0.046942973028461017 0.04175117848810643 -0.010754105842379688 0.012526026892890414 0.059137279885326036
leaf_weight=115.16256065666676 117.81233560293913 691.58008302003145 34.080992363393307 86.002690263092518 111.82703281193972 40.581408254802227
leaf_count=200 379 1795 118 526 455 101
internal_value=0.041168 0.0384608 0.022037 0.00436918 0.0430586 0.0252417
internal_weight=1197.05 1081.88 237.896 120.084 843.989 152.408
internal_count=3574 3374 1023 644 2351 556
is_linear=0
shrinkage=0.03


Tree=16
num_leaves=7
num_cat=0
split_feature=7 6 17 35 5 24
split_gain=74.2001 91.206 94.9037 82.8762 60.4809 53.1924
threshold=-0.055336832895888005 3.4811217321331038 0.19751202353672762 0.44782214156079864 17.500000000000004 0.50581473968897916
decision_type=2 2 8 10 8 2
left_child=-1 3 5 4 -2 -3
right_child=1 2 -4 -5 -6 -7
leaf_value=0.050403536309934653 0.047434572003263641 -0.029786413340788066 0.037291164647665125 0.021942227375895049 0.00023543101993776853 0.018900579247199043
leaf_weight=357.60240669548512 479.09528125822544 47.008660994470119 74.448690868914127 197.75929756462574 25.754624702036381 33.970718398690224
leaf_count=799 1211 367 212 748 122 122
internal_value=0.0388447 0.0339743 0.0130701 0.0385735 0.045032 -0.00938088
internal_weight=1215.64 858.037 155.428 702.609 504.85 80.9794
internal_count=3581 2782 701 2081 1333 489
is_linear=0
shrinkage=0.03


Tree=17
num_leaves=7
num_cat=0
split_feature=5 7 37 26 37 20
split_gain=89.5562 85.727 74.3372 68.2173 62.7504 117.819
threshold=11.500000000000002 -0.010427991592375152 30.093750000000004 1.0000000180025095e-35 8.8284313725490211 0.26855255178819876
decision_type=8 2 10 2 10 8
left_child=1 -1 3 -2 -3 -6
right_child=2 4 -4 -5 5 -7
leaf_value=0.05193435486268002 0.012648367606988495 0.037532920156713299 -0.034818086775112257 0.044734552038450962 -0.035434994977216437 0.034217913717296697
leaf_weight=362.53846476972103 155.51498448103666 495.23538411408663 19.255091555416584 96.944048628211021 31.974148437380791 64.037024274468422
leaf_count=746 664 1357 154 247 236 190
internal_value=0.0360524 0.0403885 0.0207393 0.0250973 0.033233 0.0108956
internal_weight=1225.5 953.785 271.714 252.459 591.247 96.0112
internal_count=3594 2529 1065 911 1783 426
is_linear=0
shrinkage=0.03


Tree=18
num_leaves=7
num_cat=0
split_feature=24 37 8 19 19 4
split_gain=78.4204 77.5605 83.8441 70.6085 80.1848 121.364
threshold=0.57810681273536468 2.6076923076923082 0.1541840764766215 -0.091327609398983961 0.097536675630595857 9.3893648317770459
decision_type=2 8 8 8 10 8
left_child=1 -1 3 -3 -5 -6
right_child=-2 2 -4 4 5 -7
leaf_value=0.055127521892881289 0.045435620710235047 0.038199605690229108 0.039374735773499182 0.0010584771301657232 0.054438315636561194 -0.03623386391532353
leaf_weight=95.521105319261551 475.1903472840786 110.27634421736002 265.45037741214037 225.72367525845766 63.39933267980814 15.986269593238829
leaf_count=172 902 347 730 1169 144 98
internal_value=0.0357906 0.0298362 0.0262122 0.0177264 0.0102261 0.0359556
internal_weight=1251.55 776.357 680.836 415.386 305.109 79.3856
internal_count=3562 2660 2488 1758 1411 242
is_linear=0
shrinkage=0.03


Tree=19
num_leaves=7
num_cat=0
split_feature=37 8 7 1 9 15
split_gain=97.8024 65.0762 89.5263 72.7702 71.2826 64.1888
threshold=6.2583333333333337 0.42735622444570992 -0.035656495607951914 11.671769303420822 1.0000000180025095e-35 0.022754648090496547
decision_type=10 10 2 8 2 10
left_child=-1 2 -2 5 -5 -4
right_child=1 -3 3 4 -6 -7
leaf_value=0.038542138209534359 0.036721683089614002 0.05636783895098723 0.0055555524148839727 0.037437233973748846 -0.010490648918863347 0.072343267888828611
leaf_weight=831.18136199563742 130.16096299141645 40.577303290367126 27.367304496467113 32.653598248958588 163.25833771377802 23.899076290428638
leaf_count=1932 382 75 110 110 922 37
internal_value=0.0325812 0.020662 0.0166836 0.0060263 -0.00235272 0.0374787
internal_weight=1249.1 417.917 377.339 247.178 195.912 51.2664
internal_count=3568 1636 1561 1179 1032 147
is_linear=0
shrinkage=0.03


Tree=20
num_leaves=7
num_cat=0
split_feature=5 4 7 6 33 15
split_gain=77.3083 74.9253 66.352 57.7022 55.9209 50.408
threshold=11.500000000000002 8.0978825723931376 -0.010427991592375152 3.7256208424938388 0.32044108833752855 0.074506769825918723
decision_type=8 8 2 2 10 10
left_child=2 -2 -1 5 -4 -3
right_child=1 3 4 -5 -6 -7
leaf_value=0.045694504067253582 0.048084937501405911 0.0098988423838278407 0.034158172764686225 -0.017914510673592537 0.011641137495816191 0.049585645045195588
leaf_weight=377.10794968158007 57.844954840838909 140.63619535416365 488.04936847090721 50.751655153930187 126.26375757902861 35.484411910176277
leaf_count=738 117 567 1283 318 488 78
internal_value=0.0317723 0.0178974 0.0357348 0.0100233 0.0295565 0.0181297
internal_weight=1276.14 284.717 991.421 226.872 614.313 176.121
internal_count=3589 1080 2509 963 1771 645
is_linear=0
shrinkage=0.03


Tree=21
num_leaves=7
num_cat=0
split_feature=7 14 1 0 23 23
split_gain=71.2567 64.1583 52.4014 67.216 49.68 72.7503
threshold=-0.049839743589743586 0.050010263937198395 10.863244173821174 44.500000000000007 0.97173109579462602 0.51887464387464399
decision_type=2 8 8 2 10 10
left_child=-1 2 -2 -4 5 -3
right_child=1 4 3 -5 -6 -7
leaf_value=0.041093284859806227 0.057420533219956812 0.035406483919766911 0.029094744815117417 -0.01173850106471192 0.057460044755778851 0.014946353093823495
leaf_weight=413.58879888802767 17.203088626265526 407.09460297971964 56.950906924903393 96.08331623673439 54.064390942454338 257.38977641612291
leaf_count=851 30 1014 169 571 78 886
internal_value=0.0307691 0.0259241 0.0092952 0.00354762 0.0298453 0.0275156
internal_weight=1302.37 888.786 170.237 153.034 718.549 664.484
internal_count=3599 2748 770 740 1978 1900
is_linear=0
shrinkage=0.03


Tree=22
num_leaves=7
num_cat=0
split_feature=37 24 19 12 27 6
split_gain=62.4803 70.8803 61.6178 93.0793 56.0778 71.8377
threshold=2.6076923076923082 0.63766702766083927 0.11879495544156028 -0.1211479178665925 1.0000000180025095e-35 2.8617925509761908
decision_type=8 2 10 10 2 2
left_child=-1 2 3 -2 -5 -6
right_child=1 -3 -4 4 5 -7
leaf_value=0.046851332467591059 0.029381478624564535 0.039792631972938829 0.039031486732653282 0.027440751613996027 0.0098008668433385415 -0.026523218635366854
leaf_weight=168.17975606024265 352.12041978538036 297.72152915596962 167.10043124109507 88.90052630007267 175.13825822621584 66.887175612151623
leaf_count=266 972 517 410 303 678 433
internal_value=0.0297197 0.0271711 0.0227094 0.0186652 0.00720841 -0.000305642
internal_weight=1316.05 1147.87 850.147 683.046 330.926 242.025
internal_count=3579 3313 2796 2386 1414 1111
is_linear=0
shrinkage=0.03


Tree=23
num_leaves=7
num_cat=0
split_feature=24 5 13 34 33 33
split_gain=62.5849 84.0805 49.0107 54.4503 45.0542 68.3335
threshold=0.39225068017637682 15.500000000000002 -0.081159819869497274 -0.088490029068393788 0.11628397660878256 0.20662211165457919
decision_type=2 10 10 10 10 10
left_child=1 2 -1 -4 -5 -6
right_child=-2 -3 3 4 5 -7
leaf_value=0.040882545477141249 0.032661595871983189 -0.020532697511076559 -0.037933261559940125 -0.024519006232180382 0.040753703693184207 0.0053224416187278353
leaf_weight=98.620637506246567 941.16707819700241 44.043203860521317 15.064493045210837 18.343681871891022 100.89690982550383 95.014217890799046
leaf_count=209 2196 281 82 105 277 408
internal_value=0.028536 0.0180382 0.023265 0.0155438 0.0194626 0.0236843
internal_weight=1313.15 371.983 327.94 229.319 214.255 195.911
internal_count=3558 1362 1081 872 790 685
is_linear=0
shrinkage=0.03


Tree=24
num_leaves=7
num_cat=0
split_feature=7 16 37 12 10 22
split_gain=58.3568 54.4924 60.7664 72.0748 59.5092 51.9605
threshold=-0.041543392504930964 0.24330916117819332 4.5773809523809534 -0.27619529852818259 0.0176214873466853 0.30272576118487776
decision_type=2 10 8 10 2 2
left_child=-1 2 -2 -4 -5 -6
right_child=1 -3 3 4 5 -7
leaf_value=0.036654934085862401 0.030126954183990692 0.045722956156089158 0.029934947232457508 0.051163474880927026 0.060103563296770954 -0.0025980363130336699
leaf_weight=464.73939201235771 352.41622379422188 88.345316536724567 152.00425793975592 21.533879198133945 11.483788527548311 251.14644702523947
leaf_count=943 801 155 391 55 15 1219
internal_value=0.0280281 0.0234196 0.0208663 0.013332 0.00437694 0.000361243
internal_weight=1341.67 876.93 788.585 436.168 284.164 262.63
internal_count=3579 2636 2481 1680 1289 1234
is_linear=0
shrinkage=0.03


Tree=25
num_leaves=7
num_cat=0
split_feature=24 37 1 4 14 35
split_gain=92.0823 68.0604 77.1004 82.0421 66.8778 75.4244
threshold=0.63766702766083927 3.379807692307693 11.771578863090133 8.1237055218659879 0.11077815449129617 0.48304597701149432
decision_type=2 8 8 8 8 8
left_child=1 -1 -3 -4 -5 -6
right_child=-2 2 3 4 5 -7
leaf_value=0.033254197008955932 0.038075029076240371 0.03280718093686287 0.05247159849576432 -0.0051720754361311901 0.026396467878449556 -0.0084908986787965521
leaf_weight=254.33004981279373 342.13978204131126 169.16931444406509 36.534673169255257 236.82688949257135 196.52094405889511 77.153268538415432
leaf_count=512 547 431 68 1127 548 327
internal_value=0.0246852 0.0199306 0.0151595 0.00965212 0.0064911 0.016566
internal_weight=1312.67 970.535 716.205 547.036 510.501 273.674
internal_count=3560 3013 2501 2070 2002 875
is_linear=0
shrinkage=0.03


Tree=26
num_leaves=7
num_cat=0
split_feature=5 22 20 15 33 30
split_gain=61.1679 75.3536 91.855 59.2658 52.8936 48.2936
threshold=11.500000000000002 0.7201398601398602 0.27778110817185536 0.022017646394961194 0.32826518703548252 -0.03347578347578347
decision_type=10 2 8 10 10 2
left_child=1 -1 -3 5 -4 -2
right_child=3 2 4 -5 -6 -7
leaf_value=0.034131827420047986 0.015698180578189141 -0.016393746265260564 0.030221425150176357 0.029806653045555215 -0.0066213831955441423 -0.015815483824106143
leaf_weight=728.87788590788841 101.51336237043142 60.805880397558212 218.35913753509521 115.77063425630331 41.36229944229126 75.385922029614449
leaf_count=1599 309 286 466 313 152 423
internal_value=0.0254114 0.0287962 0.0165946 0.013218 0.0243511 0.00225517
internal_weight=1342.08 1049.41 320.527 292.67 259.721 176.899
internal_count=3548 2503 904 1045 618 732
is_linear=0
shrinkage=0.03


Tree=27
num_leaves=7
num_cat=0
split_feature=23 37 1 4 34 4
split_gain=66.1597 59.2163 63.4214 58.8709 56.2663 36.1296
threshold=0.90980861244019151 6.2583333333333337 12.424645732087852 8.5530427279585801 0.027968242064796565 9.6994110169379812
decision_type=8 8 10 8 8 8
left_child=1 -1 4 -4 -3 -2
right_child=5 2 3 -5 -6 -7
leaf_value=0.0258652487911245 0.044192151877514282 0.022705597656511534 0.05841585561535665 -0.01582620017091714 -0.039199159617110346 0.026561749118855196
leaf_weight=581.52732195705175 190.29693717509508 215.20679924637079 9.6499878168106061 99.166693888604641 13.180676274001597 249.06482149660587
leaf_count=1339 307 683 23 579 70 562
internal_value=0.024688 0.0200682 0.0100238 -0.00877034 0.0189776 0.0342809
internal_weight=1358.09 918.731 337.204 108.817 228.387 439.362
internal_count=3563 2694 1355 602 753 869
is_linear=0
shrinkage=0.03


Tree=28
num_leaves=7
num_cat=0
split_feature=24 37 13 14 33 4
split_gain=63.0763 58.6748 59.1125 78.8624 51.3393 53.5914
threshold=0.63766702766083927 2.4852941176470593 -0.13811561837494304 0.050743123660322138 0.38005102040816335 8.9542215452040281
decision_type=2 8 8 8 8 10
left_child=1 -1 -3 4 5 -4
right_child=-2 2 3 -5 -6 -7
leaf_value=0.041189810262832846 0.03504941802836959 0.04262038917152846 0.0042666206670032483 0.020489910203614844 0.028208909653372846 -0.032687953616677902
leaf_weight=108.85129071772099 361.18075428903103 78.810308963060379 93.390411756932735 647.35351811349392 40.061229303479195 55.608020514249802
leaf_count=163 565 132 358 1817 134 394
internal_value=0.0242494 0.0204099 0.0178961 0.0155184 -0.00152257 -0.00965125
internal_weight=1385.26 1024.07 915.223 836.413 189.06 148.998
internal_count=3563 2998 2835 2703 886 752
is_linear=0
shrinkage=0.03


Tree=29
num_leaves=7
num_cat=0
split_feature=13 19 5 4 1 1
split_gain=59.1608 50.1945 49.1117 61.2347 76.9411 55.2624
threshold=-0.13811561837494304 0.55843360291691002 10.500000000000002 8.5530427279585801 11.879611610836617 12.50298511138484
decision_type=8 10 8 8 10 10
left_child=-1 2 -2 5 -5 -4
right_child=1 -3 3 4 -6 -7
leaf_value=0.041518894309116844 0.022574673239171807 0.042430721866203308 0.011293532012091958 0.019602811617299796 -0.018803818018499154 0.060376498181770752
leaf_weight=138.06706729531288 879.94043175876141 89.235213987529278 61.70828465372324 83.571184284985065 104.52658277750015 30.498447492718697
leaf_count=204 2193 150 179 253 573 44
internal_value=0.0228823 0.0207914 0.019092 0.00811752 -0.00172646 0.0280019
internal_weight=1387.55 1249.48 1160.24 280.304 188.098 92.2067
internal_count=3596 3392 3242 1049 826 223
is_linear=0
shrinkage=0.03


Tree=30
num_leaves=7
num_cat=0
split_feature=14 24 15 33 1 33
split_gain=50.3802 71.3524 60.6953 43.9274 45.6336 43.8535
threshold=0.050743123660322138 0.39225068017637682 0.023809523809523805 0.36067210884353745 12.768206688202818 0.48791000073051366
decision_type=8 2 10 10 10 10
left_child=1 2 -1 -2 5 -5
right_child=3 -3 -4 4 -6 -7
leaf_value=-0.029139160779084926 0.028003881751565578 0.019979804773799445 0.028831266022522659 0.0026166424713350844 -0.022671144673228939 0.033381859014950679
leaf_weight=57.416360937058926 889.035310074687 219.59458879381418 21.619039632380009 82.893229499459267 28.041496463119984 83.286907039582729
leaf_count=384 1891 611 83 264 136 189
internal_value=0.0221685 0.011205 -0.01312 0.0251778 0.0121645 0.0181431
internal_weight=1381.89 298.63 79.0354 1083.26 194.222 166.18
internal_count=3558 1078 467 2480 589 453
is_linear=0
shrinkage=0.03


Tree=31
num_leaves=7
num_cat=0
split_feature=5 7 33 28 36 14
split_gain=57.9211 57.3732 55.5029 54.7732 50.8926 50.7985
threshold=10.500000000000002 1.0000000180025095e-35 0.21941656797249695 -0.010107149189173785 -0.079654325498315207 0.065881947086443293
decision_type=8 2 10 10 10 10
left_child=1 -1 -3 -4 -5 -2
right_child=5 2 3 4 -6 -7
leaf_value=0.031790784075794068 -0.00065529734177764449 0.025293550100115733 -0.022830715376752329 0.036394531837706703 0.0024960778242890717 0.022187851015931282
leaf_weight=463.10951370745897 190.96388594061136 329.64099305868149 46.193158142268658 57.897716373205185 123.82435484230518 160.80632478743792
leaf_count=851 799 758 191 118 434 408
internal_value=0.0203573 0.0239757 0.0174392 0.00601827 0.0134364 0.00982039
internal_weight=1372.44 1020.67 557.556 227.915 181.722 351.77
internal_count=3559 2352 1501 743 552 1207
is_linear=0
shrinkage=0.03


Tree=32
num_leaves=7
num_cat=0
split_feature=24 37 19 12 12 23
split_gain=55.3516 57.6868 59.0036 85.9225 55.1851 47.8969
threshold=0.63766702766083927 2.8397435897435903 0.11879495544156028 -0.1211479178665925 -0.043432060708916746 0.54866792989931989
decision_type=2 8 10 10 8 10
left_child=1 -1 3 -3 -5 -6
right_child=-2 2 -4 4 5 -7
leaf_value=0.032047110328073357 0.030131569483039997 0.019478704304594842 0.028657513254530961 -0.024394324830254225 0.023268061618712511 -0.0040454437147330134
leaf_weight=173.76309977471828 350.53379382193089 351.73973333090544 174.18091388046741 74.050697095692158 84.237785421311855 178.68245515972376
leaf_count=292 555 923 395 366 276 775
internal_value=0.019817 0.0163035 0.0130998 0.00912923 -0.00169952 0.00476062
internal_weight=1387.19 1036.65 862.892 688.711 336.971 262.92
internal_count=3582 3027 2735 2340 1417 1051
is_linear=0
shrinkage=0.03


Tree=33
num_leaves=7
num_cat=0
split_feature=14 24 1 20 23 31
split_gain=48.894 82.737 55.2024 55.8975 42.9389 40.1259
threshold=0.050743123660322138 0.39225068017637682 12.315187105094937 0.18981777550785014 0.24178340517241384 10.500000000000002
decision_type=8 2 10 10 8 10
left_child=1 -1 5 -4 -2 -3
right_child=4 2 3 -5 -6 -7
leaf_value=-0.016485895827752211 -0.020476608602241927 0.043823969347546017 -0.027991003359523262 0.025726435746791738 0.024369998388067814 0.013849697917355847
leaf_weight=78.153024837374687 18.846069425344467 78.598545156419277 37.236536204814911 31.060419552028179 1088.8443997651339 83.955128103494644
leaf_count=462 70 122 187 74 2408 241
internal_value=0.0206446 0.0100468 0.0190616 -0.00354242 0.0235892 0.0285223
internal_weight=1416.69 309.004 230.851 68.297 1107.69 162.554
internal_count=3564 1086 624 261 2478 363
is_linear=0
shrinkage=0.03


Tree=34
num_leaves=7
num_cat=0
split_feature=13 5 26 6 30 14
split_gain=55.084 45.3175 58.9453 66.4932 56.7072 42.9801
threshold=-0.13811561837494304 6.5000000000000009 1.0000000180025095e-35 2.249904835165133 0.087337909992372245 0.073720437051486579
decision_type=8 10 2 2 2 10
left_child=-1 4 3 -3 -2 -6
right_child=1 2 -4 -5 5 -7
leaf_value=0.036553752702287529 0.031490992213395866 0.016383828774245872 0.023456338570359957 -0.009577133997187506 0.026398948489192078 0.0059698215294201312
leaf_weight=143.55010536313057 312.93527706712484 172.40553367137909 199.97227840125561 181.03211857378483 155.10179527848959 230.10768397897482
leaf_count=207 570 479 452 847 331 668
internal_value=0.0189687 0.0169242 0.0104828 0.00309702 0.0220079 0.0142425
internal_weight=1395.1 1251.55 553.41 353.438 698.145 385.209
internal_count=3554 3347 1778 1326 1569 999
is_linear=0
shrinkage=0.03


Tree=35
num_leaves=7
num_cat=0
split_feature=1 14 23 24 22 23
split_gain=53.1329 66.6186 46.2839 46.0413 42.6199 59.061
threshold=12.333150102104199 0.045029215254704831 0.8818539727988548 0.44354625252376029 0.7201398601398602 0.8818539727988548
decision_type=8 8 8 2 2 8
left_child=2 -2 3 -1 -3 -6
right_child=1 4 -4 -5 5 -7
leaf_value=0.0043900445794204188 -0.0078827474193578426 0.022091743221627647 0.037444139166683856 0.024721491890671594 -0.016611109688620684 0.017167562007893471
leaf_weight=136.6010350510478 122.45592838525772 393.39670114964247 171.26760493963957 380.82444780319929 71.676603630185127 128.94464138150215
leaf_count=506 561 908 255 769 295 295
internal_value=0.0179617 0.0122141 0.0239146 0.0193728 0.0163634 0.00507681
internal_weight=1405.17 716.474 688.693 517.425 594.018 200.621
internal_count=3589 2059 1530 1275 1498 590
is_linear=0
shrinkage=0.03


Tree=36
num_leaves=7
num_cat=0
split_feature=13 16 16 11 1 17
split_gain=44.7857 44.3007 42.0964 49.2173 64.8341 83.6509
threshold=-0.13811561837494304 0.24330916117819332 -0.026686813362765068 0.023310149967398396 12.003542882583799 0.27955756065462939
decision_type=8 10 10 2 8 10
left_child=-1 2 -2 -4 -5 -6
right_child=1 -3 3 4 5 -7
leaf_value=0.03407788991568661 0.018151295099422479 0.033689380959814136 0.017932865627999315 0.019759291591845619 -0.030369005794593416 0.02611362000574298
leaf_weight=139.87680175900459 809.25778649002314 117.68239469826221 160.27626705169678 64.64598773419857 97.323632426559925 30.204732015728951
leaf_count=204 1943 190 414 187 576 64
internal_value=0.0179716 0.0161855 0.0143848 0.00570983 -0.00452443 -0.0168922
internal_weight=1419.27 1279.39 1161.71 352.451 192.174 127.528
internal_count=3578 3374 3184 1241 827 640
is_linear=0
shrinkage=0.03


Tree=37
num_leaves=7
num_cat=0
split_feature=24 13 8 18 18 36
split_gain=48.6588 43.3135 39.0477 38.9203 49.8915 38.5459
threshold=0.59989658738366092 -0.13811561837494304 1.3681698877949211 -0.31954024851917401 -0.14302122819232624 -0.071073008096890503
decision_type=2 8 10 8 8 10
left_child=1 -1 3 -3 5 -5
right_child=-2 2 -4 4 -6 -7
leaf_value=0.032269895109727498 0.025227978173002322 0.032810110382745727 0.043668979032924445 0.023492225265311577 0.0098895737075152482 -0.041616804877840821
leaf_weight=97.660263761878014 471.0640716701746 61.134185194969177 31.238242954015732 10.480151459574698 725.19284646958113 29.21304439753294
leaf_count=153 777 109 38 25 2325 152
internal_value=0.0173327 0.0134156 0.0112326 0.00995464 0.00808745 -0.0242713
internal_weight=1425.98 954.919 857.258 826.02 764.886 39.6932
internal_count=3579 2802 2649 2611 2502 177
is_linear=0
shrinkage=0.03


Tree=38
num_leaves=7
num_cat=0
split_feature=24 37 13 16 32 24
split_gain=54.1175 52.7761 45.6067 53.8006 52.7846 50.4123
threshold=0.63766702766083927 2.4852941176470593 -0.13811561837494304 0.24330916117819332 -1.0000000180025095e-35 0.39225068017637682
decision_type=2 8 10 10 10 2
left_child=1 -1 -3 4 -4 -6
right_child=-2 2 3 -5 5 -7
leaf_value=0.032881618536433996 0.026353467454393636 0.02418172351139555 -0.016969766338641872 0.029161579184770629 -0.0031623270507786742 0.014688623909688689
leaf_weight=106.41412296891212 362.83743438124657 181.31520882248878 87.942123673856258 90.0639927983284 231.4369068518281 367.77166333049536
leaf_count=154 561 349 350 159 1003 1025
internal_value=0.0163475 0.0129168 0.0106684 0.00748887 0.00461001 0.00780013
internal_weight=1427.78 1064.94 958.53 777.215 687.151 599.209
internal_count=3601 3040 2886 2537 2378 2028
is_linear=0
shrinkage=0.03


Tree=39
num_leaves=7
num_cat=0
split_feature=37 1 9 18 13 14
split_gain=47.8278 55.8764 69.3684 40.229 46.4893 32.5776
threshold=8.3229166666666696 11.993213526728939 1.0000000180025095e-35 0.28198415627657908 -0.15215464504196896 0.087083738606722402
decision_type=10 10 2 10 8 8
left_child=5 -2 -3 4 -4 -1
right_child=1 2 3 -5 -6 -7
leaf_value=0.011008591373444595 0.017056778814360865 0.042607419820042416 0.044069139108188389 0.026897796392814397 -0.028072854198728518 0.022121986338918286
leaf_weight=357.12077165395021 166.47972280532122 19.893051497638226 7.8179786801338196 16.055330261588097 104.45054832845926 728.06508333981037
leaf_count=942 442 48 11 31 633 1432
internal_value=0.0154936 0.00517559 -0.00819443 -0.0163384 -0.0227044 0.0184782
internal_weight=1399.88 314.697 148.217 128.324 112.269 1085.19
internal_count=3539 1165 723 675 644 2374
is_linear=0
shrinkage=0.03


Tree=40
num_leaves=7
num_cat=0
split_feature=24 36 5 15 4 20
split_gain=53.0197 46.8862 36.8523 54.715 50.2943 39.5049
threshold=0.57810681273536468 0.06259796238244518 15.500000000000002 0.067683530230251629 8.5915582561355119 0.069115630508234063
decision_type=2 10 8 10 8 8
left_child=1 2 5 4 -4 -1
right_child=-2 -3 3 -5 -6 -7
leaf_value=-0.0057114514575233449 0.022541638641244401 -0.032596189537296323 0.014419112161382849 0.031062926670479361 -0.033990480956045052 0.01640082403705299
leaf_weight=81.071477167308331 531.72044941782951 21.19048835337162 29.318296805024147 27.951462395489216 53.13601616024971 669.07441116124392
leaf_count=351 909 91 84 57 353 1728
internal_value=0.0150605 0.0105286 0.0116272 -0.00452067 -0.016811 0.0140066
internal_weight=1413.46 881.742 860.552 110.406 82.4543 750.146
internal_count=3573 2664 2573 494 437 2079
is_linear=0
shrinkage=0.03


Tree=41
num_leaves=7
num_cat=0
split_feature=37 20 10 11 2 11
split_gain=42.7235 59.8983 73.5479 39.1028 31.885 47.7692
threshold=8.8284313725490211 0.21642946772576813 0.078843762950683807 0.060075187969924816 1.0000000180025095e-35 0.1215211442143853
decision_type=10 8 2 2 10 2
left_child=-1 2 3 -2 -3 -6
right_child=1 4 -4 -5 5 -7
leaf_value=0.018602053343738156 0.027496948491129675 0.024368027733852944 -0.035292919397049212 -0.025386337175542867 -0.023077047128108194 0.041081917027631427
leaf_weight=1168.897344827652 42.305839732289314 129.38913356512785 56.197327993810177 16.843601115047932 34.235899113118649 13.852371193468569
leaf_count=2530 150 277 361 108 151 26
internal_value=0.0160358 0.00576359 -0.011009 0.012266 0.0166651 -0.00413493
internal_weight=1461.72 292.824 115.347 59.1494 177.477 48.0883
internal_count=3603 1073 619 258 454 177
is_linear=0
shrinkage=0.03


Tree=42
num_leaves=7
num_cat=0
split_feature=7 23 23 22 13 16
split_gain=41.2659 41.3536 45.4568 58.8785 53.8274 51.1869
threshold=-0.1378757736516357 0.90980861244019151 0.44487847222222227 0.70615218564490034 0.11215577795140484 0.028981112212215689
decision_type=2 8 10 2 10 8
left_child=-1 2 5 4 -4 -2
right_child=1 -3 3 -5 -6 -7
leaf_value=0.030344079876575017 0.0092846466383699928 0.020555044001301873 0.0020477480818550183 -0.014956342768850916 0.025939360795397139 0.034053148311474254
leaf_weight=139.24509145319462 216.4556533023715 447.0826904848218 285.94392146915197 116.59259646385908 119.81034035235643 114.93020748347044
leaf_count=198 606 879 971 457 272 200
internal_value=0.0148469 0.013166 0.00927701 0.00375005 0.00914885 0.0179514
internal_weight=1440.06 1300.82 853.733 522.347 405.754 331.386
internal_count=3583 3385 2506 1700 1243 806
is_linear=0
shrinkage=0.03


Tree=43
num_leaves=7
num_cat=0
split_feature=3 19 8 5 35 7
split_gain=42.8053 63.7324 51.4335 41.1887 56.7273 44.7053
threshold=5.5000000000000009 0.11879495544156028 0.077571482888763046 15.500000000000002 0.28479386698201692 -0.041543392504930964
decision_type=2 8 8 10 10 2
left_child=3 2 -2 5 -5 -1
right_child=1 -3 -4 4 -6 -7
leaf_value=0.027259796597037585 -0.024525506918860688 0.021717295352127887 0.013021683020351256 -0.033364171764285133 0.013093591209101255 0.014233638674614253
leaf_weight=351.60098034143448 85.765135318040848 92.204951204359531 52.021569460630417 32.642523698508739 78.680520802736282 742.00737105309963
leaf_count=577 363 191 143 205 236 1857
internal_value=0.0144123 0.00253962 -0.0103578 0.0166746 -0.000704671 0.0184427
internal_weight=1434.92 229.992 137.787 1204.93 111.323 1093.61
internal_count=3572 697 506 2875 441 2434
is_linear=0
shrinkage=0.03


Tree=44
num_leaves=7
num_cat=0
split_feature=37 23 24 28 5 29
split_gain=37.1395 41.6597 40.5142 44.7523 35.0203 43.7858
threshold=2.6076923076923082 0.90980861244019151 0.39697742022164501 -0.012931858725773003 6.5000000000000009 0.26105442176870758
decision_type=10 8 2 10 8 8
left_child=-1 2 3 -2 -4 -6
right_child=1 -3 4 -5 5 -7
leaf_value=0.02719887968135859 -0.040687708290712749 0.021041676170591137 0.019985128273475709 0.0028055461927949587 0.0084708043195039669 -0.043887453397925977
leaf_weight=194.02163097262383 23.076973706483841 404.18178261816502 325.25715464353561 183.26452932134271 320.78276444226503 14.062179215252398
leaf_count=294 128 779 662 792 849 72
internal_value=0.014978 0.0130919 0.00936353 -0.00223146 0.0129859 0.00614783
internal_weight=1464.65 1270.63 866.444 206.342 660.102 334.845
internal_count=3576 3282 2503 920 1583 921
is_linear=0
shrinkage=0.03


Tree=45
num_leaves=7
num_cat=0
split_feature=24 19 37 19 17 14
split_gain=46.2935 42.0375 46.0462 52.6188 46.3094 60.7897
threshold=0.64011605415860739 0.11879495544156028 3.4083333333333337 -0.049444751791568549 0.037459459886290764 0.068545633921863233
decision_type=2 10 8 10 8 8
left_child=1 2 -1 4 -4 -6
right_child=-2 -3 3 -5 5 -7
leaf_value=0.018750690402603964 0.023045135633595455 0.022731228453294519 0.040499703231363204 -0.0096635202742398653 -0.014903365332368725 0.012477692592182921
leaf_weight=245.30375622212887 359.47380942106247 207.69997715204954 37.683633826673031 191.189229413867 94.173540808260441 312.78444820642471
leaf_count=462 549 428 82 916 381 763
internal_value=0.0137141 0.0106151 0.00773659 0.00346458 0.00911848 0.00612048
internal_weight=1448.31 1088.83 881.135 635.831 444.642 406.958
internal_count=3581 3032 2604 2142 1226 1144
is_linear=0
shrinkage=0.03


Tree=46
num_leaves=7
num_cat=0
split_feature=37 34 24 11 30 30
split_gain=47.3295 46.7048 36.7244 38.5129 32.9962 53.0675
threshold=40.882352941176471 0.056361612001997276 0.57810681273536468 0.25137362637362642 -0.13270440251572324 -0.096595783105332053
decision_type=10 10 2 2 2 2
left_child=1 2 3 4 -1 -6
right_child=-2 -3 -4 -5 5 -7
leaf_value=0.031129595057359863 -0.030031338428079663 -0.023895977486359115 0.020908039798905924 0.039747847386293854 -0.031093839977610619 0.0093639228194373116
leaf_weight=57.858212724328041 21.591130625456572 28.090204581618309 521.0199379324913 38.671160906553268 29.397031426429749 750.90571609884501
leaf_count=87 145 102 864 58 116 2203
internal_value=0.0131482 0.0138225 0.0145971 0.0108275 0.00944736 0.00780188
internal_weight=1447.53 1425.94 1397.85 876.832 838.161 780.303
internal_count=3575 3430 3328 2464 2406 2319
is_linear=0
shrinkage=0.03


Tree=47
num_leaves=7
num_cat=0
split_feature=37 19 16 34 21 35
split_gain=40.2784 53.6295 52.617 51.2988 42.0529 29.1665
threshold=6.2583333333333337 0.076465409908777468 -0.11673076466606715 0.016659328722162334 0.29779216163445504 0.32425007425007429
decision_type=10 8 10 10 10 10
left_child=-1 2 -2 -3 5 -4
right_child=1 3 4 -5 -6 -7
leaf_value=0.015975505418279662 0.019331563053464864 0.018279904658355058 -0.0057818702257347847 -0.032721584652994518 0.027103760825953917 -0.032268249563207806
leaf_weight=943.44165106117725 57.092190377414227 242.01057714223862 74.999097067862749 18.242945089936256 19.176389418542385 74.746249414980412
leaf_count=1918 135 569 395 79 40 416
internal_value=0.0123622 0.00533342 -0.00534657 0.0145933 -0.013752 -0.0191291
internal_weight=1429.71 486.267 226.014 260.254 168.922 149.745
internal_count=3552 1634 986 648 851 811
is_linear=0
shrinkage=0.03


Tree=48
num_leaves=7
num_cat=0
split_feature=7 7 17 19 23 28
split_gain=41.2901 48.9594 36.8653 33.6231 53.0923 39.3808
threshold=-0.13270440251572324 -0.11210082791247782 0.65264084037662518 0.25078719363495561 0.50055432372505548 -1.0000000180025095e-35
decision_type=2 2 8 10 10 8
left_child=-1 2 -2 4 -3 -6
right_child=1 3 -4 -5 5 -7
leaf_value=0.025804749171126951 -0.049557121118080721 0.014209249812550291 0.013805027255395744 0.023797559208233413 -0.015729405870718138 0.0054492153125768961
leaf_weight=154.91154204308987 20.843970760703087 627.64208958670497 12.716878741979597 147.56091094017029 100.4462627992034 356.45647944137454
leaf_count=225 91 1467 22 264 416 1086
internal_value=0.0112201 0.00941599 -0.0258432 0.0103966 0.00855303 0.000769089
internal_weight=1420.58 1265.67 33.5608 1232.11 1084.54 456.903
internal_count=3571 3346 113 3233 2969 1502
is_linear=0
shrinkage=0.03


Tree=49
num_leaves=7
num_cat=0
split_feature=24 16 37 23 31 5
split_gain=40.3501 35.4625 44.4648 43.8282 39.0154 43.6485
threshold=0.63766702766083927 0.06312952855807076 2.4083333333333337 0.5717453278428889 11.500000000000002 6.5000000000000009
decision_type=2 10 8 10 10 10
left_child=1 2 -1 -4 -5 -6
right_child=-2 -3 3 4 5 -7
leaf_value=0.027043755569501171 0.021085195929238944 0.019187652992080612 0.0087274474806055078 -0.019391887451691167 0.025588416136744493 -0.013130551224568543
leaf_weight=83.822608217597008 358.92564152181149 257.60723463818431 533.09626826643944 112.71995786577463 50.83951373398304 52.087584037333727
leaf_count=120 553 573 1464 457 119 281
internal_value=0.0123651 0.00947738 0.00645347 0.00411537 -0.00727369 0.00605638
internal_weight=1449.1 1090.17 832.566 748.743 215.647 102.927
internal_count=3567 3014 2441 2321 857 400
is_linear=0
shrinkage=0.03


Tree=50
num_leaves=7
num_cat=0
split_feature=7 16 23 0 8 21
split_gain=40.8664 41.7717 50.47 49.1386 42.539 37.8724
threshold=-0.049839743589743586 0.24330916117819332 0.44487847222222227 35.500000000000007 0.16982245270303145 -0.059043259307078488
decision_type=2 10 10 2 10 10
left_child=-1 2 3 -2 -4 -5
right_child=1 -3 4 5 -6 -7
leaf_value=0.018982891882796615 0.02283111869796467 0.025747647126636967 -0.0077872199390935769 0.0089122278742545732 0.012806529932870793 -0.021611656355823291
leaf_weight=452.56952849030495 224.996088989079 106.99029205739498 295.67101642861962 202.83851611614227 128.76754131168127 43.604280531406403
leaf_count=845 406 168 1174 511 299 198
internal_value=0.0115038 0.00811317 0.00598081 0.0127264 -0.00152401 0.00344598
internal_weight=1455.44 1002.87 895.877 471.439 424.439 246.443
internal_count=3601 2756 2588 1115 1473 709
is_linear=0
shrinkage=0.03


Tree=51
num_leaves=7
num_cat=0
split_feature=7 30 3 16 37 1
split_gain=41.9408 41.9498 33.3009 41.5409 33.1749 38.9614
threshold=-0.13270440251572324 -0.11128803963198866 5.5000000000000009 0.075594095740052533 2.6076923076923082 12.725021186533578
decision_type=2 2 2 10 10 10
left_child=-1 -2 4 -4 -3 -6
right_child=1 2 3 -5 5 -7
leaf_value=0.025138102994330089 -0.022523720958592185 0.025223334343114443 -0.0095203431759769974 0.024170975726400628 0.012939197938135558 -0.0024415461405058164
leaf_weight=161.55340208113194 36.140728548169136 145.04193250834942 143.55167007446289 41.661354139447212 720.31078222766519 186.20345235615969
leaf_count=233 116 215 506 84 1746 670
internal_value=0.0107732 0.00893173 0.00986837 -0.0018528 0.0119326 0.00978069
internal_weight=1434.46 1272.91 1236.77 185.213 1051.56 906.514
internal_count=3570 3337 3221 590 2631 2416
is_linear=0
shrinkage=0.03


Tree=52
num_leaves=7
num_cat=0
split_feature=24 36 23 20 36 36
split_gain=37.929 31.8615 32.1124 62.4386 51.5479 45.442
threshold=0.63766702766083927 0.073095081247255181 0.44487847222222227 0.35295063908952901 0.0051446866520595 -0.010361168622038201
decision_type=2 10 10 10 10 10
left_child=1 2 -1 5 -5 -4
right_child=-2 -3 3 4 -6 -7
leaf_value=0.013747758924724171 0.018944294950628177 -0.026558421646750346 -0.016162348972168002 0.029760474418340482 -0.011517696854463142 0.0048089023165935147
leaf_weight=502.39171750843525 345.43507967889309 23.210714496672153 146.81329824775457 111.82208953797817 35.28909957408905 249.88642872869968
leaf_count=1174 542 89 573 182 108 878
internal_value=0.0103102 0.00750613 0.00828651 0.00322525 0.0198477 -0.0029734
internal_weight=1414.85 1069.41 1046.2 543.811 147.111 396.7
internal_count=3546 3004 2915 1741 290 1451
is_linear=0
shrinkage=0.03


Tree=53
num_leaves=7
num_cat=0
split_feature=1 4 14 4 33 35
split_gain=30.2287 54.6713 52.3934 39.2156 37.2689 54.1007
threshold=12.333150102104199 8.5822315173532164 0.041926187730057893 10.211229183042455 0.32306432435250859 0.76705426356589157
decision_type=8 8 8 8 10 10
left_child=-1 -2 -3 4 -4 -6
right_child=1 2 3 -5 5 -7
leaf_value=0.015363757540046642 0.029641698259131721 -0.015872985198306145 0.0069688003986374571 0.017520233374560403 -0.027270244530994359 0.028779676328554927
leaf_weight=716.51955580711365 82.420376129448414 101.52275577187538 263.15674959123135 214.3566674888134 70.963603936135769 18.872850172221661
leaf_count=1550 142 476 695 413 295 38
internal_value=0.0109562 0.0067378 0.00387549 0.00743103 0.00127213 -0.0153081
internal_weight=1467.81 751.293 668.873 567.35 352.993 89.8365
internal_count=3609 2059 1917 1441 1028 333
is_linear=0
shrinkage=0.03


Tree=54
num_leaves=7
num_cat=0
split_feature=5 11 22 22 35 3
split_gain=36.6004 39.2531 37.332 59.7704 52.1405 28.9164
threshold=13.500000000000002 0.069504830917874419 0.7201398601398602 0.79879009163802994 0.46176338281601442 5.5000000000000009
decision_type=8 2 2 2 10 2
left_child=2 -2 5 -4 -5 -1
right_child=1 -3 3 4 -6 -7
leaf_value=0.01861563026035323 0.0050510462390992638 -0.029227057125861412 -0.017023458486380538 0.017960731168990222 -0.015333841234137743 0.0034998692991290215
leaf_weight=724.94839435815811 197.26584856584668 34.441115062683821 85.722045317292213 219.26259658485651 51.588673882186413 135.72234480828047
leaf_count=1464 634 192 299 425 178 361
internal_value=0.0107807 -0.00014778 0.0128594 0.00467983 0.0115861 0.0162388
internal_weight=1448.95 231.707 1217.24 356.573 270.851 860.671
internal_count=3553 826 2727 902 603 1825
is_linear=0
shrinkage=0.03


Tree=55
num_leaves=7
num_cat=0
split_feature=1 37 28 24 4 23
split_gain=33.1689 51.1702 64.3732 41.1297 40.979 40.7639
threshold=11.95349685595709 3.8452380952380958 -0.00065924219150025564 0.44354625252376029 8.3748228434774266 0.73357314148681063
decision_type=8 10 10 2 10 10
left_child=3 -2 -3 4 5 -1
right_child=1 2 -4 -5 -6 -7
leaf_value=-0.047405513103823751 0.01551318525328757 -0.01798259230976481 0.0061112017517759888 0.021495916297739122 0.014077123623131155 0.010489416163261246
leaf_weight=23.884351089596748 357.40427328646183 123.93007289245725 495.24408617988229 344.58203958719969 77.741741672158241 18.999398529529572
leaf_count=107 667 516 1458 582 211 42
internal_value=0.00964333 0.00649163 0.00126752 0.0162314 0.00113943 -0.022101
internal_weight=1441.79 976.578 619.174 465.208 120.625 42.8837
internal_count=3583 2641 1974 942 360 149
is_linear=0
shrinkage=0.03


Tree=56
num_leaves=7
num_cat=0
split_feature=5 27 31 7 13 1
split_gain=36.3882 33.883 38.7969 33.2443 29.8218 30.429
threshold=11.500000000000002 1.0000000180025095e-35 10.500000000000002 -0.010427991592375152 -0.10162642796718772 10.863244173821174
decision_type=8 2 8 2 8 8
left_child=3 2 -2 -1 -4 -6
right_child=1 -3 4 -5 5 -7
leaf_value=0.018578629902761518 0.032201228611050493 -0.0093004586190286575 0.042044508898580753 0.0079774578527962801 0.027403705688939555 -0.015414238299906924
leaf_weight=428.64557259529829 48.849815756082535 158.01020240411162 12.104700043797491 707.84020278602839 17.968443855643272 69.789423361420631
leaf_count=758 81 655 12 1775 30 282
internal_value=0.0095159 0.000344397 0.0105859 0.0119887 -0.000202044 -0.00643728
internal_weight=1443.21 306.723 148.712 1136.49 99.8626 87.7579
internal_count=3593 1060 405 2533 324 312
is_linear=0
shrinkage=0.03


Tree=57
num_leaves=7
num_cat=0
split_feature=1 14 35 13 9 5
split_gain=37.1446 41.9507 42.8641 47.5916 36.2842 38.8246
threshold=12.333150102104199 0.045029215254704831 0.44782214156079864 0.19386356379693642 0.10035971223021585 9.5000000000000018
decision_type=8 8 10 8 2 10
left_child=-1 4 -3 -4 5 -2
right_child=1 2 3 -5 -6 -7
leaf_value=0.014346711379671509 0.019141809287015681 0.013194720342509078 0.0073705069642625159 -0.024982987525994912 -0.038776586740639926 -0.018722240276422875
leaf_weight=708.87704984843731 43.22000140696764 420.61591635644436 111.21237727999687 63.452538795769215 30.660395763814449 53.31077291443944
leaf_count=1520 116 922 290 244 142 301
internal_value=0.00947136 0.00467454 0.00801627 -0.00445823 -0.010906 -0.00174682
internal_weight=1431.35 722.472 595.281 174.665 127.191 96.5308
internal_count=3535 2015 1456 534 559 417
is_linear=0
shrinkage=0.03


Tree=58
num_leaves=7
num_cat=0
split_feature=13 16 8 37 1 13
split_gain=30.9412 39.8006 34.5074 42.49 44.6742 33.0894
threshold=-0.13811561837494304 0.24330916117819332 -0.18695967852798909 6.2583333333333337 11.030532902601115 -0.10162642796718772
decision_type=8 10 10 8 10 8
left_child=-1 2 -2 5 -5 -4
right_child=1 -3 3 4 -6 -7
leaf_value=0.022382622272411844 0.012989564733526299 0.023750658189219724 -0.030586079953220664 0.023202425533903805 -0.011010458357350487 0.0093393579813064991
leaf_weight=139.50660212337971 400.91832531243563 122.60425022989511 18.512785345315933 38.498717352747917 264.68565940111876 459.64579969644547
leaf_count=206 819 189 63 72 1196 1054
internal_value=0.0089927 0.0075451 0.00584588 0.00216844 -0.00660407 0.00773296
internal_weight=1444.37 1304.87 1182.26 781.343 303.184 478.159
internal_count=3599 3393 3204 2385 1268 1117
is_linear=0
shrinkage=0.03


Tree=59
num_leaves=7
num_cat=0
split_feature=23 23 1 14 28 0
split_gain=34.4153 45.6678 39.2593 44.9684 48.8094 35.318
threshold=0.44487847222222227 0.4727977448907682 10.863244173821174 0.051564857127508253 -1.0000000180025095e-35 61.500000000000007
decision_type=10 10 10 10 8 2
left_child=-1 -2 -3 4 -4 -6
right_child=1 2 3 -5 5 -7
leaf_value=0.0143008498531843 -0.032601829949236084 0.029297290166607433 -0.043327156220285899 0.0090385639922584398 0.010369634619506171 -0.019160318674181963
leaf_weight=694.97618674859405 26.946136072278023 61.171269863843918 29.125218566507101 492.88340271264315 90.020759843289852 59.806898009032011
leaf_count=1456 109 88 182 1195 221 317
internal_value=0.00947912 0.00505666 0.00648356 0.00436589 -0.0084826 -0.00146676
internal_weight=1454.93 759.954 733.008 671.836 178.953 149.828
internal_count=3568 2112 2003 1915 720 538
is_linear=0
shrinkage=0.03


Tree=60
num_leaves=7
num_cat=0
split_feature=34 5 15 27 31 13
split_gain=35.5158 29.0234 36.385 46.5889 34.5094 33.6206
threshold=0.056361612001997276 13.500000000000002 0.10044823979450113 1.0000000180025095e-35 8.5000000000000018 -0.14361639489697817
decision_type=10 8 10 2 8 8
left_child=1 5 3 4 -3 -1
right_child=-2 2 -4 -5 -6 -7
leaf_value=0.027753937947049542 -0.02265251781916194 0.03732326293000536 0.0291201747617632 -0.020842888040725798 -0.0017681532911256763 0.009729458466784217
leaf_weight=101.3246273547411 30.863213412463665 26.42589545994997 31.246254742145538 91.025327019393444 78.17392099276185 1087.0614180415869
leaf_count=127 108 40 49 448 269 2528
internal_value=0.00871313 0.00941265 -0.000418766 -0.00526098 0.00836774 0.0112883
internal_weight=1446.12 1415.26 226.871 195.625 104.6 1188.39
internal_count=3569 3461 806 757 309 2655
is_linear=0
shrinkage=0.03


Tree=61
num_leaves=7
num_cat=0
split_feature=24 37 8 23 17 35
split_gain=30.6025 36.5842 32.6324 48.8797 51.556 57.5094
threshold=0.63766702766083927 2.8944444444444448 1.5802635633178441 0.52306211802311853 0.055317222436178905 0.27259552042160745
decision_type=2 8 10 10 10 10
left_child=1 -1 3 -3 -5 -6
right_child=-2 2 -4 4 5 -7
leaf_value=0.018566574777526438 0.016765777364197116 0.0091075021078937234 0.035752883609161082 -0.02540953777015165 -0.025684627536801698 0.0076889294200289228
leaf_weight=189.38235080242157 352.67726388573647 509.10993389040232 27.400082036852837 85.964696165174246 57.21613722667098 229.34511689841747
leaf_count=307 554 1297 29 414 264 681
internal_value=0.00908463 0.00660538 0.0040958 0.00307255 -0.00517738 0.000959265
internal_weight=1451.1 1098.42 909.036 881.636 372.526 286.561
internal_count=3546 2992 2685 2656 1359 945
is_linear=0
shrinkage=0.03


Tree=62
num_leaves=7
num_cat=0
split_feature=23 1 37 30 5 18
split_gain=27.8158 36.0512 34.2549 29.5243 33.0089 36.4016
threshold=0.90980861244019151 12.339923615628566 6.2583333333333337 0.18245838668373884 6.5000000000000009 -0.084745708720809262
decision_type=8 8 8 2 10 8
left_child=2 -2 -1 4 5 -4
right_child=1 -3 3 -5 -6 -7
leaf_value=0.0098313019938613151 0.026004229275230935 0.0083575308469539984 0.033870206824565458 -0.020300712723081839 -0.0051026635014958209 -0.00095652907650280736
leaf_weight=614.33821938186884 158.19079872965813 306.22255378961563 50.094053603708744 62.756775166839361 198.76315430551767 57.191851206123829
leaf_count=1325 218 654 78 284 849 169
internal_value=0.00836564 0.0144114 0.00549802 -0.0017272 0.0021351 0.0154674
internal_weight=1447.56 464.413 983.144 368.806 306.049 107.286
internal_count=3577 872 2705 1380 1096 247
is_linear=0
shrinkage=0.03


Tree=63
num_leaves=7
num_cat=0
split_feature=23 16 33 21 32 33
split_gain=28.9043 52.7566 35.1438 59.6882 36.3881 36.945
threshold=0.44487847222222227 0.2655208252990946 0.22279786690043102 0.10139770152731307 4.5000000000000009 0.49401339750260148
decision_type=10 10 8 10 10 10
left_child=-1 2 -2 4 5 -4
right_child=1 -3 3 -5 -6 -7
leaf_value=0.012998145002869324 0.0070349195089834922 0.024125699404384391 -0.029782445315098528 0.012107465124162761 0.031698800466711773 0.003850011636929428
leaf_weight=700.9495639950037 390.58086402341723 105.41386152803898 118.69288300350308 92.72800163179636 11.590298235416411 38.684618249535561
leaf_count=1470 1080 152 509 224 20 126
internal_value=0.00861037 0.00453939 0.00134198 -0.00714916 -0.0177261 -0.0215432
internal_weight=1458.64 757.691 652.277 261.696 168.968 157.378
internal_count=3581 2111 1959 879 655 635
is_linear=0
shrinkage=0.03


Tree=64
num_leaves=7
num_cat=0
split_feature=24 37 16 35 19 19
split_gain=38.7122 36.9467 30.7041 48.5851 48.0429 37.3229
threshold=0.63766702766083927 2.8944444444444448 0.025585057690670574 0.29038187855787484 -0.049444751791568549 0.30589848572676387
decision_type=2 8 10 8 10 8
left_child=1 -1 4 5 -3 -4
right_child=-2 2 3 -5 -6 -7
leaf_value=0.016529879162012984 0.01593367437325997 0.0027190918316905973 -0.031077152439132019 0.017126057599298843 -0.017238304612991851 0.01698310426349876
leaf_weight=187.301638007164 350.10534216463566 480.94248761236668 37.934468444436789 209.87391636148095 139.13419838622212 22.404350928962231
leaf_count=309 552 1302 206 484 672 41
internal_value=0.00727986 0.00445611 0.0019003 0.0103201 -0.00177954 -0.013246
internal_weight=1427.7 1077.59 890.289 270.213 620.077 60.3388
internal_count=3566 3014 2705 731 1974 247
is_linear=0
shrinkage=0.03


Tree=65
num_leaves=7
num_cat=0
split_feature=6 2 22 19 21 23
split_gain=33.1447 36.9961 31.0124 33.9272 48.5145 33.5185
threshold=3.4811217321331038 0.34073170731707325 0.21388443017656503 0.014988815711575161 0.38910438343596071 0.4503521126760564
decision_type=2 10 2 8 8 8
left_child=-1 2 -2 4 -4 -5
right_child=1 -3 3 5 -6 -7
leaf_value=0.0094551588074524295 0.035052469007248795 0.028495716649813534 -0.03356123828019901 0.023136656583522545 0.042369347508128007 -0.010234898740403583
leaf_weight=1189.8406214080751 13.857732802629469 29.298818290233612 68.871932286769152 37.426729671657085 7.6345387101173392 90.800207193940878
leaf_count=2721 13 58 364 78 12 328
internal_value=0.00737742 -0.00259336 -0.00687117 -0.00986543 -0.0255353 -0.000390784
internal_weight=1437.73 247.89 218.591 204.733 76.5065 128.227
internal_count=3574 853 795 782 376 406
is_linear=0
shrinkage=0.03


Tree=66
num_leaves=7
num_cat=0
split_feature=1 4 4 13 20 11
split_gain=32.6524 57.8361 33.3953 32.972 37.0095 31.1541
threshold=12.333150102104199 8.682283807687865 10.211229183042455 -0.11033758095271828 0.20841142099719137 0.1815523657628921
decision_type=8 8 10 8 10 2
left_child=-1 -2 3 -3 5 -5
right_child=1 2 -4 4 -6 -7
leaf_value=0.011810250483812889 0.024037086149738165 0.01756740151010679 0.02078308880950961 -0.0042953459047734722 -0.024377761925423673 0.025022178062463169
leaf_weight=708.01779789105058 98.392494291067123 62.644987985491753 58.64820159971714 398.69459955394268 76.857924729585648 34.525538437068462
leaf_count=1542 178 108 147 1247 284 66
internal_value=0.00722461 0.00276554 -0.000582176 -0.00280244 -0.00533363 -0.00190664
internal_weight=1437.78 729.764 631.371 572.723 510.078 433.22
internal_count=3572 2030 1852 1705 1597 1313
is_linear=0
shrinkage=0.03


Tree=67
num_leaves=7
num_cat=0
split_feature=22 14 36 37 37 35
split_gain=29.4072 35.7355 44.7074 39.5667 58.2485 34.8195
threshold=0.71231060606060626 0.11077815449129617 0.048488219233491774 8.8284313725490211 18.029411764705888 0.42923898531375171
decision_type=2 10 10 8 10 10
left_child=1 2 -1 -3 -5 -2
right_child=5 3 -4 4 -6 -7
leaf_value=0.0066654976063968419 0.0054422460302584142 0.020155051609426031 -0.038859735415611926 -0.034550643765967996 0.028054325488049238 -0.014969216556907026
leaf_weight=616.3568462729454 280.73445612192154 358.46943352371454 19.058578968048096 29.937455177307129 22.607336208224297 101.61266262084246
leaf_count=1685 681 593 78 125 37 347
internal_value=0.00711388 0.00971332 0.0052411 0.0165977 -0.00759404 -7.20742e-06
internal_weight=1428.78 1046.43 635.415 411.014 52.5448 382.347
internal_count=3546 2518 1763 755 162 1028
is_linear=0
shrinkage=0.03


Tree=68
num_leaves=7
num_cat=0
split_feature=7 6 14 14 11 4
split_gain=34.2174 37.0664 36.9647 31.7942 37.1136 42.9086
threshold=-0.041543392504930964 3.4811217321331038 0.11077815449129617 0.047365423659916112 0.051503094606542892 10.252803480507204
decision_type=2 2 10 8 2 10
left_child=2 -2 -1 -3 -5 -6
right_child=1 3 -4 4 5 -7
leaf_value=0.0066111367824692726 0.005971443204687555 -0.032681553614506399 0.023559225937771378 0.010149338483403429 -0.040015522479197735 0.03120895683438954
leaf_weight=306.61196696013212 797.90443650633097 39.817285910248756 186.29237718880177 78.439503222703934 33.101822279393673 8.991615451872347
leaf_count=692 1987 293 258 182 166 20
internal_value=0.00663581 0.00332563 0.0130514 -0.00979539 -0.00202839 -0.02443
internal_weight=1451.16 958.255 492.904 160.35 120.533 42.0934
internal_count=3598 2648 950 661 368 186
is_linear=0
shrinkage=0.03


Tree=69
num_leaves=7
num_cat=0
split_feature=27 34 24 11 1 35
split_gain=27.31 42.4194 39.1635 46.4966 38.1245 55.2959
threshold=1.0000000180025095e-35 -0.0093474556136050584 0.49911347517730503 0.076809621057408684 11.771578863090133 0.2166282642089094
decision_type=2 8 2 2 10 8
left_child=1 2 3 -1 -2 -6
right_child=4 -3 -4 -5 5 -7
leaf_value=-0.050117024387099543 0.012999331863874851 0.017198767108465754 0.0094491161238317595 0.017721496933922297 -0.033112451199751994 0.0021390774452980117
leaf_weight=26.083904154598713 283.49167816340923 384.02105484902859 70.273723870515823 13.058521144092081 41.796188458800316 622.6227022819221
leaf_count=116 566 769 135 25 190 1770
internal_value=0.00679602 0.0125135 -0.0039374 -0.0276074 0.00380973 -0.000124898
internal_weight=1441.35 493.437 109.416 39.1424 947.911 664.419
internal_count=3571 1045 276 141 2526 1960
is_linear=0
shrinkage=0.03


Tree=70
num_leaves=7
num_cat=0
split_feature=1 14 15 2 33 17
split_gain=27.7229 36.6765 36.8708 38.326 34.0759 29.4656
threshold=12.333150102104199 0.041926187730057893 -0.38437499999999974 1.0000000180025095e-35 0.17739217697689616 0.26538810800612272
decision_type=8 8 8 10 10 8
left_child=-1 -2 3 5 -4 -3
right_child=1 2 4 -5 -6 -7
leaf_value=0.010825183916719001 -0.012942039498595865 -0.032686602722396471 0.018010742989358654 -0.038440158260953254 0.0023436545197378653 0.010945345927319348
leaf_weight=704.74877608194947 115.59331056475639 17.114157244563103 209.29234630987048 30.485700316727161 308.72221703454852 59.312238857150078
leaf_count=1533 521 73 427 122 796 117
internal_value=0.00657004 0.0025113 0.00538583 -0.0105852 0.0086961 0.000878874
internal_weight=1445.27 740.52 624.927 106.912 518.015 76.4264
internal_count=3589 2056 1535 312 1223 190
is_linear=0
shrinkage=0.03


Tree=71
num_leaves=7
num_cat=0
split_feature=24 14 13 15 23 18
split_gain=26.6021 52.8878 43.3458 40.2446 34.8905 28.9964
threshold=0.39225068017637682 0.045619921399956763 0.45350697292863007 0.023809523809523805 0.97173109579462602 -0.33286713627576031
decision_type=2 8 10 10 8 8
left_child=1 3 5 -1 -4 -3
right_child=-2 2 4 -5 -6 -7
leaf_value=-0.035480966640730971 0.0091131117883681573 0.046729531922772453 -0.033351325290954262 0.016478015414111397 0.008675175003959321 0.0078614341380504986
leaf_weight=54.745770700275898 1046.5550455935299 17.627667441964149 40.920996971428394 17.008297279477119 30.283967211842537 251.51926926895976
leaf_count=370 2240 12 187 67 63 663
internal_value=0.0065729 0.00011553 0.00506486 -0.0231076 -0.0156046 0.0105706
internal_weight=1458.66 412.106 340.352 71.7541 71.205 269.147
internal_count=3602 1362 925 437 250 675
is_linear=0
shrinkage=0.03


Tree=72
num_leaves=7
num_cat=0
split_feature=24 33 15 35 14 35
split_gain=26.6763 38.8313 45.5772 43.7205 29.3715 33.9111
threshold=0.57810681273536468 0.29533918753213884 0.010000000000000004 0.66877637130801693 0.045029215254704831 0.21940522036799318
decision_type=2 10 10 10 8 8
left_child=1 4 -3 -4 5 -1
right_child=-2 2 3 -5 -6 -7
leaf_value=-0.041138976673434746 0.011346206332711791 -0.01835934323069438 -0.008657651559734263 0.029185377445887461 0.009979296101520525 0.00054890854901282085
leaf_weight=19.346336983144283 517.85722464323044 141.97779452055693 64.900003433227539 46.229554809629917 519.53293769806623 128.13086099177599
leaf_count=127 911 546 227 95 1196 500
internal_value=0.00590585 0.00283493 -0.00715094 0.00720482 0.00662925 -0.00516003
internal_weight=1437.97 920.117 253.107 111.13 667.01 147.477
internal_count=3602 2691 868 322 1823 627
is_linear=0
shrinkage=0.03


Tree=73
num_leaves=7
num_cat=0
split_feature=19 16 8 18 4 13
split_gain=26.2678 46.2373 35.0516 38.2276 32.4093 30.7927
threshold=0.053732446785289302 -0.026686813362765068 -0.040516994014144041 0.15514006001874839 8.5530427279585801 0.17829256844795793
decision_type=8 10 10 10 8 10
left_child=1 -1 -3 4 -4 -6
right_child=-2 2 3 -5 5 -7
leaf_value=0.0066540754252091983 0.0095461109550709806 -0.035703232214173923 0.023759853796278582 -0.047936476464894434 -0.021198216701172033 0.018520450262066248
leaf_weight=427.84771982580423 839.03216582164168 40.517632346600294 38.988565914332867 14.847055446356533 56.695504944771528 24.366818062961102
leaf_count=1055 1793 199 74 72 309 74
internal_value=0.00611624 0.001338 -0.0115924 -0.0041411 0.00162647 -0.00917884
internal_weight=1442.3 603.263 175.416 134.898 120.051 81.0623
internal_count=3576 1783 728 529 457 383
is_linear=0
shrinkage=0.03


Tree=74
num_leaves=7
num_cat=0
split_feature=5 15 34 34 12 1
split_gain=26.6354 27.8268 36.4087 36.7597 31.6266 32.463
threshold=11.500000000000002 0.074506769825918723 -1.0000000180025095e-35 0.00020317242668083799 -0.059550216322886311 11.798269801520084
decision_type=8 10 8 10 10 10
left_child=-1 2 4 -4 -2 -6
right_child=1 -3 3 -5 5 -7
leaf_value=0.007968123791250321 -0.042145074285378586 0.016492200498059755 0.034592482716087336 -0.0038908485504177593 0.020171256701149162 -0.024200897625532163
leaf_weight=1130.0900348983705 36.740151226520538 58.62837827950716 26.007762085646391 128.40767174586654 23.374038532376289 37.093842092901468
leaf_count=2525 177 117 59 446 52 206
internal_value=0.00583208 -0.00194906 -0.00629416 0.00277167 -0.0205768 -0.00699959
internal_weight=1440.34 310.252 251.623 154.415 97.208 60.4679
internal_count=3582 1057 940 505 435 258
is_linear=0
shrinkage=0.03


Tree=75
num_leaves=7
num_cat=0
split_feature=7 19 30 22 8 7
split_gain=25.2808 31.1919 30.774 31.0314 27.4831 25.396
threshold=-0.13270440251572324 0.55843360291691002 -0.11128803963198866 0.25710613294160856 -0.21681125969027629 -0.059627619760479034
decision_type=2 10 2 2 8 2
left_child=-1 2 3 -2 -4 -6
right_child=1 -3 4 -5 5 -7
leaf_value=0.017631421769125258 0.0040877788880714352 0.021755295558696194 0.021248663362790913 -0.05255970231811103 0.012953990620390408 0.00082680362009095382
leaf_weight=148.8329098969698 16.992933943867683 87.883706532418728 77.950885899364948 16.557479105889797 186.72697718441486 903.81725297495723
leaf_count=227 35 141 135 72 378 2598
internal_value=0.0059619 0.00460284 0.00333176 -0.0245805 0.00415352 0.00291323
internal_weight=1438.76 1289.93 1202.05 33.5504 1168.5 1090.54
internal_count=3586 3359 3218 107 3111 2976
is_linear=0
shrinkage=0.03


Tree=76
num_leaves=7
num_cat=0
split_feature=23 23 22 34 21 16
split_gain=28.176 45.209 39.8388 36.8731 31.0356 29.5649
threshold=0.90980861244019151 0.44487847222222227 0.70615218564490034 0.0041788585230752443 0.14326297124533441 -0.04108801480677101
decision_type=10 10 2 8 8 8
left_child=1 -1 -3 -2 -4 -6
right_child=3 2 4 -5 5 -7
leaf_value=0.0089574236522265288 0.023815314251217346 0.0015076470966441757 -0.035323088638727844 -0.014206058904041802 0.028455651678216329 -0.015908567954642242
leaf_weight=674.16505612432957 128.48916566371918 479.10015561059117 50.820550221949816 27.200943864881992 17.263104349374771 51.19623227417469
leaf_count=1459 192 1396 268 75 28 164
internal_value=0.00511716 0.00363585 -0.00236464 0.0171243 -0.0178013 -0.00447282
internal_weight=1428.24 1272.55 598.38 155.69 119.28 68.4593
internal_count=3582 3315 1856 267 460 192
is_linear=0
shrinkage=0.03


Tree=77
num_leaves=7
num_cat=0
split_feature=23 8 16 22 32 4
split_gain=32.6639 31.4241 31.6306 36.6196 29.6872 48.319
threshold=0.24970023980815351 -0.17552579993866643 0.24330916117819332 0.31962988000676024 -1.0000000180025095e-35 8.4304361788053068
decision_type=8 8 10 2 8 8
left_child=-1 -2 3 -3 5 -5
right_child=1 2 -4 4 -6 -7
leaf_value=-0.024941475744482536 0.019149557889712579 0.012361803065273768 0.019141901605772602 0.023812909121617293 0.0017082887054370862 -0.030291562640797173
leaf_weight=30.238400496542454 147.44938933849335 281.98069221526384 119.91169259697199 18.730714187026024 780.36500873789191 60.83930803835392
leaf_count=105 254 519 185 28 2248 245
internal_value=0.00542006 0.00608874 0.00454857 0.00300073 -7.9642e-05 -0.0174179
internal_weight=1439.52 1409.28 1261.83 1141.92 859.935 79.57
internal_count=3584 3479 3225 3040 2521 273
is_linear=0
shrinkage=0.03


Tree=78
num_leaves=7
num_cat=0
split_feature=37 13 4 32 13 37
split_gain=32.6256 23.3764 29.1429 42.0807 41.4661 39.7495
threshold=40.882352941176471 -0.13811561837494304 8.0978825723931376 -1.0000000180025095e-35 0.38974054437672212 3.8660714285714293
decision_type=10 8 8 8 8 10
left_child=1 -1 4 5 -3 -4
right_child=-2 2 3 -5 -6 -7
leaf_value=0.018085265583276749 -0.030863363062026507 0.023691379533691697 0.005557129474521574 0.0053105334285677161 -0.015876174847475579 -0.026065533751753456
leaf_weight=130.80098605155945 20.909918680787086 132.94277702271938 63.863394156098366 982.59240701049566 28.260417908430099 79.491771172732115
leaf_count=195 151 200 122 2517 81 306
internal_value=0.00548801 0.00604545 0.00480886 0.00309313 0.0166997 -0.012037
internal_weight=1438.86 1417.95 1287.15 1125.95 161.203 143.355
internal_count=3572 3421 3226 2945 281 428
is_linear=0
shrinkage=0.03


Tree=79
num_leaves=7
num_cat=0
split_feature=22 22 5 15 29 15
split_gain=25.0283 48.0136 39.0533 45.228 38.1243 29.6789
threshold=0.71231060606060626 0.79879009163802994 6.5000000000000009 0.074506769825918723 0.26105442176870758 0.10331143951833609
decision_type=2 2 10 10 10 10
left_child=2 5 -1 4 -4 -2
right_child=1 -3 3 -5 -6 -7
leaf_value=0.014856503758254818 -0.025887120582591117 0.0058483088124062343 0.0012257004310536335 0.020872903121872937 -0.038543186397985409 0.01069856113483148
leaf_weight=440.01271545141935 85.318445183336735 273.21965796500444 492.67452283576131 106.48977636545897 21.692311201244593 25.341003142297268
leaf_count=814 341 627 1439 181 109 58
internal_value=0.00565589 -0.000906788 0.00802923 0.0031745 -0.000523 -0.0174882
internal_weight=1444.75 383.879 1060.87 620.857 514.367 110.659
internal_count=3569 1026 2543 1729 1548 399
is_linear=0
shrinkage=0.03


Tree=80
num_leaves=7
num_cat=0
split_feature=20 11 20 23 8 35
split_gain=23.564 42.0567 41.2314 25.7757 39.1961 32.299
threshold=0.035284643383569236 0.063391601366284925 0.043519994645592024 0.90980861244019151 0.23616920238196695 0.25430311008721412
decision_type=8 2 8 8 10 10
left_child=1 -1 -2 4 5 -4
right_child=2 -3 3 -5 -6 -7
leaf_value=0.028356256630493994 -0.044367115458890667 -0.014839118395292745 -0.01030875608598221 0.0096490656203875574 -0.035429116854631688 0.0047166299579930009
leaf_weight=81.035304795950651 15.2151498273015 26.247058939188719 157.80625208467245 442.77864000573754 25.136421419680119 679.97843089699745
leaf_count=158 87 114 512 856 96 1760
internal_value=0.00429147 0.0177489 0.00318588 0.00377354 0.000751039 0.00187751
internal_weight=1428.2 107.282 1320.91 1305.7 862.921 837.785
internal_count=3583 272 3311 3224 2368 2272
is_linear=0
shrinkage=0.03


Tree=81
num_leaves=7
num_cat=0
split_feature=34 23 19 16 3 9
split_gain=28.1609 31.9995 28.0495 41.151 44.6726 42.1327
threshold=0.056361612001997276 0.99191547701949878 0.053732446785289302 -0.026686813362765068 5.5000000000000009 0.10351696661629346
decision_type=10 8 10 10 2 2
left_child=2 -2 3 4 -1 -6
right_child=1 -3 -4 -5 5 -7
leaf_value=0.0084897083595520794 -0.048725933859351769 0.011550890962131816 0.012411886027111907 -0.0096175455184766365 0.0035977811966340671 -0.031379818300543594
leaf_weight=710.63977316394448 17.663020648062233 13.224874243140219 356.00880192965269 197.83901035413146 75.003402434289455 51.607743367552757
leaf_count=1537 84 25 764 778 200 180
internal_value=0.00452427 -0.0233651 0.00515987 0.00265604 0.00556425 -0.0107936
internal_weight=1421.99 30.8879 1391.1 1035.09 837.251 126.611
internal_count=3568 109 3459 2695 1917 380
is_linear=0
shrinkage=0.03


Tree=82
num_leaves=7
num_cat=0
split_feature=36 27 35 3 28 12
split_gain=31.1132 30.4202 26.8515 26.1172 39.6676 37.704
threshold=0.06259796238244518 1.0000000180025095e-35 0.76705426356589157 5.5000000000000009 -1.0000000180025095e-35 -0.044906138460025107
decision_type=10 2 10 2 8 8
left_child=2 -2 3 -1 -5 -6
right_child=1 -3 -4 4 5 -7
leaf_value=0.006376837739485039 0.0093924304693435174 -0.035160329363238867 0.023366356882412266 -0.03472114423124506 -0.025339773930637084 0.0078724327259269006
leaf_weight=1092.7858009710908 22.621838465332985 33.006825469434261 70.830439127981663 33.213216923177242 38.452934611588717 138.68094000965357
leaf_count=2632 42 126 137 159 137 341
internal_value=0.00460751 -0.0171967 0.00550217 0.00451401 -0.00514803 0.000560816
internal_weight=1429.59 55.6287 1373.96 1303.13 210.347 177.134
internal_count=3574 168 3406 3269 637 478
is_linear=0
shrinkage=0.03


Tree=83
num_leaves=7
num_cat=0
split_feature=7 27 14 5 37 32
split_gain=25.5741 24.8934 35.77 29.6425 26.6684 32.6889
threshold=-0.030480629277507661 1.0000000180025095e-35 0.11077815449129617 8.5000000000000018 5.3205128205128212 -1.0000000180025095e-35
decision_type=2 2 10 10 8 10
left_child=1 -1 3 -3 5 -5
right_child=-2 2 -4 4 -6 -7
leaf_value=0.020205679175173522 0.0017581416753858655 0.010103204774836583 0.017087595331351988 -0.0014183509610490824 -0.0016348437957319662 -0.054839476466058447
leaf_weight=153.5284469127655 900.71384275332093 103.43960858136415 152.15668481588364 18.640991941094398 82.07029277458787 22.215709686279297
leaf_count=237 2501 201 235 42 257 94
internal_value=0.00484259 0.0100512 0.00589016 -0.00167847 -0.0115939 -0.0310821
internal_weight=1432.77 532.052 378.523 226.367 122.927 40.8567
internal_count=3567 1066 829 594 393 136
is_linear=0
shrinkage=0.03


Tree=84
num_leaves=7
num_cat=0
split_feature=7 19 12 3 31 12
split_gain=26.372 29.0539 38.948 40.5922 60.3196 39.4293
threshold=-0.059627619760479034 0.55843360291691002 0.014420258702148249 5.5000000000000009 8.5000000000000018 0.07762692289326413
decision_type=2 10 10 2 8 10
left_child=-1 2 3 -2 -5 -4
right_child=1 -3 5 4 -6 -7
leaf_value=0.01078064164096732 0.0064123992864108135 0.019292600383457519 -0.031386583366170874 0.013312927539858861 -0.043128357717035756 -0.003399717433823181
leaf_weight=394.32171022891998 615.14598513767123 76.666231639683247 57.195339053869247 30.179236710071564 37.072813581675291 205.95163176208735
leaf_count=748 1523 127 291 76 182 604
internal_value=0.00420034 0.00165391 0.000204864 0.00398603 -0.0179765 -0.00957849
internal_weight=1416.53 1022.21 945.545 682.398 67.2521 263.147
internal_count=3551 2803 2676 1781 258 895
is_linear=0
shrinkage=0.03


Tree=85
num_leaves=7
num_cat=0
split_feature=27 3 34 16 13 0
split_gain=26.8264 44.0531 43.724 41.7506 45.1643 37.8325
threshold=1.0000000180025095e-35 5.5000000000000009 -0.012941891048003707 0.078191762653703631 -0.076971639471639444 218.50000000000003
decision_type=2 2 8 10 8 2
left_child=2 5 -1 4 -3 -2
right_child=1 3 -4 -5 -6 -7
leaf_value=-0.010508137624077624 0.0050489005320227785 -0.00018890011781595964 0.01358539755519763 0.020156591327060706 -0.038901870620002249 -0.024709951365744207
leaf_weight=80.684651345014572 755.15498762205243 46.569908015429974 402.98777742683887 24.174417067319155 63.98011201992631 39.523456279188395
leaf_count=219 1802 108 818 48 324 240
internal_value=0.00383077 0.000845887 0.0095528 -0.0149524 -0.0227417 0.00353964
internal_weight=1413.08 929.403 483.672 134.724 110.55 794.678
internal_count=3559 2522 1037 480 432 2042
is_linear=0
shrinkage=0.03


Tree=86
num_leaves=7
num_cat=0
split_feature=23 23 22 20 37 10
split_gain=30.6739 30.0505 23.0383 53.4073 41.1591 36.095
threshold=0.24970023980815351 0.28247997213514459 0.70615218564490034 0.27778110817185536 4.4058823529411777 0.62229437229437246
decision_type=8 8 2 8 8 2
left_child=-1 -2 -3 4 5 -4
right_child=1 2 3 -5 -6 -7
leaf_value=-0.025030555843215879 0.023171877460326142 0.0062116170637610876 -0.026233608394585804 0.0035299446809255678 -0.041578650215485631 0.033576686044496908
leaf_weight=30.739266790449619 74.845032453536987 948.74138293415308 18.820971429347992 285.03040232509375 47.61412101984024 15.760874718427656
leaf_count=108 117 2338 68 625 288 21
internal_value=0.00414298 0.00480529 0.0037439 -0.0026311 -0.0237813 0.00120283
internal_weight=1421.55 1390.81 1315.97 367.226 82.196 34.5818
internal_count=3565 3457 3340 1002 377 89
is_linear=0
shrinkage=0.03


Tree=87
num_leaves=7
num_cat=0
split_feature=37 24 1 6 2 36
split_gain=22.5134 22.5336 25.2334 29.084 40.2189 34.0519
threshold=2.6076923076923082 0.63766702766083927 10.863244173821174 3.4498615536424366 0.17797888386123684 -0.010092795226171901
decision_type=8 2 8 2 10 8
left_child=-1 2 -2 -4 5 -5
right_child=1 -3 3 4 -6 -7
leaf_value=0.01369268438101031 0.018940713259345116 0.0092908586243840331 0.0010124992831010864 -0.0017737710187145435 0.014690958044046472 -0.033605314601589838
leaf_weight=165.19146920740604 56.675249099731445 286.47387777268887 733.1509153842926 50.274686399847269 35.901989832520485 75.366502612829208
leaf_count=260 97 492 2003 187 92 430
internal_value=0.00332405 0.00193041 -0.000293381 -0.00153157 -0.0130128 -0.0209827
internal_weight=1403.03 1237.84 951.369 894.694 161.543 125.641
internal_count=3561 3301 2809 2712 709 617
is_linear=0
shrinkage=0.03


Tree=88
num_leaves=7
num_cat=0
split_feature=24 18 24 1 4 20
split_gain=31.2056 24.5026 26.2682 24.0268 28.017 23.0993
threshold=0.63766702766083927 0.015143221741540374 0.64927404718693305 12.476414486987695 10.051666350553047 0.032257027388204858
decision_type=2 8 2 10 8 8
left_child=5 2 -2 -3 -5 -1
right_child=1 3 -4 4 -6 -7
leaf_value=0.017221544172842322 0.027901026527080288 0.021298214441577996 -0.0085091901938493999 -0.022711355119895207 0.023451764447631633 -0.00043545676324779973
leaf_weight=70.386137120425701 21.582236707210541 187.47313629090786 83.808310285210609 26.340296000242233 19.871648177504539 1011.2907102406025
leaf_count=204 24 246 189 73 25 2846
internal_value=0.00322115 0.0111478 -0.000860814 0.0165442 -0.00278443 0.000728353
internal_weight=1420.75 339.076 105.391 233.685 46.2119 1081.68
internal_count=3607 557 213 344 98 3050
is_linear=0
shrinkage=0.03


Tree=89
num_leaves=7
num_cat=0
split_feature=24 19 17 14 14 16
split_gain=26.6418 26.6113 39.3307 25.835 27.2758 27.2112
threshold=0.63766702766083927 0.11879495544156028 0.41458119727456916 0.015604588250231413 0.017499233276574291 -0.096094158943513919
decision_type=2 10 10 8 8 8
left_child=1 2 3 5 -5 -1
right_child=-2 -3 -4 4 -6 -7
leaf_value=0.023180058930043091 0.010920328396977375 0.011081630020044407 -0.041219111063846577 0.035024809808905481 0.00046967562236955142 -0.032105248665825682
leaf_weight=9.2781929522752744 347.18884281814098 204.70082148909569 20.257426679134369 20.11231293156743 785.28723421692848 38.487634662538767
leaf_count=20 572 424 79 50 2221 223
internal_value=0.00370527 0.00137383 -0.000911423 9.2773e-05 0.00137494 -0.0211113
internal_weight=1425.31 1078.12 873.423 853.165 805.4 47.7658
internal_count=3589 3017 2593 2514 2271 243
is_linear=0
shrinkage=0.03


Tree=90
num_leaves=7
num_cat=0
split_feature=23 33 23 24 11 22
split_gain=23.3339 24.7 24.6266 39.4031 37.8403 43.7968
threshold=0.90980861244019151 0.10579210144247431 0.44487847222222227 0.44354625252376029 0.0064045845809479734 0.66295238686448577
decision_type=8 10 10 2 2 2
left_child=2 -2 -1 4 5 -4
right_child=1 -3 3 -5 -6 -7
leaf_value=0.0074100528521492889 0.032610226411346366 0.0074737974363189314 0.015912238803058615 0.0031103216749788758 -0.023827556692595606 -0.033673135121235799
leaf_weight=372.57289839535952 37.579374477267265 418.31894072890282 59.190516829490662 391.33142238855362 119.83533934876323 20.857424087822437
leaf_count=857 47 820 135 906 688 91
internal_value=0.00402834 0.00961261 0.0013796 -0.00242678 -0.0132288 0.00273613
internal_weight=1419.69 455.898 963.788 591.215 199.883 80.0479
internal_count=3544 867 2677 1820 914 226
is_linear=0
shrinkage=0.03


Tree=91
num_leaves=7
num_cat=0
split_feature=5 15 11 27 12 4
split_gain=23.3219 31.0526 34.9926 30.8631 40.7794 38.7544
threshold=13.500000000000002 0.15765107212475629 0.063391601366284925 1.0000000180025095e-35 -0.11496731399640346 7.5771172116583712
decision_type=8 10 2 2 10 10
left_child=-1 2 3 5 -5 -2
right_child=1 -3 -4 4 -6 -7
leaf_value=0.0053176373336999185 -0.021919925996552018 0.032403800478054412 -0.036392001237184328 0.0070656163946849239 -0.03533143166915375 0.020134513362103167
leaf_weight=1206.7806592918932 26.442874535918236 17.282151840627193 32.713208090513945 36.256238736212254 44.919226337224245 69.60040345415473
leaf_count=2787 85 21 213 100 247 170
internal_value=0.00365776 -0.00514287 -0.00837278 -0.00302547 -0.0165397 0.00844942
internal_weight=1433.99 227.214 209.932 177.219 81.1755 96.0433
internal_count=3623 836 815 602 347 255
is_linear=0
shrinkage=0.03


Tree=92
num_leaves=7
num_cat=0
split_feature=7 30 18 14 24 30
split_gain=30.0472 31.4623 30.4019 26.199 31.7507 33.999
threshold=-0.13270440251572324 -0.11128803963198866 0.10213525763295596 0.047365423659916112 0.58150161030595826 -1.0000000180025095e-35
decision_type=2 2 8 8 2 2
left_child=-1 2 -2 4 5 -3
right_child=1 3 -4 -5 -6 -7
leaf_value=0.016143929240347493 -0.053267804452535913 -0.028604366118515866 0.00031998246670378251 0.0049480452901394583 0.010375535687624985 -0.001648079813615069
leaf_weight=149.02142262458801 16.969810403883457 71.910469457507133 20.257622286677361 990.71214592456818 73.88103836774826 99.994408547878265
leaf_count=226 74 358 44 2305 142 454
internal_value=0.00344407 0.00194673 -0.024862 0.00277331 -0.00597714 -0.0130245
internal_weight=1422.75 1273.73 37.2274 1236.5 245.786 171.905
internal_count=3603 3377 118 3259 954 812
is_linear=0
shrinkage=0.03


Tree=93
num_leaves=7
num_cat=0
split_feature=37 14 4 5 22 14
split_gain=28.0892 52.099 33.6472 37.0101 27.8206 42.7906
threshold=8.8284313725490211 0.079068639571381868 8.7030915077744258 5.5000000000000009 0.7201398601398602 0.11077815449129617
decision_type=10 10 8 10 2 8
left_child=4 2 -2 -4 5 -1
right_child=1 -3 3 -5 -6 -7
leaf_value=0.0010122878228118574 0.019220630449825752 -0.023682219351044868 0.019220097956333487 -0.018945288993210661 -0.0034584933358564863 0.014694126248459949
leaf_weight=441.07815178483725 72.131070032715797 96.77302810549736 32.139942802488804 73.145832788199186 285.24579329043627 384.83847246319056
leaf_count=1107 147 382 68 457 721 662
internal_value=0.00248816 -0.00609622 0.00357513 -0.00722356 0.00461002 0.00739744
internal_weight=1385.35 274.19 177.417 105.286 1111.16 825.917
internal_count=3544 1054 672 525 2490 1769
is_linear=0
shrinkage=0.03


Tree=94
num_leaves=7
num_cat=0
split_feature=34 36 7 5 2 8
split_gain=28.352 25.5817 22.8433 27.4083 34.0497 35.4046
threshold=0.056361612001997276 0.10628285405071121 -0.1378757736516357 6.5000000000000009 0.34073170731707325 0.40524459285396902
decision_type=10 8 2 8 10 8
left_child=2 -2 -1 -4 5 -5
right_child=1 -3 3 4 -6 -7
leaf_value=0.01650678897561703 -0.049982935322116076 0.003319502797979755 0.0070577159101164241 -0.0080740670013013955 0.030427047281042147 0.0094041376812645568
leaf_weight=126.12457065284252 15.63027176260948 15.577255688607694 715.49809242039919 394.60139859840274 27.068559426814318 140.72771963477135
leaf_count=188 74 38 1548 1428 48 282
internal_value=0.00374022 -0.0241 0.00437575 0.00316648 -0.0017878 -0.00347042
internal_weight=1435.23 31.2075 1404.02 1277.9 562.398 535.329
internal_count=3606 112 3494 3306 1758 1710
is_linear=0
shrinkage=0.03


Tree=95
num_leaves=7
num_cat=0
split_feature=35 35 16 23 7 37
split_gain=25.6231 30.2829 53.8979 28.4204 24.996 30.394
threshold=0.76705426356589157 0.44782214156079864 0.028981112212215689 0.68978882651697415 -0.079855072463768093 4.3798076923076934
decision_type=10 10 10 10 2 10
left_child=1 -1 3 4 -3 -6
right_child=-2 2 -4 -5 5 -7
leaf_value=0.0047994595265015297 0.02022242220669793 0.0077023925538573625 0.011749250132823574 -0.038523345982819486 0.00059796502748433393 -0.0287647662740842
leaf_weight=1023.4497199468315 74.573561958968639 53.967086903750896 106.26682122051716 35.238180585205555 54.533912822604179 74.733739387243986
leaf_count=2507 148 108 237 151 125 321
internal_value=0.00322209 0.00226745 -0.00570268 -0.0142063 -0.00934611 -0.0164681
internal_weight=1422.76 1348.19 324.74 218.473 183.235 129.268
internal_count=3597 3449 942 705 554 446
is_linear=0
shrinkage=0.03


Tree=96
num_leaves=7
num_cat=0
split_feature=34 1 0 19 23 24
split_gain=20.7038 24.5932 22.6468 24.8348 24.1336 39.1423
threshold=0.056361612001997276 11.841051704062711 17.500000000000004 0.25078719363495561 0.44487847222222227 0.74658340558927516
decision_type=10 10 2 10 10 2
left_child=2 -2 -1 4 -4 -6
right_child=1 -3 3 -5 5 -7
leaf_value=0.019673066437116343 0.0045556797120913832 -0.04690576052276893 0.0054612622419168422 0.013813776098553962 -0.0054514823357897048 0.025036276853327561
leaf_weight=74.401790022850037 17.038090601563454 15.107546031475065 586.08207278326154 159.43500956147909 520.25419551879168 39.884756520390511
leaf_count=105 35 74 1306 285 1723 47
internal_value=0.00312371 -0.0203152 0.00368399 0.0027585 0.00121006 -0.00323985
internal_weight=1412.2 32.1456 1380.06 1305.66 1146.22 560.139
internal_count=3575 109 3466 3361 3076 1770
is_linear=0
shrinkage=0.03


Tree=97
num_leaves=7
num_cat=0
split_feature=7 35 4 35 4 35
split_gain=22.3249 31.9409 23.4656 31.3075 43.822 52.5089
threshold=-0.049839743589743586 0.20472624087081923 10.277152007081032 0.34786568464401685 9.6555068464227514 0.30569016230399731
decision_type=2 10 10 10 10 10
left_child=-1 -2 3 4 -3 -6
right_child=1 2 -4 -5 5 -7
leaf_value=0.0082745603702832852 -0.020193197647950273 0.0098795697944066944 0.02256738712707752 -0.0051736507324285806 -0.048976820039999855 0.011724248948488225
leaf_weight=429.95845261216164 64.335052732378244 367.39267601817846 44.318883664906025 438.73961318656802 25.613026592880487 24.151406414806843
leaf_count=855 245 840 98 1300 164 61
internal_value=0.00259788 6.14852e-05 0.00152981 0.000415408 0.00629194 -0.0198671
internal_weight=1394.51 964.551 900.216 855.897 417.157 49.7644
internal_count=3563 2708 2463 2365 1065 225
is_linear=0
shrinkage=0.03


Tree=98
num_leaves=7
num_cat=0
split_feature=23 2 19 6 29 4
split_gain=29.5972 23.7154 22.8696 25.017 28.5869 41.2334
threshold=0.2363988724453841 0.34073170731707325 0.55843360291691002 3.4811217321331038 0.16025641025641027 8.7660044621201809
decision_type=8 10 10 2 8 8
left_child=-1 2 3 -2 5 -5
right_child=1 -3 -4 4 -6 -7
leaf_value=-0.034290620314095674 0.0036930161893499905 0.025911462634198541 0.017352930591843892 0.0023952579262523756 0.012343163431231126 -0.028929234435655326
leaf_weight=17.794899620115757 1063.3063998185098 40.670692093670368 91.17729851603508 70.915293090045452 46.964836731553078 79.694259561598301
leaf_count=66 2546 69 147 174 141 432
internal_value=0.00311378 0.00361596 0.00292664 0.00187052 -0.00790701 -0.0142614
internal_weight=1410.52 1392.73 1352.06 1260.88 197.574 150.61
internal_count=3575 3509 3440 3293 747 606
is_linear=0
shrinkage=0.03


Tree=99
num_leaves=7
num_cat=0
split_feature=1 35 33 35 0 15
split_gain=19.0232 28.7804 27.5533 30.8155 26.8254 26.438
threshold=12.333150102104199 0.25430311008721412 0.17739217697689616 0.76705426356589157 280.50000000000006 0.061879269251560239
decision_type=8 8 10 10 2 10
left_child=1 -1 4 5 -2 -4
right_child=2 -3 3 -5 -6 -7
leaf_value=-0.0069997489562663665 0.0085898815294448358 0.0087897779008073579 -0.012898333915575273 0.019078885059719421 -0.022244947880843902 0.0056002932959993848
leaf_weight=127.06619761139154 275.81117495521903 553.36222831904888 297.9122502617538 38.961492985486984 26.99949704669416 89.978057883679867
leaf_count=353 615 1195 967 80 199 208
internal_value=0.00223067 0.00583523 -0.00113406 -0.00603841 0.00577639 -0.00860388
internal_weight=1410.09 680.428 729.662 426.852 302.811 387.89
internal_count=3617 1548 2069 1255 814 1175
is_linear=0
shrinkage=0.03


Tree=100
num_leaves=7
num_cat=0
split_feature=23 4 4 4 10 22
split_gain=24.5179 27.3482 32.6982 25.9206 26.2136 29.9227
threshold=0.90980861244019151 9.6994110169379812 10.024686802160959 10.466212760882376 0.47427929119280615 0.96313285762827061
decision_type=8 8 8 10 2 2
left_child=-1 -2 -3 4 -4 -6
right_child=1 2 3 -5 5 -7
leaf_value=-4.7805040931157065e-05 0.016840552231562327 -0.033271109337655952 0.0070331397501623236 0.037173908472811754 -0.041017133075641907 0.0106972520791475
leaf_weight=958.58081164956093 195.66407157480717 20.700986139476299 179.77135118469596 19.823997408151627 23.110618576407433 16.708676934242249
leaf_count=2725 310 76 360 19 81 31
internal_value=0.00267778 0.0083977 0.00200666 0.00518265 0.00213915 -0.0195867
internal_weight=1414.36 455.78 260.116 239.415 219.591 39.8193
internal_count=3602 877 567 491 472 112
is_linear=0
shrinkage=0.03


Tree=101
num_leaves=7
num_cat=0
split_feature=23 13 22 24 5 31
split_gain=21.426 19.2031 23.5826 37.9326 32.4561 28.7796
threshold=0.96808149405772503 -0.13811561837494304 0.70615218564490034 0.68726145038167952 5.5000000000000009 9.5000000000000018
decision_type=10 10 2 2 10 8
left_child=1 -1 4 5 -3 -4
right_child=-2 2 3 -5 -6 -7
leaf_value=0.0096166859779493966 0.01852555337096997 0.011213150126330156 -0.028286951044426877 0.017831453622558273 -0.001424758854896223 -0.0049458987580606592
leaf_weight=245.49497842788696 74.252046547830105 274.38748873025179 70.667375393211842 43.02392578125 543.9440109860152 142.89871621131897
leaf_count=441 109 529 288 62 1670 447
internal_value=0.00295353 0.0020645 0.000332364 -0.0075855 0.00282126 -0.0127651
internal_weight=1394.67 1320.42 1074.92 256.59 818.331 213.566
internal_count=3546 3437 2996 797 2199 735
is_linear=0
shrinkage=0.03


Tree=102
num_leaves=7
num_cat=0
split_feature=23 21 31 7 14 11
split_gain=18.0982 42.0251 34.9608 46.0126 43.9082 35.0194
threshold=0.42901925660546353 0.064611956638425977 7.5000000000000009 0.007392253136933989 0.052393491204316647 0.030237722048066882
decision_type=10 10 10 2 8 2
left_child=-1 2 3 5 -4 -2
right_child=1 -3 4 -5 -6 -7
leaf_value=0.0071699738124638979 0.0098436311508915963 0.0090547302193068387 -0.020323373993515994 -0.044821228222046899 0.0053167735842181785 -0.030556436745093576
leaf_weight=660.18033554777503 49.348510637879372 304.22651084139943 76.343736512586474 40.358134783804417 268.77402892336249 30.376290440559387
leaf_count=1408 105 729 398 207 627 120
internal_value=0.00352995 0.000401501 -0.00526472 -0.0191345 -0.000397432 -0.00573721
internal_weight=1429.61 769.427 465.201 120.083 345.118 79.7248
internal_count=3594 2186 1457 432 1025 225
is_linear=0
shrinkage=0.03


Tree=103
num_leaves=7
num_cat=0
split_feature=17 19 30 35 37 14
split_gain=19.8951 22.5755 32.5181 27.0896 36.9547 39.1458
threshold=0.0072169228357170318 0.068366192279756641 0.4777667984189724 0.34786568464401685 6.7735042735042743 0.080502559974380869
decision_type=8 10 2 8 10 8
left_child=-1 3 -3 -2 5 -5
right_child=1 2 -4 4 -6 -7
leaf_value=0.0313475125587621 0.0046677362998713921 0.011545530543177434 -0.027429035184623963 -0.017220206811634234 -0.018033988363346482 0.0054005169636050189
leaf_weight=20.353886254131794 553.86559244059026 303.49035609140992 19.629997678101063 89.39193432033062 139.07194596529007 287.93131044507027
leaf_count=33 1396 628 75 299 558 620
internal_value=0.00260597 0.00216394 0.00910045 6.32162e-05 -0.00487489 1.00724e-05
internal_weight=1413.74 1393.38 323.12 1070.26 516.395 377.323
internal_count=3609 3576 703 2873 1477 919
is_linear=0
shrinkage=0.03


Tree=104
num_leaves=7
num_cat=0
split_feature=23 24 1 23 23 1
split_gain=21.052 20.4005 25.1946 29.6687 36.4484 34.1238
threshold=0.24178340517241384 0.63766702766083927 10.863244173821174 0.44487847222222227 0.4727977448907682 11.268136166153946
decision_type=8 2 8 10 10 10
left_child=-1 2 -2 -4 -5 -6
right_child=1 -3 3 4 5 -7
leaf_value=-0.026661676362220697 0.017039053130908931 0.0085689798923447372 0.0039762817750024259 -0.047168797161980705 -0.050320346200608337 -0.003449782427306989
leaf_weight=22.49343254417181 70.924809515476227 321.26805834472179 471.55599623918533 18.148727260529995 13.437054611742495 451.51079219207168
leaf_count=81 118 545 1115 89 60 1540
internal_value=0.00149519 0.00198486 -8.39852e-05 -0.00137262 -0.00659117 -0.00490944
internal_weight=1369.34 1346.85 1025.58 954.653 483.097 464.948
internal_count=3548 3467 2922 2804 1689 1600
is_linear=0
shrinkage=0.03


Tree=105
num_leaves=7
num_cat=0
split_feature=2 6 22 20 33 35
split_gain=21.9068 35.0898 25.8324 30.3298 24.5163 37.7325
threshold=0.34073170731707325 3.4498615536424366 0.29842500206151568 0.26855255178819876 0.10670579408598471 0.20472624087081923
decision_type=10 2 2 8 8 8
left_child=1 4 -3 -4 -1 -6
right_child=-2 2 3 -5 5 -7
leaf_value=0.021184863626507171 0.023166137195636396 0.0079457470658239899 -0.02972202845994663 -0.0037034167930864747 -0.03748563255352716 0.003079425125712533
leaf_weight=64.589574504643679 41.411863569170237 54.674986653029919 74.386455038562417 87.397252403199673 20.053245089948177 1051.8743553645909
leaf_count=112 74 108 462 240 80 2524
internal_value=0.00193455 0.00126806 -0.00977487 -0.0157756 0.00337802 0.00228632
internal_weight=1394.39 1352.98 216.459 161.784 1136.52 1071.93
internal_count=3600 3526 810 702 2716 2604
is_linear=0
shrinkage=0.03


Tree=106
num_leaves=7
num_cat=0
split_feature=27 3 0 21 22 2
split_gain=24.6269 34.3284 38.7798 30.9295 29.9194 34.0125
threshold=1.0000000180025095e-35 5.5000000000000009 161.50000000000003 -0.31273888392719712 0.75957957045195801 0.033426443202979522
decision_type=2 2 2 8 2 8
left_child=4 2 -2 -3 -1 -6
right_child=1 3 -4 -5 5 -7
leaf_value=0.011391979700567326 0.0037066747122717551 0.030366612664533377 -0.021661267457268762 -0.018863183813451753 6.9804683462765398e-05 -0.050791252069685509
leaf_weight=382.70714746043086 711.38275961950421 11.7370737940073 57.709745913743973 125.44170175679028 76.058690903708339 13.01309650018811
leaf_count=792 1688 13 323 477 177 62
internal_value=0.00220105 -0.000693803 0.00177751 -0.0144618 0.00775166 -0.00784223
internal_weight=1378.05 906.271 769.093 137.179 471.779 89.0718
internal_count=3532 2501 2011 490 1031 239
is_linear=0
shrinkage=0.03


Tree=107
num_leaves=7
num_cat=0
split_feature=10 24 14 23 6 31
split_gain=22.9986 33.4164 37.5146 25.8816 28.1902 28.4127
threshold=0.02865943091815782 0.40735538909696217 0.053852452196747481 0.97173109579462602 3.3140206880897671 12.500000000000002
decision_type=2 2 10 8 2 8
left_child=1 2 -1 -2 5 -5
right_child=3 -3 -4 4 -6 -7
leaf_value=-0.027163927404816574 -0.0023910736432321946 0.01679243088620716 0.010623053858283686 0.0032248535208505968 -0.020293523560693642 0.022801204131457586
leaf_weight=38.592048892751336 793.8292512781918 201.38843847066164 57.801956847310066 176.09468884766102 28.258023038506508 106.82972237467766
leaf_count=193 2343 333 112 356 84 152
internal_value=0.00248133 0.00986596 -0.00462882 0.00048418 0.00780314 0.010671
internal_weight=1402.79 297.782 96.394 1105.01 311.182 282.924
internal_count=3573 638 305 2935 592 508
is_linear=0
shrinkage=0.03


Tree=108
num_leaves=7
num_cat=0
split_feature=2 19 2 11 14 23
split_gain=19.4015 20.3891 29.5386 29.5945 28.4344 32.1485
threshold=0.34073170731707325 0.068366192279756641 1.0000000180025095e-35 0.073209569675314598 0.050743123660322138 0.42901925660546353
decision_type=10 10 8 2 8 8
left_child=1 4 -3 -4 5 -1
right_child=-2 2 3 -5 -6 -7
leaf_value=0.0075788433641574525 0.02294097389031963 0.015188185798051765 0.0030571613737785377 -0.039445990943549593 0.0027757555895008249 -0.016881892408583885
leaf_weight=69.615012560039759 40.882184769958258 212.83875442296267 80.173993967473507 17.034432910382748 826.65448288619518 153.86727510951459
leaf_count=190 71 398 201 77 1947 679
internal_value=0.00282691 0.00220594 0.00895234 -0.00471674 0.000207484 -0.00926252
internal_weight=1401.07 1360.18 310.047 97.2084 1050.14 223.482
internal_count=3563 3492 676 278 2816 869
is_linear=0
shrinkage=0.03


Tree=109
num_leaves=7
num_cat=0
split_feature=34 35 15 12 9 20
split_gain=27.4932 19.7203 27.3577 32.7032 20.0769 24.3015
threshold=0.056361612001997276 0.76705426356589157 0.021087418113335258 -0.157104449442486 0.21756661991584855 0.035284643383569236
decision_type=10 10 10 10 2 8
left_child=1 4 3 -3 5 -1
right_child=-2 2 -4 -5 -6 -7
leaf_value=0.016317143601439363 -0.027302184759974129 0.023399286403363771 0.03875111604396838 -0.033531860788307027 0.011404802268603673 -0.00035430299466193541
leaf_weight=84.151336561888456 25.998950533568859 21.890045553445816 31.793747007846832 14.053272254765032 191.25283889472485 1036.8430471103638
leaf_count=229 97 33 40 58 309 2819
internal_value=0.00268577 0.0032701 0.0189365 0.000834968 0.00244761 0.000910625
internal_weight=1405.98 1379.98 67.7371 35.9433 1312.25 1120.99
internal_count=3585 3488 131 91 3357 3048
is_linear=0
shrinkage=0.03


Tree=110
num_leaves=7
num_cat=0
split_feature=5 23 13 35 11 23
split_gain=25.3687 18.2024 32.0554 26.4497 35.3777 28.4001
threshold=24.500000000000004 0.90980861244019151 0.92680537680537689 0.26546556122448989 0.087194107864100742 0.41679728317659359
decision_type=8 8 8 10 2 10
left_child=1 2 3 4 -1 -5
right_child=-2 -3 -4 5 -6 -7
leaf_value=-0.0024885426295235282 -0.034167309664863137 0.0076177915827673462 -0.016168887060370604 0.013407065823542275 -0.039709896130380611 0.00034386882762330121
leaf_weight=167.65599886700511 16.091895641759038 442.87289403751493 95.140879832208157 231.76008776575327 25.663442138582468 420.31577026098967
leaf_count=499 94 854 304 459 147 1238
internal_value=0.00216341 0.00261038 0.000246943 0.0021113 -0.00760866 0.0050002
internal_weight=1399.5 1383.41 940.536 845.395 193.319 652.076
internal_count=3595 3501 2647 2343 646 1697
is_linear=0
shrinkage=0.03


Tree=111
num_leaves=7
num_cat=0
split_feature=11 27 37 1 33 4
split_gain=17.7088 20.058 34.0155 39.5698 50.9662 54.0365
threshold=0.25137362637362642 1.0000000180025095e-35 12.029411764705884 11.755189057453524 0.31576710707614714 9.1529230954977958
decision_type=2 2 8 8 10 8
left_child=1 -1 3 -3 -5 -6
right_child=-2 2 -4 4 5 -7
leaf_value=0.0062524517064800047 0.020788520249619555 0.01331798092030838 -0.018153641933463388 0.0024547963741267478 -0.045806619283946338 -0.0070094630328669666
leaf_weight=465.80101389437914 41.950288616120815 171.93207179009914 96.44399948976934 445.08101199939847 42.190499484539032 130.20491422712803
leaf_count=1037 72 307 506 1066 194 402
internal_value=0.00182318 0.00121964 -0.0014308 0.000632657 -0.00291531 -0.0167137
internal_weight=1393.6 1351.65 885.852 789.408 617.476 172.395
internal_count=3584 3512 2475 1969 1662 596
is_linear=0
shrinkage=0.03


Tree=112
num_leaves=7
num_cat=0
split_feature=24 11 24 1 12 1
split_gain=19.9742 21.6081 18.6933 25.5807 26.8891 24.4857
threshold=0.12753539992345966 0.25137362637362642 0.63766702766083927 12.791929625236786 0.31907978122482522 11.771578863090133
decision_type=2 2 2 10 10 8
left_child=-1 2 5 -4 -5 -2
right_child=1 -3 3 4 -6 -7
leaf_value=-0.028313511909686277 0.0076717821505032004 0.023419997455719047 0.010394314154153362 -0.04161733126881078 0.012484434398083064 -0.0033190972134908661
leaf_weight=18.797856045886874 239.38197590410709 40.260003738105297 292.84391891956329 17.444267556071285 14.325517296791075 755.72427263110876
leaf_count=68 518 65 476 60 21 2357
internal_value=0.00160628 0.00204034 0.00137088 0.00761035 -0.0175854 -0.000670092
internal_weight=1378.78 1359.98 1319.72 324.614 31.7698 995.106
internal_count=3565 3497 3432 557 81 2875
is_linear=0
shrinkage=0.03


Tree=113
num_leaves=7
num_cat=0
split_feature=37 30 14 24 30 36
split_gain=25.1649 24.5834 36.6155 36.2608 51.1824 32.0982
threshold=40.882352941176471 0.087337909992372245 0.1610370827181721 0.53176151684326467 0.25227272727272732 0.054730279208457612
decision_type=10 2 10 2 2 10
left_child=1 2 5 4 -3 -1
right_child=-2 3 -4 -5 -6 -7
leaf_value=0.0018863409577340371 -0.031789354040206934 -0.029572430852006525 0.014519667190985812 0.0066561767599473435 -0.002326032694798245 -0.039820331464391463
leaf_weight=630.27823697030544 19.693672377616167 86.917739108204842 238.7130498662591 180.80169726908207 211.56147597357631 16.056917354464531
leaf_count=1665 155 376 401 344 582 64
internal_value=0.00104695 0.00154387 0.00450556 -0.00392325 -0.0103325 0.000790308
internal_weight=1384.02 1364.33 885.048 479.281 298.479 646.335
internal_count=3587 3432 2130 1302 958 1729
is_linear=0
shrinkage=0.03


Tree=114
num_leaves=7
num_cat=0
split_feature=21 7 30 36 36 36
split_gain=19.8537 22.2511 25.8269 23.7887 39.2621 38.2095
threshold=0.97510290816159784 -0.1378757736516357 -0.11128803963198866 -0.02113249592829888 -0.00067094909699838546 -0.027693057533211853
decision_type=10 2 2 8 10 10
left_child=1 -1 -3 5 -5 -4
right_child=-2 2 3 4 -6 -7
leaf_value=0.013116235549489357 0.01977493337742231 -0.021781463341248863 -0.0026202553273375925 0.012326083009337664 -0.0013147131801000303 -0.038121806211948793
leaf_weight=127.88441067934036 53.270819626748562 46.071242138743401 322.49231092631817 299.01498019881546 516.97630769200623 28.827924482524395
leaf_count=200 77 138 839 716 1487 122
internal_value=0.00198539 0.00126464 5.77407e-06 0.000883576 0.00369284 -0.0056333
internal_weight=1394.54 1341.27 1213.38 1167.31 815.991 351.32
internal_count=3579 3502 3302 3164 2203 961
is_linear=0
shrinkage=0.03


Tree=115
num_leaves=7
num_cat=0
split_feature=34 24 35 15 33 1
split_gain=22.823 21.3438 18.4786 29.4883 26.809 46.963
threshold=0.056361612001997276 0.61781229345670863 0.76705426356589157 0.021087418113335258 0.31899265784201908 12.003542882583799
decision_type=10 2 10 10 10 10
left_child=2 -2 4 -4 -1 -6
right_child=1 -3 3 -5 5 -7
leaf_value=0.0035939177545756978 -0.045839677795118439 0.0051566920276566635 -0.0020519158505240042 0.038205027189288525 0.0062504288443354511 -0.020167200352190356
leaf_weight=1056.8180129062384 16.289402768015865 12.574625745415686 32.909472063183784 31.407042801380157 115.96732112765312 124.93696851655841
leaf_count=2602 81 24 86 39 262 491
internal_value=0.00175228 -0.0241943 0.00231948 0.0178903 0.00153459 -0.00747692
internal_weight=1390.9 28.864 1362.04 64.3165 1297.72 240.904
internal_count=3585 105 3480 125 3355 753
is_linear=0
shrinkage=0.03


Tree=116
num_leaves=7
num_cat=0
split_feature=36 10 15 8 30 36
split_gain=20.8449 38.5829 25.4084 16.614 20.3485 26.1493
threshold=0.06259796238244518 0.92052631578947375 -0.11352391637068478 1.5802635633178441 -0.048662088562633189 0.035670198696562301
decision_type=10 2 8 10 2 8
left_child=3 2 -2 4 -1 -6
right_child=1 -3 -4 -5 5 -7
leaf_value=0.0074765564115320156 -0.0059607726991586325 0.024613222820720298 -0.055067722461555509 0.023192991721633104 -0.0023510004128511632 0.014879638333422648
leaf_weight=397.59814832359552 17.974976122379303 13.906574480235575 19.733153775334358 32.646412566304207 810.49360322207212 86.851375199854374
leaf_count=800 45 22 92 39 2370 186
internal_value=0.00164609 -0.0168762 -0.0324178 0.00237837 0.00183613 -0.000668591
internal_weight=1379.2 51.6147 37.7081 1327.59 1294.94 897.345
internal_count=3554 159 137 3395 3356 2556
is_linear=0
shrinkage=0.03


Tree=117
num_leaves=7
num_cat=0
split_feature=19 24 11 17 1 11
split_gain=19.4265 29.5233 30.126 28.912 43.7822 26.3558
threshold=0.068366192279756641 0.62981481481481494 0.13642003158132193 0.083563205910513458 11.755189057453524 0.092206477732793543
decision_type=10 2 2 10 8 2
left_child=1 2 5 4 -2 -1
right_child=3 -3 -4 -5 -6 -7
leaf_value=-0.0035561168180377064 0.021770585922231397 0.0082992644663474092 0.011969113692789416 0.011862340730940517 -0.038259197360345373 -0.024128380145704845
leaf_weight=617.99754042364657 17.496250212192535 273.30974493920803 102.21082599461079 275.52535323798656 26.077466681599617 60.711336405947804
leaf_count=1859 27 467 237 540 134 290
internal_value=0.00179625 -0.000168978 -0.00313956 0.00826916 -0.0142077 -0.00542912
internal_weight=1373.33 1054.23 780.92 319.099 43.5737 678.709
internal_count=3554 2853 2386 701 161 2149
is_linear=0
shrinkage=0.03


Tree=118
num_leaves=7
num_cat=0
split_feature=1 15 7 31 33 17
split_gain=23.1116 31.9504 34.5413 32.6327 43.3126 32.0518
threshold=12.333150102104199 0.074506769825918723 0.44722222222222224 10.500000000000002 0.27179930795847762 0.2532565062135454
decision_type=8 8 2 8 10 10
left_child=-1 2 -2 4 -3 -4
right_child=1 3 5 -5 -6 -7
leaf_value=0.006319302564888862 -0.003129085105366461 -0.033727054209559376 -0.049563197620024445 0.021940581614420522 0.0092362274705079898 0.013710426198848321
leaf_weight=683.19511959701777 486.50947311520576 28.07260163128376 26.555009424686432 91.168640777468681 76.234627313911915 9.2568623274564725
leaf_count=1536 1489 90 127 153 170 18
internal_value=0.00237387 -0.00138494 -0.00525594 0.00893268 -0.00253712 -0.0332797
internal_weight=1400.99 717.797 522.321 195.476 104.307 35.8119
internal_count=3583 2047 1634 413 260 145
is_linear=0
shrinkage=0.03


Tree=119
num_leaves=7
num_cat=0
split_feature=35 5 4 4 6 36
split_gain=20.2684 19.8791 27.0237 36.4975 24.8709 23.1189
threshold=0.76705426356589157 6.5000000000000009 10.466212760882376 9.6994110169379812 2.740319461670996 -0.020210299718496454
decision_type=10 10 10 8 2 8
left_child=1 2 3 5 -5 -1
right_child=-2 -3 -4 4 -6 -7
leaf_value=-0.00060314924129816275 0.017307826875472811 -0.0029693573599855957 0.033722447028609701 -0.0021162216271772144 -0.02829459064069351 0.012791447817552043
leaf_weight=188.89422009885311 71.687768623232841 602.40238764695823 26.290235087275505 150.60632783919573 40.775692403316498 299.04633472114801
leaf_count=446 147 1853 28 359 156 571
internal_value=0.00188837 0.00103071 0.00444505 0.00326409 -0.00781185 0.00761543
internal_weight=1379.7 1308.02 705.613 679.323 191.382 487.941
internal_count=3560 3413 1560 1532 515 1017
is_linear=0
shrinkage=0.03


end of trees

feature_importances:
f_ind_contract_end_pct=53
f_ind_real_sales_growth_pct=48
f_struct_stores_per_region=45
f_lvl_avg_sales_log=38
f_trd_store_growth_std=36
f_lvl_sales_per_area_log=35
f_trd_sales_per_area_mean=30
f_struct_top_region_share=30
f_chg_store_growth=28
f_lvl_biz_age=27
f_trd_store_growth_mean=25
f_struct_region_hhi=23
f_chg_name_change_rate=21
f_ind_store_growth_pct=21
f_trd_sales_growth_mean=20
f_trd_store_growth_slope=19
f_trd_sales_growth_std=18
f_struct_top_region_share_chg=18
f_struct_region_hhi_chg=17
f_trd_sales_per_area_std=14
f_struct_open_close_gap=14
f_chg_sales_growth=13
f_lvl_n_stores=12
f_lvl_emp_cnt_log=12
f_chg_sales_per_area_growth=12
f_ind_major_uC678uC2DD=12
f_lvl_direct_ratio=10
f_lvl_brand_age=10
f_chg_new_open_rate=10
f_struct_n_regions=9
f_trd_sales_growth_slope=8
f_trd_sales_per_area_slope=8
f_chg_contract_end_rate=6
f_struct_direct_ratio_chg=6
f_struct_n_regions_chg=5
f_struct_direct_growth=4
f_ind_major_uC11CuBE44uC2A4=3

parameters:
[boosting: gbdt]
[objective: binary]
[metric: auc,binary_logloss]
[tree_learner: serial]
[device_type: cpu]
[data_sample_strategy: bagging]
[data: ]
[valid: ]
[num_iterations: 500]
[learning_rate: 0.03]
[num_leaves: 7]
[num_threads: 4]
[seed: 42]
[deterministic: 0]
[force_col_wise: 0]
[force_row_wise: 0]
[histogram_pool_size: -1]
[max_depth: -1]
[min_data_in_leaf: 40]
[min_sum_hessian_in_leaf: 0.001]
[bagging_fraction: 0.9]
[pos_bagging_fraction: 1]
[neg_bagging_fraction: 1]
[bagging_freq: 1]
[bagging_seed: 400]
[bagging_by_query: 0]
[feature_fraction: 0.9]
[feature_fraction_bynode: 1]
[feature_fraction_seed: 30056]
[extra_trees: 0]
[extra_seed: 12879]
[early_stopping_round: 0]
[early_stopping_min_delta: 0]
[first_metric_only: 0]
[max_delta_step: 0]
[lambda_l1: 0]
[lambda_l2: 1]
[linear_lambda: 0]
[min_gain_to_split: 0]
[drop_rate: 0.1]
[max_drop: 50]
[skip_drop: 0.5]
[xgboost_dart_mode: 0]
[uniform_drop: 0]
[drop_seed: 17869]
[top_rate: 0.2]
[other_rate: 0.1]
[min_data_per_group: 100]
[max_cat_threshold: 32]
[cat_l2: 10]
[cat_smooth: 10]
[max_cat_to_onehot: 4]
[top_k: 20]
[monotone_constraints: ]
[monotone_constraints_method: basic]
[monotone_penalty: 0]
[feature_contri: ]
[forcedsplits_filename: ]
[refit_decay_rate: 0.9]
[cegb_tradeoff: 1]
[cegb_penalty_split: 0]
[cegb_penalty_feature_lazy: ]
[cegb_penalty_feature_coupled: ]
[path_smooth: 0]
[interaction_constraints: ]
[verbosity: -1]
[saved_feature_importance_type: 0]
[use_quantized_grad: 0]
[num_grad_quant_bins: 4]
[quant_train_renew_leaf: 0]
[stochastic_rounding: 1]
[linear_tree: 0]
[max_bin: 255]
[max_bin_by_feature: ]
[min_data_in_bin: 3]
[bin_construct_sample_cnt: 200000]
[data_random_seed: 175]
[is_enable_sparse: 1]
[enable_bundle: 1]
[use_missing: 1]
[zero_as_missing: 0]
[feature_pre_filter: 1]
[pre_partition: 0]
[two_round: 0]
[header: 0]
[label_column: ]
[weight_column: ]
[group_column: ]
[ignore_column: ]
[categorical_feature: ]
[forcedbins_filename: ]
[precise_float_parser: 0]
[parser_config_file: ]
[objective_seed: 16083]
[num_class: 1]
[is_unbalance: 1]
[scale_pos_weight: 1]
[sigmoid: 1]
[boost_from_average: 1]
[reg_sqrt: 0]
[alpha: 0.9]
[fair_c: 1]
[poisson_max_delta_step: 0.7]
[tweedie_variance_power: 1.5]
[lambdarank_truncation_level: 30]
[lambdarank_norm: 1]
[label_gain: ]
[lambdarank_position_bias_regularization: 0]
[eval_at: ]
[multi_error_top_k: 1]
[auc_mu_weights: ]
[num_machines: 1]
[local_listen_port: 12400]
[time_out: 120]
[machine_list_filename: ]
[machines: ]
[gpu_platform_id: -1]
[gpu_device_id: -1]
[gpu_device_id_list: ]
[gpu_use_dp: 0]
[num_gpu: 1]

end of parameters

pandas_categorical:[]
