brand_id,year,brand_name,industry_major,industry_mid,n_stores,deterioration_1y,score_raw,deterioration_step,deterioration_rank_pct,brand_state,n_events_at_t,in_model_population,risk_grade,grade,factor1,factor1_shap,factor2,factor2_shap,factor3,factor3_shap
BRD_20211457,2024,냉돈창고-냉면과돈까스가맛있는집,외식,기타 외식,8.0,0.428823158479371,0.7919652416322882,0.42857142857142855,1.0,요주의,2,False,High,FS3,[업종상대] 계약종료 백분위,0.36725,[구조] 지역당 평균 점포수,0.25742,[변화] 점포 증가율,0.21008
BRD_20213402,2024,바른국밥,외식,한식,19.0,0.42882081680580875,0.7904539630726213,0.42857142857142855,0.999601593625498,요주의,1,False,High,FS3,[업종상대] 계약종료 백분위,0.4318,[구조] 지역당 평균 점포수,0.26527,[변화] 점포 증가율,0.24663
BRD_20220732,2024,98도씨 국밥,외식,기타 외식,39.0,0.4288184751322465,0.7868457227608765,0.42857142857142855,0.999203187250996,요주의,2,False,High,FS3,[업종상대] 계약종료 백분위,0.42573,[변화] 점포 증가율,0.18135,[추세] 면적당매출 평균,0.16781
BRD_20200116,2024,해밍턴부대찌개곱창전골,외식,한식,10.0,0.42881613345868425,0.7854480405742086,0.42857142857142855,0.998804780876494,요주의,1,False,High,FS3,[업종상대] 계약종료 백분위,0.39036,[구조] 지역당 평균 점포수,0.2593,[변화] 점포 증가율,0.23832
BRD_20210937,2024,진탱 불곱창&불닭발,외식,한식,25.0,0.428813791785122,0.7829132753592599,0.42857142857142855,0.998406374501992,요주의,1,False,High,FS3,[업종상대] 계약종료 백분위,0.38712,[구조] 지역당 평균 점포수,0.25099,[변화] 점포 증가율,0.16267
BRD_20210428,2024,덮밥.ZIP,외식,한식,34.0,0.42881145011155974,0.782489094612195,0.42857142857142855,0.99800796812749,요주의,2,False,High,FS3,[업종상대] 계약종료 백분위,0.577,[변화] 점포 증가율,0.27095,[구조] 지역당 평균 점포수,0.17375
BRD_20210593,2024,크로앙쥬,외식,제과제빵,21.0,0.42880910843799747,0.7822078596880119,0.42857142857142855,0.9976095617529881,요주의,2,False,High,FS3,[업종상대] 계약종료 백분위,0.42411,[변화] 점포 증가율,0.30113,[구조] 지역당 평균 점포수,0.29344
BRD_20180394,2024,잇또라멘,도소매,기타도소매,6.0,0.42880676676443524,0.7814098570174856,0.42857142857142855,0.997211155378486,요주의,2,False,High,FS3,[업종상대] 계약종료 백분위,0.38702,[구조] 지역당 평균 점포수,0.25591,[변화] 점포 증가율,0.25467
BRD_20211096,2024,해장쿡,외식,한식,11.0,0.42880442509087296,0.7777293993164555,0.42857142857142855,0.9968127490039841,요주의,2,False,High,FS3,[업종상대] 계약종료 백분위,0.40396,[변화] 점포 증가율,0.28164,[구조] 지역당 평균 점포수,0.27115
BRD_20160024,2024,퀸즈브라운,외식,커피,1.0,0.42880208341731074,0.7751654091151869,0.42857142857142855,0.996414342629482,요주의,1,False,High,FS3,[업종상대] 계약종료 백분위,0.3712,[구조] 지역당 평균 점포수,0.30469,[변화] 점포 증가율,0.28906
BRD_20211363,2024,퍼스트커피,외식,커피,27.0,0.42879974174374846,0.7751075436810826,0.42857142857142855,0.9960159362549801,요주의,2,False,High,FS3,[업종상대] 계약종료 백분위,0.44111,[변화] 점포 증가율,0.27754,[구조] 지역당 평균 점포수,0.17299
BRD_20211154,2024,죽도령,외식,한식,54.0,0.42879740007018624,0.7749210001880492,0.42857142857142855,0.9956175298804781,요주의,2,False,High,FS3,[업종상대] 계약종료 백분위,0.46007,[변화] 점포 증가율,0.21779,[업종상대] 실질 매출 증가율 백분위,0.12976
BRD_20080100142,2024,스킨푸드,도소매,화장품,10.0,0.42879505839662396,0.7730992437551013,0.42857142857142855,0.9952191235059761,요주의,2,False,High,FS3,[업종상대] 계약종료 백분위,0.39932,[구조] 지역당 평균 점포수,0.28557,[변화] 점포 증가율,0.20619
BRD_20190838,2024,원래는 치킨집을 할려고 했었다,외식,분식,20.0,0.4287927167230617,0.772906227392716,0.42857142857142855,0.9948207171314741,요주의,2,False,High,FS3,[업종상대] 계약종료 백분위,0.46059,[변화] 점포 증가율,0.26662,[추세] 점포 증가율 평균,0.20025
BRD_20211569,2024,피자웨이브,외식,피자,20.0,0.42879037504949946,0.7723156696015616,0.42857142857142855,0.9944223107569721,요주의,2,False,High,FS3,[업종상대] 계약종료 백분위,0.42188,[구조] 지역당 평균 점포수,0.25818,[변화] 점포 증가율,0.24727
BRD_20210455,2024,드라이빙존운전면허,서비스,기타 교육,20.0,0.4287880333759372,0.771212787177867,0.42857142857142855,0.9940239043824701,요주의,2,False,High,FS3,[업종상대] 계약종료 백분위,0.56348,[변화] 점포 증가율,0.25229,[구조] 지역당 평균 점포수,0.22694
BRD_20212743,2024,카츠루와,외식,일식,33.0,0.42878569170237496,0.7703551507817404,0.42857142857142855,0.9936254980079682,요주의,2,False,High,FS3,[업종상대] 계약종료 백분위,0.46864,[변화] 점포 증가율,0.24925,[추세] 점포 증가율 평균,0.19578
BRD_20220780,2024,커피다스1리터,외식,커피,10.0,0.4287833500288127,0.7689987657780073,0.42857142857142855,0.9932270916334661,요주의,2,False,High,FS3,[업종상대] 계약종료 백분위,0.44783,[구조] 지역당 평균 점포수,0.316,[변화] 점포 증가율,0.29152
BRD_20212956,2024,우대빵,서비스,부동산 중개,22.0,0.4287810083552504,0.768857933237194,0.42857142857142855,0.9928286852589642,요주의,2,False,High,FS3,[업종상대] 계약종료 백분위,0.49578,[변화] 점포 증가율,0.2759,[추세] 면적당매출 평균,0.17036
BRD_20220076,2024,에그플(EGGPLE),도소매,기타도소매,47.0,0.4287786666816882,0.768563166582783,0.42857142857142855,0.9924302788844621,요주의,2,False,High,FS3,[업종상대] 계약종료 백분위,0.52025,[변화] 점포 증가율,0.27803,[수준] 평균매출,0.13483
BRD_20231111,2024,오름순돼국밥,외식,한식,25.0,0.4287763250081259,0.7684913029577188,0.42857142857142855,0.9920318725099602,요주의,2,False,High,FS3,[업종상대] 계약종료 백분위,0.40386,[구조] 지역당 평균 점포수,0.24358,[변화] 점포 증가율,0.24105
BRD_20150706,2024,김양비어,외식,주점,5.0,0.4287739833345637,0.7682328954735123,0.42857142857142855,0.9916334661354582,요주의,2,False,High,FS3,[업종상대] 계약종료 백분위,0.40836,[구조] 지역당 평균 점포수,0.28859,[변화] 점포 증가율,0.28455
BRD_20211187,2024,파스타를 부탁해,외식,서양식,20.0,0.4287716416610014,0.7681894379236219,0.42857142857142855,0.9912350597609562,요주의,2,False,High,FS3,[업종상대] 계약종료 백분위,0.40031,[구조] 지역당 평균 점포수,0.2616,[변화] 점포 증가율,0.25766
BRD_20200878,2024,구삼짜글이,외식,한식,28.0,0.4287692999874391,0.7680639972616349,0.42857142857142855,0.9908366533864542,요주의,2,False,High,FS3,[업종상대] 계약종료 백분위,0.40677,[변화] 점포 증가율,0.27047,[구조] 지역당 평균 점포수,0.26133
BRD_20170468,2024,쌀똑핫도그,외식,제과제빵,15.0,0.4287669583138769,0.7678403809747893,0.42857142857142855,0.9904382470119522,요주의,2,False,High,FS3,[업종상대] 계약종료 백분위,0.40025,[구조] 지역당 평균 점포수,0.30942,[변화] 점포 증가율,0.29661
BRD_20210023,2024,돈쫄돈,외식,기타 외식,34.0,0.4287646166403146,0.7661460034405908,0.42857142857142855,0.9900398406374502,요주의,2,False,High,FS3,[업종상대] 계약종료 백분위,0.45166,[구조] 지역당 평균 점포수,0.31505,[변화] 점포 증가율,0.2772
NAME:인정국물떡볶이@외식,2024,인정국물떡볶이,외식,기타 외식,8.0,0.4287622749667524,0.7657370017550986,0.42857142857142855,0.9896414342629483,요주의,2,False,High,FS3,[업종상대] 계약종료 백분위,0.41004,[변화] 점포 증가율,0.19093,[추세] 면적당매출 평균,0.17404
BRD_20211222,2024,담따프레시,도소매,기타도소매,0.0,0.4287599332931901,0.7656153210242967,0.42857142857142855,0.9892430278884462,요주의,1,False,High,FS3,[업종상대] 계약종료 백분위,0.49863,[변화] 점포 증가율,0.25977,[추세] 점포 증가율 평균,0.19872
BRD_20221216,2024,카레세끼 매운숙성카레,외식,일식,41.0,0.42875759161962784,0.7649437460390838,0.42857142857142855,0.9888446215139443,요주의,1,False,High,FS3,[업종상대] 계약종료 백분위,0.52929,[변화] 점포 증가율,0.23026,[구조] 지역당 평균 점포수,0.17697
BRD_20080200212,2024,세탁을위한사람들,서비스,세탁,8.0,0.4287552499460656,0.7643415520920286,0.42857142857142855,0.9884462151394422,요주의,2,False,High,FS3,[업종상대] 계약종료 백분위,0.48153,[변화] 점포 증가율,0.27704,[추세] 점포 증가율 평균,0.20473
BRD_20210891,2024,가든쿡,외식,서양식,8.0,0.42875290827250334,0.7640383388877202,0.42857142857142855,0.9880478087649402,요주의,2,False,High,FS3,[업종상대] 계약종료 백분위,0.45154,[구조] 지역당 평균 점포수,0.31589,[변화] 점포 증가율,0.30796
BRD_20231025,2024,슬림볶음밥,외식,한식,9.0,0.4287505665989411,0.7636223124504391,0.42857142857142855,0.9876494023904383,요주의,2,False,High,FS3,[업종상대] 계약종료 백분위,0.40666,[구조] 지역당 평균 점포수,0.26557,[변화] 점포 증가율,0.24176
BRD_20210892,2024,권사부 마약칼국수,외식,한식,5.0,0.42874822492537884,0.7634146375771815,0.42857142857142855,0.9872509960159362,요주의,2,False,High,FS3,[업종상대] 계약종료 백분위,0.38548,[구조] 지역당 평균 점포수,0.274,[변화] 점포 증가율,0.25707
BRD_20221308,2024,볶음밥잇츄,외식,한식,9.0,0.4287458832518166,0.7623851569262898,0.42857142857142855,0.9868525896414343,요주의,2,False,High,FS3,[업종상대] 계약종료 백분위,0.55887,[변화] 점포 증가율,0.26535,[수준] 평균매출,0.18405
BRD_20150904,2024,꼬마대통령,서비스,유아관련,18.0,0.42874354157825434,0.7622129905503271,0.42857142857142855,0.9864541832669322,요주의,2,False,High,FS3,[업종상대] 계약종료 백분위,0.41601,[변화] 점포 증가율,0.30073,[구조] 지역당 평균 점포수,0.25673
BRD_20130232,2024,상상블럭,서비스,유아 관련 (교육 외),13.0,0.42874119990469206,0.7618816431462554,0.42857142857142855,0.9860557768924303,요주의,2,False,High,FS3,[업종상대] 계약종료 백분위,0.41846,[변화] 점포 증가율,0.3121,[구조] 지역당 평균 점포수,0.29469
BRD_20220222,2024,찜닭특공대,외식,한식,17.0,0.42873885823112984,0.7610762234320895,0.42857142857142855,0.9856573705179282,요주의,1,False,High,FS3,[업종상대] 계약종료 백분위,0.43491,[업종상대] 실질 매출 증가율 백분위,0.15017,[수준] 평균매출,0.14374
BRD_20211955,2024,삼계탕이요,외식,한식,31.0,0.42873651655756756,0.7609568524190116,0.42857142857142855,0.9852589641434263,요주의,2,False,High,FS3,[업종상대] 계약종료 백분위,0.44702,[구조] 지역당 평균 점포수,0.29583,[변화] 점포 증가율,0.25813
BRD_20200484,2024,국대후라이드치킨,외식,치킨,0.0,0.42873417488400534,0.7608275150127694,0.42857142857142855,0.9848605577689243,요주의,1,False,High,FS3,[업종상대] 계약종료 백분위,0.4326,[변화] 점포 증가율,0.2097,[추세] 점포 증가율 평균,0.18155
BRD_20212274,2024,타코아찌 타코야끼전문점,외식,일식,46.0,0.42873183321044306,0.7601429671834583,0.42857142857142855,0.9844621513944223,요주의,2,False,High,FS3,[업종상대] 계약종료 백분위,0.4581,[변화] 점포 증가율,0.25574,[추세] 점포 증가율 평균,0.19447
BRD_20210019,2024,볶찜,외식,한식,28.0,0.4287294915368808,0.7595534722746213,0.42857142857142855,0.9840637450199203,요주의,2,False,High,FS3,[업종상대] 계약종료 백분위,0.46983,[변화] 점포 증가율,0.31039,[구조] 지역당 평균 점포수,0.30539
BRD_20200249,2024,신나게쌈빠찹쌀강정,외식,기타 외식,22.0,0.42872714986331856,0.7590912082067088,0.42857142857142855,0.9836653386454183,건전,0,True,High,FS3,[업종상대] 계약종료 백분위,0.44344,[변화] 점포 증가율,0.24699,[추세] 면적당매출 평균,0.19195
BRD_20201043,2024,꼬치의품격,외식,기타 외식,39.0,0.4287248081897563,0.758298467130133,0.42857142857142855,0.9832669322709163,요주의,2,False,High,FS3,[업종상대] 계약종료 백분위,0.41796,[변화] 점포 증가율,0.29039,[구조] 지역당 평균 점포수,0.28303
BRD_20220521,2024,대한마라,외식,중식,0.0,0.42872246651619406,0.7581999773238313,0.42857142857142855,0.9828685258964144,요주의,2,False,High,FS3,[업종상대] 계약종료 백분위,0.5003,[변화] 점포 증가율,0.25762,[추세] 점포 증가율 평균,0.20047
BRD_20150855,2024,김작가의이중생활,외식,주점,0.0,0.4287201248426318,0.7580175858303924,0.42857142857142855,0.9824701195219123,요주의,1,False,High,FS3,[업종상대] 계약종료 백분위,0.41278,[변화] 점포 증가율,0.2698,[추세] 점포 증가율 평균,0.20231
BRD_20215862,2024,포도,도소매,기타도소매,18.0,0.4287177831690695,0.7578268546380383,0.42857142857142855,0.9820717131474104,요주의,2,False,High,FS3,[업종상대] 계약종료 백분위,0.53888,[구조] 지역당 평균 점포수,0.31282,[변화] 점포 증가율,0.28507
BRD_20210454,2024,청담곱떡,외식,기타 외식,48.0,0.4287154414955073,0.7577591562799232,0.42857142857142855,0.9816733067729083,요주의,2,False,High,FS3,[업종상대] 계약종료 백분위,0.52571,[변화] 점포 증가율,0.25531,[수준] 평균매출,0.14545
BRD_20141032,2024,Lamfore(렘포레),서비스,기타 교육,11.0,0.428713099821945,0.7573344635846311,0.42857142857142855,0.9812749003984064,요주의,2,False,High,FS3,[업종상대] 계약종료 백분위,0.42088,[변화] 점포 증가율,0.28561,[구조] 지역당 평균 점포수,0.28536
BRD_20212547,2024,덮밥집이야,외식,한식,34.0,0.4287107581483828,0.7572254792804983,0.42857142857142855,0.9808764940239044,요주의,1,False,High,FS3,[업종상대] 계약종료 백분위,0.61328,[변화] 점포 증가율,0.23359,[구조] 지역당 평균 점포수,0.16805
BRD_20191291,2024,캠핑고래,도소매,기타도소매,34.0,0.4287084164748205,0.7568740625797286,0.42857142857142855,0.9804780876494024,요주의,1,False,High,FS3,[업종상대] 계약종료 백분위,0.33358,[구조] 지역당 평균 점포수,0.25477,[변화] 점포 증가율,0.23047
BRD_20200553,2024,노상치킨,외식,치킨,44.0,0.4287060748012582,0.7564482752480962,0.42857142857142855,0.9800796812749004,요주의,1,False,High,FS3,[업종상대] 계약종료 백분위,0.49179,[추세] 면적당매출 평균,0.22815,[추세] 매출 증가율 평균,0.15898
BRD_20210758,2024,보글지글,외식,기타 외식,0.0,0.428703733127696,0.7563697632331725,0.42857142857142855,0.9796812749003984,요주의,2,False,High,FS3,[업종상대] 계약종료 백분위,0.47618,[변화] 점포 증가율,0.2576,[추세] 점포 증가율 평균,0.20616
BRD_20211543,2024,유지노(UXINO)헤어,서비스,이미용,15.0,0.4287013914541337,0.7562031004412035,0.42857142857142855,0.9792828685258964,요주의,2,False,High,FS3,[업종상대] 계약종료 백분위,0.52016,[변화] 점포 증가율,0.27333,[추세] 점포 증가율 평균,0.19469
BRD_20210926,2024,시카고부대찌개,외식,한식,37.0,0.4286990497805715,0.7557518776549478,0.42857142857142855,0.9788844621513945,요주의,1,False,High,FS3,[업종상대] 계약종료 백분위,0.45564,[추세] 점포 증가율 평균,0.17052,[구조] 지역당 평균 점포수,0.12847
BRD_20180953,2024,파파도나스,외식,제과제빵,8.0,0.4286967081070092,0.7550102353898656,0.42857142857142855,0.9784860557768924,요주의,2,False,High,FS3,[업종상대] 계약종료 백분위,0.45692,[변화] 점포 증가율,0.34001,[구조] 지역당 평균 점포수,0.32248
BRD_20212154,2024,부뚜막김치찜,외식,한식,58.0,0.428694366433447,0.7542333917066124,0.42857142857142855,0.9780876494023905,요주의,1,False,High,FS3,[업종상대] 계약종료 백분위,0.57205,[변화] 점포 증가율,0.25357,[업종상대] 실질 매출 증가율 백분위,0.14809
NAME:케이콜라보김밥떡볶이@외식,2024,케이콜라보김밥·떡볶이,외식,분식,12.0,0.4286920247598847,0.7531937486912512,0.42857142857142855,0.9776892430278884,요주의,1,False,High,FS3,[업종상대] 계약종료 백분위,0.49956,[변화] 점포 증가율,0.25867,[추세] 점포 증가율 평균,0.22185
BRD_20212392,2024,인생짜글이&비빔밥,외식,한식,9.0,0.42868968308632244,0.752099317425941,0.42857142857142855,0.9772908366533865,건전,0,True,High,FS3,[구조] 지역당 평균 점포수,0.37343,[변화] 점포 증가율,0.27075,[업종상대] 계약종료 백분위,0.22742
BRD_20211088,2024,THE 더 맛있는 과일&1L커피,외식,커피,13.0,0.4286873414127602,0.7520034681752074,0.42857142857142855,0.9768924302788845,요주의,2,False,High,FS3,[업종상대] 계약종료 백분위,0.43925,[구조] 지역당 평균 점포수,0.30953,[변화] 점포 증가율,0.24745
BRD_20141140,2024,지지지 고대곡물피자,외식,피자,0.0,0.42868499973919794,0.7518630988658579,0.42857142857142855,0.9764940239043824,요주의,2,False,High,FS3,[업종상대] 계약종료 백분위,0.47624,[변화] 점포 증가율,0.27307,[추세] 점포 증가율 평균,0.23571
BRD_20211998,2024,연돈튀김덮밥,외식,분식,31.0,0.4286826580656357,0.7515235239478254,0.42857142857142855,0.9760956175298805,요주의,1,False,High,FS3,[업종상대] 계약종료 백분위,0.5417,[구조] 지역당 평균 점포수,0.31679,[변화] 점포 증가율,0.29244
BRD_20200943,2024,보스턴 샐러드 하우스,외식,기타 외국식,20.0,0.42868031639207343,0.7511879780523263,0.42857142857142855,0.9756972111553784,요주의,1,False,High,FS3,[업종상대] 계약종료 백분위,0.51159,[구조] 지역당 평균 점포수,0.29461,[변화] 점포 증가율,0.24718
BRD_20150487,2024,만나고쪽갈비가,외식,한식,17.0,0.42867797471851116,0.7511476405964053,0.42857142857142855,0.9752988047808765,요주의,1,False,High,FS3,[업종상대] 계약종료 백분위,0.36268,[구조] 지역당 평균 점포수,0.26504,[변화] 점포 증가율,0.24417
BRD_20171166,2024,봉구의간식,도소매,기타도소매,7.0,0.42867563304494893,0.7511270145147494,0.42857142857142855,0.9749003984063745,요주의,2,False,High,FS3,[업종상대] 계약종료 백분위,0.50147,[변화] 점포 증가율,0.27528,[추세] 점포 증가율 평균,0.21384
BRD_20090100171,2024,플레이타임,서비스,유아 관련 (교육 외),14.0,0.42867329137138666,0.7511043097671822,0.42857142857142855,0.9745019920318725,요주의,1,False,High,FS3,[업종상대] 계약종료 백분위,0.44123,[변화] 점포 증가율,0.32946,[구조] 지역당 평균 점포수,0.32364
BRD_20201240,2024,오늘은카레,외식,기타 외국식,20.0,0.42867094969782443,0.7509628166192033,0.42857142857142855,0.9741035856573705,요주의,2,False,High,FS3,[업종상대] 계약종료 백분위,0.43248,[구조] 지역당 평균 점포수,0.2918,[변화] 점포 증가율,0.28881
BRD_20211123,2024,스참,외식,분식,13.0,0.42866860802426215,0.7501133730965658,0.42857142857142855,0.9737051792828685,요주의,1,False,High,FS3,[업종상대] 계약종료 백분위,0.47618,[구조] 지역당 평균 점포수,0.28509,[변화] 점포 증가율,0.28012
BRD_20200417,2024,한끼삼계탕,외식,한식,12.0,0.4286662663506999,0.7500757879753027,0.42857142857142855,0.9733067729083665,요주의,2,False,High,FS3,[업종상대] 계약종료 백분위,0.40358,[구조] 지역당 평균 점포수,0.28547,[변화] 점포 증가율,0.25007
BRD_20150433,2024,리브로아르츠(LIBROARTS),서비스,기타 교육,30.0,0.42866392467713765,0.7498977480867853,0.42857142857142855,0.9729083665338646,요주의,2,False,High,FS3,[업종상대] 계약종료 백분위,0.42848,[변화] 점포 증가율,0.27396,[구조] 지역당 평균 점포수,0.237
BRD_20191055,2024,티나스타일속눈썹&펌,서비스,이미용,28.0,0.4286615830035754,0.7498553353991311,0.42857142857142855,0.9725099601593625,건전,0,True,High,FS3,[업종상대] 계약종료 백분위,0.44992,[추세] 매출 증가율 평균,0.14888,[추세] 면적당매출 평균,0.14652
BRD_20221273,2024,정동진칼국수,외식,기타 외식,40.0,0.42865924133001315,0.7494463508539394,0.42857142857142855,0.9721115537848606,요주의,1,False,High,FS3,[업종상대] 계약종료 백분위,0.5073,[변화] 점포 증가율,0.27302,[구조] 지역당 평균 점포수,0.1602
BRD_20214536,2024,샐러딧,외식,기타 외식,14.0,0.4286568996564509,0.7488183686186151,0.42857142857142855,0.9717131474103585,요주의,2,False,High,FS3,[업종상대] 계약종료 백분위,0.45097,[구조] 지역당 평균 점포수,0.30511,[변화] 점포 증가율,0.27136
BRD_20160955,2024,부여통닭,외식,치킨,6.0,0.4286545579828886,0.7484818436866755,0.42857142857142855,0.9713147410358566,요주의,2,False,High,FS3,[업종상대] 계약종료 백분위,0.39724,[변화] 점포 증가율,0.3091,[구조] 지역당 평균 점포수,0.30228
BRD_20230829,2024,수라섬 장칼국수,외식,한식,19.0,0.4286522163093264,0.7483634624978626,0.42857142857142855,0.9709163346613546,요주의,2,False,High,FS3,[업종상대] 계약종료 백분위,0.41462,[구조] 지역당 평균 점포수,0.2799,[변화] 점포 증가율,0.23376
BRD_20140735,2024,육회한 감전통닭,외식,기타 외식,1.0,0.4286498746357641,0.7482336116190116,0.42857142857142855,0.9705179282868526,요주의,2,False,High,FS3,[업종상대] 계약종료 백분위,0.38029,[변화] 점포 증가율,0.26768,[구조] 지역당 평균 점포수,0.26745
BRD_20151197,2024,미스터힐링,서비스,기타 서비스,24.0,0.42864753296220187,0.7479326258022536,0.42857142857142855,0.9701195219123506,요주의,1,False,High,FS3,[업종상대] 계약종료 백분위,0.42287,[변화] 점포 증가율,0.29939,[추세] 점포 증가율 평균,0.16743
BRD_20211100,2024,유캔두잇,외식,기타 외식,57.0,0.4286451912886396,0.7472828933128096,0.42857142857142855,0.9697211155378486,요주의,2,False,High,FS3,[업종상대] 계약종료 백분위,0.61284,[변화] 점포 증가율,0.29151,[수준] 평균매출,0.13325
BRD_20201414,2024,모두의 주방,서비스,임대,12.0,0.42864284961507737,0.7464653958252818,0.42857142857142855,0.9693227091633466,요주의,2,False,High,FS3,[업종상대] 계약종료 백분위,0.50744,[변화] 점포 증가율,0.28427,[추세] 점포 증가율 평균,0.18014
BRD_20140920,2024,옥탑방오봉자싸롱,외식,주점,16.0,0.4286405079415151,0.7463845932794789,0.42857142857142855,0.9689243027888447,요주의,2,False,High,FS3,[업종상대] 계약종료 백분위,0.44755,[구조] 지역당 평균 점포수,0.33188,[변화] 점포 증가율,0.30556
BRD_20151124,2024,찡오언니,도소매,농수산물,6.0,0.4286381662679528,0.746075953691027,0.42857142857142855,0.9685258964143426,건전,0,True,High,FS3,[업종상대] 계약종료 백분위,0.3756,[변화] 점포 증가율,0.26396,[구조] 지역당 평균 점포수,0.22816
BRD_20080100100,2024,오르다코리아,서비스,유아 관련 (교육 외),11.0,0.4286358245943906,0.745961999984403,0.42857142857142855,0.9681274900398407,요주의,2,False,High,FS3,[업종상대] 계약종료 백분위,0.47047,[구조] 지역당 평균 점포수,0.29728,[변화] 점포 증가율,0.28689
BRD_20211561,2024,파스타집이야,외식,서양식,23.0,0.4286334829208283,0.7458438444898402,0.42857142857142855,0.9677290836653386,요주의,1,False,High,FS3,[업종상대] 계약종료 백분위,0.65787,[변화] 점포 증가율,0.30882,[구조] 지역당 평균 점포수,0.19859
BRD_20201348,2024,"떡볶이 참 잘하는 집, 떡참",외식,분식,82.0,0.4286311412472661,0.745102904184584,0.42857142857142855,0.9673306772908367,요주의,1,False,High,FS3,[업종상대] 계약종료 백분위,0.61001,[변화] 점포 증가율,0.31286,[추세] 점포 증가율 평균,0.22058
BRD_20080100423,2024,토피아어학원,서비스,교육 (외국어),5.0,0.4286287995737038,0.745076634327377,0.42857142857142855,0.9669322709163347,요주의,2,False,High,FS3,[업종상대] 계약종료 백분위,0.41831,[구조] 지역당 평균 점포수,0.27773,[변화] 점포 증가율,0.24696
BRD_20200402,2024,포토이즘,서비스,기타 서비스,19.0,0.42862645790014153,0.7449430984788277,0.42857142857142855,0.9665338645418327,요주의,2,False,High,FS3,[업종상대] 계약종료 백분위,0.44281,[변화] 점포 증가율,0.31498,[구조] 지역당 평균 점포수,0.27885
BRD_20211458,2024,양호실떡볶이,외식,분식,10.0,0.4286241162265793,0.7443002889284226,0.42857142857142855,0.9661354581673307,요주의,3,False,High,FS3,[업종상대] 계약종료 백분위,0.32228,[변화] 점포 증가율,0.25643,[구조] 지역당 평균 점포수,0.23083
BRD_20170854,2024,갈통삼,외식,한식,1.0,0.42862177455301703,0.7441860062620826,0.42857142857142855,0.9657370517928286,요주의,2,False,High,FS3,[업종상대] 계약종료 백분위,0.44248,[구조] 지역당 평균 점포수,0.27591,[변화] 점포 증가율,0.26741
BRD_20212815,2024,조타코,외식,기타 외국식,19.0,0.4286194328794548,0.7433096966970689,0.42857142857142855,0.9653386454183267,요주의,2,False,High,FS3,[업종상대] 계약종료 백분위,0.40786,[변화] 점포 증가율,0.26772,[구조] 지역당 평균 점포수,0.2608
BRD_20170929,2024,제주생선구이 올래밥상,외식,한식,7.0,0.42861709120589253,0.7429687885892651,0.42857142857142855,0.9649402390438248,요주의,1,False,High,FS3,[업종상대] 계약종료 백분위,0.38158,[구조] 지역당 평균 점포수,0.27965,[변화] 점포 증가율,0.25488
BRD_20211160,2024,을찌로국물떡볶이,외식,분식,55.0,0.42861474953233025,0.742378497131241,0.42857142857142855,0.9645418326693227,요주의,2,False,High,FS3,[업종상대] 계약종료 백분위,0.71458,[변화] 점포 증가율,0.29885,[추세] 점포 증가율 평균,0.19161
BRD_20200096,2024,렌즈페이스(LENSFACE),도소매,기타도소매,99.0,0.42861240785876803,0.7423345064537308,0.42857142857142855,0.9641434262948207,요주의,1,False,High,FS3,[업종상대] 계약종료 백분위,0.48289,[변화] 점포 증가율,0.31122,[추세] 면적당매출 평균,0.19737
BRD_20212952,2024,링링마라꼬치,외식,기타 외식,3.0,0.42861006618520575,0.7422463096805202,0.42857142857142855,0.9637450199203187,요주의,3,False,High,FS3,[업종상대] 계약종료 백분위,0.41038,[변화] 점포 증가율,0.27997,[구조] 지역당 평균 점포수,0.27622
BRD_20210527,2024,1인삼겹 오빠삼,외식,한식,9.0,0.42860772451164353,0.7412282351380398,0.42857142857142855,0.9633466135458167,요주의,2,False,High,FS3,[업종상대] 계약종료 백분위,0.38084,[구조] 지역당 평균 점포수,0.26369,[변화] 점포 증가율,0.19401
BRD_20190332,2024,홍베이팡,외식,제과제빵,1.0,0.42860538283808125,0.7410048252575121,0.42857142857142855,0.9629482071713148,요주의,2,False,High,FS3,[업종상대] 계약종료 백분위,0.49575,[변화] 점포 증가율,0.29247,[추세] 점포 증가율 평균,0.21802
BRD_20171110,2024,유달리,외식,기타 외식,15.0,0.42860304116451897,0.7408958710618101,0.42857142857142855,0.9625498007968127,건전,0,True,High,FS3,[업종상대] 계약종료 백분위,0.46251,[구조] 지역당 평균 점포수,0.35875,[변화] 점포 증가율,0.33323
BRD_20221446,2024,파스타 흔,외식,서양식,24.0,0.42860069949095675,0.7407830008605767,0.42857142857142855,0.9621513944223108,요주의,2,False,High,FS3,[업종상대] 계약종료 백분위,0.47108,[구조] 지역당 평균 점포수,0.30506,[변화] 점포 증가율,0.28044
BRD_20210040,2024,악동삼겹,외식,한식,14.0,0.42859835781739447,0.7402096126345289,0.42857142857142855,0.9617529880478087,요주의,3,False,High,FS3,[업종상대] 계약종료 백분위,0.52973,[변화] 점포 증가율,0.30539,[추세] 점포 증가율 평균,0.1923
BRD_20200291,2024,다트,서비스,운송,10.0,0.42859601614383225,0.7398062068557177,0.42857142857142855,0.9613545816733068,요주의,2,False,High,FS3,[업종상대] 계약종료 백분위,0.41026,[구조] 지역당 평균 점포수,0.28085,[변화] 점포 증가율,0.2806
BRD_20212868,2024,수북국밥,외식,한식,22.0,0.42859367447026997,0.7397995990043471,0.42857142857142855,0.9609561752988047,요주의,1,False,High,FS3,[업종상대] 계약종료 백분위,0.4159,[구조] 지역당 평균 점포수,0.29779,[변화] 점포 증가율,0.24613
BRD_20230425,2024,침대토피아,서비스,기타 서비스,26.0,0.42859133279670775,0.7395206930382847,0.42857142857142855,0.9605577689243028,요주의,1,False,High,FS3,[업종상대] 계약종료 백분위,0.43707,[구조] 지역당 평균 점포수,0.27161,[변화] 점포 증가율,0.24749
BRD_20200326,2024,666 BURGER,외식,패스트푸드,20.0,0.42858899112314547,0.7391941766834965,0.42857142857142855,0.9601593625498008,요주의,2,False,High,FS3,[업종상대] 계약종료 백분위,0.53202,[변화] 점포 증가율,0.27368,[추세] 점포 증가율 평균,0.21316
BRD_20150417,2024,백철판0410,외식,한식,0.0,0.4285866494495832,0.7388737532788299,0.42857142857142855,0.9597609561752988,요주의,2,False,High,FS3,[업종상대] 계약종료 백분위,0.47496,[변화] 점포 증가율,0.298,[추세] 점포 증가율 평균,0.23902
BRD_20210847,2024,찐곱도리식당,외식,한식,9.0,0.42858430777602097,0.7386065165760115,0.42857142857142855,0.9593625498007968,요주의,2,False,High,FS3,[업종상대] 계약종료 백분위,0.38812,[구조] 지역당 평균 점포수,0.28915,[변화] 점포 증가율,0.25688
BRD_20211652,2024,윤반장,외식,한식,27.0,0.4285819661024587,0.7384905469939088,0.42857142857142855,0.9589641434262948,요주의,2,False,High,FS3,[업종상대] 계약종료 백분위,0.60112,[변화] 점포 증가율,0.29472,[구조] 지역당 평균 점포수,0.19584
BRD_20213522,2024,국밥도감,외식,한식,30.0,0.42857962442889647,0.7382098657610519,0.42857142857142855,0.9585657370517928,요주의,2,False,High,FS3,[업종상대] 계약종료 백분위,0.51808,[변화] 점포 증가율,0.25767,[구조] 지역당 평균 점포수,0.17568
BRD_20160257,2024,소주기행,외식,주점,0.0,0.4285772827553342,0.7377771214747295,0.42857142857142855,0.9581673306772909,요주의,1,False,High,FS3,[업종상대] 계약종료 백분위,0.50314,[변화] 점포 증가율,0.27314,[추세] 점포 증가율 평균,0.22502
BRD_20140834,2024,오늘의치킨,외식,치킨,0.0,0.4285749410817719,0.7377771214747295,0.42857142857142855,0.9577689243027888,요주의,2,False,High,FS3,[업종상대] 계약종료 백분위,0.5064,[변화] 점포 증가율,0.27265,[추세] 점포 증가율 평균,0.23454
BRD_20190198,2024,무쏘,외식,한식,11.0,0.4285725994082097,0.7375925305994724,0.42857142857142855,0.9573705179282869,요주의,2,False,High,FS3,[업종상대] 계약종료 백분위,0.31477,[변화] 점포 증가율,0.28329,[구조] 지역당 평균 점포수,0.27951
BRD_20180162,2024,사계진미 숯불닭갈비,외식,한식,20.0,0.4285702577346474,0.7371596595026397,0.42857142857142855,0.9569721115537848,요주의,1,False,High,FS3,[업종상대] 계약종료 백분위,0.42776,[구조] 지역당 평균 점포수,0.30667,[변화] 점포 증가율,0.29373
BRD_20200056,2024,동춘돌곱창,외식,한식,31.0,0.4285679160610852,0.7364575690908454,0.42857142857142855,0.9565737051792829,요주의,1,False,High,FS3,[업종상대] 계약종료 백분위,0.50957,[변화] 점포 증가율,0.24107,[추세] 면적당매출 평균,0.18251
BRD_20200649,2024,카핏,서비스,자동차 관련,12.0,0.4285655743875229,0.7364344020623536,0.42857142857142855,0.9561752988047809,요주의,1,False,High,FS3,[업종상대] 계약종료 백분위,0.52242,[구조] 지역당 평균 점포수,0.29073,[추세] 점포 증가율 평균,0.18703
BRD_20215860,2024,돼지팥빙수,외식,기타 외식,25.0,0.42856323271396063,0.7362941692386149,0.42857142857142855,0.9557768924302789,건전,0,True,High,FS3,[구조] 지역당 평균 점포수,0.32458,[추세] 면적당매출 평균,0.27092,[업종상대] 실질 매출 증가율 백분위,0.19365
BRD_20150477,2024,철인7호,외식,치킨,36.0,0.4285608910403984,0.736091192064747,0.42857142857142855,0.9553784860557769,요주의,2,False,High,FS3,[업종상대] 계약종료 백분위,0.45445,[구조] 지역당 평균 점포수,0.25543,[변화] 점포 증가율,0.2523
BRD_20214635,2024,NAN갈비장터,외식,치킨,42.0,0.42855854936683613,0.7359775486404795,0.42857142857142855,0.9549800796812749,요주의,1,False,High,FS3,[업종상대] 계약종료 백분위,0.60175,[변화] 점포 증가율,0.29015,[수준] 평균매출,0.14726
BRD_20211973,2024,이라이타코야끼,외식,일식,49.0,0.4285562076932739,0.7356785328974134,0.42857142857142855,0.9545816733067729,요주의,1,False,High,FS3,[업종상대] 계약종료 백분위,0.53862,[변화] 점포 증가율,0.25651,[추세] 점포 증가율 변동성,0.12929
BRD_20210170,2024,코딩하루,서비스,기타 교육,41.0,0.4285538660197116,0.735626217783358,0.42857142857142855,0.954183266932271,요주의,1,False,High,FS3,[업종상대] 계약종료 백분위,0.64219,[수준] 평균매출,0.15755,[변화] 점포 증가율,0.14982
BRD_20213018,2024,인생김치찌개,외식,한식,32.0,0.42855152434614935,0.735501956666632,0.42857142857142855,0.9537848605577689,요주의,2,False,High,FS3,[업종상대] 계약종료 백분위,0.51056,[구조] 지역 집중도(HHI) 전년비 변화,-0.24306,[변화] 점포 증가율,0.24025
BRD_20201504,2024,청년찌개,외식,한식,33.0,0.4285491826725871,0.7354723960344284,0.42857142857142855,0.953386454183267,요주의,2,False,High,FS3,[업종상대] 계약종료 백분위,0.52139,[변화] 점포 증가율,0.23462,[구조] 지역당 평균 점포수,0.17771
BRD_20211645,2024,맘마찬,외식,한식,36.0,0.42854684099902485,0.7354586405890887,0.42857142857142855,0.9529880478087649,건전,0,True,High,FS3,[업종상대] 계약종료 백분위,0.5343,[변화] 점포 증가율,0.29558,[수준] 가맹사업 업력,0.1292
BRD_20221027,2024,정우의 도시락,외식,기타 외식,14.0,0.4285444993254626,0.7354163761720508,0.42857142857142855,0.952589641434263,요주의,2,False,High,FS3,[업종상대] 계약종료 백분위,0.59844,[변화] 점포 증가율,0.25757,[업종상대] 실질 매출 증가율 백분위,0.18223
BRD_20220288,2024,컴벤져스,서비스,기타 교육,20.0,0.42854215765190035,0.735415639894524,0.42857142857142855,0.952191235059761,요주의,2,False,High,FS3,[업종상대] 계약종료 백분위,0.46399,[변화] 점포 증가율,0.25954,[구조] 지역당 평균 점포수,0.25822
BRD_20200200,2024,홍콩다방,외식,음료 (커피 외),10.0,0.4285398159783381,0.7353803144890482,0.42857142857142855,0.9517928286852589,요주의,3,False,High,FS3,[업종상대] 계약종료 백분위,0.46906,[구조] 지역당 평균 점포수,0.32398,[변화] 점포 증가율,0.30815
BRD_20180308,2024,서래왕차돌,외식,한식,10.0,0.42853747430477585,0.735345329473887,0.42857142857142855,0.951394422310757,요주의,1,False,High,FS3,[업종상대] 계약종료 백분위,0.38428,[변화] 점포 증가율,0.31817,[구조] 지역당 평균 점포수,0.31483
BRD_20210365,2024,꾸꾸삼겹,외식,한식,25.0,0.42853513263121357,0.7352989483498706,0.42857142857142855,0.9509960159362549,요주의,2,False,High,FS3,[업종상대] 계약종료 백분위,0.54465,[변화] 점포 증가율,0.31136,[구조] 지역당 평균 점포수,0.30547
BRD_20211940,2024,에밀리아(emilia),외식,아이스크림/빙수,16.0,0.42853279095765134,0.7348509585115065,0.42857142857142855,0.950597609561753,요주의,1,False,High,FS3,[업종상대] 계약종료 백분위,0.42625,[구조] 지역당 평균 점포수,0.30786,[변화] 점포 증가율,0.25446
BRD_20190082,2024,아이러브피자&치킨,외식,치킨,10.0,0.42853044928408907,0.7348316710544286,0.42857142857142855,0.950199203187251,요주의,1,False,High,FS3,[업종상대] 계약종료 백분위,0.42853,[구조] 지역당 평균 점포수,0.27602,[변화] 점포 증가율,0.27185
BRD_20190889,2024,테그42(TEgg.42),외식,기타 외식,40.0,0.42852810761052684,0.7347852387750937,0.42857142857142855,0.949800796812749,요주의,1,False,High,FS3,[업종상대] 계약종료 백분위,0.56248,[변화] 점포 증가율,0.32316,[구조] 지역당 평균 점포수,0.21685
BRD_20213136,2024,유떡,외식,분식,13.0,0.42852576593696456,0.7347648196400649,0.42857142857142855,0.949402390438247,요주의,3,False,High,FS3,[업종상대] 계약종료 백분위,0.41336,[구조] 지역당 평균 점포수,0.26639,[변화] 점포 증가율,0.2518
BRD_20200422,2024,메리수인,도소매,의류 / 패션,11.0,0.4285234242634023,0.7346358043341199,0.42857142857142855,0.949003984063745,건전,0,True,High,FS3,[업종상대] 계약종료 백분위,0.52722,[변화] 점포 증가율,0.29079,[추세] 점포 증가율 평균,0.20508
BRD_20210990,2024,통통회,외식,기타 외식,12.0,0.42852108258984006,0.7344421084492705,0.42857142857142855,0.948605577689243,요주의,2,False,High,FS3,[업종상대] 계약종료 백분위,0.45069,[구조] 지역당 평균 점포수,0.30101,[변화] 점포 증가율,0.26357
BRD_20220555,2024,더담덮밥,외식,한식,17.0,0.4285187409162778,0.7344233927141374,0.42857142857142855,0.9482071713147411,요주의,3,False,High,FS3,[업종상대] 계약종료 백분위,0.43005,[구조] 지역당 평균 점포수,0.28771,[변화] 점포 증가율,0.24395
BRD_20130100409,2024,깨순이김밥,외식,기타 외식,15.0,0.42851639924271556,0.7343432343298385,0.42857142857142855,0.947808764940239,건전,0,True,High,FS3,[업종상대] 계약종료 백분위,0.4413,[변화] 점포 증가율,0.20181,[추세] 면적당매출 평균,0.19636
BRD_20181083,2024,라하잉글리시,서비스,교육 (외국어),75.0,0.4285140575691533,0.7343228872959365,0.42857142857142855,0.9474103585657371,요주의,2,False,High,FS3,[업종상대] 계약종료 백분위,0.47873,[변화] 점포 증가율,0.26489,[추세] 점포 증가율 평균,0.20133
BRD_20160571,2024,경성주막1929,외식,주점,10.0,0.428511715895591,0.7339732908462681,0.42857142857142855,0.947011952191235,요주의,2,False,High,FS3,[업종상대] 계약종료 백분위,0.35903,[변화] 점포 증가율,0.32044,[구조] 지역당 평균 점포수,0.30955
BRD_20150460,2024,루체테어학원,서비스,교육 (외국어),42.0,0.4285093742220288,0.7339541901174923,0.42857142857142855,0.9466135458167331,요주의,2,False,High,FS3,[업종상대] 계약종료 백분위,0.72384,[변화] 점포 증가율,0.30894,[구조] 지역당 평균 점포수,0.14846
BRD_20140398,2024,슈퍼커피,외식,커피,10.0,0.4285070325484665,0.7337376308736268,0.42857142857142855,0.9462151394422311,요주의,2,False,High,FS3,[업종상대] 계약종료 백분위,0.47268,[변화] 점포 증가율,0.25793,[구조] 지역당 평균 점포수,0.2237
BRD_20211329,2024,옐로우스푼,외식,기타 외식,9.0,0.4285046908749043,0.7333007300429367,0.42857142857142855,0.9458167330677291,요주의,2,False,High,FS3,[업종상대] 계약종료 백분위,0.47026,[변화] 점포 증가율,0.27798,[추세] 점포 증가율 평균,0.20265
BRD_20130417,2024,땡초우동,외식,주점,23.0,0.428502349201342,0.7330416003322708,0.42857142857142855,0.9454183266932271,요주의,1,False,High,FS3,[업종상대] 계약종료 백분위,0.46624,[구조] 지역당 평균 점포수,0.31769,[변화] 점포 증가율,0.28936
BRD_20220035,2024,제비파스타&리조또,외식,서양식,41.0,0.4285000075277797,0.7329668148848781,0.42857142857142855,0.9450199203187251,요주의,2,False,High,FS3,[업종상대] 계약종료 백분위,0.54174,[변화] 점포 증가율,0.27475,[구조] 지역당 평균 점포수,0.15412
BRD_20201021,2024,피자쿠치나,외식,피자,13.0,0.4284976658542175,0.7325755267802011,0.42857142857142855,0.9446215139442231,요주의,2,False,High,FS3,[업종상대] 계약종료 백분위,0.51501,[구조] 지역당 평균 점포수,0.34699,[변화] 점포 증가율,0.34576
BRD_20220257,2024,이십센치,외식,커피,11.0,0.4284953241806552,0.7322989579534751,0.42857142857142855,0.9442231075697212,요주의,2,False,High,FS3,[업종상대] 계약종료 백분위,0.52872,[구조] 지역당 평균 점포수,0.32498,[변화] 점포 증가율,0.3077
BRD_20181139,2024,SSOJA(쏘자),외식,패스트푸드,33.0,0.428492982507093,0.7322948513042843,0.42857142857142855,0.9438247011952191,요주의,2,False,High,FS3,[업종상대] 계약종료 백분위,0.51463,[변화] 점포 증가율,0.2578,[구조] 지역당 평균 점포수,0.16435
BRD_20160531,2024,맛나슈퍼,외식,주점,3.0,0.4284906408335307,0.7322767915691153,0.42857142857142855,0.9434262948207172,건전,0,True,High,FS3,[구조] 지역당 평균 점포수,0.34147,[변화] 점포 증가율,0.33056,[추세] 점포 증가율 평균,0.2338
BRD_20200624,2024,찜꽁찜닭,외식,한식,30.0,0.4284882991599685,0.7321922218089594,0.42857142857142855,0.9430278884462151,요주의,2,False,High,FS3,[업종상대] 계약종료 백분위,0.50849,[변화] 점포 증가율,0.25571,[구조] 지역당 평균 점포수,0.1855
BRD_20161160,2024,수내닭꼬치,외식,기타 외식,69.0,0.4284859574864062,0.7321860831926849,0.42857142857142855,0.9426294820717132,요주의,2,False,High,FS3,[업종상대] 계약종료 백분위,0.50838,[변화] 점포 증가율,0.30279,[추세] 점포 증가율 평균,0.21301
BRD_20200997,2024,피자플래넷,외식,서양식,15.0,0.42848361581284394,0.7316685277965539,0.42857142857142855,0.9422310756972112,요주의,2,False,High,FS3,[업종상대] 계약종료 백분위,0.46171,[구조] 지역당 평균 점포수,0.34613,[변화] 점포 증가율,0.30722
BRD_20214774,2024,킹치찌개찜,외식,한식,62.0,0.4284812741392817,0.7314276277354855,0.42857142857142855,0.9418326693227091,건전,0,True,High,FS3,[업종상대] 계약종료 백분위,0.53052,[추세] 면적당매출 평균,0.2083,[추세] 점포 증가율 변동성,0.14713
BRD_20200856,2024,입큰아구알곤이찜,외식,한식,48.0,0.42847893246571944,0.7309940924546866,0.42857142857142855,0.9414342629482072,요주의,2,False,High,FS3,[업종상대] 계약종료 백분위,0.57066,[변화] 점포 증가율,0.28717,[추세] 점포 증가율 평균,0.22752
BRD_20171100,2024,어사출또,외식,기타 외식,45.0,0.4284765907921572,0.7307414812626206,0.42857142857142855,0.9410358565737051,건전,0,True,High,FS3,[추세] 면적당매출 평균,0.31179,[추세] 점포 증가율 평균,0.24914,[추세] 매출 증가율 변동성,0.19517
BRD_20215451,2024,곱도리탕전문점,외식,한식,17.0,0.42847424911859494,0.7304656711290475,0.42857142857142855,0.9406374501992032,건전,0,True,High,FS3,[업종상대] 계약종료 백분위,0.41942,[구조] 지역당 평균 점포수,0.26838,[변화] 점포 증가율,0.23625
BRD_20160510,2024,안경창고킹싸군,도소매,기타도소매,16.0,0.42847190744503266,0.7292922764147777,0.42857142857142855,0.9402390438247012,요주의,2,False,High,FS3,[업종상대] 계약종료 백분위,0.47856,[변화] 점포 증가율,0.24947,[구조] 지역당 평균 점포수,0.16476
BRD_20211832,2024,바로한끼,도소매,기타도소매,8.0,0.42846956577147044,0.7292031091556386,0.42857142857142855,0.9398406374501992,요주의,3,False,High,FS3,[업종상대] 계약종료 백분위,0.45232,[구조] 지역당 평균 점포수,0.30551,[변화] 점포 증가율,0.2883
BRD_20140176,2024,클린앤제이,서비스,기타 서비스,31.0,0.42846722409790816,0.7290349638919466,0.42857142857142855,0.9394422310756972,요주의,2,False,High,FS3,[업종상대] 계약종료 백분위,0.61398,[변화] 점포 증가율,0.30888,[추세] 점포 증가율 평균,0.23265
BRD_20200494,2024,커피스토어,외식,커피,19.0,0.42846488242434594,0.7288414773939336,0.42857142857142855,0.9390438247011952,요주의,2,False,High,FS3,[업종상대] 계약종료 백분위,0.65688,[변화] 점포 증가율,0.3233,[수준] 평균매출,0.1231
BRD_20230669,2024,혜화어묵당,외식,주점,23.0,0.42846254075078366,0.7287524955719022,0.42857142857142855,0.9386454183266932,요주의,1,False,High,FS3,[업종상대] 계약종료 백분위,0.48795,[구조] 지역당 평균 점포수,0.29721,[변화] 점포 증가율,0.2604
BRD_20211793,2024,강아지고양이편의점,서비스,반려동물 관련,73.0,0.4284601990772214,0.7286591863326602,0.42857142857142855,0.9382470119521913,요주의,2,False,High,FS3,[업종상대] 계약종료 백분위,0.65755,[변화] 점포 증가율,0.24387,[수준] 평균매출,0.15624
BRD_20171503,2024,샌드리아,외식,기타 외식,31.0,0.42845785740365916,0.7283470176907635,0.42857142857142855,0.9378486055776892,요주의,2,False,High,FS3,[업종상대] 계약종료 백분위,0.47652,[변화] 점포 증가율,0.31169,[추세] 점포 증가율 평균,0.20711
BRD_20191067,2024,찜닭에 꽂힌 닭집애,외식,한식,3.0,0.4284555157300969,0.7282745388772834,0.42857142857142855,0.9374501992031873,건전,0,True,High,FS3,[업종상대] 계약종료 백분위,0.47746,[구조] 지역당 평균 점포수,0.29922,[변화] 점포 증가율,0.25684
BRD_20170923,2024,제이블랑,도소매,의류 / 패션,15.0,0.42845317405653466,0.7275149429249165,0.42857142857142855,0.9370517928286852,요주의,3,False,High,FS3,[업종상대] 계약종료 백분위,0.51316,[구조] 지역당 평균 점포수,0.36708,[변화] 점포 증가율,0.29385
BRD_20210908,2024,이것이국밥이다,외식,한식,87.0,0.4284508323829724,0.7275001301713926,0.42857142857142855,0.9366533864541833,요주의,2,False,High,FS3,[업종상대] 계약종료 백분위,0.59865,[변화] 점포 증가율,0.283,[수준] 평균매출,0.14062
BRD_20190016,2024,후라이드바삭킹,외식,치킨,11.0,0.4284484907094101,0.7265217081218959,0.42857142857142855,0.9362549800796812,건전,0,True,High,FS3,[업종상대] 계약종료 백분위,0.42491,[구조] 지역당 평균 점포수,0.29317,[추세] 점포 증가율 평균,0.19267
BRD_20140224,2024,참다한홍삼,도소매,기타도소매,38.0,0.4284461490358479,0.7263993054443251,0.42857142857142855,0.9358565737051793,요주의,2,False,High,FS3,[업종상대] 계약종료 백분위,0.64165,[변화] 점포 증가율,0.33115,[추세] 점포 증가율 평균,0.21691
BRD_20170560,2024,이춘봉치킨,외식,치킨,71.0,0.4284438073622856,0.7261765175413897,0.42857142857142855,0.9354581673306773,요주의,1,False,High,FS3,[업종상대] 계약종료 백분위,0.4942,[변화] 점포 증가율,0.32393,[추세] 점포 증가율 평균,0.21877
BRD_20220436,2024,타코이찌 타코야끼 전문점,외식,일식,41.0,0.4284414656887234,0.726118953465661,0.42857142857142855,0.9350597609561753,요주의,2,False,High,FS3,[업종상대] 계약종료 백분위,0.70558,[변화] 점포 증가율,0.29403,[수준] 평균매출,0.1584
BRD_20170850,2024,꿀스커피GGUL'S COFFEE,외식,커피,10.0,0.4284391240151611,0.7258492288936026,0.42857142857142855,0.9346613545816733,요주의,2,False,High,FS3,[업종상대] 계약종료 백분위,0.47852,[구조] 지역당 평균 점포수,0.37059,[변화] 점포 증가율,0.32344
BRD_20210513,2024,1992덮밥&짜글이,외식,한식,51.0,0.4284367823415989,0.7258397168261367,0.42857142857142855,0.9342629482071713,건전,0,True,High,FS3,[업종상대] 계약종료 백분위,0.56155,[변화] 점포 증가율,0.28041,[추세] 점포 증가율 변동성,0.13385
BRD_20211155,2024,인생냉면,외식,한식,101.0,0.4284344406680366,0.7257369320859878,0.42857142857142855,0.9338645418326693,요주의,2,False,High,FS3,[업종상대] 계약종료 백분위,0.44686,[변화] 점포 증가율,0.29591,[수준] 평균매출,0.15432
BRD_20120100131,2024,상상노리,서비스,유아 관련 (교육 외),3.0,0.4284320989944743,0.7256187663368137,0.42857142857142855,0.9334661354581674,요주의,2,False,High,FS3,[업종상대] 계약종료 백분위,0.42432,[변화] 점포 증가율,0.29253,[구조] 지역당 평균 점포수,0.29065
BRD_20212092,2024,착한구두,도소매,의류 / 패션,22.0,0.4284297573209121,0.7252076142784709,0.42857142857142855,0.9330677290836653,요주의,2,False,High,FS3,[업종상대] 계약종료 백분위,0.47627,[구조] 지역당 평균 점포수,0.33723,[변화] 점포 증가율,0.28618
BRD_20200110,2024,일계양득,외식,기타 외식,1.0,0.4284274156473498,0.7250929349707507,0.42857142857142855,0.9326693227091634,요주의,1,False,High,FS3,[업종상대] 계약종료 백분위,0.39654,[변화] 점포 증가율,0.26183,[추세] 점포 증가율 평균,0.17409
BRD_20211523,2024,용공장,외식,한식,20.0,0.4284250739737876,0.724823708075624,0.42857142857142855,0.9322709163346613,요주의,1,False,High,FS3,[업종상대] 계약종료 백분위,0.67499,[변화] 점포 증가율,0.29642,[추세] 점포 증가율 변동성,0.13654
BRD_20090100172,2024,애플트리,서비스,유아 관련 (교육 외),2.0,0.4284227323002253,0.7248037723380203,0.42857142857142855,0.9318725099601594,요주의,2,False,High,FS3,[업종상대] 계약종료 백분위,0.3794,[변화] 점포 증가율,0.25314,[구조] 지역당 평균 점포수,0.24526
BRD_20180759,2024,토스트카페마리,외식,제과제빵,17.0,0.42842039062666304,0.724754158655472,0.42857142857142855,0.9314741035856574,요주의,1,False,High,FS3,[업종상대] 계약종료 백분위,0.55642,[변화] 점포 증가율,0.2767,[추세] 점포 증가율 평균,0.22105
BRD_20090100322,2024,에이치스타일,서비스,이미용,26.0,0.4284180489531008,0.7245469804238586,0.42857142857142855,0.9310756972111554,요주의,2,False,High,FS3,[업종상대] 계약종료 백분위,0.60782,[변화] 점포 증가율,0.2868,[추세] 점포 증가율 평균,0.22815
BRD_20181091,2024,요녀석,외식,서양식,39.0,0.42841570727953854,0.7243340593438534,0.42857142857142855,0.9306772908366534,요주의,1,False,High,FS3,[업종상대] 계약종료 백분위,0.53495,[변화] 점포 증가율,0.32825,[추세] 점포 증가율 평균,0.22117
BRD_20180055,2024,호천당,외식,기타 외식,17.0,0.4284133656059763,0.7240302975030968,0.42857142857142855,0.9302788844621513,요주의,1,False,High,FS3,[업종상대] 계약종료 백분위,0.47012,[구조] 지역당 평균 점포수,0.36795,[변화] 점포 증가율,0.31387
BRD_20161278,2024,팔팔핫도그,외식,패스트푸드,5.0,0.42841102393241404,0.7233803684672835,0.42857142857142855,0.9298804780876494,건전,0,True,High,FS3,[변화] 점포 증가율,0.31459,[구조] 지역당 평균 점포수,0.30689,[추세] 점포 증가율 평균,0.23263
BRD_20210424,2024,신HOT화로닭발,외식,한식,11.0,0.42840868225885176,0.7232538659822516,0.42857142857142855,0.9294820717131475,건전,0,True,High,FS3,[구조] 지역당 평균 점포수,0.4231,[변화] 점포 증가율,0.30481,[업종상대] 계약종료 백분위,0.24386
BRD_20120100504,2024,셀렉토커피,외식,커피,121.0,0.42840634058528954,0.722728603643798,0.42857142857142855,0.9290836653386454,요주의,2,False,High,FS3,[업종상대] 계약종료 백분위,0.47524,[변화] 점포 증가율,0.24625,[추세] 점포 증가율 평균,0.21281
BRD_20220332,2024,고래맥주창고,외식,주점,87.0,0.42840399891172726,0.7227247281211974,0.42857142857142855,0.9286852589641434,건전,0,True,High,FS3,[업종상대] 계약종료 백분위,0.56831,[변화] 점포 증가율,0.30257,[추세] 점포 증가율 변동성,0.11661
BRD_20210828,2024,쭈꾸미한판,외식,한식,11.0,0.42840165723816503,0.722552651869196,0.42857142857142855,0.9282868525896414,요주의,2,False,High,FS3,[업종상대] 계약종료 백분위,0.44098,[구조] 지역당 평균 점포수,0.28224,[변화] 점포 증가율,0.244
BRD_20151034,2024,3883 팔도실비집,외식,주점,14.0,0.42839931556460276,0.7224959224284055,0.42857142857142855,0.9278884462151394,요주의,1,False,High,FS3,[업종상대] 계약종료 백분위,0.36373,[구조] 지역당 평균 점포수,0.28103,[변화] 점포 증가율,0.21862
BRD_20140515,2024,오쭈,외식,기타 외식,2.0,0.4283969738910405,0.7217666159784145,0.42857142857142855,0.9274900398406375,요주의,1,False,High,FS3,[업종상대] 계약종료 백분위,0.50302,[구조] 지역당 평균 점포수,0.29292,[변화] 점포 증가율,0.27056
BRD_20210819,2024,마몽로제떡볶이,외식,분식,37.0,0.42839463221747826,0.7215075503191849,0.42857142857142855,0.9270916334661354,건전,0,True,High,FS3,[업종상대] 계약종료 백분위,0.47346,[변화] 점포 증가율,0.24894,[추세] 점포 증가율 평균,0.20148
BRD_20231036,2024,앙호두,외식,제과제빵,25.0,0.428392290543916,0.7212176708903959,0.42857142857142855,0.9266932270916335,건전,0,True,High,FS3,[업종상대] 계약종료 백분위,0.42184,[구조] 지역당 평균 점포수,0.28981,[업종상대] 실질 매출 증가율 백분위,0.19346
BRD_20090100202,2024,비상IVYTZ(아이비츠),서비스,교육 (교과),120.0,0.42838994887035375,0.7211324399725246,0.42857142857142855,0.9262948207171314,요주의,2,False,High,FS3,[업종상대] 계약종료 백분위,0.60161,[변화] 점포 증가율,0.28903,[추세] 점포 증가율 평균,0.22222
BRD_20171544,2024,분식이더치킨,외식,분식,12.0,0.4283876071967915,0.7204017656717446,0.42857142857142855,0.9258964143426295,요주의,1,False,High,FS3,[업종상대] 계약종료 백분위,0.4725,[변화] 점포 증가율,0.29742,[구조] 지역당 평균 점포수,0.2927
BRD_20190835,2024,에그셀런트,외식,패스트푸드,21.0,0.42838526552322925,0.7203736154597431,0.42857142857142855,0.9254980079681275,요주의,2,False,High,FS3,[업종상대] 계약종료 백분위,0.55248,[변화] 점포 증가율,0.25443,[추세] 점포 증가율 평균,0.24852
BRD_20151089,2024,떼루와,외식,커피,10.0,0.428382923849667,0.7203307902540805,0.42857142857142855,0.9250996015936255,요주의,2,False,High,FS3,[업종상대] 계약종료 백분위,0.50511,[변화] 점포 증가율,0.34714,[구조] 지역당 평균 점포수,0.33991
BRD_20120100526,2024,공수간,외식,분식,9.0,0.4283805821761047,0.7202778176939435,0.42857142857142855,0.9247011952191235,요주의,2,False,High,FS3,[업종상대] 계약종료 백분위,0.43345,[구조] 지역당 평균 점포수,0.28229,[변화] 점포 증가율,0.25236
BRD_20181110,2024,에리카헤어,서비스,이미용,24.0,0.4283782405025425,0.7200072069903473,0.42857142857142855,0.9243027888446215,요주의,2,False,High,FS3,[업종상대] 계약종료 백분위,0.56845,[변화] 점포 증가율,0.27689,[업종상대] 실질 매출 증가율 백분위,0.19022
BRD_20190878,2024,몬떡,외식,분식,1.0,0.4283758988289802,0.7198460933599717,0.42857142857142855,0.9239043824701195,요주의,1,False,High,FS3,[업종상대] 계약종료 백분위,0.44174,[구조] 지역당 평균 점포수,0.28519,[변화] 점포 증가율,0.26878
BRD_20180584,2024,엘리펀트피자 (ELEPHANT PIZZA),외식,피자,12.0,0.42837355715541797,0.7197178009670131,0.42857142857142855,0.9235059760956176,요주의,2,False,High,FS3,[업종상대] 계약종료 백분위,0.51316,[변화] 점포 증가율,0.27828,[추세] 점포 증가율 평균,0.21951
BRD_20201051,2024,고래한입피자,외식,기타 외국식,18.0,0.4283712154818557,0.71944100833028,0.42857142857142855,0.9231075697211155,요주의,3,False,High,FS3,[업종상대] 계약종료 백분위,0.43341,[구조] 지역당 평균 점포수,0.30515,[변화] 점포 증가율,0.25787
BRD_20110100167,2024,커피홀(coffee hole),외식,커피,15.0,0.4283688738082934,0.719291463328057,0.42857142857142855,0.9227091633466136,요주의,2,False,High,FS3,[업종상대] 계약종료 백분위,0.54782,[구조] 지역당 평균 점포수,0.38812,[변화] 점포 증가율,0.25949
BRD_20140974,2024,미술관,외식,주점,9.0,0.4283665321347312,0.7191117764338981,0.42857142857142855,0.9223107569721115,요주의,2,False,High,FS3,[업종상대] 계약종료 백분위,0.36497,[구조] 지역당 평균 점포수,0.28352,[변화] 점포 증가율,0.26861
BRD_20180922,2024,삼겹본능,외식,한식,64.0,0.4283641904611689,0.7182907844344723,0.42857142857142855,0.9219123505976096,요주의,2,False,High,FS3,[업종상대] 계약종료 백분위,0.51038,[변화] 점포 증가율,0.32149,[추세] 점포 증가율 평균,0.2072
BRD_20080200009,2024,베스트올,도소매,편의점,27.0,0.4283618487876067,0.7179650539998478,0.42857142857142855,0.9215139442231076,요주의,1,False,High,FS3,[업종상대] 계약종료 백분위,0.63316,[변화] 점포 증가율,0.25949,[추세] 점포 증가율 평균,0.23187
BRD_20210738,2024,짐키친(GYM KITCHEN),외식,기타 외식,34.0,0.4283595071140444,0.7176764253020664,0.42857142857142855,0.9211155378486056,요주의,2,False,High,FS3,[업종상대] 계약종료 백분위,0.54903,[구조] 지역당 평균 점포수,0.35286,[변화] 점포 증가율,0.2959
BRD_20190336,2024,백년가마솥옛날통닭,외식,치킨,14.0,0.42835716544048213,0.7173593656520928,0.42857142857142855,0.9207171314741036,요주의,1,False,High,FS3,[업종상대] 계약종료 백분위,0.47904,[변화] 점포 증가율,0.29117,[추세] 면적당매출 평균,0.21672
BRD_20191153,2024,회장님댁,외식,주점,5.0,0.4283548237669199,0.7173149578876244,0.42857142857142855,0.9203187250996016,요주의,2,False,High,FS3,[업종상대] 계약종료 백분위,0.3952,[변화] 점포 증가율,0.3267,[구조] 지역당 평균 점포수,0.30262
BRD_20150050,2024,대독장,외식,한식,1.0,0.42835248209335763,0.71694262763249,0.42857142857142855,0.9199203187250996,요주의,2,False,High,FS3,[업종상대] 계약종료 백분위,0.43887,[구조] 지역당 평균 점포수,0.3052,[변화] 점포 증가율,0.29202
BRD_20190495,2024,밀회관,외식,주점,21.0,0.4283501404197954,0.7168955240651408,0.42857142857142855,0.9195219123505977,요주의,2,False,High,FS3,[업종상대] 계약종료 백분위,0.4025,[구조] 지역당 평균 점포수,0.3374,[변화] 점포 증가율,0.27439
BRD_20160063,2024,엉터리생고기 두번째이야기 무한삼겹,외식,기타 외식,25.0,0.42834779874623313,0.7168185433189754,0.42857142857142855,0.9191235059760956,건전,0,True,High,FS3,[구조] 지역당 평균 점포수,0.36297,[변화] 점포 증가율,0.33619,[추세] 점포 증가율 평균,0.26984
BRD_20141042,2024,사랑담은묵은지찜찌개,외식,한식,10.0,0.42834545707267085,0.716544533350954,0.42857142857142855,0.9187250996015937,요주의,2,False,High,FS3,[업종상대] 계약종료 백분위,0.38971,[변화] 점포 증가율,0.2723,[구조] 지역당 평균 점포수,0.24547
BRD_20180514,2024,브레인나우(BRAINNOW),서비스,기타 교육,20.0,0.42834311539910863,0.7165222775268418,0.42857142857142855,0.9183266932270916,요주의,2,False,High,FS3,[업종상대] 계약종료 백분위,0.42322,[구조] 지역당 평균 점포수,0.27874,[업종상대] 실질 매출 증가율 백분위,0.1204
BRD_20180650,2024,열정분식소,외식,분식,2.0,0.42834077372554635,0.7159862491971792,0.42857142857142855,0.9179282868525896,요주의,2,False,High,FS3,[업종상대] 계약종료 백분위,0.42658,[변화] 점포 증가율,0.26602,[구조] 지역당 평균 점포수,0.235
BRD_20130100320,2024,쿡1015,외식,기타 외식,33.0,0.42833843205198413,0.7158378792990151,0.42857142857142855,0.9175298804780877,요주의,2,False,High,FS3,[업종상대] 계약종료 백분위,0.42262,[변화] 점포 증가율,0.23155,[추세] 점포 증가율 평균,0.21512
BRD_20201124,2024,두심스 독도해물알찜,외식,한식,25.0,0.42833609037842185,0.7154871806690459,0.42857142857142855,0.9171314741035856,건전,0,True,High,FS3,[구조] 지역당 평균 점포수,0.31888,[추세] 면적당매출 평균,0.25427,[업종상대] 계약종료 백분위,0.24469
BRD_20211286,2024,점프(JUMP),외식,커피,23.0,0.42833374870485963,0.7152194820753527,0.42857142857142855,0.9167330677290837,요주의,3,False,High,FS3,[업종상대] 계약종료 백분위,0.55429,[변화] 점포 증가율,0.27919,[구조] 지역당 평균 점포수,0.20484
BRD_20161154,2024,836숯불바베큐치킨,외식,치킨,4.0,0.42833140703129735,0.7148644000402469,0.42857142857142855,0.9163346613545816,요주의,2,False,High,FS3,[업종상대] 계약종료 백분위,0.42177,[변화] 점포 증가율,0.30034,[구조] 지역당 평균 점포수,0.28815
BRD_20200731,2024,꼬기만땅 점보비빔밥,외식,한식,22.0,0.4283290653577351,0.7147556089299191,0.42857142857142855,0.9159362549800797,건전,0,True,High,FS3,[변화] 점포 증가율,0.24615,[추세] 점포 증가율 평균,0.23576,[업종상대] 실질 매출 증가율 백분위,0.20771
BRD_20200743,2024,탕수육주는육군짬뽕,외식,중식,23.0,0.42832672368417285,0.7144040423714797,0.42857142857142855,0.9155378486055777,요주의,1,False,High,FS3,[업종상대] 계약종료 백분위,0.55297,[변화] 점포 증가율,0.24843,[구조] 지역당 평균 점포수,0.17989
BRD_20211133,2024,효자동설렁탕,외식,한식,30.0,0.42832438201061057,0.7143585338884498,0.42857142857142855,0.9151394422310757,요주의,1,False,High,FS3,[업종상대] 계약종료 백분위,0.50636,[변화] 점포 증가율,0.26282,[수준] 가맹사업 업력,0.13373
BRD_20215837,2024,돈까스튀기는형,외식,일식,17.0,0.42832204033704835,0.7141418973847576,0.42857142857142855,0.9147410358565737,요주의,2,False,High,FS3,[업종상대] 계약종료 백분위,0.4902,[구조] 지역당 평균 점포수,0.34888,[변화] 점포 증가율,0.30068
BRD_20160714,2024,안심치킨,외식,치킨,7.0,0.42831969866348607,0.7141114270009019,0.42857142857142855,0.9143426294820717,요주의,1,False,High,FS3,[업종상대] 계약종료 백분위,0.38153,[구조] 지역당 평균 점포수,0.2686,[추세] 면적당매출 평균,0.20087
BRD_20220144,2024,그믐달셀프스튜디오,서비스,기타 서비스,54.0,0.4280679687555436,0.7139573356034024,0.4280679687555436,0.9139442231075697,요주의,3,False,High,FS3,[업종상대] 계약종료 백분위,0.58024,[변화] 점포 증가율,0.28422,[수준] 평균매출,0.14358
BRD_20220317,2024,파스타왔어요,외식,서양식,15.0,0.42024092890794895,0.7136404771626608,0.42024092890794895,0.9135458167330678,건전,0,True,High,FS3,[업종상대] 계약종료 백분위,0.50078,[구조] 지역당 평균 점포수,0.28926,[변화] 점포 증가율,0.25729
BRD_20190950,2024,일백집 서울포장마차,외식,주점,4.0,0.41259271347872006,0.7133308579882923,0.41259271347872006,0.9131474103585657,요주의,2,False,High,FS3,[업종상대] 계약종료 백분위,0.45779,[변화] 점포 증가율,0.29197,[추세] 점포 증가율 평균,0.19997
BRD_20210119,2024,돈기부여,외식,기타 외식,48.0,0.4103384764330512,0.7132396007506571,0.4103384764330512,0.9127490039840638,요주의,1,False,High,FS3,[업종상대] 계약종료 백분위,0.52886,[추세] 점포 증가율 변동성,0.13978,[구조] 지역당 평균 점포수,0.13815
BRD_20200908,2024,뚱보집부산양대창,외식,기타 외식,1.0,0.40369964882674136,0.712955705477695,0.4033256930310471,0.9123505976095617,건전,0,True,High,FS3,[구조] 지역당 평균 점포수,0.38029,[추세] 점포 증가율 평균,0.24338,[추세] 면적당매출 평균,0.22985
BRD_20140495,2024,돌배기집,외식,한식,9.0,0.4029260691934039,0.7129546663702027,0.40330002498909817,0.9119521912350598,요주의,2,False,High,FS3,[업종상대] 계약종료 백분위,0.42211,[변화] 점포 증가율,0.34643,[구조] 지역당 평균 점포수,0.3169
BRD_20180239,2024,캠핑트렁크,도소매,기타도소매,28.0,0.40253927937673517,0.712923869456781,0.40253927937673517,0.9115537848605577,건전,0,True,High,FS3,[구조] 지역당 평균 점포수,0.37251,[변화] 점포 증가율,0.27909,[업종상대] 계약종료 백분위,0.23918
BRD_20181268,2024,치킨의민족,외식,치킨,8.0,0.40230462906125175,0.7129143702163873,0.40230462906125175,0.9111553784860558,요주의,2,False,High,FS3,[업종상대] 계약종료 백분위,0.4926,[구조] 지역당 평균 점포수,0.29406,[변화] 점포 증가율,0.25746
BRD_20211074,2024,태리로제떡볶이&닭강정,외식,분식,84.0,0.40115231453062583,0.7125935577087877,0.4,0.9107569721115538,요주의,1,False,High,FS3,[업종상대] 계약종료 백분위,0.61496,[변화] 점포 증가율,0.31791,[추세] 점포 증가율 평균,0.19549
BRD_20151149,2024,보다안경,서비스,안경,13.0,0.40113843122302795,0.7124547178122667,0.4,0.9103585657370518,건전,0,True,High,FS3,[업종상대] 계약종료 백분위,0.45185,[구조] 지역당 평균 점포수,0.29562,[추세] 면적당매출 평균,0.18862
BRD_20080500055,2024,팬도로시,외식,커피,2.0,0.40112454791543,0.7123759509242629,0.4,0.9099601593625498,요주의,1,False,High,FS3,[업종상대] 계약종료 백분위,0.48021,[구조] 지역당 평균 점포수,0.27643,[변화] 점포 증가율,0.24326
BRD_20210754,2024,조선다방,외식,커피,18.0,0.4011106646078321,0.7119148591941472,0.4,0.9095617529880478,요주의,1,False,High,FS3,[업종상대] 계약종료 백분위,0.35331,[변화] 점포 증가율,0.31278,[추세] 점포 증가율 평균,0.25723
BRD_20080100424,2024,하늘교육학원,서비스,교육 (교과),33.0,0.40109678130023424,0.7117727230602925,0.4,0.9091633466135458,요주의,1,False,High,FS3,[업종상대] 계약종료 백분위,0.5463,[변화] 점포 증가율,0.27789,[추세] 점포 증가율 평균,0.22171
BRD_20210899,2024,로봇초밥마켓,외식,일식,18.0,0.4010828979926363,0.7116563593946428,0.4,0.9087649402390439,요주의,1,False,High,FS3,[업종상대] 계약종료 백분위,0.60636,[변화] 점포 증가율,0.31743,[구조] 지역당 평균 점포수,0.22924
BRD_20221393,2024,김삼구,외식,한식,29.0,0.4010690146850384,0.7115001478894761,0.4,0.9083665338645418,요주의,3,False,High,FS3,[업종상대] 계약종료 백분위,0.45688,[변화] 점포 증가율,0.26888,[구조] 지역당 평균 점포수,0.26854
BRD_20210599,2024,홈쿡 24,도소매,기타도소매,2.0,0.40105513137744053,0.7113680580707671,0.4,0.9079681274900399,요주의,3,False,High,FS3,[업종상대] 계약종료 백분위,0.47077,[변화] 점포 증가율,0.28123,[추세] 점포 증가율 평균,0.18245
BRD_20161178,2024,리틀하노이(LittleHANOI),외식,기타 외국식,25.0,0.4010412480698426,0.7113203901441317,0.4,0.9075697211155378,건전,0,True,High,FS3,[업종상대] 계약종료 백분위,0.45656,[변화] 점포 증가율,0.25196,[추세] 면적당매출 평균,0.13749
BRD_20230776,2024,와따그램,외식,한식,12.0,0.4010273647622447,0.7111203111146553,0.4,0.9071713147410359,요주의,3,False,High,FS3,[업종상대] 계약종료 백분위,0.42596,[구조] 지역당 평균 점포수,0.30928,[변화] 점포 증가율,0.27103
BRD_20151007,2024,동경야시장,외식,주점,2.0,0.4010134814546468,0.7097588148494108,0.4,0.9067729083665339,요주의,2,False,High,FS3,[업종상대] 계약종료 백분위,0.46859,[변화] 점포 증가율,0.29405,[추세] 점포 증가율 평균,0.21408
BRD_20200084,2024,육회에빠지다,외식,한식,9.0,0.4009995981470489,0.7096910342942411,0.4,0.9063745019920318,요주의,2,False,High,FS3,[업종상대] 계약종료 백분위,0.60567,[변화] 점포 증가율,0.31042,[추세] 점포 증가율 평균,0.20395
BRD_20190484,2024,호이차,외식,음료 (커피 외),4.0,0.400985714839451,0.7093604740775021,0.4,0.9059760956175299,요주의,1,False,High,FS3,[업종상대] 계약종료 백분위,0.35354,[변화] 점포 증가율,0.27389,[구조] 지역당 평균 점포수,0.22848
BRD_20100600023,2024,별별치킨,외식,치킨,0.0,0.4009718315318531,0.7092700927916142,0.4,0.9055776892430278,요주의,1,False,High,FS3,[업종상대] 계약종료 백분위,0.50398,[변화] 점포 증가율,0.25401,[추세] 점포 증가율 평균,0.22475
NAME:보고싶다@외식,2024,보고싶다,외식,기타 외식,31.0,0.4009579482242552,0.7092653088555038,0.4,0.9051792828685259,요주의,2,False,High,FS3,[업종상대] 계약종료 백분위,0.46656,[변화] 점포 증가율,0.27681,[추세] 점포 증가율 평균,0.23778
BRD_20201327,2024,무모한 초밥,외식,일식,80.0,0.4009440649166573,0.7087651258687117,0.4,0.904780876494024,요주의,2,False,High,FS3,[업종상대] 계약종료 백분위,0.59906,[변화] 점포 증가율,0.331,[추세] 점포 증가율 평균,0.22914
BRD_20160960,2024,오공복이,외식,기타 외식,5.0,0.4009301816090594,0.7083602804371568,0.4,0.9043824701195219,요주의,2,False,High,FS3,[업종상대] 계약종료 백분위,0.47032,[변화] 점포 증가율,0.32815,[구조] 지역당 평균 점포수,0.32783
BRD_20200880,2024,성수미술관,서비스,기타 서비스,15.0,0.40091629830146147,0.7083211129070869,0.4,0.9039840637450199,요주의,3,False,High,FS3,[업종상대] 계약종료 백분위,0.42458,[변화] 점포 증가율,0.27422,[구조] 지역당 평균 점포수,0.25216
BRD_20161207,2024,커피온리,외식,커피,13.0,0.4009024149938636,0.7082106071798357,0.4,0.9035856573705179,요주의,2,False,High,FS3,[업종상대] 계약종료 백분위,0.59416,[변화] 점포 증가율,0.3133,[수준] 평균매출,0.15708
BRD_20080100289,2024,점프셈교실(공부방),서비스,교육 (교과),52.0,0.4008885316862657,0.7081527750034794,0.4,0.9031872509960159,요주의,2,False,High,FS3,[업종상대] 계약종료 백분위,0.54534,[변화] 점포 증가율,0.26452,[수준] 평균매출,0.17353
BRD_20130100183,2024,토즈 스터디센터,서비스,기타 교육,63.0,0.40087464837866776,0.7080507110334373,0.4,0.902788844621514,요주의,2,False,High,FS3,[업종상대] 계약종료 백분위,0.46654,[변화] 점포 증가율,0.26765,[추세] 점포 증가율 평균,0.18721
BRD_20110100100,2024,대칠성포차,외식,주점,15.0,0.4008607650710699,0.7080290984291306,0.4,0.9023904382470119,건전,0,True,High,FS3,[구조] 지역당 평균 점포수,0.32209,[변화] 점포 증가율,0.27708,[추세] 점포 증가율 평균,0.22506
BRD_20120100570,2024,미스터보쌈5379,외식,한식,15.0,0.400846881763472,0.7079077102854011,0.4,0.90199203187251,요주의,1,False,High,FS3,[업종상대] 계약종료 백분위,0.37159,[구조] 지역당 평균 점포수,0.24763,[변화] 점포 증가율,0.23382
BRD_20191432,2024,마선생마약국밥,외식,한식,68.0,0.40083299845587406,0.7077515795219107,0.4,0.9015936254980079,건전,0,True,High,FS3,[업종상대] 계약종료 백분위,0.48211,[추세] 점포 증가율 변동성,0.12599,[변화] 점포 증가율,0.12482
BRD_20190926,2024,놀부김치찜,외식,한식,23.0,0.4008191151482762,0.707607637725334,0.4,0.901195219123506,요주의,3,False,High,FS3,[업종상대] 계약종료 백분위,0.3974,[변화] 점포 증가율,0.30594,[구조] 지역당 평균 점포수,0.2649
BRD_20171452,2024,위드맘케어,서비스,인력 파견,18.0,0.4008052318406783,0.707547108503627,0.4,0.900796812749004,건전,0,True,High,FS3,[업종상대] 계약종료 백분위,0.57955,[구조] 지역당 평균 점포수,0.16043,[변화] 점포 증가율,0.15564
BRD_20211453,2024,GLOER,외식,제과제빵,13.0,0.40079134853308035,0.7074651389571017,0.4,0.900398406374502,요주의,2,False,High,FS3,[업종상대] 계약종료 백분위,0.56613,[구조] 지역당 평균 점포수,0.3061,[변화] 점포 증가율,0.29572
BRD_20171384,2024,커피홀 베이커리,외식,제과제빵,18.0,0.40077746522548247,0.7073227936180332,0.4,0.9,건전,0,True,High,FS3,[업종상대] 계약종료 백분위,0.48078,[구조] 지역당 평균 점포수,0.36373,[변화] 점포 증가율,0.26546
BRD_20211870,2024,"짭쪼롬한, 오후",도소매,기타도소매,26.0,0.4007635819178846,0.7070584143609419,0.4,0.899601593625498,요주의,1,False,Medium,FS2,[업종상대] 계약종료 백분위,0.58438,[변화] 점포 증가율,0.1451,[수준] 평균매출,0.13762
BRD_20220797,2024,타타스베이글,외식,제과제빵,23.0,0.40074969861028664,0.7067444848496036,0.4,0.899203187250996,요주의,3,False,Medium,FS2,[업종상대] 계약종료 백분위,0.47509,[구조] 지역당 평균 점포수,0.27992,[변화] 점포 증가율,0.25692
BRD_20120100638,2024,모즈헤어(mod’s hair),서비스,이미용,8.0,0.40073581530268876,0.7057730007814788,0.4,0.8988047808764941,건전,0,True,Medium,FS2,[업종상대] 계약종료 백분위,0.46388,[구조] 지역당 평균 점포수,0.27337,[추세] 점포 증가율 평균,0.19803
BRD_20211590,2024,폴라니포케,외식,서양식,19.0,0.4007219319950909,0.7056272543065047,0.4,0.898406374501992,건전,0,True,Medium,FS2,[구조] 지역당 평균 점포수,0.42522,[추세] 면적당매출 평균,0.17858,[추세] 점포 증가율 변동성,0.16012
BRD_20211217,2024,당신은지금치킨이땡긴다,외식,치킨,27.0,0.40070804868749293,0.7056029325688196,0.4,0.8980079681274901,요주의,2,False,Medium,FS2,[업종상대] 계약종료 백분위,0.58156,[구조] 지역당 평균 점포수,0.40482,[변화] 점포 증가율,0.33014
BRD_20110100345,2024,핸디맨닥터,서비스,기타 서비스,8.0,0.40069416537989505,0.7054782586702925,0.4,0.897609561752988,요주의,2,False,Medium,FS2,[업종상대] 계약종료 백분위,0.55027,[변화] 점포 증가율,0.25085,[추세] 점포 증가율 평균,0.24026
BRD_20150001,2024,한통(한마리 통큰)정육식당,외식,한식,2.0,0.40068028207229717,0.7051346147490761,0.4,0.8972111553784861,요주의,2,False,Medium,FS2,[업종상대] 계약종료 백분위,0.41321,[변화] 점포 증가율,0.28434,[추세] 점포 증가율 평균,0.25003
BRD_20200166,2024,광부맥주,외식,기타 외식,19.0,0.4006663987646992,0.7049648875853476,0.4,0.8968127490039841,건전,0,True,Medium,FS2,[업종상대] 계약종료 백분위,0.47028,[구조] 지역당 평균 점포수,0.2003,[추세] 매출 증가율 평균,0.1594
BRD_20201407,2024,권사부 순대국,외식,한식,10.0,0.40065251545710134,0.7047507539148543,0.4,0.896414342629482,요주의,2,False,Medium,FS2,[업종상대] 계약종료 백분위,0.43016,[구조] 지역당 평균 점포수,0.29786,[변화] 점포 증가율,0.28414
BRD_20211626,2024,여부초밥,외식,일식,23.0,0.40063863214950346,0.7043971902160336,0.4,0.8960159362549801,건전,0,True,Medium,FS2,[업종상대] 계약종료 백분위,0.54497,[변화] 점포 증가율,0.30335,[구조] 지역당 평균 점포수,0.18565
BRD_20150166,2024,그라찌에,외식,기타 외식,29.0,0.4006247488419055,0.7038617030014962,0.4,0.895617529880478,건전,0,True,Medium,FS2,[업종상대] 계약종료 백분위,0.56009,[변화] 점포 증가율,0.28185,[수준] 가맹사업 업력,-0.21176
BRD_20211764,2024,국물에빠진두루치기,외식,한식,105.0,0.40061086553430764,0.7037740973749137,0.4,0.8952191235059761,건전,0,True,Medium,FS2,[업종상대] 계약종료 백분위,0.55163,[변화] 점포 증가율,0.28042,[업종상대] 실질 매출 증가율 백분위,0.14834
BRD_20130185,2024,똑똑블럭,서비스,유아 관련 (교육 외),7.0,0.40059698222670975,0.7036871213761146,0.4,0.8948207171314742,건전,0,True,Medium,FS2,[변화] 점포 증가율,0.34866,[구조] 지역당 평균 점포수,0.30932,[업종상대] 계약종료 백분위,0.2551
BRD_20170305,2024,꽃찬찜닭,외식,기타 외식,4.0,0.4005830989191118,0.7036733399593064,0.4,0.8944223107569721,요주의,2,False,Medium,FS2,[업종상대] 계약종료 백분위,0.41182,[구조] 지역당 평균 점포수,0.27787,[변화] 점포 증가율,0.24145
BRD_20200704,2024,홍콩할매닭발명가,외식,한식,86.0,0.40056921561151393,0.7035562073927586,0.4,0.8940239043824701,요주의,1,False,Medium,FS2,[업종상대] 계약종료 백분위,0.50461,[추세] 면적당매출 평균,0.2348,[추세] 매출 증가율 평균,0.18079
BRD_20130100417,2024,본초불닭발,외식,한식,27.0,0.400555332303916,0.7034973236489702,0.4,0.8936254980079681,건전,0,True,Medium,FS2,[업종상대] 계약종료 백분위,0.44347,[변화] 점포 증가율,0.29251,[구조] 지역당 평균 점포수,0.29223
NAME:국밥상회냉면@외식,2024,국밥상회&냉면,외식,한식,9.0,0.4005414489963181,0.7033476048707301,0.4,0.8932270916334661,요주의,2,False,Medium,FS2,[업종상대] 계약종료 백분위,0.55915,[변화] 점포 증가율,0.27351,[수준] 평균매출,0.14188
BRD_20221283,2024,이게볶음밥,외식,한식,37.0,0.4005275656887202,0.7032896107715336,0.4,0.8928286852589642,건전,0,True,Medium,FS2,[업종상대] 계약종료 백분위,0.60955,[변화] 점포 증가율,0.2848,[구조] 지역당 평균 점포수,0.17548
BRD_20191167,2024,이백장 돈가스,외식,분식,92.0,0.4005136823811223,0.7030215319685349,0.4,0.8924302788844621,요주의,2,False,Medium,FS2,[업종상대] 계약종료 백분위,0.53579,[변화] 점포 증가율,0.33162,[추세] 점포 증가율 평균,0.20907
BRD_20170899,2024,짱오락실,서비스,기타 서비스,12.0,0.4004997990735244,0.7027982459224298,0.4,0.8920318725099602,건전,0,True,Medium,FS2,[구조] 지역당 평균 점포수,0.41546,[추세] 면적당매출 평균,0.21569,[추세] 점포 증가율 평균,0.16865
BRD_20180609,2024,유케야,외식,주점,10.0,0.4004859157659265,0.7024292623771998,0.4,0.8916334661354581,요주의,3,False,Medium,FS2,[업종상대] 계약종료 백분위,0.39392,[구조] 지역당 평균 점포수,0.30361,[변화] 점포 증가율,0.29603
BRD_20180004,2024,조선화로집,외식,한식,15.0,0.4004720324583286,0.7023716025317697,0.4,0.8912350597609562,요주의,3,False,Medium,FS2,[업종상대] 계약종료 백분위,0.41711,[구조] 지역당 평균 점포수,0.27869,[변화] 점포 증가율,0.26085
BRD_20190618,2024,떡군이네떡볶이,외식,분식,50.0,0.4004581491507307,0.7020807614517832,0.4,0.8908366533864542,요주의,2,False,Medium,FS2,[업종상대] 계약종료 백분위,0.57211,[변화] 점포 증가율,0.2866,[구조] 지역당 평균 점포수,0.16544
BRD_20190115,2024,하우스터디스터디카페,서비스,기타 서비스,53.0,0.4004442658431328,0.7019084329454598,0.4,0.8904382470119522,건전,0,True,Medium,FS2,[추세] 점포 증가율 평균,0.24044,[업종상대] 계약종료 백분위,0.21389,[업종상대] 실질 매출 증가율 백분위,0.15487
BRD_20160354,2024,토끼정,외식,일식,10.0,0.40043038253553487,0.7018359635456208,0.4,0.8900398406374502,요주의,1,False,Medium,FS2,[업종상대] 계약종료 백분위,0.40667,[구조] 지역당 평균 점포수,0.30293,[변화] 점포 증가율,0.29853
BRD_20171018,2024,직화삼겹살직구삼,외식,한식,9.0,0.400416499227937,0.7017643628685554,0.4,0.8896414342629482,요주의,2,False,Medium,FS2,[업종상대] 계약종료 백분위,0.41373,[구조] 지역당 평균 점포수,0.31115,[변화] 점포 증가율,0.28452
BRD_20214650,2024,순수빙떡,외식,아이스크림/빙수,31.0,0.4004026159203391,0.7012289266823126,0.4,0.8892430278884462,요주의,3,False,Medium,FS2,[업종상대] 계약종료 백분위,0.5416,[변화] 점포 증가율,0.2569,[구조] 지역당 평균 점포수,0.15448
BRD_20211495,2024,AI 펜덕스(AI penDUX),서비스,교육 (외국어),60.0,0.40038873261274116,0.7011665662751598,0.4,0.8888446215139443,요주의,1,False,Medium,FS2,[업종상대] 계약종료 백분위,0.53961,[업종상대] 실질 매출 증가율 백분위,0.12538,[추세] 점포 증가율 변동성,0.11934
BRD_20190352,2024,군자대한곱창,외식,기타 외식,58.0,0.4003748493051433,0.7010821796892948,0.4,0.8884462151394422,건전,0,True,Medium,FS2,[업종상대] 계약종료 백분위,0.61268,[변화] 점포 증가율,0.32612,[추세] 점포 증가율 평균,0.2292
BRD_20200159,2024,에그박스,외식,기타 외식,21.0,0.4003609659975454,0.7009948441453124,0.4,0.8880478087649403,요주의,1,False,Medium,FS2,[업종상대] 계약종료 백분위,0.43206,[변화] 점포 증가율,0.29507,[추세] 점포 증가율 평균,0.19558
BRD_20130100234,2024,곱창이야기,외식,한식,20.0,0.40034708268994745,0.7006735298003344,0.4,0.8876494023904382,요주의,2,False,Medium,FS2,[업종상대] 계약종료 백분위,0.46095,[구조] 지역당 평균 점포수,0.3487,[변화] 점포 증가율,0.30492
BRD_20150841,2024,청담아이가르텐,서비스,교육 (외국어),19.0,0.40033319938234957,0.7005374317472114,0.4,0.8872509960159363,요주의,1,False,Medium,FS2,[업종상대] 계약종료 백분위,0.43078,[구조] 지역당 평균 점포수,0.35816,[변화] 점포 증가율,0.32768
BRD_20201840,2024,히츠지야,외식,일식,22.0,0.4003193160747517,0.7005006296403685,0.4,0.8868525896414342,요주의,2,False,Medium,FS2,[업종상대] 계약종료 백분위,0.60457,[변화] 점포 증가율,0.32801,[추세] 점포 증가율 평균,0.22588
BRD_20221434,2024,더필름,서비스,기타 서비스,32.0,0.40030543276715375,0.700283152007639,0.4,0.8864541832669323,요주의,3,False,Medium,FS2,[업종상대] 계약종료 백분위,0.51251,[변화] 점포 증가율,0.23651,[구조] 지역당 평균 점포수,0.13714
BRD_20215588,2024,이고플러스,서비스,기타 서비스,57.0,0.40029154945955586,0.7001829936912082,0.4,0.8860557768924303,건전,0,True,Medium,FS2,[추세] 면적당매출 평균,0.32137,[업종상대] 실질 매출 증가율 백분위,0.22308,[업종상대] 계약종료 백분위,-0.18488
BRD_20220322,2024,한식밥상,외식,한식,46.0,0.400277666151958,0.7001477547355045,0.4,0.8856573705179283,요주의,2,False,Medium,FS2,[업종상대] 계약종료 백분위,0.5919,[변화] 점포 증가율,0.2898,[구조] 지역당 평균 점포수,0.16989
BRD_20180037,2024,피슈 마라홍탕,외식,중식,28.0,0.40026378284436004,0.6999256495760608,0.4,0.8852589641434263,요주의,1,False,Medium,FS2,[업종상대] 계약종료 백분위,0.53751,[변화] 점포 증가율,0.33521,[추세] 점포 증가율 평균,0.2365
BRD_20212321,2024,대박삼겹김치찜&초대박등갈비김치찜,외식,한식,176.0,0.40024989953676215,0.6997899001338151,0.4,0.8848605577689242,요주의,2,False,Medium,FS2,[업종상대] 계약종료 백분위,0.54712,[변화] 점포 증가율,0.28644,[업종상대] 실질 매출 증가율 백분위,0.15746
BRD_20190946,2024,ICE 고려대학교 창의융합교육 프로그램,서비스,교육 (교과),17.0,0.40023601622916427,0.6997881142247164,0.4,0.8844621513944223,요주의,2,False,Medium,FS2,[업종상대] 계약종료 백분위,0.52387,[구조] 지역당 평균 점포수,0.32451,[변화] 점포 증가율,0.24447
BRD_20160479,2024,작심,서비스,기타 서비스,64.0,0.40022213292156633,0.6996542415918019,0.4,0.8840637450199204,요주의,2,False,Medium,FS2,[업종상대] 계약종료 백분위,0.58118,[변화] 점포 증가율,0.31275,[구조] 지역당 평균 점포수,0.09159
BRD_20181300,2024,가락동리어카포차,외식,주점,3.0,0.40020824961396845,0.6996326141376519,0.4,0.8836653386454183,요주의,2,False,Medium,FS2,[업종상대] 계약종료 백분위,0.44822,[변화] 점포 증가율,0.31632,[구조] 지역당 평균 점포수,0.29893
BRD_20130100171,2024,한남동그집,외식,주점,59.0,0.40019436630637056,0.6995305150622066,0.4,0.8832669322709163,요주의,1,False,Medium,FS2,[업종상대] 계약종료 백분위,0.5096,[변화] 점포 증가율,0.31392,[추세] 매출 증가율 평균,0.1489
BRD_20190707,2024,웰돈까츠,외식,서양식,17.0,0.4001804829987726,0.6993665896660357,0.4,0.8828685258964143,요주의,3,False,Medium,FS2,[업종상대] 계약종료 백분위,0.40175,[구조] 지역당 평균 점포수,0.2714,[변화] 점포 증가율,0.27075
BRD_20212607,2024,샐러디아,외식,한식,70.0,0.40016659969117474,0.6992052275981595,0.4,0.8824701195219123,건전,0,True,Medium,FS2,[업종상대] 계약종료 백분위,0.57101,[추세] 면적당매출 평균,0.16021,[추세] 점포 증가율 변동성,0.13337
BRD_20200099,2024,장미맨숀,외식,주점,28.0,0.40015271638357686,0.6991688363617246,0.4,0.8820717131474104,건전,0,True,Medium,FS2,[구조] 지역당 평균 점포수,0.4442,[변화] 점포 증가율,0.35674,[추세] 점포 증가율 평균,0.25203
BRD_20200985,2024,승도리네 곱도리탕,외식,한식,22.0,0.4001388330759789,0.6991570108242873,0.4,0.8816733067729083,건전,0,True,Medium,FS2,[업종상대] 계약종료 백분위,0.50144,[구조] 지역당 평균 점포수,0.35591,[변화] 점포 증가율,0.33923
BRD_20201212,2024,푸드모바일,외식,한식,30.0,0.40012494976838103,0.699049402407141,0.4,0.8812749003984064,요주의,1,False,Medium,FS2,[업종상대] 계약종료 백분위,0.49292,[변화] 점포 증가율,0.30003,[추세] 점포 증가율 평균,0.25443
BRD_20200673,2024,저스트텐동,외식,일식,22.0,0.40011106646078315,0.6989645543664316,0.4,0.8808764940239043,건전,0,True,Medium,FS2,[업종상대] 계약종료 백분위,0.44581,[변화] 점포 증가율,0.32652,[구조] 지역당 평균 점포수,0.32641
BRD_20213713,2024,앗뜨죽,외식,한식,54.0,0.4000971831531852,0.6988676784525678,0.4,0.8804780876494024,건전,0,True,Medium,FS2,[업종상대] 계약종료 백분위,0.53895,[업종상대] 실질 매출 증가율 백분위,0.13545,[추세] 점포 증가율 변동성,0.13264
BRD_20180917,2024,피치랑,외식,피자,20.0,0.4000832998455873,0.6987654478362827,0.4,0.8800796812749004,요주의,2,False,Medium,FS2,[업종상대] 계약종료 백분위,0.49715,[구조] 지역당 평균 점포수,0.34567,[변화] 점포 증가율,0.30976
BRD_20170833,2024,빵사부식빵공방,외식,제과제빵,10.0,0.40006941653798944,0.6984942424988432,0.4,0.8796812749003984,건전,0,True,Medium,FS2,[구조] 지역당 평균 점포수,0.38398,[추세] 면적당매출 평균,0.2458,[추세] 점포 증가율 평균,0.22145
BRD_20210300,2024,필라테스365,서비스,스포츠 관련,26.0,0.4000555332303915,0.698338468795872,0.4,0.8792828685258964,요주의,2,False,Medium,FS2,[업종상대] 계약종료 백분위,0.62557,[변화] 점포 증가율,0.25996,[추세] 면적당매출 평균,0.13439
BRD_20201827,2024,양가네고기듬뿍김치찜,외식,한식,11.0,0.4000416499227936,0.6982090498912918,0.4,0.8788844621513944,요주의,3,False,Medium,FS2,[업종상대] 계약종료 백분위,0.46309,[변화] 점포 증가율,0.29903,[추세] 점포 증가율 평균,0.21152
BRD_20213312,2024,샬어름냉면,외식,한식,23.0,0.40002776661519573,0.6980418521795051,0.4,0.8784860557768924,건전,0,True,Medium,FS2,[업종상대] 계약종료 백분위,0.47932,[구조] 지역당 평균 점포수,0.3094,[추세] 점포 증가율 변동성,0.14398
BRD_20230155,2024,곤조,외식,일식,16.0,0.4000138833075978,0.6979741452752442,0.4,0.8780876494023905,요주의,3,False,Medium,FS2,[업종상대] 계약종료 백분위,0.4115,[구조] 지역당 평균 점포수,0.24794,[변화] 점포 증가율,0.225
BRD_20200516,2024,연남물갈비,외식,한식,31.0,0.3999999999999999,0.6979689273504857,0.4,0.8776892430278884,요주의,1,False,Medium,FS2,[업종상대] 계약종료 백분위,0.50028,[구조] 지역당 평균 점포수,0.37235,[변화] 점포 증가율,0.29497
BRD_20090100314,2024,빈스빈스,외식,커피,8.0,0.399986116692402,0.6979382852417334,0.4,0.8772908366533865,요주의,2,False,Medium,FS2,[업종상대] 계약종료 백분위,0.4782,[구조] 지역당 평균 점포수,0.34136,[변화] 점포 증가율,0.29682
BRD_20215408,2024,The맛있는파닭,외식,치킨,18.0,0.3999722333848041,0.6979101547691409,0.4,0.8768924302788844,요주의,1,False,Medium,FS2,[구조] 지역당 평균 점포수,0.41381,[변화] 점포 증가율,0.26791,[업종상대] 실질 매출 증가율 백분위,-0.13692
BRD_20231149,2024,새로클린,서비스,세탁,76.0,0.3999583500772062,0.697799784336541,0.4,0.8764940239043825,건전,0,True,Medium,FS2,[업종상대] 계약종료 백분위,0.48877,[수준] 평균매출,0.21117,[업종상대] 실질 매출 증가율 백분위,0.18424
BRD_20170950,2024,하루비어,외식,주점,13.0,0.3999444667696083,0.6977352916479236,0.4,0.8760956175298805,요주의,1,False,Medium,FS2,[업종상대] 계약종료 백분위,0.47501,[변화] 점포 증가율,0.31513,[추세] 점포 증가율 평균,0.24202
BRD_20230482,2024,밥스틸러 김치찜,외식,한식,43.0,0.3999305834620104,0.6976818779186735,0.4,0.8756972111553785,요주의,3,False,Medium,FS2,[업종상대] 계약종료 백분위,0.48241,[변화] 점포 증가율,0.23587,[업종상대] 실질 매출 증가율 백분위,-0.15024
BRD_20201249,2024,수유리혼밥왕,외식,한식,91.0,0.3999167001544125,0.6975879492018083,0.4,0.8752988047808765,요주의,1,False,Medium,FS2,[업종상대] 계약종료 백분위,0.63386,[변화] 점포 증가율,0.15217,[수준] 브랜드 연차,-0.13316
BRD_20201644,2024,에그벅,외식,기타 외식,13.0,0.3999028168468146,0.6975151347706535,0.4,0.8749003984063745,요주의,2,False,Medium,FS2,[업종상대] 계약종료 백분위,0.50485,[변화] 점포 증가율,0.30366,[추세] 점포 증가율 평균,0.19603
BRD_20201279,2024,로얄자카르타,외식,주점,10.0,0.3998889335392167,0.6973777587363892,0.4,0.8745019920318725,요주의,2,False,Medium,FS2,[업종상대] 계약종료 백분위,0.56011,[변화] 점포 증가율,0.31216,[추세] 점포 증가율 평균,0.21709
BRD_20161308,2024,버거앤프라이즈(Burger&Friez),외식,기타 외식,38.0,0.3998750502316188,0.6970223156345557,0.4,0.8741035856573706,건전,0,True,Medium,FS2,[업종상대] 계약종료 백분위,0.51861,[구조] 지역당 평균 점포수,0.33211,[변화] 점포 증가율,0.31128
BRD_20160575,2024,도쿄스테이크,외식,기타 외식,4.0,0.3998611669240209,0.6969977805875577,0.4,0.8737051792828685,요주의,2,False,Medium,FS2,[업종상대] 계약종료 백분위,0.44142,[구조] 지역당 평균 점포수,0.30898,[변화] 점포 증가율,0.30257
BRD_20190308,2024,타이거슈가(TIGER SUGAR),외식,음료 (커피 외),3.0,0.39984728361642297,0.6967436598579198,0.4,0.8733067729083666,요주의,2,False,Medium,FS2,[업종상대] 계약종료 백분위,0.5507,[변화] 점포 증가율,0.28517,[추세] 점포 증가율 평균,0.24566
BRD_20160392,2024,베트남노상식당,외식,기타 외국식,40.0,0.3998334003088251,0.6967078384908036,0.4,0.8729083665338645,요주의,1,False,Medium,FS2,[업종상대] 계약종료 백분위,0.6688,[변화] 점포 증가율,0.29869,[구조] 지역당 평균 점포수,0.17683
BRD_20230971,2024,화평댁닭구이,외식,치킨,79.0,0.3998195170012272,0.6966050102105977,0.4,0.8725099601593626,요주의,1,False,Medium,FS2,[업종상대] 계약종료 백분위,0.48038,[업종상대] 실질 매출 증가율 백분위,0.15995,[수준] 평균매출,0.15983
BRD_20141061,2024,닥터수,서비스,이미용,10.0,0.39980563369362926,0.696522116297019,0.4,0.8721115537848606,요주의,2,False,Medium,FS2,[업종상대] 계약종료 백분위,0.49943,[구조] 지역당 평균 점포수,0.32434,[변화] 점포 증가율,0.30219
BRD_20170268,2024,플레이(pley),서비스,기타 서비스,28.0,0.3997917503860314,0.6964848310217776,0.4,0.8717131474103585,요주의,2,False,Medium,FS2,[업종상대] 계약종료 백분위,0.50617,[구조] 지역당 평균 점포수,0.30983,[변화] 점포 증가율,0.28465
BRD_20201115,2024,오비베어(OB BEAR),외식,주점,14.0,0.3997778670784335,0.6964674993613199,0.4,0.8713147410358566,요주의,2,False,Medium,FS2,[업종상대] 계약종료 백분위,0.5078,[구조] 지역 집중도(HHI) 전년비 변화,-0.2837,[변화] 점포 증가율,0.23801
BRD_20211147,2024,국밥대장,외식,한식,23.0,0.39976398377083555,0.6963150890987353,0.4,0.8709163346613545,요주의,3,False,Medium,FS2,[업종상대] 계약종료 백분위,0.51308,[변화] 점포 증가율,0.24694,[구조] 지역당 평균 점포수,0.17007
BRD_20220664,2024,전국3대춘천닭갈비,외식,한식,41.0,0.39975010046323767,0.6961994356918031,0.4,0.8705179282868526,요주의,3,False,Medium,FS2,[업종상대] 계약종료 백분위,0.55655,[변화] 점포 증가율,0.25198,[업종상대] 실질 매출 증가율 백분위,-0.15208
BRD_20180941,2024,동명 카츠,외식,일식,44.0,0.3997362171556398,0.6960844539196825,0.4,0.8701195219123506,요주의,2,False,Medium,FS2,[업종상대] 계약종료 백분위,0.68568,[변화] 점포 증가율,0.30599,[추세] 점포 증가율 평균,0.23406
BRD_20214492,2024,와인곳간,도소매,기타도소매,41.0,0.39972233384804184,0.6960537554771284,0.4,0.8697211155378486,건전,0,True,Medium,FS2,[업종상대] 계약종료 백분위,0.56309,[구조] 지역당 평균 점포수,0.18662,[수준] 가맹사업 업력,0.12767
BRD_20190954,2024,이태리면가게,외식,서양식,17.0,0.39970845054044396,0.6957979417241165,0.4,0.8693227091633466,요주의,1,False,Medium,FS2,[업종상대] 계약종료 백분위,0.43255,[구조] 지역당 평균 점포수,0.33094,[변화] 점포 증가율,0.29531
BRD_20212991,2024,기막힌밥상,외식,한식,19.0,0.3996945672328461,0.6953912876714213,0.4,0.8689243027888446,요주의,1,False,Medium,FS2,[업종상대] 계약종료 백분위,0.46064,[변화] 점포 증가율,0.31978,[구조] 지역당 평균 점포수,0.29651
BRD_20191447,2024,베스트생갈비찜&찜닭,외식,한식,42.0,0.39968068392524814,0.6952399464803862,0.4,0.8685258964143426,요주의,1,False,Medium,FS2,[업종상대] 계약종료 백분위,0.5895,[변화] 점포 증가율,0.29475,[추세] 점포 증가율 변동성,0.12618
BRD_20201657,2024,에그존,외식,기타 외식,30.0,0.39966680061765025,0.69513150370956,0.4,0.8681274900398407,요주의,1,False,Medium,FS2,[구조] 지역당 평균 점포수,0.2844,[업종상대] 계약종료 백분위,0.22961,[추세] 면적당매출 평균,0.21145
BRD_20190763,2024,팀터틀랫휘트니스,서비스,스포츠 관련,16.0,0.39965291731005237,0.6950644911396,0.4,0.8677290836653386,요주의,2,False,Medium,FS2,[업종상대] 계약종료 백분위,0.51909,[변화] 점포 증가율,0.28406,[구조] 지역당 평균 점포수,0.20227
BRD_20140170,2024,더캠프피씨방(더캠프PC방),서비스,PC방,31.0,0.39963903400245443,0.6949295169592161,0.4,0.8673306772908367,요주의,1,False,Medium,FS2,[업종상대] 계약종료 백분위,0.55583,[변화] 점포 증가율,0.31768,[구조] 지역당 평균 점포수,0.19006
BRD_20221069,2024,포차처럼,외식,주점,20.0,0.39962515069485655,0.6948661755163451,0.4,0.8669322709163346,요주의,1,False,Medium,FS2,[업종상대] 계약종료 백분위,0.48979,[구조] 지역당 평균 점포수,0.31922,[수준] 가맹사업 업력,0.11077
BRD_20190202,2024,흥부찜닭,외식,한식,19.0,0.39961126738725866,0.6946768559844387,0.4,0.8665338645418327,요주의,2,False,Medium,FS2,[업종상대] 계약종료 백분위,0.40452,[변화] 점포 증가율,0.29839,[구조] 지역당 평균 점포수,0.27058
BRD_20160217,2024,어머나생고기,외식,한식,0.0,0.3995973840796607,0.6946644926717581,0.4,0.8661354581673307,요주의,1,False,Medium,FS2,[업종상대] 계약종료 백분위,0.60801,[변화] 점포 증가율,0.2704,[추세] 점포 증가율 평균,0.25957
BRD_20220154,2024,달래해장,외식,한식,28.0,0.39958350077206284,0.6945757751984449,0.4,0.8657370517928287,요주의,3,False,Medium,FS2,[업종상대] 계약종료 백분위,0.42791,[변화] 점포 증가율,0.23851,[추세] 점포 증가율 평균,0.18611
BRD_20212767,2024,제육의 법칙,외식,한식,78.0,0.39956961746446495,0.6945271218468481,0.4,0.8653386454183267,요주의,1,False,Medium,FS2,[업종상대] 계약종료 백분위,0.61937,[수준] 평균매출,0.16373,[수준] 가맹사업 업력,0.13882
BRD_20080100025,2024,에뛰드,도소매,화장품,25.0,0.399555734156867,0.6941034216006122,0.4,0.8649402390438247,요주의,3,False,Medium,FS2,[업종상대] 계약종료 백분위,0.38122,[구조] 지역당 평균 점포수,0.30631,[변화] 점포 증가율,0.2471
BRD_20080100031,2024,강정이기가막혀,외식,치킨,7.0,0.39954185084926913,0.6938476981863214,0.4,0.8645418326693227,요주의,2,False,Medium,FS2,[업종상대] 계약종료 백분위,0.4738,[구조] 지역당 평균 점포수,0.30359,[변화] 점포 증가율,0.22719
BRD_20212450,2024,취향마라,외식,중식,26.0,0.39952796754167125,0.6933024514140839,0.4,0.8641434262948208,건전,0,True,Medium,FS2,[구조] 지역당 평균 점포수,0.38093,[변화] 점포 증가율,0.27652,[추세] 점포 증가율 변동성,0.15677
BRD_20140039,2024,키즈카페릴리펏(Lilliput),서비스,기타 서비스,5.0,0.3995140842340733,0.6932249673816732,0.4,0.8637450199203187,요주의,2,False,Medium,FS2,[업종상대] 계약종료 백분위,0.4468,[구조] 지역당 평균 점포수,0.29878,[변화] 점포 증가율,0.29835
BRD_20130100321,2024,예신,서비스,이미용,26.0,0.3995002009264754,0.693124339659927,0.4,0.8633466135458168,요주의,1,False,Medium,FS2,[업종상대] 계약종료 백분위,0.48367,[구조] 지역당 평균 점포수,0.25742,[업종상대] 실질 매출 증가율 백분위,0.13655
BRD_20190861,2024,달토끼의 떡볶이 흡입구역,외식,분식,38.0,0.39948631761887754,0.6927779007645708,0.4,0.8629482071713147,요주의,1,False,Medium,FS2,[업종상대] 계약종료 백분위,0.5688,[변화] 점포 증가율,0.3144,[추세] 점포 증가율 평균,0.21824
BRD_20190420,2024,삼선미나주곰탕,외식,한식,23.0,0.3994724343112796,0.6925935840881537,0.4,0.8625498007968128,건전,0,True,Medium,FS2,[구조] 지역당 평균 점포수,0.43881,[추세] 면적당매출 평균,0.19583,[추세] 점포 증가율 변동성,0.17916
BRD_20110100587,2024,얌(YAM),서비스,숙박,15.0,0.3994585510036817,0.6925602863208251,0.4,0.8621513944223107,건전,0,True,Medium,FS2,[구조] 지역당 평균 점포수,0.49078,[추세] 점포 증가율 평균,0.24852,[수준] 면적당매출,0.15228
BRD_20230572,2024,오늘은전골,외식,한식,62.0,0.39944466769608383,0.6924594495944668,0.4,0.8617529880478088,건전,0,True,Medium,FS2,[업종상대] 계약종료 백분위,0.4814,[수준] 평균매출,0.18418,[업종상대] 실질 매출 증가율 백분위,0.17933
BRD_20190807,2024,고씨네,외식,일식,47.0,0.3994307843884859,0.6924403200006256,0.4,0.8613545816733068,요주의,1,False,Medium,FS2,[업종상대] 계약종료 백분위,0.64053,[변화] 점포 증가율,0.30086,[구조] 지역당 평균 점포수,0.13439
BRD_20221468,2024,포토아이브,서비스,기타 서비스,56.0,0.399416901080888,0.692436845641511,0.4,0.8609561752988047,요주의,2,False,Medium,FS2,[업종상대] 계약종료 백분위,0.53221,[변화] 점포 증가율,0.24202,[업종상대] 실질 매출 증가율 백분위,-0.14703
BRD_20221056,2024,담아내다,외식,한식,82.0,0.39940301777329007,0.692351997767087,0.4,0.8605577689243028,요주의,1,False,Medium,FS2,[업종상대] 계약종료 백분위,0.63645,[변화] 점포 증가율,0.28756,[수준] 평균매출,0.13921
BRD_20180406,2024,웰덤치킨,외식,치킨,23.0,0.3993891344656922,0.6923342099306019,0.4,0.8601593625498007,요주의,3,False,Medium,FS2,[업종상대] 계약종료 백분위,0.42312,[변화] 점포 증가율,0.31093,[구조] 지역당 평균 점포수,0.27591
BRD_20190277,2024,위넌스터디카페,서비스,기타 서비스,57.0,0.3993752511580943,0.6918960269362616,0.4,0.8597609561752988,건전,0,True,Medium,FS2,[업종상대] 계약종료 백분위,0.65744,[변화] 점포 증가율,0.36078,[추세] 점포 증가율 평균,0.19751
BRD_20214466,2024,값진화로,외식,기타 외식,1.0,0.39936136785049636,0.6918369564406421,0.4,0.8593625498007968,평가불가,0,False,Medium,FS2,[구조] 지역당 평균 점포수,0.41446,[추세] 점포 증가율 평균,0.23005,[업종상대] 계약종료 백분위,-0.19242
BRD_20170635,2024,마마트,도소매,편의점,14.0,0.3993474845428985,0.6917468109981083,0.4,0.8589641434262948,요주의,3,False,Medium,FS2,[업종상대] 계약종료 백분위,0.46659,[구조] 지역당 평균 점포수,0.28803,[변화] 점포 증가율,0.2624
BRD_20230523,2024,미스터홈즈,서비스,부동산 중개,92.0,0.3993336012353006,0.6917130160441124,0.4,0.8585657370517928,요주의,2,False,Medium,FS2,[업종상대] 계약종료 백분위,0.54804,[변화] 점포 증가율,0.12343,[업종상대] 실질 매출 증가율 백분위,-0.12033
BRD_20212770,2024,김치백서,외식,한식,36.0,0.39931971792770266,0.6913823415988163,0.4,0.8581673306772908,요주의,1,False,Medium,FS2,[업종상대] 계약종료 백분위,0.28134,[추세] 점포 증가율 평균,0.21951,[구조] 지역당 평균 점포수,0.16221
BRD_20211627,2024,곱정당,외식,한식,18.0,0.39930583462010477,0.6912013639757287,0.4,0.8577689243027888,요주의,2,False,Medium,FS2,[업종상대] 계약종료 백분위,0.39648,[구조] 지역당 평균 점포수,0.29605,[업종상대] 실질 매출 증가율 백분위,-0.14294
BRD_20150519,2024,놀부옛날통닭,외식,치킨,2.0,0.3992919513125069,0.6910483057545759,0.4,0.8573705179282869,요주의,3,False,Medium,FS2,[업종상대] 계약종료 백분위,0.44261,[구조] 지역당 평균 점포수,0.28683,[변화] 점포 증가율,0.28344
BRD_20200130,2024,롱쓰부대찌개,외식,한식,82.0,0.39927806800490895,0.6909921460119772,0.4,0.8569721115537848,건전,0,True,Medium,FS2,[업종상대] 계약종료 백분위,0.52161,[변화] 점포 증가율,0.14508,[업종상대] 실질 매출 증가율 백분위,0.13604
BRD_20200126,2024,그램벌룬(gramballoon),도소매,기타도소매,25.0,0.39926418469731106,0.6905920282360628,0.4,0.8565737051792829,건전,0,True,Medium,FS2,[구조] 지역당 평균 점포수,0.45804,[변화] 점포 증가율,0.27872,[업종상대] 실질 매출 증가율 백분위,0.13569
BRD_20200700,2024,죽~이요,외식,한식,108.0,0.3992503013897132,0.6904700000087236,0.4,0.8561752988047808,요주의,2,False,Medium,FS2,[업종상대] 계약종료 백분위,0.51709,[변화] 점포 증가율,0.2957,[추세] 점포 증가율 변동성,0.14625
BRD_20231706,2024,한식끝판왕,외식,한식,11.0,0.39923641808211524,0.6904134620733792,0.4,0.8557768924302789,요주의,3,False,Medium,FS2,[업종상대] 계약종료 백분위,0.5188,[변화] 점포 증가율,0.26863,[수준] 평균매출,0.18676
BRD_20160158,2024,삼곱식당,외식,한식,5.0,0.39922253477451736,0.6903351388288245,0.4,0.8553784860557769,요주의,2,False,Medium,FS2,[업종상대] 계약종료 백분위,0.41909,[변화] 점포 증가율,0.29551,[구조] 지역당 평균 점포수,0.27596
BRD_20141120,2024,플라잉볼,외식,서양식,1.0,0.3992086514669195,0.690164528644637,0.4,0.8549800796812749,건전,0,True,Medium,FS2,[구조] 지역당 평균 점포수,0.39602,[추세] 점포 증가율 평균,0.26308,[업종상대] 실질 매출 증가율 백분위,0.17583
BRD_20190879,2024,나비콜,서비스,기타 서비스,15.0,0.39919476815932153,0.690106070318025,0.4,0.8545816733067729,요주의,3,False,Medium,FS2,[업종상대] 계약종료 백분위,0.54794,[변화] 점포 증가율,0.32212,[추세] 점포 증가율 평균,0.19498
BRD_20190842,2024,돼지영농후계자,외식,한식,21.0,0.39918088485172365,0.6899800023748316,0.4,0.8541832669322709,요주의,1,False,Medium,FS2,[업종상대] 계약종료 백분위,0.58164,[변화] 점포 증가율,0.27817,[추세] 점포 증가율 변동성,0.16357
BRD_20130325,2024,인생극장,외식,한식,99.0,0.39916700154412577,0.6898524952659384,0.4,0.8537848605577689,요주의,1,False,Medium,FS2,[추세] 면적당매출 평균,0.29558,[변화] 점포 증가율,0.20525,[추세] 점포 증가율 변동성,0.19805
BRD_20221049,2024,남썬치킨,외식,치킨,57.0,0.3991531182365278,0.6897266052551155,0.4,0.853386454183267,요주의,3,False,Medium,FS2,[업종상대] 계약종료 백분위,0.56519,[변화] 점포 증가율,0.29702,[구조] 지역당 평균 점포수,-0.13358
BRD_20140262,2024,신불떡볶이,외식,분식,32.0,0.39913923492892994,0.6895409731189359,0.4,0.8529880478087649,건전,0,True,Medium,FS2,[업종상대] 계약종료 백분위,0.60875,[추세] 점포 증가율 평균,0.26414,[변화] 점포 증가율,0.23976
BRD_20210596,2024,어서오시게,도소매,기타도소매,12.0,0.39912535162133206,0.6894484408140443,0.4,0.852589641434263,요주의,2,False,Medium,FS2,[업종상대] 계약종료 백분위,0.4809,[구조] 지역당 평균 점포수,0.33191,[변화] 점포 증가율,0.30896
BRD_20210532,2024,범맥주,외식,주점,30.0,0.3991114683137341,0.6894480627747208,0.4,0.8521912350597609,요주의,3,False,Medium,FS2,[업종상대] 계약종료 백분위,0.45507,[구조] 지역당 평균 점포수,0.36205,[변화] 점포 증가율,0.27955
BRD_20191216,2024,피맥하우스,외식,피자,14.0,0.39909758500613624,0.6893913893380552,0.4,0.851792828685259,요주의,1,False,Medium,FS2,[업종상대] 계약종료 백분위,0.60238,[변화] 점포 증가율,0.26981,[추세] 면적당매출 평균,0.16859
BRD_20150488,2024,개성집,외식,기타 외식,16.0,0.39908370169853835,0.6892689474929209,0.4,0.851394422310757,요주의,1,False,Medium,FS2,[업종상대] 계약종료 백분위,0.4305,[변화] 점포 증가율,0.22525,[추세] 점포 증가율 평균,0.22138
BRD_20080200063,2024,신라명과,외식,제과제빵,0.0,0.3990698183909404,0.6891067879314435,0.4,0.850996015936255,요주의,2,False,Medium,FS2,[업종상대] 계약종료 백분위,0.62297,[변화] 점포 증가율,0.27141,[수준] 가맹사업 업력,-0.23083
BRD_20211780,2024,오밀당,도소매,기타도소매,64.0,0.39905593508334253,0.6890957333294633,0.4,0.850597609561753,요주의,3,False,Medium,FS2,[업종상대] 계약종료 백분위,0.5546,[변화] 점포 증가율,0.2757,[수준] 평균매출,0.15325
BRD_20190092,2024,샐러데이즈(Salad Days),외식,기타 외식,25.0,0.39904205177574464,0.688848138200726,0.4,0.850199203187251,요주의,2,False,Medium,FS2,[업종상대] 계약종료 백분위,0.60941,[변화] 점포 증가율,0.29689,[구조] 지역당 평균 점포수,0.23872
BRD_20210177,2024,커피무카24,외식,커피,25.0,0.3990281684681467,0.6888301077276494,0.4,0.849800796812749,요주의,1,False,Medium,FS2,[업종상대] 계약종료 백분위,0.55894,[수준] 평균매출,0.25848,[업종상대] 실질 매출 증가율 백분위,0.16936
BRD_20212071,2024,오늘은새우회,외식,일식,27.0,0.3990142851605488,0.688728878532971,0.4,0.8494023904382471,요주의,1,False,Medium,FS2,[업종상대] 계약종료 백분위,0.53354,[구조] 지역당 평균 점포수,0.33692,[수준] 가맹사업 업력,0.10475
BRD_20200563,2024,두가지떡볶이,도소매,기타도소매,34.0,0.39900040185295094,0.6886089586646156,0.4,0.849003984063745,요주의,1,False,Medium,FS2,[업종상대] 계약종료 백분위,0.56017,[구조] 지역당 평균 점포수,0.21835,[추세] 매출 증가율 평균,0.15849
BRD_20180676,2024,오산조은참치,외식,일식,17.0,0.398986518545353,0.6885040806583446,0.4,0.848605577689243,건전,0,True,Medium,FS2,[구조] 지역당 평균 점포수,0.39394,[추세] 점포 증가율 평균,0.23544,[업종상대] 실질 매출 증가율 백분위,0.15673
BRD_20130247,2024,이웃집소녀떡볶이,외식,분식,16.0,0.3989726352377551,0.6882642719048452,0.4,0.848207171314741,요주의,3,False,Medium,FS2,[업종상대] 계약종료 백분위,0.49881,[변화] 점포 증가율,0.30529,[추세] 점포 증가율 평균,0.22419
BRD_20180074,2024,김충기꽃삼겹,외식,한식,51.0,0.39895875193015723,0.6880626419784431,0.4,0.847808764940239,요주의,1,False,Medium,FS2,[업종상대] 계약종료 백분위,0.50716,[변화] 점포 증가율,0.30784,[추세] 점포 증가율 평균,0.22474
BRD_20180138,2024,크린시아,서비스,세탁,15.0,0.3989448686225593,0.6880581308985207,0.4,0.8474103585657371,건전,0,True,Medium,FS2,[업종상대] 계약종료 백분위,0.5387,[추세] 면적당매출 평균,0.24364,[수준] 평균매출,0.14919
BRD_20160534,2024,킹콩쥬스엔커피,외식,음료 (커피 외),13.0,0.3989309853149614,0.6875975442675228,0.4,0.847011952191235,요주의,2,False,Medium,FS2,[업종상대] 계약종료 백분위,0.45723,[구조] 지역당 평균 점포수,0.31769,[변화] 점포 증가율,0.28052
BRD_20090300023,2024,하프타임,도소매,편의점,21.0,0.3989171020073635,0.6871586119243576,0.4,0.8466135458167331,요주의,2,False,Medium,FS2,[업종상대] 계약종료 백분위,0.56562,[변화] 점포 증가율,0.29057,[추세] 점포 증가율 평균,0.24778
BRD_20221233,2024,우리말해,서비스,기타 교육,37.0,0.3989032186997656,0.6871557412310255,0.4,0.846215139442231,건전,0,True,Medium,FS2,[업종상대] 계약종료 백분위,0.4971,[구조] 지역당 평균 점포수,0.17289,[수준] 평균매출,0.16882
BRD_20150989,2024,아딸,외식,분식,18.0,0.3988893353921677,0.6870295685164354,0.4,0.8458167330677291,요주의,1,False,Medium,FS2,[업종상대] 계약종료 백분위,0.49318,[구조] 지역당 평균 점포수,0.39369,[추세] 점포 증가율 평균,0.18632
BRD_20170765,2024,비엔나커피하우스,외식,커피,17.0,0.3988754520845698,0.6868589133457481,0.4,0.8454183266932271,요주의,2,False,Medium,FS2,[업종상대] 계약종료 백분위,0.59512,[변화] 점포 증가율,0.35472,[추세] 점포 증가율 평균,0.24772
BRD_20210036,2024,양가네 명품갈비찜,외식,한식,12.0,0.3988615687769719,0.686782544563091,0.4,0.8450199203187251,요주의,1,False,Medium,FS2,[변화] 점포 증가율,0.32833,[추세] 점포 증가율 평균,0.23547,[수준] 평균매출,0.17297
BRD_20212198,2024,이륜당,외식,커피,17.0,0.398847685469374,0.686706380559152,0.4,0.8446215139442231,건전,0,True,Medium,FS2,[업종상대] 계약종료 백분위,0.58092,[구조] 지역당 평균 점포수,0.19596,[변화] 점포 증가율,0.12625
BRD_20212385,2024,계계속속,외식,한식,55.0,0.35168923888804554,0.6864994240647382,0.35168923888804554,0.8442231075697211,요주의,1,False,Medium,FS2,[업종상대] 계약종료 백분위,0.53793,[업종상대] 실질 매출 증가율 백분위,0.13318,[수준] 가맹사업 업력,0.11447
BRD_20180240,2024,스푼필라프,외식,서양식,8.0,0.34932483005544035,0.6864939612208798,0.34932483005544035,0.8438247011952191,요주의,2,False,Medium,FS2,[업종상대] 계약종료 백분위,0.6085,[변화] 점포 증가율,0.27982,[추세] 점포 증가율 평균,0.21165
BRD_20230145,2024,참맛죽,외식,한식,54.0,0.3309124150277202,0.6859871357041526,0.3125,0.8434262948207172,요주의,1,False,Medium,FS2,[업종상대] 계약종료 백분위,0.51669,[업종상대] 실질 매출 증가율 백분위,0.14289,[수준] 가맹사업 업력,0.11069
BRD_20180737,2024,멘야마쯔리,외식,일식,33.0,0.33078455103447213,0.6857099300421672,0.3125,0.8430278884462151,건전,0,True,Medium,FS2,[업종상대] 계약종료 백분위,0.60459,[변화] 점포 증가율,0.35858,[구조] 지역당 평균 점포수,0.20304
BRD_20080100394,2024,차일드유,서비스,교육 (외국어),56.0,0.3306566870412241,0.684844899553261,0.3125,0.8426294820717132,요주의,2,False,Medium,FS2,[업종상대] 계약종료 백분위,0.59772,[수준] 가맹사업 업력,-0.19567,[업종상대] 실질 매출 증가율 백분위,0.17409
BRD_20200439,2024,에바돈가츠,외식,기타 외식,42.0,0.330528823047976,0.6846440388149562,0.3125,0.8422310756972111,요주의,1,False,Medium,FS2,[업종상대] 계약종료 백분위,0.73023,[변화] 점포 증가율,0.30781,[구조] 지역당 평균 점포수,0.15586
BRD_20171553,2024,숙달돼지,외식,기타 외식,7.0,0.33040095905472794,0.6846425689184376,0.3125,0.8418326693227092,요주의,2,False,Medium,FS2,[업종상대] 계약종료 백분위,0.41474,[변화] 점포 증가율,0.33896,[구조] 지역당 평균 점포수,0.32683
BRD_20180889,2024,엘에이치씨피자탑(LHC PIZZA TOP),외식,피자,28.0,0.3302730950614799,0.6846300529259512,0.3125,0.8414342629482072,요주의,2,False,Medium,FS2,[업종상대] 계약종료 백분위,0.57363,[변화] 점포 증가율,0.29503,[추세] 점포 증가율 평균,0.22212
BRD_20215517,2024,화월청과,도소매,농수산물,11.0,0.33014523106823185,0.6845885469238193,0.3125,0.8410358565737052,건전,0,True,Medium,FS2,[업종상대] 계약종료 백분위,0.64852,[변화] 점포 증가율,0.34093,[추세] 점포 증가율 평균,0.23265
BRD_20180059,2024,알티오라,서비스,기타 교육,43.0,0.33001736707498375,0.6844630250267015,0.3125,0.8406374501992032,요주의,1,False,Medium,FS2,[업종상대] 계약종료 백분위,0.53548,[구조] 지역당 평균 점포수,0.13881,[업종상대] 실질 매출 증가율 백분위,0.12265
BRD_20191408,2024,빠레뜨한남,외식,서양식,9.0,0.3298895030817357,0.6844461736869627,0.3125,0.8402390438247012,요주의,1,False,Medium,FS2,[업종상대] 계약종료 백분위,0.39909,[구조] 지역당 평균 점포수,0.30164,[변화] 점포 증가율,0.28893
BRD_20161074,2024,이투스수학학원,서비스,교육 (교과),35.0,0.32976163908848766,0.6842265128519481,0.3125,0.8398406374501992,요주의,3,False,Medium,FS2,[업종상대] 계약종료 백분위,0.4767,[변화] 점포 증가율,0.29004,[추세] 점포 증가율 평균,0.21267
BRD_20200781,2024,루시드영어,서비스,교육 (외국어),50.0,0.3296337750952396,0.6841512827627955,0.3125,0.8394422310756973,요주의,2,False,Medium,FS2,[업종상대] 계약종료 백분위,0.63565,[변화] 점포 증가율,0.14586,[수준] 평균매출,0.13374
BRD_20171314,2024,명동닭튀김,외식,치킨,6.0,0.32950591110199157,0.6838367728305229,0.3125,0.8390438247011952,요주의,2,False,Medium,FS2,[업종상대] 계약종료 백분위,0.49579,[변화] 점포 증가율,0.30565,[추세] 점포 증가율 평균,0.2252
BRD_20150530,2024,카페보니또,외식,커피,15.0,0.3293780471087435,0.6838238234942084,0.3125,0.8386454183266933,요주의,1,False,Medium,FS2,[업종상대] 계약종료 백분위,0.50756,[변화] 점포 증가율,0.25527,[추세] 점포 증가율 평균,0.24429
NAME:단골손님@외식,2024,단골손님,외식,주점,10.0,0.3292501831154954,0.683786491039862,0.3125,0.8382470119521912,요주의,1,False,Medium,FS2,[업종상대] 계약종료 백분위,0.52234,[변화] 점포 증가율,0.3142,[추세] 점포 증가율 평균,0.22686
BRD_20191214,2024,샐러드박스(SaladBox),외식,기타 외식,38.0,0.3291223191222474,0.6836193594012522,0.3125,0.8378486055776893,요주의,1,False,Medium,FS2,[업종상대] 계약종료 백분위,0.61592,[변화] 점포 증가율,0.3068,[추세] 점포 증가율 변동성,0.13538
BRD_20200775,2024,덮밥90도씨,외식,한식,29.0,0.32899445512899933,0.6835173475571429,0.3125,0.8374501992031872,요주의,3,False,Medium,FS2,[업종상대] 계약종료 백분위,0.48806,[구조] 지역 집중도(HHI) 전년비 변화,-0.23742,[변화] 점포 증가율,0.22413
BRD_20211315,2024,꿀복이 꽈배기,외식,제과제빵,26.0,0.3288665911357513,0.6835140727508602,0.3125,0.8370517928286852,요주의,1,False,Medium,FS2,[업종상대] 계약종료 백분위,0.54101,[구조] 지역당 평균 점포수,0.40043,[수준] 평균매출,0.16191
BRD_20181212,2024,이동규인왔따쪽갈비,외식,한식,69.0,0.3287387271425032,0.6834231897748063,0.3125,0.8366533864541833,요주의,1,False,Medium,FS2,[업종상대] 계약종료 백분위,0.60109,[변화] 점포 증가율,0.29849,[수준] 브랜드 연차,-0.15298
BRD_20213898,2024,그릭하다,외식,기타 외식,32.0,0.32861086314925514,0.6830639369041441,0.3125,0.8362549800796812,건전,0,True,Medium,FS2,[업종상대] 계약종료 백분위,0.6959,[구조] 지역당 평균 점포수,0.16891,[수준] 가맹사업 업력,0.13094
BRD_20161181,2024,블럭제빵소,외식,제과제빵,29.0,0.3284829991560071,0.682930447579387,0.3125,0.8358565737051793,요주의,1,False,Medium,FS2,[업종상대] 계약종료 백분위,0.74458,[변화] 점포 증가율,0.31943,[구조] 지역당 평균 점포수,0.14348
NAME:미니골드@도소매,2024,미니골드,도소매,기타도소매,22.0,0.32835513516275905,0.6828214498844722,0.3125,0.8354581673306772,요주의,2,False,Medium,FS2,[업종상대] 계약종료 백분위,0.75524,[변화] 점포 증가율,0.3142,[추세] 점포 증가율 평균,0.25313
BRD_20200828,2024,두돈까스,외식,한식,9.0,0.328227271169511,0.6827065367309535,0.3125,0.8350597609561753,요주의,2,False,Medium,FS2,[업종상대] 계약종료 백분위,0.42106,[구조] 지역당 평균 점포수,0.28564,[변화] 점포 증가율,0.27844
BRD_20161238,2024,밀겨울,외식,기타 외식,4.0,0.3280994071762629,0.6825288642930315,0.3125,0.8346613545816733,건전,0,True,Medium,FS2,[업종상대] 계약종료 백분위,0.54778,[변화] 점포 증가율,0.2704,[구조] 지역당 평균 점포수,0.26527
BRD_20171161,2024,플랜트,서비스,임대,105.0,0.32797154318301486,0.6820164051731712,0.3125,0.8342629482071713,건전,0,True,Medium,FS2,[업종상대] 계약종료 백분위,0.71399,[변화] 점포 증가율,0.16108,[수준] 면적당매출,0.12018
BRD_20230132,2024,배무치숯불두마리치킨,외식,치킨,63.0,0.3278436791897668,0.6818127656802146,0.3125,0.8338645418326693,건전,0,True,Medium,FS2,[업종상대] 계약종료 백분위,0.475,[업종상대] 실질 매출 증가율 백분위,0.1755,[수준] 평균매출,0.16884
BRD_20170579,2024,우주라이크(WOULDULIKE),외식,커피,60.0,0.32771581519651877,0.6816675847811906,0.3125,0.8334661354581673,요주의,1,False,Medium,FS2,[업종상대] 계약종료 백분위,0.49204,[변화] 점포 증가율,0.30018,[추세] 점포 증가율 평균,0.22137
BRD_20230555,2024,꽃피는곱도리탕,외식,한식,35.0,0.3275879512032707,0.6816249649635129,0.3125,0.8330677290836653,요주의,1,False,Medium,FS2,[업종상대] 계약종료 백분위,0.46288,[구조] 지역당 평균 점포수,0.26167,[업종상대] 실질 매출 증가율 백분위,0.14809
BRD_20214596,2024,물회&회덮밥9900원,외식,일식,81.0,0.3274600872100226,0.6811519056566803,0.3125,0.8326693227091634,요주의,1,False,Medium,FS2,[업종상대] 계약종료 백분위,0.54901,[변화] 점포 증가율,0.31074,[수준] 평균매출,0.14281
BRD_20100100553,2024,케어필라테스,서비스,스포츠 관련,12.0,0.3273322232167746,0.6808015041433878,0.3125,0.8322709163346613,요주의,1,False,Medium,FS2,[업종상대] 계약종료 백분위,0.41736,[구조] 지역당 평균 점포수,0.29009,[변화] 점포 증가율,0.22605
BRD_20170316,2024,Emoi(에머이),외식,기타 외국식,28.0,0.32720435922352653,0.6807263410571693,0.3125,0.8318725099601594,건전,0,True,Medium,FS2,[업종상대] 계약종료 백분위,0.54997,[변화] 점포 증가율,0.37815,[구조] 지역당 평균 점포수,0.25176
BRD_20151263,2024,포차어게인,외식,주점,9.0,0.3270764952302785,0.6804351942361389,0.3125,0.8314741035856573,건전,0,True,Medium,FS2,[구조] 지역당 평균 점포수,0.49773,[추세] 점포 증가율 평균,0.24676,[업종상대] 계약종료 백분위,-0.1818
BRD_20201144,2024,탑브릭스 (TOP BRIX),외식,음료 (커피 외),10.0,0.32694863123703044,0.6803933119424701,0.3125,0.8310756972111554,요주의,1,False,Medium,FS2,[업종상대] 계약종료 백분위,0.60181,[변화] 점포 증가율,0.30816,[추세] 점포 증가율 변동성,0.10453
BRD_20210465,2024,죽선생,외식,한식,9.0,0.32682076724378234,0.6801674844108913,0.3125,0.8306772908366534,요주의,2,False,Medium,FS2,[업종상대] 계약종료 백분위,0.43361,[구조] 지역 집중도(HHI) 전년비 변화,-0.26754,[구조] 지역당 평균 점포수,0.26499
BRD_20210285,2024,밥풀릭스,외식,한식,104.0,0.3266929032505343,0.6801314739512259,0.3125,0.8302788844621514,요주의,1,False,Medium,FS2,[업종상대] 계약종료 백분위,0.58516,[변화] 점포 증가율,0.30937,[추세] 점포 증가율 변동성,0.14861
BRD_20191274,2024,스팀맨,서비스,자동차 관련,48.0,0.32656503925728625,0.6800630186343286,0.3125,0.8298804780876494,요주의,1,False,Medium,FS2,[업종상대] 계약종료 백분위,0.58282,[수준] 평균매출,0.14082,[수준] 브랜드 연차,-0.12804
BRD_20231404,2024,포토랩플러스,서비스,기타 서비스,47.0,0.3264371752640382,0.6799461049990618,0.3125,0.8294820717131474,건전,0,True,Medium,FS2,[업종상대] 계약종료 백분위,0.55687,[구조] 지역당 평균 점포수,0.18232,[수준] 평균매출,0.13691
BRD_20160153,2024,오복미역,외식,한식,22.0,0.3263093112707901,0.6799097349529019,0.3125,0.8290836653386454,요주의,1,False,Medium,FS2,[업종상대] 계약종료 백분위,0.51361,[변화] 점포 증가율,0.28354,[추세] 점포 증가율 평균,0.24467
BRD_20190328,2024,1943,외식,기타 외식,38.0,0.32618144727754206,0.6794429555631193,0.3125,0.8286852589641435,요주의,3,False,Medium,FS2,[업종상대] 계약종료 백분위,0.61955,[변화] 점포 증가율,0.32076,[추세] 점포 증가율 평균,0.23109
BRD_20200253,2024,배씨상회,외식,한식,23.0,0.326053583284294,0.6791592445130082,0.3125,0.8282868525896414,건전,0,True,Medium,FS2,[구조] 지역당 평균 점포수,0.33404,[업종상대] 계약종료 백분위,0.25619,[추세] 매출 증가율 평균,0.18166
BRD_20171241,2024,엉터리 해장국,외식,한식,23.0,0.32592571929104597,0.6789471574807403,0.3125,0.8278884462151395,요주의,2,False,Medium,FS2,[업종상대] 계약종료 백분위,0.49582,[구조] 지역당 평균 점포수,0.36914,[변화] 점포 증가율,0.30699
BRD_20200879,2024,막이오름,외식,주점,21.0,0.3257978552977979,0.6787585728289385,0.3125,0.8274900398406374,요주의,2,False,Medium,FS2,[업종상대] 계약종료 백분위,0.57451,[구조] 지역당 평균 점포수,0.35402,[변화] 점포 증가율,0.34183
BRD_20180559,2024,밥통령,외식,한식,30.0,0.3256699913045498,0.678533123350281,0.3125,0.8270916334661355,요주의,1,False,Medium,FS2,[업종상대] 계약종료 백분위,0.46445,[변화] 점포 증가율,0.29945,[추세] 점포 증가율 평균,0.21212
BRD_20180586,2024,도쿄이찌바,외식,일식,13.0,0.3255421273113018,0.678393842041044,0.3125,0.8266932270916335,요주의,1,False,Medium,FS2,[구조] 지역당 평균 점포수,0.44159,[변화] 점포 증가율,0.33014,[업종상대] 계약종료 백분위,0.24219
BRD_20150900,2024,헬로스마일(HELLOSMILE),서비스,기타 서비스,16.0,0.32541426331805373,0.6781269024216464,0.3125,0.8262948207171315,요주의,2,False,Medium,FS2,[업종상대] 계약종료 백분위,0.6553,[변화] 점포 증가율,0.33489,[구조] 지역당 평균 점포수,0.28418
BRD_20180235,2024,르하임스터디카페,서비스,기타 서비스,160.0,0.3252863993248057,0.6778774167683788,0.3125,0.8258964143426295,요주의,1,False,Medium,FS2,[업종상대] 계약종료 백분위,0.71904,[변화] 점포 증가율,0.35289,[수준] 면적당매출,0.16958
BRD_20140942,2024,짝태&노가리,외식,주점,69.0,0.32515853533155764,0.6773719421682105,0.3125,0.8254980079681274,건전,0,True,Medium,FS2,[변화] 점포 증가율,0.33,[추세] 면적당매출 평균,0.30592,[추세] 점포 증가율 평균,0.27958
BRD_20160862,2024,북카페심심푸리,서비스,기타 서비스,19.0,0.32503067133830954,0.6771997501514712,0.3125,0.8250996015936255,건전,0,True,Medium,FS2,[업종상대] 계약종료 백분위,0.63314,[구조] 지역당 평균 점포수,0.15887,[업종상대] 실질 매출 증가율 백분위,0.13967
BRD_20210216,2024,일일양,외식,한식,26.0,0.3249028073450615,0.6771243688828775,0.3125,0.8247011952191236,건전,0,True,Medium,FS2,[업종상대] 계약종료 백분위,0.46184,[구조] 지역당 평균 점포수,0.29323,[변화] 점포 증가율,0.28068
BRD_20171075,2024,팔공티,외식,음료 (커피 외),89.0,0.32477494335181345,0.6770633446551351,0.3125,0.8243027888446215,요주의,2,False,Medium,FS2,[업종상대] 계약종료 백분위,0.6258,[변화] 점포 증가율,0.3265,[추세] 점포 증가율 평균,0.22793
BRD_20181128,2024,삼초전 삼겹살 초벌전문점,외식,한식,15.0,0.3246470793585654,0.6768481522295484,0.3125,0.8239043824701195,요주의,2,False,Medium,FS2,[업종상대] 계약종료 백분위,0.56945,[변화] 점포 증가율,0.28743,[수준] 브랜드 연차,-0.1294
BRD_20140739,2024,덤인,서비스,인력 파견,6.0,0.32451921536531736,0.6768127424519292,0.3125,0.8235059760956175,요주의,1,False,Medium,FS2,[업종상대] 계약종료 백분위,0.45148,[구조] 지역당 평균 점포수,0.30332,[추세] 점포 증가율 평균,0.19993
BRD_20180011,2024,통불,외식,기타 외식,20.0,0.32439135137206926,0.6767240659614675,0.3125,0.8231075697211155,요주의,1,False,Medium,FS2,[업종상대] 계약종료 백분위,0.57123,[구조] 지역당 평균 점포수,0.36274,[변화] 점포 증가율,0.33418
BRD_20200165,2024,텐코인,서비스,오락,25.0,0.3242634873788212,0.676634848281185,0.3125,0.8227091633466136,건전,0,True,Medium,FS2,[업종상대] 계약종료 백분위,0.47934,[구조] 지역당 평균 점포수,0.26052,[업종상대] 실질 매출 증가율 백분위,0.12218
BRD_20201380,2024,별빛에취한제주바다,외식,주점,2.0,0.32413562338557317,0.6766132055011181,0.3125,0.8223107569721115,건전,0,True,Medium,FS2,[업종상대] 계약종료 백분위,0.44056,[구조] 지역당 평균 점포수,0.3063,[변화] 점포 증가율,0.29918
BRD_20201807,2024,든든볶음밥,외식,한식,29.0,0.3240077593923251,0.6765632973606542,0.3125,0.8219123505976096,요주의,1,False,Medium,FS2,[업종상대] 계약종료 백분위,0.44707,[구조] 지역당 평균 점포수,0.27583,[업종상대] 실질 매출 증가율 백분위,0.18016
BRD_20212763,2024,포토시그니처,서비스,기타 서비스,174.0,0.3238798953990771,0.6764511473514534,0.3125,0.8215139442231075,요주의,1,False,Medium,FS2,[업종상대] 계약종료 백분위,0.6804,[변화] 점포 증가율,0.35241,[구조] 지역당 평균 점포수,-0.17867
BRD_20214457,2024,스트릿 1988,외식,커피,31.0,0.323752031405829,0.6761818635946639,0.3125,0.8211155378486056,요주의,1,False,Medium,FS2,[업종상대] 계약종료 백분위,0.5538,[구조] 지역당 평균 점포수,0.18956,[수준] 평균매출,0.1444
BRD_20210247,2024,시골숯불치킨,외식,치킨,13.0,0.32362416741258093,0.6761706473711971,0.3125,0.8207171314741036,요주의,1,False,Medium,FS2,[업종상대] 계약종료 백분위,0.76397,[변화] 점포 증가율,0.26979,[수준] 가맹사업 업력,-0.23574
BRD_20210225,2024,카페동네,외식,커피,22.0,0.3234963034193329,0.6758928469970492,0.3125,0.8203187250996016,요주의,2,False,Medium,FS2,[업종상대] 계약종료 백분위,0.59814,[변화] 점포 증가율,0.33097,[구조] 지역당 평균 점포수,0.10916
BRD_20160464,2024,혜화동 돈까스극장,외식,기타 외식,76.0,0.32336843942608484,0.6757127396097178,0.3125,0.8199203187250996,건전,0,True,Medium,FS2,[변화] 점포 증가율,0.31092,[추세] 면적당매출 평균,0.2077,[추세] 매출 증가율 평균,0.17818
BRD_20190005,2024,뚱보집,외식,기타 외식,18.0,0.32324057543283674,0.6756706874869178,0.3125,0.8195219123505976,요주의,1,False,Medium,FS2,[업종상대] 계약종료 백분위,0.46317,[변화] 점포 증가율,0.30568,[구조] 지역당 평균 점포수,0.27431
BRD_20180491,2024,그루스터디센터,서비스,기타 서비스,85.0,0.3231127114395887,0.675616552886642,0.3125,0.8191235059760956,요주의,1,False,Medium,FS2,[업종상대] 계약종료 백분위,0.64442,[변화] 점포 증가율,0.30145,[수준] 면적당매출,0.11012
BRD_20090100003,2024,케이에이지이영재심화교실,서비스,기타 교육,25.0,0.32298484744634065,0.6756084822278896,0.3125,0.8187250996015937,요주의,1,False,Medium,FS2,[업종상대] 계약종료 백분위,0.72061,[수준] 가맹사업 업력,-0.21068,[수준] 평균매출,0.16843
BRD_20230891,2024,마포냉면 숯불구이,외식,한식,64.0,0.3228569834530926,0.6754319965819476,0.3125,0.8183266932270916,건전,0,True,Medium,FS2,[업종상대] 계약종료 백분위,0.23778,[업종상대] 실질 매출 증가율 백분위,0.17711,[수준] 평균매출,0.15653
BRD_20180733,2024,범프리카인생치킨,외식,치킨,5.0,0.32272911945984456,0.6750327196689977,0.3125,0.8179282868525897,요주의,2,False,Medium,FS2,[업종상대] 계약종료 백분위,0.60225,[변화] 점포 증가율,0.32835,[추세] 점포 증가율 평균,0.22579
BRD_20130100040,2024,스시웨이,외식,일식,6.0,0.32260125546659646,0.6749963754368133,0.3125,0.8175298804780876,건전,0,True,Medium,FS2,[업종상대] 계약종료 백분위,0.4772,[구조] 지역당 평균 점포수,0.38568,[변화] 점포 증가율,0.32158
BRD_20181179,2024,곱깨비,외식,한식,30.0,0.3224733914733484,0.6749567438881863,0.3125,0.8171314741035857,요주의,1,False,Medium,FS2,[업종상대] 계약종료 백분위,0.43564,[변화] 점포 증가율,0.2895,[구조] 지역당 평균 점포수,0.28231
BRD_20080100666,2024,석봉토스트,외식,패스트푸드,36.0,0.32234552748010037,0.6748282573207881,0.3125,0.8167330677290837,요주의,1,False,Medium,FS2,[변화] 점포 증가율,0.28625,[추세] 점포 증가율 평균,0.26271,[업종상대] 계약종료 백분위,0.23185
BRD_20161120,2024,호수꼬치,외식,한식,12.0,0.3222176634868523,0.6747665902055113,0.3125,0.8163346613545817,요주의,2,False,Medium,FS2,[업종상대] 계약종료 백분위,0.48698,[변화] 점포 증가율,0.26436,[구조] 지역 집중도(HHI) 전년비 변화,-0.24133
BRD_20140725,2024,매머드커피(Mammoth coffee),외식,커피,21.0,0.3220897994936043,0.6747558071416525,0.3125,0.8159362549800797,요주의,2,False,Medium,FS2,[업종상대] 계약종료 백분위,0.65602,[변화] 점포 증가율,0.40861,[추세] 점포 증가율 평균,0.29517
BRD_20210009,2024,푸른술집 할라,외식,주점,3.0,0.3219619355003562,0.6746220628787888,0.3125,0.8155378486055777,요주의,2,False,Medium,FS2,[업종상대] 계약종료 백분위,0.46835,[구조] 지역당 평균 점포수,0.30277,[변화] 점포 증가율,0.28605
BRD_20214278,2024,만타스시31,외식,일식,68.0,0.32183407150710813,0.6743242695052198,0.3125,0.8151394422310757,요주의,2,False,Medium,FS2,[변화] 점포 증가율,0.24769,[업종상대] 계약종료 백분위,0.21481,[추세] 면적당매출 평균,0.16845
BRD_20200398,2024,오늘술집 주다방,외식,주점,4.0,0.3217062075138601,0.6742198601892159,0.3125,0.8147410358565738,요주의,2,False,Medium,FS2,[업종상대] 계약종료 백분위,0.46044,[구조] 지역당 평균 점포수,0.31605,[변화] 점포 증가율,0.30313
BRD_20190404,2024,신떡순 신천할매떡볶이,외식,분식,56.0,0.32157834352061204,0.674046263474071,0.3125,0.8143426294820717,요주의,1,False,Medium,FS2,[업종상대] 계약종료 백분위,0.74436,[변화] 점포 증가율,0.33217,[추세] 점포 증가율 변동성,0.14209
BRD_20213991,2024,최강곱도리,외식,한식,98.0,0.321450479527364,0.6739352819404566,0.3125,0.8139442231075698,건전,0,True,Medium,FS2,[업종상대] 계약종료 백분위,0.49776,[업종상대] 실질 매출 증가율 백분위,0.15986,[추세] 점포 증가율 변동성,0.11568
BRD_20170590,2024,닭발먹은새우,외식,한식,1.0,0.3213226155341159,0.673828446459231,0.3125,0.8135458167330677,요주의,1,False,Medium,FS2,[구조] 지역당 평균 점포수,0.42271,[추세] 점포 증가율 평균,0.24439,[업종상대] 계약종료 백분위,-0.16435
NAME:라라브레드@외식,2024,라라브레드,외식,제과제빵,18.0,0.32119475154086785,0.6738005140733521,0.3125,0.8131474103585657,요주의,1,False,Medium,FS2,[업종상대] 계약종료 백분위,0.63366,[변화] 점포 증가율,0.15592,[수준] 면적당매출,0.15051
BRD_20090100465,2024,커핀그루나루,외식,커피,2.0,0.3210668875476198,0.6736930510163455,0.3125,0.8127490039840638,요주의,2,False,Medium,FS2,[업종상대] 계약종료 백분위,0.39333,[변화] 점포 증가율,0.26995,[구조] 지역당 평균 점포수,0.25543
BRD_20171051,2024,"오늘,와인한잔",외식,주점,51.0,0.32093902355437176,0.6736004808909893,0.3125,0.8123505976095617,요주의,2,False,Medium,FS2,[업종상대] 계약종료 백분위,0.64819,[변화] 점포 증가율,0.37234,[추세] 점포 증가율 평균,0.25939
BRD_20150064,2024,김진철동래통닭,외식,치킨,7.0,0.3208111595611237,0.673395451574949,0.3125,0.8119521912350598,요주의,1,False,Medium,FS2,[업종상대] 계약종료 백분위,0.48994,[구조] 지역당 평균 점포수,0.31525,[변화] 점포 증가율,0.27673
BRD_20211404,2024,안경상회,서비스,안경,28.0,0.3206832955678756,0.6730635666777273,0.3125,0.8115537848605577,요주의,1,False,Medium,FS2,[업종상대] 계약종료 백분위,0.58829,[구조] 지역당 평균 점포수,0.19942,[수준] 평균매출,0.1188
BRD_20211707,2024,순살만공격,외식,치킨,125.0,0.32055543157462757,0.6730109810890303,0.3125,0.8111553784860558,요주의,3,False,Medium,FS2,[업종상대] 계약종료 백분위,0.62654,[변화] 점포 증가율,0.38178,[수준] 가맹사업 업력,0.13975
BRD_20220917,2024,제주고세호해장국,외식,한식,37.0,0.3204275675813795,0.6729690218771984,0.3125,0.8107569721115537,요주의,1,False,Medium,FS2,[업종상대] 계약종료 백분위,0.59363,[추세] 점포 증가율 평균,0.20578,[구조] 지역당 평균 점포수,0.15803
BRD_20190933,2024,봉구통닭,외식,치킨,7.0,0.3202997035881315,0.6729549744209754,0.3125,0.8103585657370518,건전,0,True,Medium,FS2,[구조] 지역당 평균 점포수,0.35825,[추세] 점포 증가율 평균,0.20918,[추세] 면적당매출 평균,0.16076
BRD_20160491,2024,키햐아,외식,일식,5.0,0.32017183959488343,0.6729499438434828,0.3125,0.8099601593625498,요주의,2,False,Medium,FS2,[업종상대] 계약종료 백분위,0.54862,[구조] 지역당 평균 점포수,0.32807,[변화] 점포 증가율,0.30694
BRD_20213416,2024,우리끼리 키즈카페,서비스,유아 관련 (교육 외),95.0,0.32004397560163533,0.6723501548512315,0.3125,0.8095617529880478,요주의,1,False,Medium,FS2,[업종상대] 계약종료 백분위,0.64469,[변화] 점포 증가율,0.22175,[수준] 가맹사업 업력,0.12681
BRD_20230076,2024,월드면,도소매,기타도소매,22.0,0.3199161116083873,0.6722611731593462,0.3125,0.8091633466135458,요주의,2,False,Medium,FS2,[업종상대] 계약종료 백분위,0.54452,[변화] 점포 증가율,0.13921,[업종상대] 실질 매출 증가율 백분위,-0.13096
BRD_20140530,2024,촘촘망,서비스,기타 서비스,16.0,0.31978824761513924,0.6722309402777532,0.3125,0.8087649402390438,건전,0,True,Medium,FS2,[구조] 지역당 평균 점포수,0.3818,[업종상대] 계약종료 백분위,0.25975,[변화] 점포 증가율,0.13758
BRD_20140400,2024,본래순대,외식,한식,51.0,0.3196603836218912,0.6722308873147751,0.3125,0.8083665338645418,건전,0,True,Medium,FS2,[업종상대] 계약종료 백분위,0.61964,[변화] 점포 증가율,0.31785,[추세] 점포 증가율 변동성,0.1212
BRD_20230774,2024,비상 딱풀리는수학,서비스,교육 (교과),376.0,0.3195325196286431,0.6721666839878064,0.3125,0.8079681274900399,요주의,1,False,Medium,FS2,[업종상대] 계약종료 백분위,0.50793,[수준] 평균매출,0.18205,[업종상대] 실질 매출 증가율 백분위,0.17157
BRD_20190156,2024,gre P&T,외식,분식,11.0,0.31940465563539505,0.6721535170413936,0.3125,0.8075697211155378,요주의,1,False,Medium,FS2,[업종상대] 계약종료 백분위,0.45722,[구조] 지역당 평균 점포수,0.27201,[변화] 점포 증가율,0.24489
BRD_20211990,2024,랑데자뷰(RENDEJAVOUS),외식,커피,25.0,0.319276791642147,0.6719390273629354,0.3125,0.8071713147410359,건전,0,True,Medium,FS2,[업종상대] 계약종료 백분위,0.66565,[변화] 점포 증가율,0.38865,[구조] 지역당 평균 점포수,0.21281
BRD_20230869,2024,밥에큐 치킨,외식,치킨,24.0,0.31914892764889896,0.6718680626643241,0.3125,0.8067729083665338,건전,0,True,Medium,FS2,[구조] 지역당 평균 점포수,0.37505,[업종상대] 실질 매출 증가율 백분위,0.18114,[수준] 평균매출,0.15312
BRD_20220217,2024,인생네컷,서비스,기타 서비스,312.0,0.3190210636556509,0.6717406005072807,0.3125,0.8063745019920319,요주의,2,False,Medium,FS2,[업종상대] 계약종료 백분위,0.62246,[변화] 점포 증가율,0.37663,[구조] 지역당 평균 점포수,-0.14387
BRD_20191322,2024,선식당,외식,서양식,21.0,0.3188931996624028,0.6716381865632854,0.3125,0.8059760956175299,건전,0,True,Medium,FS2,[업종상대] 계약종료 백분위,0.57128,[변화] 점포 증가율,0.34162,[추세] 점포 증가율 평균,0.22901
BRD_20170357,2024,어벤더치커피,외식,커피,32.0,0.31876533566915477,0.6714208082493901,0.3125,0.8055776892430279,요주의,2,False,Medium,FS2,[업종상대] 계약종료 백분위,0.68672,[변화] 점포 증가율,0.34467,[추세] 점포 증가율 평균,0.2284
BRD_20180253,2024,감성족발,외식,한식,23.0,0.3186374716759067,0.6713371548459853,0.3125,0.8051792828685259,요주의,1,False,Medium,FS2,[업종상대] 계약종료 백분위,0.60456,[구조] 지역당 평균 점포수,0.34221,[변화] 점포 증가율,0.29287
BRD_20191392,2024,경양카츠,외식,일식,37.0,0.3185096076826587,0.6711449290396172,0.3125,0.8047808764940239,요주의,1,False,Medium,FS2,[업종상대] 계약종료 백분위,0.31206,[변화] 점포 증가율,0.29295,[추세] 점포 증가율 평균,0.25815
BRD_20141066,2024,불스떡볶이,외식,분식,34.0,0.31838174368941063,0.6710303193679983,0.3125,0.8043824701195219,요주의,3,False,Medium,FS2,[업종상대] 계약종료 백분위,0.48976,[변화] 점포 증가율,0.29302,[추세] 점포 증가율 평균,0.2074
BRD_20100100426,2024,렌즈맨안경원,서비스,안경,11.0,0.31825387969616253,0.6710047998149311,0.3125,0.80398406374502,요주의,3,False,Medium,FS2,[업종상대] 계약종료 백분위,0.3991,[변화] 점포 증가율,0.28156,[구조] 지역당 평균 점포수,0.2806
BRD_20201507,2024,돈까스회관,외식,기타 외식,21.0,0.3181260157029145,0.6708533039791201,0.3125,0.8035856573705179,요주의,3,False,Medium,FS2,[업종상대] 계약종료 백분위,0.59064,[변화] 점포 증가율,0.27419,[수준] 브랜드 연차,-0.1431
BRD_20150650,2024,마미쿡,외식,패스트푸드,13.0,0.31799815170966644,0.6705411436579644,0.3125,0.803187250996016,건전,0,True,Medium,FS2,[구조] 지역당 평균 점포수,0.44752,[변화] 점포 증가율,0.24846,[추세] 점포 증가율 평균,0.22432
BRD_20080200109,2024,따삐오,외식,제과제빵,29.0,0.3178702877164184,0.6705034935828748,0.3125,0.8027888446215139,요주의,1,False,Medium,FS2,[업종상대] 계약종료 백분위,0.47247,[수준] 가맹사업 업력,-0.27363,[변화] 점포 증가율,0.25949
BRD_20211462,2024,킹카워시,서비스,자동차 관련,40.0,0.31774242372317035,0.6704929967560662,0.3125,0.802390438247012,요주의,1,False,Medium,FS2,[업종상대] 계약종료 백분위,0.55224,[구조] 지역당 평균 점포수,0.16548,[업종상대] 실질 매출 증가율 백분위,0.13951
BRD_20181310,2024,소풍경,외식,분식,8.0,0.31761455972992225,0.6697317287199619,0.3125,0.80199203187251,요주의,2,False,Medium,FS2,[업종상대] 계약종료 백분위,0.48025,[구조] 지역당 평균 점포수,0.29949,[구조] 지역 집중도(HHI) 전년비 변화,-0.2853
BRD_20180630,2024,문토스트,외식,기타 외식,24.0,0.3174866957366742,0.6695941794459972,0.3125,0.801593625498008,건전,0,True,Medium,FS2,[업종상대] 계약종료 백분위,0.65154,[변화] 점포 증가율,0.3141,[추세] 면적당매출 평균,0.1972
BRD_20171319,2024,테트리스찜닭,외식,치킨,49.0,0.31735883174342616,0.6695408741232258,0.3125,0.801195219123506,요주의,1,False,Medium,FS2,[추세] 점포 증가율 평균,0.33592,[변화] 점포 증가율,0.3021,[업종상대] 계약종료 백분위,0.24383
BRD_20160097,2024,램플러스,외식,기타 외국식,6.0,0.3172309677501781,0.6694094111604364,0.3125,0.8007968127490039,요주의,1,False,Medium,FS2,[업종상대] 계약종료 백분위,0.44573,[구조] 지역당 평균 점포수,0.3402,[변화] 점포 증가율,0.28505
BRD_20214168,2024,폴라 스튜디오,서비스,기타 서비스,43.0,0.31710310375693007,0.6685318442767385,0.3125,0.800398406374502,건전,0,True,Medium,FS2,[업종상대] 계약종료 백분위,0.59569,[구조] 지역당 평균 점포수,0.14647,[수준] 가맹사업 업력,0.11227
BRD_20201620,2024,포슈아,외식,기타 외국식,29.0,0.31697523976368197,0.6684949985562535,0.3125,0.8,요주의,2,False,Medium,FS2,[업종상대] 계약종료 백분위,0.53243,[변화] 점포 증가율,0.24861,[수준] 가맹사업 업력,0.1228
BRD_20230713,2024,짬스형퓨전짬뽕,외식,중식,17.0,0.3168473757704339,0.6682492013175653,0.3125,0.799601593625498,요주의,3,False,Medium,FS2,[업종상대] 계약종료 백분위,0.58913,[변화] 점포 증가율,0.24814,[업종상대] 실질 매출 증가율 백분위,-0.14406
BRD_20230846,2024,스튜디오808,서비스,기타 서비스,34.0,0.3167195117771859,0.6682479729555827,0.3125,0.799203187250996,요주의,1,False,Medium,FS2,[업종상대] 계약종료 백분위,0.47304,[업종상대] 실질 매출 증가율 백분위,0.18227,[구조] 지역당 평균 점포수,0.16564
BRD_20190063,2024,One&Two깻잎두마리치킨,외식,치킨,11.0,0.31659164778393784,0.6682326398234169,0.3125,0.798804780876494,요주의,2,False,Medium,FS2,[업종상대] 계약종료 백분위,0.59611,[구조] 지역 집중도(HHI) 전년비 변화,-0.28131,[변화] 점포 증가율,0.21664
BRD_20230229,2024,밥튜브,외식,한식,128.0,0.31646378379068973,0.6676011611778039,0.3125,0.798406374501992,건전,0,True,Medium,FS2,[변화] 점포 증가율,0.29126,[업종상대] 계약종료 백분위,0.19379,[업종상대] 실질 매출 증가율 백분위,0.1936
BRD_20210788,2024,석바위토스트,외식,분식,6.0,0.3163359197974417,0.6661900816807007,0.3125,0.7980079681274901,요주의,2,False,Medium,FS2,[업종상대] 계약종료 백분위,0.50187,[구조] 지역당 평균 점포수,0.32362,[변화] 점포 증가율,0.30203
BRD_20200425,2024,정온달집,외식,한식,15.0,0.31620805580419364,0.6661227965681161,0.3125,0.797609561752988,요주의,2,False,Medium,FS2,[업종상대] 계약종료 백분위,0.63079,[변화] 점포 증가율,0.313,[구조] 지역당 평균 점포수,0.19636
BRD_20171388,2024,카스페이스(CAR SPACE),서비스,자동차 관련,34.0,0.3160801918109456,0.6661108231027575,0.3125,0.7972111553784861,요주의,2,False,Medium,FS2,[업종상대] 계약종료 백분위,0.53237,[변화] 점포 증가율,0.27694,[구조] 지역당 평균 점포수,0.19847
BRD_20130100132,2024,국사랑,외식,한식,20.0,0.31595232781769755,0.665936563561382,0.3125,0.796812749003984,요주의,1,False,Medium,FS2,[업종상대] 계약종료 백분위,0.50185,[변화] 점포 증가율,0.31495,[구조] 지역당 평균 점포수,0.29306
BRD_20170147,2024,마성떡볶이,외식,분식,31.0,0.31582446382444945,0.6658211594642466,0.3125,0.7964143426294821,건전,0,True,Medium,FS2,[업종상대] 계약종료 백분위,0.65118,[변화] 점포 증가율,0.38197,[구조] 지역당 평균 점포수,0.25318
BRD_20210552,2024,육만사,외식,한식,84.0,0.3156965998312014,0.6657783869950529,0.3125,0.7960159362549801,요주의,1,False,Medium,FS2,[업종상대] 계약종료 백분위,0.46329,[추세] 면적당매출 평균,0.2015,[업종상대] 실질 매출 증가율 백분위,-0.14524
BRD_20200686,2024,치교치밥&치킨,외식,기타 외식,64.0,0.31556873583795336,0.6657109326236087,0.3125,0.7956175298804781,요주의,2,False,Medium,FS2,[업종상대] 계약종료 백분위,0.53386,[변화] 점포 증가율,0.28769,[추세] 점포 증가율 평균,0.22805
BRD_20110100110,2024,오렌지팟,도소매,기타도소매,34.0,0.3154408718447053,0.6655714227039733,0.3125,0.7952191235059761,요주의,1,False,Medium,FS2,[업종상대] 계약종료 백분위,0.43455,[구조] 지역당 평균 점포수,0.30401,[변화] 점포 증가율,0.26409
BRD_20201607,2024,글라스미,서비스,안경,61.0,0.31531300785145727,0.6655230535803555,0.3125,0.7948207171314741,건전,0,True,Medium,FS2,[추세] 면적당매출 평균,0.36297,[추세] 매출 증가율 변동성,0.16998,[추세] 매출 증가율 평균,0.16302
BRD_20230924,2024,고기듬뿍국물두루치기,외식,한식,159.0,0.31518514385820917,0.6654650171887262,0.3125,0.7944223107569721,건전,0,True,Medium,FS2,[업종상대] 계약종료 백분위,0.53379,[업종상대] 실질 매출 증가율 백분위,0.23274,[구조] 지역당 평균 점포수,-0.14128
BRD_20100400012,2024,미스터파파임실치즈피자,외식,피자,9.0,0.3150572798649611,0.6652757307286499,0.3125,0.7940239043824702,요주의,2,False,Medium,FS2,[업종상대] 계약종료 백분위,0.48295,[구조] 지역당 평균 점포수,0.30082,[변화] 점포 증가율,0.22458
BRD_20151176,2024,빙달,외식,아이스크림/빙수,35.0,0.3149294158717131,0.6651616893134242,0.3125,0.7936254980079681,건전,0,True,Medium,FS2,[추세] 매출 증가율 평균,0.20072,[추세] 점포 증가율 변동성,0.14467,[업종상대] 계약종료 백분위,0.14067
BRD_20191403,2024,와플칸,외식,기타 외식,85.0,0.31480155187846504,0.6647848520688989,0.3125,0.7932270916334662,요주의,1,False,Medium,FS2,[업종상대] 계약종료 백분위,0.66193,[변화] 점포 증가율,0.30192,[추세] 점포 증가율 평균,0.22608
BRD_20120100433,2024,내추럴하우스바이올가,도소매,기타도소매,8.0,0.314673687885217,0.6647805625940072,0.3125,0.7928286852589641,요주의,3,False,Medium,FS2,[업종상대] 계약종료 백분위,0.45559,[구조] 지역당 평균 점포수,0.31447,[변화] 점포 증가율,0.28466
BRD_20130422,2024,단물곤물,외식,한식,4.0,0.3145458238919689,0.6647269706146538,0.3125,0.7924302788844622,건전,0,True,Medium,FS2,[구조] 지역당 평균 점포수,0.3768,[추세] 점포 증가율 평균,0.24176,[업종상대] 실질 매출 증가율 백분위,0.19117
BRD_20080100408,2024,리딩타운어학원,서비스,교육 (외국어),7.0,0.31441795989872084,0.6647204097826678,0.3125,0.7920318725099602,요주의,1,False,Medium,FS2,[업종상대] 계약종료 백분위,0.43494,[구조] 지역당 평균 점포수,0.31865,[추세] 점포 증가율 평균,0.19433
BRD_20120100032,2024,케이닥터바디시스템,서비스,스포츠 관련,16.0,0.3142900959054728,0.6644670217968914,0.3125,0.7916334661354582,건전,0,True,Medium,FS2,[구조] 지역당 평균 점포수,0.38257,[추세] 점포 증가율 평균,0.20632,[업종상대] 실질 매출 증가율 백분위,0.183
BRD_20213988,2024,정직김치찜,외식,한식,1.0,0.31416223191222475,0.6644433874653864,0.3125,0.7912350597609562,요주의,2,False,Medium,FS2,[업종상대] 계약종료 백분위,0.50532,[구조] 지역당 평균 점포수,0.2675,[변화] 점포 증가율,0.2662
BRD_20080100085,2024,나뚜루,외식,아이스크림/빙수,19.0,0.31403436791897665,0.6642479602537266,0.3125,0.7908366533864541,요주의,1,False,Medium,FS2,[업종상대] 계약종료 백분위,0.47947,[구조] 지역당 평균 점포수,0.33851,[변화] 점포 증가율,0.30311
BRD_20210129,2024,제육폭식,외식,한식,5.0,0.3139065039257286,0.6642204071468255,0.3125,0.7904382470119522,요주의,3,False,Medium,FS2,[업종상대] 계약종료 백분위,0.40871,[구조] 지역 집중도(HHI) 전년비 변화,-0.28676,[구조] 지역당 평균 점포수,0.27754
BRD_20220096,2024,경아식당,외식,한식,24.0,0.31377863993248056,0.664108908283458,0.3125,0.7900398406374503,요주의,1,False,Medium,FS2,[업종상대] 계약종료 백분위,0.58786,[변화] 점포 증가율,0.29669,[구조] 지역당 평균 점포수,0.21999
BRD_20201339,2024,마요네즈 (mayonnaise),외식,일식,29.0,0.3136507759392325,0.6638523251229158,0.3125,0.7896414342629482,요주의,2,False,Medium,FS2,[업종상대] 계약종료 백분위,0.51495,[구조] 지역당 평균 점포수,0.38589,[변화] 점포 증가율,0.31521
BRD_20100100298,2024,유천냉면,외식,기타 외식,7.0,0.3135229119459845,0.663723339802065,0.3125,0.7892430278884462,요주의,2,False,Medium,FS2,[업종상대] 계약종료 백분위,0.40439,[구조] 지역당 평균 점포수,0.36532,[변화] 점포 증가율,0.29065
BRD_20190266,2024,바디채널(BODYCHANNEL),서비스,스포츠 관련,24.0,0.31339504795273637,0.6635861426028062,0.3125,0.7888446215139442,요주의,3,False,Medium,FS2,[업종상대] 계약종료 백분위,0.67066,[변화] 점포 증가율,0.29439,[수준] 면적당매출,0.16887
BRD_20120100595,2024,못말리는파닭,외식,치킨,23.0,0.3132671839594883,0.6634326022137553,0.3125,0.7884462151394422,요주의,1,False,Medium,FS2,[업종상대] 계약종료 백분위,0.39506,[구조] 지역당 평균 점포수,0.2418,[변화] 점포 증가율,0.19733
BRD_20140118,2024,요미요미(YOMIyomi),서비스,기타 교육,27.0,0.3131393199662403,0.6633676800363847,0.3125,0.7880478087649403,건전,0,True,Medium,FS2,[추세] 점포 증가율 평균,0.24547,[업종상대] 실질 매출 증가율 백분위,0.22105,[변화] 점포 증가율,0.13996
BRD_20080100329,2024,브레인스쿨,서비스,교육 (교과),33.0,0.31301145597299224,0.663363220520977,0.3125,0.7876494023904382,건전,0,True,Medium,FS2,[구조] 지역당 평균 점포수,0.34635,[업종상대] 계약종료 백분위,0.28538,[추세] 면적당매출 평균,0.22443
BRD_20120100542,2024,YANKEE CANDLE(양키캔들),도소매,기타도소매,31.0,0.3128835919797442,0.6628218861980253,0.3125,0.7872509960159363,요주의,3,False,Medium,FS2,[업종상대] 계약종료 백분위,0.39607,[변화] 점포 증가율,0.28617,[구조] 지역당 평균 점포수,0.28438
BRD_20190978,2024,한끼한죽,외식,한식,64.0,0.3127557279864961,0.6627442594885764,0.3125,0.7868525896414342,요주의,3,False,Medium,FS2,[업종상대] 계약종료 백분위,0.5488,[변화] 점포 증가율,0.2882,[수준] 브랜드 연차,-0.14598
BRD_20212320,2024,밥깨비,외식,한식,39.0,0.31262786399324805,0.6623750038699753,0.3125,0.7864541832669323,평가불가,0,False,Medium,FS2,[추세] 점포 증가율 평균,0.28307,[구조] 지역당 평균 점포수,0.21359,[업종상대] 계약종료 백분위,-0.20931
BRD_20191113,2024,1970새마을포차,외식,주점,3.0,0.3125,0.662273135331106,0.3125,0.7860557768924302,요주의,2,False,Medium,FS2,[업종상대] 계약종료 백분위,0.43196,[구조] 지역당 평균 점포수,0.2851,[구조] 지역 집중도(HHI) 전년비 변화,-0.25587
BRD_20171201,2024,치킨과 바람피자,외식,치킨,18.0,0.31237213600675195,0.6621941510851651,0.3125,0.7856573705179283,요주의,2,False,Medium,FS2,[업종상대] 계약종료 백분위,0.63507,[변화] 점포 증가율,0.32612,[추세] 점포 증가율 평균,0.22584
BRD_20110100457,2024,더기발한치킨(The기발한치킨),외식,치킨,9.0,0.3122442720135039,0.6620546726009057,0.3125,0.7852589641434263,건전,0,True,Medium,FS2,[추세] 점포 증가율 평균,0.30168,[업종상대] 실질 매출 증가율 백분위,0.20684,[업종상대] 계약종료 백분위,-0.18402
BRD_20130067,2024,국선생,도소매,기타도소매,44.0,0.3121164080202558,0.6619448912847448,0.3125,0.7848605577689243,건전,0,True,Medium,FS2,[업종상대] 계약종료 백분위,0.66381,[변화] 점포 증가율,0.32576,[추세] 점포 증가율 평균,0.27638
BRD_20130121,2024,펫클럽,도소매,종합소매점,39.0,0.31198854402700776,0.6618312840846169,0.3125,0.7844621513944223,요주의,1,False,Medium,FS2,[업종상대] 계약종료 백분위,0.565,[변화] 점포 증가율,0.33224,[구조] 지역당 평균 점포수,0.19759
BRD_20230146,2024,국밥은이거지,외식,한식,52.0,0.3118606800337597,0.661516763398993,0.3125,0.7840637450199203,요주의,1,False,Medium,FS2,[업종상대] 계약종료 백분위,0.53197,[업종상대] 실질 매출 증가율 백분위,0.14509,[구조] 지역당 평균 점포수,0.1135
BRD_20170132,2024,바푸리pho베트남쌀국수,외식,기타 외식,2.0,0.3117328160405117,0.6610860000229226,0.3125,0.7836653386454183,요주의,3,False,Medium,FS2,[업종상대] 계약종료 백분위,0.46171,[구조] 지역당 평균 점포수,0.33635,[변화] 점포 증가율,0.32558
BRD_20180618,2024,헤어아떼,서비스,이미용,6.0,0.31160495204726363,0.6609726977761808,0.3125,0.7832669322709164,요주의,1,False,Medium,FS2,[업종상대] 계약종료 백분위,0.45316,[구조] 지역당 평균 점포수,0.32308,[추세] 점포 증가율 평균,0.1814
BRD_20211241,2024,양마니찌개마을,외식,한식,29.0,0.3114770880540155,0.660629159947198,0.3125,0.7828685258964143,건전,0,True,Medium,FS2,[구조] 지역당 평균 점포수,0.41774,[추세] 면적당매출 평균,0.24681,[추세] 매출 증가율 평균,0.12074
BRD_20130100119,2024,예스셈,서비스,기타 교육,71.0,0.3113492240607675,0.660549574514362,0.3125,0.7824701195219124,요주의,1,False,Medium,FS2,[업종상대] 계약종료 백분위,0.6084,[변화] 점포 증가율,0.27801,[추세] 점포 증가율 평균,0.23342
BRD_20080100092,2024,엘리팝,외식,주점,32.0,0.31122136006751944,0.6605275939219103,0.3125,0.7820717131474103,요주의,1,False,Medium,FS2,[업종상대] 계약종료 백분위,0.38621,[변화] 점포 증가율,0.2457,[수준] 가맹사업 업력,-0.19566
BRD_20150366,2024,바오밥(BAOBAB),외식,기타 외식,6.0,0.3110934960742714,0.6602564327629585,0.3125,0.7816733067729084,요주의,1,False,Medium,FS2,[업종상대] 계약종료 백분위,0.42622,[변화] 점포 증가율,0.32107,[구조] 지역당 평균 점포수,0.30094
BRD_20170227,2024,오르새피자,외식,피자,33.0,0.3109656320810233,0.6602320579001415,0.3125,0.7812749003984064,요주의,2,False,Medium,FS2,[업종상대] 계약종료 백분위,0.76495,[변화] 점포 증가율,0.33531,[수준] 브랜드 연차,-0.10401
BRD_20210564,2024,피자스웨그,외식,피자,24.0,0.31083776808777525,0.6601422341104412,0.3125,0.7808764940239044,평가불가,0,False,Medium,FS2,[구조] 지역당 평균 점포수,0.40656,[업종상대] 계약종료 백분위,-0.19789,[업종상대] 실질 매출 증가율 백분위,0.19158
BRD_20080100060,2024,얼짱몸짱,서비스,이미용,8.0,0.3107099040945272,0.6600942270188097,0.3125,0.7804780876494024,요주의,2,False,Medium,FS2,[업종상대] 계약종료 백분위,0.70086,[변화] 점포 증가율,0.29556,[구조] 지역 집중도(HHI) 전년비 변화,-0.24421
BRD_20140651,2024,투존치킨,외식,치킨,19.0,0.31058204010127916,0.6597251192607158,0.3125,0.7800796812749003,요주의,3,False,Medium,FS2,[업종상대] 계약종료 백분위,0.3899,[구조] 지역당 평균 점포수,0.2931,[변화] 점포 증가율,0.26275
BRD_20200969,2024,청년고기장수,외식,한식,48.0,0.3104541761080311,0.6594097697978257,0.3125,0.7796812749003984,건전,0,True,Medium,FS2,[업종상대] 계약종료 백분위,0.51583,[추세] 매출 증가율 평균,0.17944,[추세] 면적당매출 평균,0.13204
BRD_20080100464,2024,아이스빈(ICE BEAN),외식,아이스크림/빙수,7.0,0.310326312114783,0.6593097734607546,0.3125,0.7792828685258965,요주의,2,False,Medium,FS2,[업종상대] 계약종료 백분위,0.43618,[구조] 지역당 평균 점포수,0.28246,[변화] 점포 증가율,0.2151
BRD_20150411,2024,이바돔 외식 Family,외식,한식,6.0,0.31019844812153496,0.6589177298938319,0.3125,0.7788844621513944,건전,0,True,Medium,FS2,[구조] 지역당 평균 점포수,0.40531,[변화] 점포 증가율,0.30142,[업종상대] 계약종료 백분위,0.2635
BRD_20080100485,2024,르호봇,서비스,기타 서비스,15.0,0.3100705841282869,0.6588795821562716,0.3125,0.7784860557768924,요주의,2,False,Medium,FS2,[업종상대] 계약종료 백분위,0.64234,[변화] 점포 증가율,0.33648,[추세] 점포 증가율 평균,0.2078
BRD_20160171,2024,마싰는끼니,외식,일식,17.0,0.3099427201350389,0.6586810394481578,0.3125,0.7780876494023904,요주의,1,False,Medium,FS2,[업종상대] 계약종료 백분위,0.51037,[구조] 지역당 평균 점포수,0.36964,[수준] 브랜드 연차,-0.16971
BRD_20171211,2024,노가리슈퍼,외식,주점,15.0,0.30981485614179083,0.6585729280647029,0.3125,0.7776892430278884,건전,0,True,Medium,FS2,[변화] 점포 증가율,0.28207,[추세] 점포 증가율 평균,0.23682,[추세] 면적당매출 평균,0.15285
BRD_20200872,2024,행진푸드,외식,한식,19.0,0.30968699214854273,0.65839952855439,0.3125,0.7772908366533865,요주의,1,False,Medium,FS2,[업종상대] 계약종료 백분위,0.55416,[변화] 점포 증가율,0.32216,[추세] 점포 증가율 평균,0.21572
BRD_20201121,2024,"챙길,밥",외식,한식,41.0,0.3095591281552947,0.6581635973678608,0.3125,0.7768924302788844,요주의,2,False,Medium,FS2,[업종상대] 계약종료 백분위,0.49336,[변화] 점포 증가율,0.29137,[추세] 점포 증가율 평균,0.19689
BRD_20150449,2024,유가네한우곰탕,외식,한식,65.0,0.30943126416204664,0.6578565754501506,0.3125,0.7764940239043825,건전,0,True,Medium,FS2,[업종상대] 계약종료 백분위,0.51912,[추세] 매출 증가율 평균,0.1582,[추세] 면적당매출 평균,0.1507
BRD_20080200005,2024,호아빈,외식,기타 외국식,13.0,0.3093034001687986,0.6578520031869393,0.3125,0.7760956175298804,건전,0,True,Medium,FS2,[업종상대] 계약종료 백분위,0.46038,[구조] 지역당 평균 점포수,0.33584,[변화] 점포 증가율,0.31378
BRD_20110100132,2024,치킨678,외식,기타 외식,22.0,0.30917553617555055,0.6575754136907915,0.3125,0.7756972111553785,건전,0,True,Medium,FS2,[구조] 지역당 평균 점포수,0.44963,[변화] 점포 증가율,0.30247,[추세] 점포 증가율 평균,0.26306
BRD_20180153,2024,노마진아이스크림할인점,도소매,기타도소매,15.0,0.30904767218230245,0.6569782070539953,0.3125,0.7752988047808765,요주의,2,False,Medium,FS2,[업종상대] 계약종료 백분위,0.52419,[구조] 지역당 평균 점포수,0.27404,[변화] 점포 증가율,0.25817
BRD_20130100465,2024,바푸리,외식,분식,23.0,0.3089198081890544,0.6569367009177536,0.3125,0.7749003984063745,건전,0,True,Medium,FS2,[구조] 지역당 평균 점포수,0.52175,[변화] 점포 증가율,0.35305,[추세] 점포 증가율 평균,0.24845
BRD_20190651,2024,국가대패,외식,한식,15.0,0.30879194419580636,0.6566389135915336,0.3125,0.7745019920318725,건전,0,True,Medium,FS2,[업종상대] 계약종료 백분위,0.56546,[변화] 점포 증가율,0.31332,[추세] 점포 증가율 평균,0.22417
BRD_20160729,2024,피에스타PC방,서비스,PC방,19.0,0.3086640802025583,0.656543485099325,0.3125,0.7741035856573705,요주의,2,False,Medium,FS2,[업종상대] 계약종료 백분위,0.46799,[변화] 점포 증가율,0.31455,[구조] 지역 집중도(HHI) 전년비 변화,-0.28634
BRD_20220318,2024,다짐필라테스,서비스,스포츠 관련,15.0,0.30853621620931027,0.65603708558659,0.3125,0.7737051792828685,요주의,3,False,Medium,FS2,[업종상대] 계약종료 백분위,0.471,[변화] 점포 증가율,0.31179,[업종상대] 실질 매출 증가율 백분위,-0.12055
BRD_20200032,2024,명랑부대찌개&낙곱새,외식,한식,63.0,0.30840835221606216,0.6558598604309636,0.3125,0.7733067729083666,건전,0,True,Medium,FS2,[추세] 면적당매출 평균,0.34645,[추세] 매출 증가율 평균,0.21035,[추세] 매출 증가율 변동성,0.19177
BRD_20211845,2024,파스타딜리,외식,서양식,14.0,0.3082804882228141,0.655757772339538,0.3125,0.7729083665338645,요주의,3,False,Medium,FS2,[업종상대] 계약종료 백분위,0.45041,[구조] 지역당 평균 점포수,0.30574,[변화] 점포 증가율,0.26332
BRD_20180804,2024,미스터빠삭,외식,기타 외식,58.0,0.3081526242295661,0.6557348041727958,0.3125,0.7725099601593626,건전,0,True,Medium,FS2,[업종상대] 계약종료 백분위,0.70122,[변화] 점포 증가율,0.35078,[구조] 지역당 평균 점포수,0.14573
BRD_20191218,2024,은하별,외식,서양식,16.0,0.30802476023631803,0.6557000639710256,0.3125,0.7721115537848605,요주의,1,False,Medium,FS2,[업종상대] 계약종료 백분위,0.52532,[변화] 점포 증가율,0.29469,[추세] 점포 증가율 평균,0.19984
BRD_20160577,2024,커피코트,외식,커피,5.0,0.30789689624306993,0.6556597197673044,0.3125,0.7717131474103586,요주의,2,False,Medium,FS2,[업종상대] 계약종료 백분위,0.63458,[구조] 지역당 평균 점포수,0.35055,[변화] 점포 증가율,0.33351
BRD_20211504,2024,과일에반하다.프루타,외식,음료 (커피 외),48.0,0.3077690322498219,0.655657799632104,0.3125,0.7713147410358566,건전,0,True,Medium,FS2,[업종상대] 계약종료 백분위,0.60468,[변화] 점포 증가율,0.36941,[추세] 점포 증가율 변동성,0.12625
BRD_20212322,2024,와우당 냉면,외식,한식,77.0,0.30764116825657384,0.6556546828899183,0.3125,0.7709163346613546,요주의,1,False,Medium,FS2,[업종상대] 계약종료 백분위,0.54635,[추세] 점포 증가율 변동성,0.12863,[업종상대] 실질 매출 증가율 백분위,0.11609
BRD_20211609,2024,코브라독스,외식,패스트푸드,28.0,0.3075133042633258,0.6556321227499295,0.3125,0.7705179282868526,요주의,1,False,Medium,FS2,[업종상대] 계약종료 백분위,0.5477,[구조] 지역당 평균 점포수,0.18542,[업종상대] 실질 매출 증가율 백분위,0.15022
BRD_20212206,2024,배통,외식,치킨,31.0,0.30738544027007775,0.6555690089971329,0.3125,0.7701195219123506,요주의,1,False,Medium,FS2,[업종상대] 계약종료 백분위,0.53062,[추세] 면적당매출 평균,0.18972,[구조] 지역당 평균 점포수,0.18008
BRD_20190251,2024,훗스테이크,외식,서양식,14.0,0.30725757627682965,0.6555416136304085,0.3125,0.7697211155378486,건전,0,True,Medium,FS2,[업종상대] 계약종료 백분위,0.48073,[구조] 지역당 평균 점포수,0.38377,[변화] 점포 증가율,0.3223
BRD_20200884,2024,돈짝,외식,한식,11.0,0.3071297122835816,0.6553926900384864,0.3125,0.7693227091633467,요주의,2,False,Medium,FS2,[업종상대] 계약종료 백분위,0.53193,[구조] 지역당 평균 점포수,0.39665,[변화] 점포 증가율,0.33296
BRD_20214931,2024,탕참탕수육참잘하는집,외식,중식,164.0,0.30700184829033356,0.6553056502202754,0.3125,0.7689243027888446,요주의,2,False,Medium,FS2,[업종상대] 계약종료 백분위,0.64596,[변화] 점포 증가율,0.35028,[구조] 지역당 평균 점포수,-0.17553
BRD_20212985,2024,파스타에반하다,외식,서양식,65.0,0.3068739842970855,0.6553004060200889,0.3125,0.7685258964143427,건전,0,True,Medium,FS2,[업종상대] 계약종료 백분위,0.26041,[변화] 점포 증가율,0.22998,[수준] 가맹사업 업력,0.13292
BRD_20220298,2024,샬로우커피,외식,커피,24.0,0.30674612030383747,0.6552548689907584,0.3125,0.7681274900398406,요주의,1,False,Medium,FS2,[업종상대] 계약종료 백분위,0.57969,[구조] 지역당 평균 점포수,0.17884,[수준] 가맹사업 업력,0.09871
BRD_20200505,2024,치교치킨,외식,치킨,25.0,0.30661825631058937,0.6551558066557497,0.3125,0.7677290836653387,요주의,2,False,Medium,FS2,[구조] 지역당 평균 점포수,0.34606,[변화] 점포 증가율,0.29823,[추세] 점포 증가율 평균,0.211
BRD_20210194,2024,오지버거,외식,패스트푸드,25.0,0.3064903923173413,0.6551555133269586,0.3125,0.7673306772908367,건전,0,True,Medium,FS2,[업종상대] 계약종료 백분위,0.7795,[구조] 지역당 평균 점포수,0.16854,[업종상대] 점포 증가율 백분위,-0.11587
BRD_20201844,2024,샐러바웃,외식,기타 외식,26.0,0.3063625283240933,0.6547755522677701,0.3125,0.7669322709163346,건전,0,True,Medium,FS2,[구조] 지역당 평균 점포수,0.44488,[업종상대] 계약종료 백분위,0.28272,[변화] 점포 증가율,0.27302
BRD_20190585,2024,피자 비토랩,외식,피자,21.0,0.30623466433084523,0.6541298560599857,0.3125,0.7665338645418327,건전,0,True,Medium,FS2,[변화] 점포 증가율,0.31969,[추세] 점포 증가율 변동성,0.17922,[추세] 면적당매출 평균,0.16768
BRD_20212147,2024,찌웅이네숯불두마리치킨,외식,치킨,13.0,0.3061068003375972,0.6537974398363605,0.3125,0.7661354581673306,요주의,3,False,Medium,FS2,[업종상대] 계약종료 백분위,0.43567,[구조] 지역당 평균 점포수,0.31276,[구조] 지역 집중도(HHI) 전년비 변화,-0.28877
BRD_20221116,2024,포토스트리트 warm&cool,서비스,기타 서비스,32.0,0.3059789363443491,0.653777131845895,0.3125,0.7657370517928287,건전,0,True,Medium,FS2,[업종상대] 계약종료 백분위,0.60457,[구조] 지역당 평균 점포수,0.14982,[업종상대] 점포 증가율 백분위,-0.1011
BRD_20150297,2024,오토앤(auto&),서비스,자동차 관련,34.0,0.30585107235110104,0.6535669246011804,0.3125,0.7653386454183267,요주의,1,False,Medium,FS2,[구조] 지역당 평균 점포수,0.40518,[업종상대] 계약종료 백분위,0.24882,[변화] 점포 증가율,0.14299
BRD_20230311,2024,영재들의미술상자,서비스,교육 (교과),67.0,0.305723208357853,0.6533734415291936,0.3125,0.7649402390438247,요주의,1,False,Medium,FS2,[업종상대] 계약종료 백분위,0.60106,[수준] 가맹사업 업력,-0.22913,[추세] 점포 증가율 변동성,0.13894
BRD_20150087,2024,선굼터,외식,기타 외식,19.0,0.30559534436460495,0.6531973834772187,0.3125,0.7645418326693227,건전,0,True,Medium,FS2,[구조] 지역당 평균 점포수,0.38549,[변화] 점포 증가율,0.24939,[업종상대] 실질 매출 증가율 백분위,0.14308
BRD_20190945,2024,고품격커피공장,외식,커피,24.0,0.3054674803713569,0.6531971747157903,0.3125,0.7641434262948207,요주의,2,False,Medium,FS2,[업종상대] 계약종료 백분위,0.722,[변화] 점포 증가율,0.34224,[수준] 평균매출,0.15793
BRD_20200586,2024,오유미당,외식,기타 외국식,39.0,0.3053396163781088,0.6531208926393691,0.3125,0.7637450199203187,건전,0,True,Medium,FS2,[업종상대] 계약종료 백분위,0.62203,[변화] 점포 증가율,0.33354,[구조] 지역당 평균 점포수,0.24425
BRD_20110100562,2024,전설의짬뽕,외식,중식,9.0,0.30521175238486076,0.6531069539740503,0.3125,0.7633466135458168,요주의,1,False,Medium,FS2,[업종상대] 계약종료 백분위,0.4997,[추세] 점포 증가율 평균,0.24506,[변화] 점포 증가율,0.24235
BRD_20170214,2024,청춘감성쌀핫도그,외식,기타 외식,33.0,0.3050838883916127,0.6528649237715438,0.3125,0.7629482071713147,건전,0,True,Medium,FS2,[추세] 점포 증가율 평균,0.33119,[변화] 점포 증가율,0.3129,[구조] 지역당 평균 점포수,0.2843
BRD_20215423,2024,5일장햄버거,외식,기타 외식,22.0,0.30495602439836467,0.6526890409491474,0.3125,0.7625498007968128,평가불가,0,False,Medium,FS2,[구조] 지역당 평균 점포수,0.37124,[업종상대] 계약종료 백분위,-0.21626,[업종상대] 실질 매출 증가율 백분위,0.19136
BRD_20160030,2024,수철이네왕새우튀김,외식,분식,10.0,0.3048281604051166,0.652670263015111,0.3125,0.7621513944223107,건전,0,True,Medium,FS2,[변화] 점포 증가율,0.34707,[업종상대] 계약종료 백분위,0.31252,[추세] 점포 증가율 평균,0.24931
BRD_20221447,2024,이바우국밥,외식,한식,56.0,0.3047002964118685,0.6526476006973484,0.3125,0.7617529880478088,요주의,2,False,Medium,FS2,[업종상대] 계약종료 백분위,0.56102,[구조] 지역당 평균 점포수,0.15361,[수준] 가맹사업 업력,0.12291
BRD_20181209,2024,차얌,외식,음료 (커피 외),64.0,0.3045724324186205,0.6524953102725399,0.3125,0.7613545816733067,요주의,1,False,Medium,FS2,[업종상대] 계약종료 백분위,0.54425,[변화] 점포 증가율,0.32662,[추세] 점포 증가율 평균,0.20275
BRD_20141226,2024,아뜰리에뷰티아카데미,서비스,기타 교육,27.0,0.30444456842537243,0.6521101727394101,0.3125,0.7609561752988048,요주의,1,False,Medium,FS2,[업종상대] 계약종료 백분위,0.4172,[구조] 지역당 평균 점포수,0.3245,[추세] 면적당매출 평균,0.20948
BRD_20211456,2024,동두천솥뚜껑삼겹살,외식,한식,23.0,0.3043167044321244,0.6520542593814022,0.3125,0.7605577689243028,요주의,1,False,Medium,FS2,[업종상대] 계약종료 백분위,0.28666,[추세] 점포 증가율 평균,0.2282,[추세] 점포 증가율 변동성,0.13159
BRD_20160417,2024,핵스테이크,외식,기타 외국식,4.0,0.3041888404388763,0.6517840973742058,0.3125,0.7601593625498008,건전,0,True,Medium,FS2,[업종상대] 계약종료 백분위,0.46268,[구조] 지역당 평균 점포수,0.31284,[변화] 점포 증가율,0.28251
BRD_20181303,2024,투가이즈(TWO GUYS),외식,치킨,22.0,0.30406097644562824,0.6515565971097164,0.3125,0.7597609561752988,요주의,1,False,Medium,FS2,[업종상대] 계약종료 백분위,0.74599,[변화] 점포 증가율,0.35501,[구조] 지역당 평균 점포수,0.17757
BRD_20110100228,2024,아리가또맘마,외식,기타 외국식,14.0,0.3039331124523802,0.6513639215330729,0.3125,0.7593625498007968,요주의,1,False,Medium,FS2,[업종상대] 계약종료 백분위,0.55865,[변화] 점포 증가율,0.29269,[추세] 점포 증가율 평균,0.29055
BRD_20180986,2024,김형제고기의철학,외식,한식,45.0,0.30380524845913215,0.6511828589374018,0.3125,0.7589641434262948,요주의,1,False,Medium,FS2,[업종상대] 계약종료 백분위,0.72528,[변화] 점포 증가율,0.32246,[구조] 지역당 평균 점포수,0.16389
BRD_20213039,2024,풍덕천 두꺼비집,외식,주점,27.0,0.3036773844658841,0.6510606155797362,0.3125,0.7585657370517929,건전,0,True,Medium,FS2,[업종상대] 계약종료 백분위,0.52534,[추세] 매출 증가율 평균,0.15587,[구조] 개점-종료 격차,-0.13562
BRD_20200044,2024,갓샐러드&갓요거트,외식,기타 외국식,9.0,0.303549520472636,0.6508351166609265,0.3125,0.7581673306772908,요주의,3,False,Medium,FS2,[업종상대] 계약종료 백분위,0.53125,[변화] 점포 증가율,0.29118,[구조] 지역 집중도(HHI) 전년비 변화,-0.2509
BRD_20181228,2024,ANADEN(아나덴),서비스,기타 서비스,114.0,0.30342165647938796,0.6504676584317709,0.3125,0.7577689243027889,건전,0,True,Medium,FS2,[업종상대] 계약종료 백분위,0.63109,[변화] 점포 증가율,0.33695,[수준] 브랜드 연차,-0.11173
BRD_20150737,2024,이투스24/7,서비스,교육 (교과),57.0,0.3032937924861399,0.6502719662323722,0.3125,0.7573705179282868,건전,0,True,Medium,FS2,[추세] 면적당매출 평균,0.23795,[변화] 점포 증가율,0.13357,[추세] 매출 증가율 평균,0.13262
BRD_20090100286,2024,보용만두,외식,기타 외식,6.0,0.30316592849289187,0.650119696374191,0.3125,0.7569721115537849,건전,0,True,Medium,FS2,[추세] 점포 증가율 평균,0.28918,[업종상대] 실질 매출 증가율 백분위,0.19584,[업종상대] 계약종료 백분위,-0.18019
BRD_20140861,2024,김덕후의 곱창조,외식,한식,9.0,0.3030380644996438,0.6500950192560337,0.3125,0.7565737051792829,건전,0,True,Medium,FS2,[추세] 점포 증가율 평균,0.28713,[구조] 지역당 평균 점포수,0.18744,[추세] 면적당매출 평균,0.18399
BRD_20211176,2024,삼굽살,외식,한식,14.0,0.3029102005063957,0.6491797465382408,0.3125,0.7561752988047808,요주의,1,False,Medium,FS2,[업종상대] 계약종료 백분위,0.5088,[변화] 점포 증가율,0.30409,[수준] 평균매출,-0.17007
BRD_20220371,2024,야끼니꾸소량,외식,일식,27.0,0.3027823365131477,0.648607394112194,0.3125,0.7557768924302789,요주의,1,False,Medium,FS2,[업종상대] 계약종료 백분위,0.56699,[구조] 지역당 평균 점포수,0.24741,[추세] 점포 증가율 변동성,0.11776
BRD_20180673,2024,공간샘스터디카페,서비스,기타 서비스,71.0,0.30265447251989963,0.6483666358961319,0.3125,0.7553784860557768,요주의,1,False,Medium,FS2,[업종상대] 계약종료 백분위,0.66587,[변화] 점포 증가율,0.36177,[수준] 평균매출,0.11347
BRD_20150785,2024,본설렁탕,외식,한식,39.0,0.3025266085266516,0.6481161178708769,0.3125,0.7549800796812749,건전,0,True,Medium,FS2,[업종상대] 계약종료 백분위,0.66492,[변화] 점포 증가율,0.33497,[구조] 지역당 평균 점포수,0.23394
BRD_20200430,2024,누들보쌈배달만족,외식,한식,31.0,0.30239874453340354,0.6480376785734552,0.3125,0.754581673306773,요주의,1,False,Medium,FS2,[추세] 점포 증가율 평균,0.29004,[구조] 지역당 평균 점포수,0.28459,[변화] 점포 증가율,0.27919
BRD_20170534,2024,본초맘죽,외식,한식,33.0,0.30227088054015544,0.6480032746808398,0.3125,0.7541832669322709,요주의,1,False,Medium,FS2,[업종상대] 계약종료 백분위,0.49754,[변화] 점포 증가율,0.31165,[구조] 지역당 평균 점포수,0.16729
BRD_20170810,2024,조은맘,서비스,인력 파견,24.0,0.3021430165469074,0.6477856734944026,0.3125,0.7537848605577689,건전,0,True,Medium,FS2,[업종상대] 계약종료 백분위,0.46692,[구조] 지역당 평균 점포수,0.36868,[업종상대] 실질 매출 증가율 백분위,-0.09672
BRD_20161076,2024,투고샐러드 (TOGOSALAD),외식,기타 외식,27.0,0.30201515255365935,0.6474804617070448,0.3125,0.7533864541832669,건전,0,True,Medium,FS2,[추세] 점포 증가율 평균,0.27895,[추세] 매출 증가율 변동성,0.16849,[추세] 면적당매출 평균,0.16321
BRD_20212514,2024,에이드영어,서비스,교육 (외국어),65.0,0.3018872885604113,0.6471696717630564,0.3125,0.7529880478087649,요주의,1,False,Medium,FS2,[업종상대] 계약종료 백분위,0.63817,[수준] 평균매출,0.12983,[추세] 점포 증가율 변동성,0.08707
BRD_20230421,2024,조선팔도통큰김치찜,외식,한식,8.0,0.30175942456716326,0.6471558277732746,0.3125,0.752589641434263,요주의,2,False,Medium,FS2,[업종상대] 계약종료 백분위,0.48729,[구조] 지역당 평균 점포수,0.29321,[변화] 점포 증가율,0.25546
BRD_20210826,2024,요거트아이스크림의 정석,외식,아이스크림/빙수,187.0,0.30163156057391516,0.6470174273484571,0.3125,0.7521912350597609,건전,0,True,Medium,FS2,[추세] 면적당매출 평균,0.32158,[업종상대] 계약종료 백분위,0.26534,[추세] 매출 증가율 변동성,0.19828
BRD_20221100,2024,이츠펫,서비스,반려동물 관련,19.0,0.3015036965806671,0.64685231914254,0.3125,0.751792828685259,건전,0,True,Medium,FS2,[변화] 점포 증가율,0.22345,[수준] 면적당매출,0.19307,[수준] 가맹사업 업력,0.10027
BRD_20130100463,2024,킹오브떡볶이,외식,분식,6.0,0.30137583258741907,0.6466340575495004,0.3125,0.7513944223107569,요주의,2,False,Medium,FS2,[업종상대] 계약종료 백분위,0.41415,[구조] 지역당 평균 점포수,0.29576,[추세] 점포 증가율 평균,0.21411
BRD_20151067,2024,스트라이크존(STRIKEZON),서비스,스포츠 관련,95.0,0.301247968594171,0.6462851374173496,0.3125,0.750996015936255,건전,0,True,Medium,FS2,[업종상대] 계약종료 백분위,0.50644,[추세] 점포 증가율 변동성,-0.16948,[추세] 면적당매출 평균,0.1438
BRD_20220160,2024,고기혁명,외식,한식,10.0,0.3011201046009229,0.6462051663563528,0.3125,0.750597609561753,요주의,2,False,Medium,FS2,[업종상대] 계약종료 백분위,0.57282,[변화] 점포 증가율,0.28822,[수준] 평균매출,-0.12123
BRD_20120100060,2024,생어거스틴,외식,기타 외국식,12.0,0.3009922406076749,0.646187073238135,0.3125,0.750199203187251,건전,0,True,Medium,FS2,[업종상대] 계약종료 백분위,0.46919,[구조] 지역당 평균 점포수,0.40247,[변화] 점포 증가율,0.30352
BRD_20080100047,2024,놀부보쌈족발,외식,한식,63.0,0.30086437661442683,0.6461553620592647,0.3125,0.749800796812749,요주의,2,False,Medium,FS2,[업종상대] 계약종료 백분위,0.64321,[변화] 점포 증가율,0.3344,[수준] 가맹사업 업력,-0.25678
BRD_20220554,2024,리파인,외식,한식,31.0,0.3007365126211788,0.6460831930473033,0.3125,0.749402390438247,건전,0,True,Medium,FS2,[업종상대] 계약종료 백분위,0.72359,[변화] 점포 증가율,0.29221,[구조] 지역 집중도(HHI) 전년비 변화,-0.27449
BRD_20140556,2024,후쿠오카함바그,외식,일식,3.0,0.30060864862793074,0.645867617358223,0.3125,0.749003984063745,요주의,2,False,Medium,FS2,[업종상대] 계약종료 백분위,0.4864,[구조] 지역당 평균 점포수,0.32505,[변화] 점포 증가율,0.30731
BRD_20180752,2024,피자베이,외식,피자,15.0,0.30048078463468264,0.64580864384335,0.3125,0.7486055776892431,요주의,1,False,Medium,FS2,[업종상대] 계약종료 백분위,0.55579,[변화] 점포 증가율,0.26021,[수준] 브랜드 연차,-0.11871
BRD_20130356,2024,칼라시대,서비스,기타 서비스,18.0,0.3003529206414346,0.6456918160862989,0.3125,0.748207171314741,요주의,1,False,Medium,FS2,[업종상대] 계약종료 백분위,0.44846,[구조] 지역당 평균 점포수,0.27529,[변화] 점포 증가율,0.25477
BRD_20231461,2024,배달비무료치밥&제육,외식,치킨,26.0,0.30022505664818655,0.6454168984400136,0.3125,0.7478087649402391,평가불가,0,False,Medium,FS2,[구조] 지역당 평균 점포수,0.31051,[업종상대] 계약종료 백분위,-0.22203,[업종상대] 실질 매출 증가율 백분위,0.18799
BRD_20180805,2024,코이라멘,외식,기타 외식,20.0,0.3000971926549385,0.6453674557025887,0.3125,0.747410358565737,건전,0,True,Medium,FS2,[업종상대] 계약종료 백분위,0.77643,[변화] 점포 증가율,0.35187,[구조] 지역당 평균 점포수,0.16096
BRD_20110100585,2024,폼프리츠,외식,주점,14.0,0.29996932866169046,0.6453192340017821,0.3125,0.7470119521912351,건전,0,True,Medium,FS2,[구조] 지역당 평균 점포수,0.34465,[업종상대] 계약종료 백분위,-0.20033,[추세] 면적당매출 평균,0.16426
BRD_20190066,2024,헬로밀가루,서비스,유아 관련 (교육 외),11.0,0.29984146466844236,0.6453051970966394,0.3125,0.7466135458167331,건전,0,True,Medium,FS2,[구조] 지역당 평균 점포수,0.38484,[구조] 최다 지역 비중 전년비 변화,-0.19911,[추세] 면적당매출 평균,0.16467
BRD_20180428,2024,일공공샤브&편백찜,외식,기타 외국식,43.0,0.2997136006751943,0.6450113222481354,0.3125,0.7462151394422311,건전,0,True,Medium,FS2,[업종상대] 계약종료 백분위,0.66859,[구조] 지역당 평균 점포수,0.23515,[변화] 점포 증가율,0.15513
BRD_20211709,2024,히포슈가 (HIPPO SUGAR),외식,기타 외식,23.0,0.29958573668194627,0.6449124193593854,0.3125,0.7458167330677291,건전,0,True,Medium,FS2,[구조] 지역당 평균 점포수,0.43521,[업종상대] 실질 매출 증가율 백분위,0.19717,[추세] 점포 증가율 변동성,0.18768
BRD_20191062,2024,김순덕원조부안집,외식,한식,50.0,0.2994578726886982,0.6445224348340352,0.3125,0.745418326693227,요주의,2,False,Medium,FS2,[업종상대] 계약종료 백분위,0.51136,[변화] 점포 증가율,0.25866,[수준] 가맹사업 업력,0.12663
BRD_20110600030,2024,신참떡볶이,외식,분식,97.0,0.2993300086954502,0.6444198156866066,0.3125,0.7450199203187251,요주의,1,False,Medium,FS2,[업종상대] 계약종료 백분위,0.73067,[변화] 점포 증가율,0.27257,[수준] 가맹사업 업력,-0.23363
BRD_20210393,2024,덕수파스타 딜리버리,외식,서양식,29.0,0.2992021447022021,0.6444132016730387,0.3125,0.7446215139442232,평가불가,0,False,Medium,FS2,[구조] 지역당 평균 점포수,0.38604,[업종상대] 계약종료 백분위,-0.19857,[업종상대] 실질 매출 증가율 백분위,0.19819
BRD_20110100561,2024,돈수백,외식,기타 외식,8.0,0.29907428070895403,0.644387181999891,0.3125,0.7442231075697211,요주의,2,False,Medium,FS2,[업종상대] 계약종료 백분위,0.53973,[변화] 점포 증가율,0.25366,[구조] 지역당 평균 점포수,0.21646
BRD_20180565,2024,여우애(愛),외식,분식,46.0,0.298946416715706,0.6442327298953826,0.3125,0.7438247011952192,건전,0,True,Medium,FS2,[업종상대] 계약종료 백분위,0.76342,[변화] 점포 증가율,0.36127,[구조] 지역당 평균 점포수,0.151
BRD_20171288,2024,명랑한찜닭,외식,치킨,3.0,0.29881855272245794,0.6442176998525375,0.3125,0.7434262948207171,요주의,1,False,Medium,FS2,[업종상대] 계약종료 백분위,0.46674,[구조] 지역 집중도(HHI) 전년비 변화,-0.29554,[구조] 지역당 평균 점포수,0.27792
BRD_20220826,2024,라운지목화,외식,중식,21.0,0.2986906887292099,0.6440060338797422,0.3125,0.7430278884462151,요주의,2,False,Medium,FS2,[업종상대] 계약종료 백분위,0.56068,[구조] 지역당 평균 점포수,0.22212,[수준] 가맹사업 업력,0.11053
BRD_20210049,2024,오렌지보틀(orange bottles),도소매,기타도소매,20.0,0.2985628247359618,0.6439732245852025,0.3125,0.7426294820717132,평가불가,0,False,Medium,FS2,[구조] 지역당 평균 점포수,0.38836,[업종상대] 계약종료 백분위,-0.21384,[업종상대] 실질 매출 증가율 백분위,0.19732
BRD_20180488,2024,브라더탕수,외식,기타 외식,10.0,0.29843496074271375,0.6437872324439554,0.3125,0.7422310756972111,요주의,3,False,Medium,FS2,[업종상대] 계약종료 백분위,0.40554,[구조] 지역당 평균 점포수,0.25551,[변화] 점포 증가율,0.24816
BRD_20190812,2024,신마녀떡볶이,외식,분식,8.0,0.2983070967494657,0.6437559019425231,0.3125,0.7418326693227092,요주의,2,False,Medium,FS2,[업종상대] 계약종료 백분위,0.6811,[변화] 점포 증가율,0.34311,[구조] 지역당 평균 점포수,0.27892
BRD_20200598,2024,사랑관,외식,주점,10.0,0.29817923275621766,0.6434708827091623,0.3125,0.7414342629482071,요주의,2,False,Medium,FS2,[업종상대] 계약종료 백분위,0.41644,[구조] 지역당 평균 점포수,0.30789,[변화] 점포 증가율,0.28613
BRD_20200756,2024,청년순대국,외식,한식,27.0,0.29805136876296956,0.6432950986267327,0.3125,0.7410358565737052,요주의,1,False,Medium,FS2,[업종상대] 계약종료 백분위,0.64792,[구조] 지역당 평균 점포수,0.23459,[추세] 점포 증가율 평균,0.2145
BRD_20160481,2024,징기스,외식,기타 외식,33.0,0.2979235047697215,0.6427711615276233,0.3125,0.7406374501992032,요주의,1,False,Medium,FS2,[구조] 지역당 평균 점포수,0.39335,[변화] 점포 증가율,0.29001,[추세] 매출 증가율 변동성,0.10435
BRD_20210903,2024,세컨디 포레스트,외식,서양식,14.0,0.29779564077647347,0.6426756584658881,0.3125,0.7402390438247012,건전,0,True,Medium,FS2,[업종상대] 계약종료 백분위,0.49783,[구조] 지역당 평균 점포수,0.36486,[변화] 점포 증가율,0.30906
BRD_20130395,2024,놀부화덕족발,외식,한식,3.0,0.2976677767832254,0.6426421432807397,0.3125,0.7398406374501992,요주의,1,False,Medium,FS2,[구조] 지역당 평균 점포수,0.37191,[업종상대] 계약종료 백분위,0.29824,[변화] 점포 증가율,0.28601
BRD_20110100115,2024,카모메,외식,일식,10.0,0.2975399127899774,0.6423996443281483,0.3125,0.7394422310756972,건전,0,True,Medium,FS2,[업종상대] 계약종료 백분위,0.43426,[구조] 지역당 평균 점포수,0.35385,[변화] 점포 증가율,0.34689
BRD_20160803,2024,뉴욕야시장,외식,주점,76.0,0.2974120487967293,0.6423983938264268,0.3125,0.7390438247011952,요주의,1,False,Medium,FS2,[추세] 면적당매출 평균,0.30478,[변화] 점포 증가율,0.2125,[추세] 매출 증가율 변동성,0.16942
BRD_20150816,2024,윤선생우리집앞영어교실,서비스,교육 (외국어),641.0,0.29728418480348123,0.642357271905927,0.3125,0.7386454183266933,건전,0,True,Medium,FS2,[업종상대] 계약종료 백분위,0.5961,[수준] 평균매출,0.19746,[변화] 점포 증가율,0.19554
BRD_20180807,2024,프리미어 뮤직(Premier Music),서비스,기타 교육,54.0,0.2971563208102332,0.6418901041853087,0.3125,0.7382470119521912,건전,0,True,Medium,FS2,[업종상대] 계약종료 백분위,0.73153,[변화] 점포 증가율,0.15767,[수준] 평균매출,0.13098
BRD_20211908,2024,카페CCD,외식,커피,22.0,0.29702845681698514,0.6418492066882077,0.3125,0.7378486055776893,건전,0,True,Medium,FS2,[추세] 면적당매출 평균,0.20542,[추세] 매출 증가율 평균,0.16973,[추세] 매출 증가율 변동성,0.14357
BRD_20220252,2024,바다수퍼 해물천하조개구이·찜,외식,한식,32.0,0.2969005928237371,0.6415334427565024,0.3125,0.7374501992031872,요주의,2,False,Medium,FS2,[업종상대] 계약종료 백분위,0.5222,[변화] 점포 증가율,0.24314,[업종상대] 실질 매출 증가율 백분위,-0.12909
BRD_20210017,2024,일월육일,외식,주점,33.0,0.296772728830489,0.6412987849034351,0.3125,0.7370517928286853,요주의,1,False,Medium,FS2,[업종상대] 계약종료 백분위,0.51835,[변화] 점포 증가율,0.29333,[구조] 지역당 평균 점포수,0.20385
BRD_20200396,2024,성윤국가대표아구찜앤알곤이찜,외식,한식,11.0,0.29664486483724095,0.6412326822059435,0.3125,0.7366533864541832,건전,0,True,Medium,FS2,[구조] 지역당 평균 점포수,0.38259,[추세] 점포 증가율 평균,0.22771,[업종상대] 실질 매출 증가율 백분위,0.18154
BRD_20213179,2024,샐럽스프(SALADSOUP),외식,기타 외식,28.0,0.2965170008439929,0.6407430063916112,0.3125,0.7362549800796813,요주의,1,False,Medium,FS2,[업종상대] 계약종료 백분위,0.60152,[구조] 지역당 평균 점포수,0.1903,[수준] 평균매출,0.15922
BRD_20231130,2024,큐슈울트라아멘,외식,일식,22.0,0.29638913685074486,0.6404644925100773,0.3125,0.7358565737051793,건전,0,True,Medium,FS2,[업종상대] 계약종료 백분위,0.57731,[업종상대] 실질 매출 증가율 백분위,0.22291,[구조] 지역 집중도(HHI),-0.13107
BRD_20110100503,2024,불불이족발,외식,기타 외식,11.0,0.2962612728574968,0.6402196041380898,0.3125,0.7354581673306773,건전,0,True,Medium,FS2,[추세] 면적당매출 평균,0.31143,[추세] 점포 증가율 평균,0.26669,[구조] 지역당 평균 점포수,0.18735
BRD_20110100042,2024,치르치르,외식,치킨,7.0,0.2961334088642487,0.6392864349549497,0.3125,0.7350597609561753,건전,0,True,Medium,FS2,[구조] 지역당 평균 점포수,0.42209,[추세] 면적당매출 평균,0.29439,[업종상대] 계약종료 백분위,-0.19273
BRD_20181278,2024,Detailer明(디테일러명),서비스,자동차 관련,45.0,0.29600554487100067,0.6387261111694147,0.3125,0.7346613545816733,건전,0,True,Medium,FS2,[업종상대] 계약종료 백분위,0.59656,[업종상대] 실질 매출 증가율 백분위,0.1472,[수준] 가맹사업 업력,0.10861
BRD_20190662,2024,피굽남피자,외식,피자,53.0,0.2958776808777526,0.6387167027384466,0.3125,0.7342629482071713,요주의,2,False,Medium,FS2,[업종상대] 계약종료 백분위,0.56123,[변화] 점포 증가율,0.31766,[구조] 지역당 평균 점포수,0.18694
NAME:생고기제작소@외식,2024,생고기제작소,외식,한식,6.0,0.2957498168845046,0.6386351838211638,0.3125,0.7338645418326694,요주의,3,False,Medium,FS2,[업종상대] 계약종료 백분위,0.51554,[변화] 점포 증가율,0.29113,[추세] 점포 증가율 평균,0.2409
BRD_20210534,2024,삼산회관,외식,한식,108.0,0.2956219528912565,0.6385083248356968,0.3125,0.7334661354581673,건전,0,True,Medium,FS2,[업종상대] 계약종료 백분위,0.63704,[변화] 점포 증가율,0.41339,[수준] 가맹사업 업력,0.1507
BRD_20150782,2024,꼬꼬씨참숯불닭갈비,외식,기타 외식,8.0,0.29549408889800843,0.638329309579363,0.3125,0.7330677290836654,요주의,3,False,Medium,FS2,[업종상대] 계약종료 백분위,0.45941,[구조] 지역당 평균 점포수,0.31841,[변화] 점포 증가율,0.2918
BRD_20200736,2024,카앤피플,서비스,자동차 관련,160.0,0.2953662249047604,0.638293436103313,0.3125,0.7326693227091633,요주의,1,False,Medium,FS2,[업종상대] 계약종료 백분위,0.65166,[수준] 평균매출,0.22429,[변화] 점포 증가율,0.17776
BRD_20212284,2024,베트남골목식당,외식,기타 외국식,19.0,0.29523836091151234,0.6382522015880667,0.3125,0.7322709163346613,요주의,1,False,Medium,FS2,[구조] 지역당 평균 점포수,0.41404,[수준] 가맹사업 업력,0.12628,[업종상대] 실질 매출 증가율 백분위,-0.11691
BRD_20080100371,2024,하코야,외식,일식,9.0,0.2951104969182643,0.6380298645803749,0.3125,0.7318725099601594,요주의,3,False,Medium,FS2,[업종상대] 계약종료 백분위,0.45797,[구조] 지역당 평균 점포수,0.34068,[변화] 점포 증가율,0.27207
BRD_20210357,2024,엄지척닭도리,외식,한식,7.0,0.29498263292501625,0.6379419969485041,0.3125,0.7314741035856573,요주의,2,False,Medium,FS2,[업종상대] 계약종료 백분위,0.6056,[구조] 지역 집중도(HHI) 전년비 변화,-0.302,[변화] 점포 증가율,0.30168
BRD_20160016,2024,렌즈디바,서비스,안경,10.0,0.29485476893176815,0.6379067748969051,0.3125,0.7310756972111554,요주의,2,False,Medium,FS2,[업종상대] 계약종료 백분위,0.56831,[구조] 지역당 평균 점포수,0.29566,[변화] 점포 증가율,0.26629
BRD_20190499,2024,용범이네인계동껍데기,외식,기타 외식,1.0,0.2947269049385201,0.637844461377212,0.3125,0.7306772908366533,요주의,2,False,Medium,FS2,[업종상대] 계약종료 백분위,0.43281,[구조] 지역당 평균 점포수,0.31221,[변화] 점포 증가율,0.2878
BRD_20231499,2024,전지적밥상시점,외식,한식,20.0,0.29459904094527206,0.6375596685777929,0.3125,0.7302788844621514,요주의,2,False,Medium,FS2,[업종상대] 계약종료 백분위,0.46373,[구조] 지역당 평균 점포수,0.28528,[수준] 평균매출,0.11276
BRD_20161247,2024,차이랑중국어,서비스,교육 (외국어),143.0,0.294471176952024,0.6375234473396757,0.3125,0.7298804780876494,요주의,3,False,Medium,FS2,[업종상대] 계약종료 백분위,0.57986,[변화] 점포 증가율,0.34285,[추세] 점포 증가율 평균,0.19796
BRD_20201713,2024,제줏간,외식,한식,52.0,0.2943433129587759,0.6374119132186603,0.3125,0.7294820717131474,건전,0,True,Medium,FS2,[업종상대] 계약종료 백분위,0.59483,[변화] 점포 증가율,0.32129,[수준] 가맹사업 업력,0.13411
BRD_20181113,2024,치킨선생,외식,치킨,8.0,0.29421544896552787,0.6372738401782561,0.3125,0.7290836653386454,요주의,2,False,Medium,FS2,[업종상대] 계약종료 백분위,0.60869,[변화] 점포 증가율,0.29974,[구조] 지역 집중도(HHI) 전년비 변화,-0.27111
BRD_20120100405,2024,해피케어,서비스,기타 서비스,37.0,0.2940875849722798,0.6371191842754902,0.3125,0.7286852589641434,건전,0,True,Medium,FS2,[추세] 면적당매출 평균,0.23067,[업종상대] 계약종료 백분위,-0.19229,[추세] 매출 증가율 평균,0.18062
BRD_20160808,2024,칠프로칠백식당,외식,기타 외식,11.0,0.2359278126925502,0.6365747352571066,0.23529411764705882,0.7282868525896414,요주의,2,False,Medium,FS2,[업종상대] 계약종료 백분위,0.6519,[변화] 점포 증가율,0.33324,[추세] 점포 증가율 평균,0.25777
BRD_20213895,2024,몬스터탕수육,외식,중식,58.0,0.23590389967196562,0.6365711773317326,0.23529411764705882,0.7278884462151395,건전,0,True,Medium,FS2,[추세] 점포 증가율 변동성,0.15201,[수준] 가맹사업 업력,0.12873,[변화] 점포 증가율,0.12054
BRD_20110100399,2024,크린위드,서비스,세탁,90.0,0.23587998665138105,0.6365169794832294,0.23529411764705882,0.7274900398406374,건전,0,True,Medium,FS2,[업종상대] 계약종료 백분위,0.76357,[변화] 점포 증가율,0.29658,[수준] 평균매출,0.21903
BRD_20180887,2024,디아르떼휴이엠헤어,서비스,이미용,38.0,0.23585607363079647,0.6363160845035448,0.23529411764705882,0.7270916334661355,요주의,1,False,Medium,FS2,[업종상대] 계약종료 백분위,0.68602,[구조] 지역당 평균 점포수,0.18622,[수준] 브랜드 연차,-0.12806
BRD_20130100350,2024,찰스숯불김밥,외식,분식,5.0,0.23583216061021187,0.6362447998686976,0.23529411764705882,0.7266932270916334,평가불가,0,False,Medium,FS2,[구조] 지역당 평균 점포수,0.3992,[추세] 점포 증가율 평균,0.25572,[업종상대] 계약종료 백분위,-0.20282
BRD_20080400052,2024,투사랑,외식,주점,39.0,0.2358082475896273,0.6361784543999499,0.23529411764705882,0.7262948207171315,건전,0,True,Medium,FS2,[업종상대] 계약종료 백분위,0.62709,[변화] 점포 증가율,0.30905,[수준] 가맹사업 업력,-0.19253
BRD_20201106,2024,뜸들이다,외식,한식,59.0,0.23578433456904271,0.6361269053056237,0.23529411764705882,0.7258964143426295,건전,0,True,Medium,FS2,[업종상대] 계약종료 백분위,0.61686,[변화] 점포 증가율,0.34038,[추세] 점포 증가율 변동성,0.14388
BRD_20141068,2024,마리짱,외식,기타 외식,16.0,0.23576042154845814,0.6360999556700669,0.23529411764705882,0.7254980079681275,요주의,1,False,Medium,FS2,[업종상대] 계약종료 백분위,0.60615,[변화] 점포 증가율,0.27527,[구조] 지역 집중도(HHI) 전년비 변화,-0.21252
BRD_20190314,2024,바른곱창,외식,기타 외식,28.0,0.23573650852787353,0.6360071477724962,0.23529411764705882,0.7250996015936255,요주의,1,False,Medium,FS2,[업종상대] 계약종료 백분위,0.62737,[구조] 지역당 평균 점포수,0.33074,[추세] 점포 증가율 변동성,-0.18942
BRD_20200472,2024,수오미엔(suomian),외식,기타 외국식,2.0,0.23571259550728896,0.6358874065180536,0.23529411764705882,0.7247011952191235,평가불가,0,False,Medium,FS2,[구조] 지역당 평균 점포수,0.42784,[추세] 점포 증가율 평균,0.25938,[업종상대] 계약종료 백분위,-0.20732
BRD_20130112,2024,타요키즈카페,서비스,유아 관련 (교육 외),16.0,0.23568868248670438,0.6358481516827987,0.23529411764705882,0.7243027888446215,건전,0,True,Medium,FS2,[구조] 지역당 평균 점포수,0.46424,[수준] 면적당매출,0.21047,[변화] 점포 증가율,0.15373
BRD_20180639,2024,정성찬,외식,기타 외식,6.0,0.23566476946611978,0.6358412219401423,0.23529411764705882,0.7239043824701196,요주의,2,False,Medium,FS2,[업종상대] 계약종료 백분위,0.53479,[변화] 점포 증가율,0.2786,[구조] 지역 집중도(HHI) 전년비 변화,-0.23774
BRD_20160538,2024,모범떡볶이1976,외식,분식,4.0,0.2356408564455352,0.6357950144107977,0.23529411764705882,0.7235059760956175,평가불가,0,False,Medium,FS2,[구조] 지역당 평균 점포수,0.41463,[추세] 점포 증가율 평균,0.26859,[업종상대] 계약종료 백분위,-0.19274
BRD_20231440,2024,리챠드프로헤어,서비스,이미용,20.0,0.23561694342495063,0.6356770254857531,0.23529411764705882,0.7231075697211156,요주의,1,False,Medium,FS2,[업종상대] 계약종료 백분위,0.6406,[변화] 점포 증가율,0.33161,[구조] 지역당 평균 점포수,0.22769
BRD_20161042,2024,셜록홈즈,서비스,오락,34.0,0.23559303040436605,0.6353901484972869,0.23529411764705882,0.7227091633466135,요주의,1,False,Medium,FS2,[업종상대] 계약종료 백분위,0.72463,[구조] 지역당 평균 점포수,0.21258,[수준] 브랜드 연차,-0.08962
BRD_20200209,2024,인생닭강정,외식,치킨,92.0,0.23556911738378145,0.6351208901118114,0.23529411764705882,0.7223107569721116,요주의,2,False,Medium,FS2,[업종상대] 계약종료 백분위,0.7922,[변화] 점포 증가율,0.36249,[구조] 최다 지역 비중 전년비 변화,-0.14839
BRD_20090500007,2024,경아두마리치킨,외식,치킨,40.0,0.23554520436319687,0.6337896411126823,0.23529411764705882,0.7219123505976096,건전,0,True,Medium,FS2,[추세] 점포 증가율 평균,0.34871,[업종상대] 계약종료 백분위,0.27983,[변화] 점포 증가율,0.25861
BRD_20110100158,2024,어드벤처피아노,서비스,기타 서비스,70.0,0.2355212913426123,0.6335551419267603,0.23529411764705882,0.7215139442231076,요주의,1,False,Medium,FS2,[업종상대] 계약종료 백분위,0.54998,[변화] 점포 증가율,0.29536,[수준] 가맹사업 업력,-0.20512
BRD_20120100250,2024,육봉달,외식,기타 외식,2.0,0.2354973783220277,0.633518155899813,0.23529411764705882,0.7211155378486056,요주의,2,False,Medium,FS2,[업종상대] 계약종료 백분위,0.55268,[변화] 점포 증가율,0.2807,[추세] 점포 증가율 평균,0.23502
BRD_20190181,2024,수맥집,외식,주점,17.0,0.2354734653014431,0.6334394922941,0.23529411764705882,0.7207171314741035,건전,0,True,Medium,FS2,[변화] 점포 증가율,0.36589,[업종상대] 계약종료 백분위,0.35666,[구조] 지역당 평균 점포수,0.24377
BRD_20190350,2024,콩두,외식,한식,10.0,0.23544955228085854,0.6333654045432936,0.23529411764705882,0.7203187250996016,건전,0,True,Medium,FS2,[변화] 점포 증가율,0.28511,[추세] 면적당매출 평균,0.26072,[추세] 매출 증가율 평균,0.16258
BRD_20191340,2024,집밥e선생,외식,한식,48.0,0.23542563926027396,0.6333332607962131,0.23529411764705882,0.7199203187250997,요주의,3,False,Medium,FS2,[업종상대] 계약종료 백분위,0.54838,[변화] 점포 증가율,0.29834,[수준] 브랜드 연차,-0.14732
BRD_20200320,2024,빵위에 치즈 피자앰플러,외식,피자,47.0,0.23540172623968936,0.6332380998526345,0.23529411764705882,0.7195219123505976,건전,0,True,Medium,FS2,[업종상대] 계약종료 백분위,0.6702,[수준] 가맹사업 업력,0.15053,[변화] 점포 증가율,0.14908
BRD_20215410,2024,모락떡볶이,외식,분식,76.0,0.23537781321910478,0.6332059929080293,0.23529411764705882,0.7191235059760956,요주의,1,False,Medium,FS2,[업종상대] 계약종료 백분위,0.51507,[수준] 평균매출,0.13023,[수준] 가맹사업 업력,0.11192
BRD_20230652,2024,요하마라21,외식,중식,34.0,0.2353539001985202,0.6330555238303303,0.23529411764705882,0.7187250996015936,평가불가,0,False,Medium,FS2,[업종상대] 실질 매출 증가율 백분위,0.24606,[업종상대] 계약종료 백분위,-0.2378,[수준] 평균매출,0.14473
BRD_20161167,2024,맘앤맘마,서비스,유아관련,16.0,0.2353299871779356,0.6330534593878251,0.23529411764705882,0.7183266932270916,건전,0,True,Medium,FS2,[업종상대] 계약종료 백분위,0.61604,[구조] 지역당 평균 점포수,0.36411,[수준] 평균매출,0.16424
BRD_20221261,2024,퐁치커피익스프레스,외식,커피,52.0,0.23530607415735103,0.6329098538988611,0.23529411764705882,0.7179282868525897,요주의,2,False,Medium,FS2,[업종상대] 계약종료 백분위,0.56817,[수준] 가맹사업 업력,0.12707,[수준] 평균매출,0.12608
BRD_20080100499,2024,치킨더홈,외식,치킨,27.0,0.23528216113676645,0.63277801934964,0.23529411764705882,0.7175298804780876,요주의,2,False,Medium,FS2,[업종상대] 계약종료 백분위,0.60414,[변화] 점포 증가율,0.2388,[수준] 가맹사업 업력,-0.23251
BRD_20190853,2024,인생건어물맥주,외식,주점,83.0,0.23525824811618187,0.6327488580302169,0.23529411764705882,0.7171314741035857,요주의,1,False,Medium,FS2,[업종상대] 계약종료 백분위,0.5489,[변화] 점포 증가율,0.30896,[수준] 브랜드 연차,-0.13675
BRD_20230499,2024,구들 마라탕,외식,중식,18.0,0.23523433509559727,0.6325407433957517,0.23529411764705882,0.7167330677290836,요주의,1,False,Medium,FS2,[업종상대] 계약종료 백분위,0.61109,[변화] 점포 증가율,0.30733,[구조] 지역당 평균 점포수,0.17429
BRD_20171511,2024,차돌풍,외식,한식,30.0,0.2352104220750127,0.6323334717320185,0.23529411764705882,0.7163346613545817,건전,0,True,Medium,FS2,[업종상대] 계약종료 백분위,0.56281,[변화] 점포 증가율,0.25018,[구조] 지역당 평균 점포수,0.12908
BRD_20212103,2024,에소코핏,서비스,기타 서비스,24.0,0.23518650905442812,0.63174866185567,0.23529411764705882,0.7159362549800797,요주의,1,False,Medium,FS2,[업종상대] 계약종료 백분위,0.5704,[추세] 면적당매출 평균,0.15521,[추세] 매출 증가율 평균,0.13828
BRD_20130100220,2024,소바애,외식,분식,11.0,0.2351625960338435,0.6314393236574616,0.23529411764705882,0.7155378486055777,요주의,2,False,Medium,FS2,[업종상대] 계약종료 백분위,0.57515,[변화] 점포 증가율,0.28179,[구조] 지역당 평균 점포수,0.21455
BRD_20211159,2024,돈도니 석쇠한판불고기,외식,한식,6.0,0.23513868301325894,0.6313187899297329,0.23529411764705882,0.7151394422310757,건전,0,True,Medium,FS2,[구조] 지역당 평균 점포수,0.45414,[변화] 점포 증가율,0.30372,[구조] 지역 집중도(HHI) 전년비 변화,-0.30015
BRD_20200176,2024,달콤왕가탕후루,외식,기타 외국식,150.0,0.23511476999267436,0.6311492217133315,0.23529411764705882,0.7147410358565737,요주의,3,False,Medium,FS2,[업종상대] 계약종료 백분위,0.44896,[변화] 점포 증가율,0.28784,[수준] 가맹사업 업력,0.15783
BRD_20150612,2024,김성구 의성마늘치킨,외식,치킨,18.0,0.23509085697208978,0.6310699733257621,0.23529411764705882,0.7143426294820717,건전,0,True,Medium,FS2,[추세] 면적당매출 평균,0.2897,[추세] 매출 증가율 평균,0.20898,[업종상대] 실질 매출 증가율 백분위,0.15916
BRD_20150356,2024,순남시래기,외식,기타 외식,34.0,0.23506694395150518,0.6309998265151612,0.23529411764705882,0.7139442231075698,건전,0,True,Medium,FS2,[변화] 점포 증가율,0.32047,[추세] 점포 증가율 평균,0.30349,[구조] 지역당 평균 점포수,0.21261
BRD_20090600075,2024,파-닭에파무쳐,외식,치킨,13.0,0.2350430309309206,0.630879860930221,0.23529411764705882,0.7135458167330677,요주의,1,False,Medium,FS2,[업종상대] 계약종료 백분위,0.4404,[구조] 지역당 평균 점포수,0.2447,[변화] 점포 증가율,0.24241
BRD_20191123,2024,링키영어,서비스,교육 (외국어),851.0,0.23501911791033603,0.6303660874267849,0.23529411764705882,0.7131474103585658,건전,0,True,Medium,FS2,[업종상대] 계약종료 백분위,0.25478,[업종상대] 실질 매출 증가율 백분위,0.20176,[수준] 평균매출,0.18693
BRD_20120100422,2024,통파이브,외식,주점,17.0,0.23499520488975142,0.6303470035531242,0.23529411764705882,0.7127490039840637,요주의,1,False,Medium,FS2,[구조] 지역당 평균 점포수,0.37162,[변화] 점포 증가율,0.25191,[추세] 점포 증가율 평균,0.21038
BRD_20110100613,2024,윤선생영어숲,서비스,교육 (외국어),176.0,0.23497129186916685,0.630269057240149,0.23529411764705882,0.7123505976095618,요주의,1,False,Medium,FS2,[업종상대] 계약종료 백분위,0.81193,[변화] 점포 증가율,0.32158,[수준] 면적당매출,0.1778
BRD_20120100076,2024,인천콜,서비스,운송,1118.0,0.23494737884858227,0.6299810923856287,0.23529411764705882,0.7119521912350597,건전,0,True,Medium,FS2,[업종상대] 계약종료 백분위,0.55814,[구조] 지역당 평균 점포수,-0.19101,[업종상대] 실질 매출 증가율 백분위,0.15638
BRD_20191199,2024,윤검푸드 봉수아피자,외식,피자,53.0,0.2349234658279977,0.6294238616794392,0.23529411764705882,0.7115537848605578,건전,0,True,Medium,FS2,[업종상대] 계약종료 백분위,0.79841,[변화] 점포 증가율,0.19515,[수준] 가맹사업 업력,0.12348
BRD_20160345,2024,헤어망고,서비스,이미용,9.0,0.2348995528074131,0.6294203999182282,0.23529411764705882,0.7111553784860558,요주의,2,False,Medium,FS2,[업종상대] 계약종료 백분위,0.59167,[변화] 점포 증가율,0.31212,[구조] 지역 집중도(HHI) 전년비 변화,-0.29344
BRD_20191073,2024,정코다리,외식,한식,15.0,0.23487563978682852,0.6293555726072957,0.23529411764705882,0.7107569721115538,건전,0,True,Medium,FS2,[변화] 점포 증가율,0.29603,[추세] 점포 증가율 평균,0.27652,[업종상대] 실질 매출 증가율 백분위,0.15313
BRD_20210097,2024,치밥대장숯불양념92치킨,외식,치킨,31.0,0.23485172676624394,0.6292880115755252,0.23529411764705882,0.7103585657370518,건전,0,True,Medium,FS2,[업종상대] 계약종료 백분위,0.57538,[구조] 지역당 평균 점포수,0.13347,[수준] 가맹사업 업력,0.12342
BRD_20151217,2024,싸움의고수,외식,기타 외식,67.0,0.23482781374565934,0.6289284050729319,0.23529411764705882,0.7099601593625497,요주의,1,False,Medium,FS2,[업종상대] 계약종료 백분위,0.57668,[변화] 점포 증가율,0.28114,[수준] 브랜드 연차,-0.09863
BRD_20190292,2024,25센치,외식,일식,33.0,0.23480390072507476,0.6285145824944213,0.23529411764705882,0.7095617529880478,요주의,2,False,Medium,FS2,[업종상대] 계약종료 백분위,0.47349,[구조] 지역당 평균 점포수,0.18995,[추세] 매출 증가율 평균,0.14318
BRD_20080100701,2024,매직터치,서비스,자동차 관련,57.0,0.23477998770449018,0.6285081635074038,0.23529411764705882,0.7091633466135459,요주의,1,False,Medium,FS2,[업종상대] 계약종료 백분위,0.62058,[수준] 가맹사업 업력,-0.19672,[변화] 점포 증가율,0.14837
BRD_20201537,2024,구도로통닭,외식,치킨,76.0,0.2347560746839056,0.6284766056624282,0.23529411764705882,0.7087649402390438,요주의,1,False,Medium,FS2,[업종상대] 계약종료 백분위,0.61808,[변화] 점포 증가율,0.29906,[추세] 점포 증가율 변동성,0.12841
BRD_20140976,2024,황홀한막창,외식,기타 외식,22.0,0.234732161663321,0.6284040311019395,0.23529411764705882,0.7083665338645418,건전,0,True,Medium,FS2,[업종상대] 계약종료 백분위,0.718,[변화] 점포 증가율,0.30819,[구조] 지역당 평균 점포수,0.23252
BRD_20160329,2024,불막열삼,외식,한식,118.0,0.23470824864273643,0.6281638721870034,0.23529411764705882,0.7079681274900398,건전,0,True,Medium,FS2,[추세] 면적당매출 평균,0.26267,[추세] 매출 증가율 변동성,0.25996,[추세] 매출 증가율 평균,0.16844
BRD_20221325,2024,한근김치찜,외식,한식,27.0,0.23468433562215185,0.6281064109742699,0.23529411764705882,0.7075697211155378,요주의,2,False,Medium,FS2,[업종상대] 계약종료 백분위,0.60142,[구조] 지역당 평균 점포수,0.14052,[수준] 평균매출,0.11511
BRD_20220839,2024,포토스트리트,서비스,기타 서비스,26.0,0.23466042260156728,0.627859427758233,0.23529411764705882,0.7071713147410359,평가불가,0,False,Medium,FS2,[구조] 지역당 평균 점포수,0.36509,[업종상대] 계약종료 백분위,-0.22251,[업종상대] 실질 매출 증가율 백분위,0.18088
BRD_20201258,2024,동방축산,외식,한식,17.0,0.2340267275560758,0.6275057310209694,0.2340267275560758,0.7067729083665338,요주의,3,False,Medium,FS2,[업종상대] 계약종료 백분위,0.46154,[변화] 점포 증가율,0.27385,[추세] 면적당매출 평균,0.19895
BRD_20191100,2024,플스빌,도소매,기타도소매,11.0,0.23200039149218107,0.627271326054068,0.23189245865515756,0.7063745019920319,평가불가,0,False,Medium,FS2,[구조] 지역당 평균 점포수,0.40695,[업종상대] 실질 매출 증가율 백분위,0.22285,[업종상대] 계약종료 백분위,-0.21519
BRD_20160785,2024,완산골명가,외식,한식,24.0,0.23176976630244098,0.6272697050288139,0.2318776991394645,0.7059760956175298,건전,0,True,Medium,FS2,[변화] 점포 증가율,0.26377,[구조] 지역당 평균 점포수,0.16847,[업종상대] 실질 매출 증가율 백분위,0.15136
BRD_20160521,2024,심봉사도로케,외식,제과제빵,50.0,0.23176976630244098,0.6272498249379526,0.23169668992181203,0.7055776892430279,건전,0,True,Medium,FS2,[업종상대] 계약종료 백분위,0.63661,[구조] 지역당 평균 점포수,0.18702,[수준] 평균매출,0.1527
BRD_20190345,2024,봉자막창,외식,한식,76.0,0.23153914111270088,0.6272405474018399,0.23161221749332983,0.7051792828685259,건전,0,True,Medium,FS2,[업종상대] 계약종료 백분위,0.49581,[추세] 면적당매출 평균,0.20504,[추세] 매출 증가율 평균,0.17697
BRD_20160452,2024,쉐프삼촌,외식,한식,16.0,0.2296599664093415,0.6270261332994141,0.2296599664093415,0.7047808764940239,건전,0,True,Medium,FS2,[추세] 점포 증가율 평균,0.29566,[업종상대] 실질 매출 증가율 백분위,0.19997,[업종상대] 계약종료 백분위,-0.18012
BRD_20214020,2024,Egg2000,외식,기타 외식,59.0,0.22896441309622698,0.6269497412612466,0.22896441309622698,0.7043824701195219,요주의,2,False,Medium,FS2,[업종상대] 계약종료 백분위,0.65298,[수준] 평균매출,0.13737,[수준] 가맹사업 업력,0.10137
BRD_20160816,2024,더맑은스킨,서비스,이미용,29.0,0.22835302857796294,0.6268825934113641,0.22835302857796294,0.7039840637450199,요주의,1,False,Medium,FS2,[업종상대] 계약종료 백분위,0.63105,[구조] 지역당 평균 점포수,0.25979,[수준] 평균매출,0.11015
BRD_20214077,2024,나디브,도소매,기타도소매,31.0,0.22781287792534505,0.6267154959531973,0.22727272727272727,0.7035856573705179,요주의,1,False,Medium,FS2,[변화] 점포 증가율,0.25774,[수준] 평균매출,0.15759,[구조] 지역당 평균 점포수,0.15574
BRD_20171411,2024,아이세이버(EYESAVER),서비스,안경,21.0,0.22780379976311618,0.6266206150581842,0.22727272727272727,0.703187250996016,요주의,1,False,Medium,FS2,[업종상대] 계약종료 백분위,0.57811,[구조] 지역당 평균 점포수,0.29071,[변화] 점포 증가율,0.15655
BRD_20190659,2024,갯벌의 조개,외식,한식,48.0,0.22779472160088732,0.6265100892673625,0.22727272727272727,0.7027888446215139,요주의,1,False,Medium,FS2,[업종상대] 계약종료 백분위,0.54383,[업종상대] 실질 매출 증가율 백분위,0.17959,[구조] 지역당 평균 점포수,0.14682
BRD_20171108,2024,푸드머스(Health & Care),도소매,기타도소매,29.0,0.22778564343865845,0.6263435680492435,0.22727272727272727,0.702390438247012,평가불가,0,False,Medium,FS2,[구조] 지역당 평균 점포수,0.4155,[업종상대] 실질 매출 증가율 백분위,0.19817,[업종상대] 계약종료 백분위,-0.19237
BRD_20161127,2024,어린화가들,서비스,기타 교육,67.0,0.22777656527642956,0.6262390628617744,0.22727272727272727,0.7019920318725099,요주의,1,False,Medium,FS2,[업종상대] 계약종료 백분위,0.60374,[수준] 평균매출,0.1164,[수준] 브랜드 연차,-0.11169
BRD_20214326,2024,대한국밥만세,외식,한식,39.0,0.2277674871142007,0.6262321313462311,0.22727272727272727,0.701593625498008,평가불가,0,False,Medium,FS2,[업종상대] 계약종료 백분위,-0.22938,[업종상대] 실질 매출 증가율 백분위,0.22745,[구조] 지역당 평균 점포수,0.14831
BRD_20214138,2024,와드커피(WAD COFFEE),외식,커피,44.0,0.22775840895197183,0.6261028299783706,0.22727272727272727,0.701195219123506,요주의,1,False,Medium,FS2,[업종상대] 계약종료 백분위,0.6014,[구조] 지역당 평균 점포수,0.15192,[수준] 평균매출,0.143
BRD_20201202,2024,오태식해바라기치킨,외식,치킨,46.0,0.22774933078974297,0.6260192684780327,0.22727272727272727,0.700796812749004,요주의,1,False,Medium,FS2,[업종상대] 계약종료 백분위,0.52115,[변화] 점포 증가율,0.26885,[추세] 점포 증가율 평균,0.21941
BRD_20170626,2024,진1926,외식,기타 외식,39.0,0.22774025262751407,0.6258980084742973,0.22727272727272727,0.700398406374502,요주의,1,False,Medium,FS2,[업종상대] 계약종료 백분위,0.58614,[변화] 점포 증가율,0.33463,[수준] 브랜드 연차,-0.15498
BRD_20215768,2024,모두의죽,외식,한식,58.0,0.2277311744652852,0.625583624231114,0.22727272727272727,0.7,요주의,1,False,Medium,FS2,[업종상대] 계약종료 백분위,0.54037,[수준] 가맹사업 업력,0.12243,[업종상대] 실질 매출 증가율 백분위,0.10505
BRD_20180318,2024,리춘시장,외식,중식,13.0,0.22772209630305634,0.6254636093111928,0.22727272727272727,0.699601593625498,요주의,1,False,Low,FS1,[업종상대] 계약종료 백분위,0.47475,[구조] 지역당 평균 점포수,0.34866,[변화] 점포 증가율,0.30871
BRD_20214686,2024,쪼쪼찜닭,외식,한식,25.0,0.22771301814082748,0.6253985281923717,0.22727272727272727,0.6992031872509961,평가불가,0,False,Low,FS1,[구조] 지역당 평균 점포수,0.31525,[업종상대] 계약종료 백분위,-0.22291,[업종상대] 실질 매출 증가율 백분위,0.19522
BRD_20231618,2024,요거트퍼플,외식,음료 (커피 외),51.0,0.22770393997859859,0.6251787436451349,0.22727272727272727,0.698804780876494,평가불가,0,False,Low,FS1,[업종상대] 실질 매출 증가율 백분위,0.24172,[업종상대] 계약종료 백분위,-0.21787,[구조] 지역당 평균 점포수,0.16675
BRD_20201332,2024,79파운야드(79 FOUNYARD),외식,제과제빵,13.0,0.22769486181636972,0.6250255335057144,0.22727272727272727,0.698406374501992,요주의,2,False,Low,FS1,[업종상대] 계약종료 백분위,0.53829,[구조] 지역당 평균 점포수,0.29725,[변화] 점포 증가율,0.28447
BRD_20211247,2024,아이엠도넛(IamDonut),외식,제과제빵,51.0,0.22768578365414086,0.6244728524988746,0.22727272727272727,0.69800796812749,요주의,2,False,Low,FS1,[업종상대] 계약종료 백분위,0.59856,[수준] 평균매출,0.14286,[구조] 지역당 평균 점포수,0.12561
NAME:땡큐맘치킨@외식,2024,땡큐맘치킨,외식,치킨,4.0,0.227676705491912,0.624435356980903,0.22727272727272727,0.697609561752988,요주의,1,False,Low,FS1,[업종상대] 계약종료 백분위,0.65404,[변화] 점포 증가율,0.30568,[추세] 점포 증가율 평균,0.23606
BRD_20220261,2024,과일담은 요거트 맛집 요맛,외식,아이스크림/빙수,65.0,0.2276676273296831,0.6234763089415711,0.22727272727272727,0.6972111553784861,건전,0,True,Low,FS1,[업종상대] 계약종료 백분위,0.69259,[구조] 지역당 평균 점포수,0.12485,[수준] 가맹사업 업력,0.10912
BRD_20211260,2024,공기수비대,서비스,기타 서비스,26.0,0.22765854916745423,0.6233882974899912,0.22727272727272727,0.696812749003984,건전,0,True,Low,FS1,[구조] 지역당 평균 점포수,0.39905,[수준] 가맹사업 업력,0.12308,[추세] 매출 증가율 평균,0.1108
BRD_20171421,2024,연안식당,외식,한식,14.0,0.22764947100522537,0.623337986414109,0.22727272727272727,0.6964143426294821,요주의,3,False,Low,FS1,[업종상대] 계약종료 백분위,0.50237,[변화] 점포 증가율,0.30506,[추세] 점포 증가율 평균,0.24574
BRD_20212331,2024,응급닭발센터,외식,한식,40.0,0.2276403928429965,0.6232772985853312,0.22727272727272727,0.69601593625498,건전,0,True,Low,FS1,[업종상대] 계약종료 백분위,0.37856,[수준] 평균매출,0.1769,[구조] 지역당 평균 점포수,0.15415
BRD_20231291,2024,맛찜랭킹,외식,한식,39.0,0.2276313146807676,0.6232605475020246,0.22727272727272727,0.6956175298804781,요주의,2,False,Low,FS1,[업종상대] 계약종료 백분위,0.59331,[구조] 지역당 평균 점포수,0.20048,[수준] 가맹사업 업력,0.10828
BRD_20160414,2024,샤이바나,외식,서양식,11.0,0.22762223651853875,0.6231416296798443,0.22727272727272727,0.6952191235059761,요주의,3,False,Low,FS1,[업종상대] 계약종료 백분위,0.40344,[구조] 지역당 평균 점포수,0.30332,[변화] 점포 증가율,0.25343
BRD_20171316,2024,슈케익하우스(Chou Cake House),외식,제과제빵,13.0,0.22761315835630988,0.6228981280960809,0.22727272727272727,0.6948207171314741,평가불가,0,False,Low,FS1,[구조] 지역당 평균 점포수,0.3943,[업종상대] 계약종료 백분위,-0.2069,[업종상대] 실질 매출 증가율 백분위,0.19735
BRD_20190638,2024,작심스페이스,서비스,기타 서비스,24.0,0.22760408019408102,0.6226961857062464,0.22727272727272727,0.6944223107569721,평가불가,0,False,Low,FS1,[업종상대] 실질 매출 증가율 백분위,0.2545,[업종상대] 계약종료 백분위,-0.23507,[수준] 평균매출,0.20507
BRD_20170828,2024,리얼안심탕수육,외식,기타 외식,41.0,0.22759500203185212,0.6226164190255675,0.22727272727272727,0.6940239043824701,요주의,1,False,Low,FS1,[변화] 점포 증가율,0.31456,[업종상대] 계약종료 백분위,0.29461,[추세] 점포 증가율 평균,0.2532
BRD_20110100073,2024,라떼킹(Latteking),외식,커피,10.0,0.22758592386962326,0.6226028308276271,0.22727272727272727,0.6936254980079681,요주의,1,False,Low,FS1,[업종상대] 계약종료 백분위,0.42743,[구조] 지역당 평균 점포수,0.32617,[수준] 가맹사업 업력,-0.18394
BRD_20100100419,2024,오봉도시락,외식,한식,43.0,0.2275768457073944,0.6225544023051197,0.22727272727272727,0.6932270916334662,건전,0,True,Low,FS1,[추세] 면적당매출 평균,0.26451,[업종상대] 계약종료 백분위,0.25201,[변화] 점포 증가율,0.21352
BRD_20191246,2024,최가네크레이지떡볶이,외식,분식,45.0,0.22756776754516553,0.6222867947086733,0.22727272727272727,0.6928286852589641,건전,0,True,Low,FS1,[추세] 점포 증가율 평균,0.26904,[업종상대] 실질 매출 증가율 백분위,0.20039,[업종상대] 계약종료 백분위,-0.17974
BRD_20120100447,2024,카페아이엠티,외식,커피,10.0,0.22755868938293664,0.6222089565838844,0.22727272727272727,0.6924302788844622,건전,0,True,Low,FS1,[업종상대] 계약종료 백분위,0.32529,[추세] 점포 증가율 평균,0.31658,[변화] 점포 증가율,0.21851
BRD_20130100064,2024,미쓰족발,외식,기타 외식,13.0,0.22754961122070777,0.6221699464097545,0.22727272727272727,0.6920318725099601,건전,0,True,Low,FS1,[구조] 지역당 평균 점포수,0.47718,[변화] 점포 증가율,0.29739,[업종상대] 계약종료 백분위,0.2254
BRD_20140782,2024,모로미,외식,주점,18.0,0.2275405330584789,0.6221660131174507,0.22727272727272727,0.6916334661354582,요주의,1,False,Low,FS1,[변화] 점포 증가율,0.30058,[업종상대] 계약종료 백분위,0.27479,[추세] 점포 증가율 평균,0.24447
BRD_20220467,2024,내가닭도리탕이다,외식,한식,79.0,0.22753145489625004,0.6215843427907554,0.22727272727272727,0.6912350597609562,건전,0,True,Low,FS1,[추세] 면적당매출 평균,0.15678,[수준] 가맹사업 업력,0.12528,[추세] 점포 증가율 변동성,0.11681
BRD_20200187,2024,원유로스페셜티커피,외식,커피,74.0,0.22752237673402115,0.6214879038846626,0.22727272727272727,0.6908366533864542,건전,0,True,Low,FS1,[업종상대] 계약종료 백분위,0.74119,[변화] 점포 증가율,0.20343,[수준] 브랜드 연차,-0.17101
BRD_20150909,2024,대독장,외식,한식,9.0,0.22751329857179228,0.6214103709165846,0.22727272727272727,0.6904382470119522,건전,0,True,Low,FS1,[변화] 점포 증가율,0.29452,[추세] 점포 증가율 평균,0.27136,[업종상대] 계약종료 백분위,0.21507
BRD_20100100165,2024,토마토도시락,외식,기타 외식,43.0,0.22750422040956342,0.6213944125942517,0.22727272727272727,0.6900398406374502,요주의,2,False,Low,FS1,[업종상대] 계약종료 백분위,0.54015,[변화] 점포 증가율,0.26858,[추세] 점포 증가율 평균,0.2138
BRD_20160303,2024,엑스오엑스오핫도그앤커피,외식,기타 외식,56.0,0.22749514224733455,0.6213681136443829,0.22727272727272727,0.6896414342629482,건전,0,True,Low,FS1,[변화] 점포 증가율,0.30538,[추세] 점포 증가율 평균,0.26,[수준] 평균매출,0.1416
BRD_20110100450,2024,셀파우등생교실,서비스,교육 (교과),723.0,0.22748606408510566,0.6212241275150832,0.22727272727272727,0.6892430278884463,요주의,3,False,Low,FS1,[업종상대] 계약종료 백분위,0.64496,[변화] 점포 증가율,0.34735,[추세] 점포 증가율 평균,0.21182
BRD_20100100281,2024,튼튼영어마스터클럽,서비스,교육 (외국어),268.0,0.2274769859228768,0.621123796174714,0.22727272727272727,0.6888446215139442,요주의,1,False,Low,FS1,[업종상대] 계약종료 백분위,0.60244,[수준] 평균매출,0.18354,[변화] 점포 증가율,0.15495
BRD_20140100,2024,신통치킨,외식,치킨,141.0,0.22746790776064793,0.6208749765695513,0.22727272727272727,0.6884462151394423,건전,0,True,Low,FS1,[추세] 면적당매출 평균,0.36948,[추세] 매출 증가율 변동성,0.31424,[추세] 매출 증가율 평균,0.22951
NAME:밀크밥버거@외식,2024,밀크밥버거,외식,분식,3.0,0.22745882959841907,0.6206268452498596,0.22727272727272727,0.6880478087649402,건전,0,True,Low,FS1,[업종상대] 계약종료 백분위,0.64643,[추세] 면적당매출 평균,0.24324,[추세] 점포 증가율 변동성,-0.2194
BRD_20160469,2024,뿅가야채곱창,외식,기타 외식,75.0,0.22744975143619017,0.6203243715930575,0.22727272727272727,0.6876494023904383,요주의,1,False,Low,FS1,[업종상대] 계약종료 백분위,0.77744,[수준] 브랜드 연차,-0.12618,[수준] 면적당매출,0.12317
BRD_20150339,2024,산카이 이자카야,외식,일식,22.0,0.2274406732739613,0.6200177420516101,0.22727272727272727,0.6872509960159362,요주의,1,False,Low,FS1,[업종상대] 계약종료 백분위,0.48825,[변화] 점포 증가율,0.30835,[추세] 면적당매출 평균,0.12056
BRD_20141293,2024,크레이저커피(C.Razer Coffee),외식,커피,29.0,0.22743159511173244,0.6199791098745792,0.22727272727272727,0.6868525896414343,건전,0,True,Low,FS1,[업종상대] 계약종료 백분위,0.63969,[구조] 개점-종료 격차,-0.14706,[구조] 지역당 평균 점포수,0.135
BRD_20160352,2024,리얼야구존,서비스,스포츠 관련,64.0,0.22742251694950358,0.6198085431503779,0.22727272727272727,0.6864541832669323,건전,0,True,Low,FS1,[업종상대] 계약종료 백분위,0.21977,[추세] 매출 증가율 평균,0.19221,[추세] 면적당매출 평균,0.17059
BRD_20180229,2024,캠토토스트,외식,기타 외식,73.0,0.22741343878727469,0.6195289263655429,0.22727272727272727,0.6860557768924302,건전,0,True,Low,FS1,[추세] 점포 증가율 평균,0.26767,[업종상대] 실질 매출 증가율 백분위,0.21928,[수준] 가맹사업 업력,-0.2011
BRD_20141171,2024,베베궁,서비스,기타 교육,7.0,0.22740436062504582,0.6192390796286897,0.22727272727272727,0.6856573705179283,요주의,2,False,Low,FS1,[업종상대] 계약종료 백분위,0.48526,[구조] 지역당 평균 점포수,0.33701,[변화] 점포 증가율,0.31225
BRD_20140394,2024,발빠닭,외식,한식,8.0,0.22739528246281696,0.6189087117357611,0.22727272727272727,0.6852589641434262,평가불가,0,False,Low,FS1,[구조] 지역당 평균 점포수,0.42948,[추세] 점포 증가율 평균,0.2551,[추세] 점포 증가율 변동성,0.19474
BRD_20090100534,2024,아리스타,외식,커피,16.0,0.2273862043005881,0.618864070728995,0.22727272727272727,0.6848605577689243,건전,0,True,Low,FS1,[추세] 점포 증가율 평균,0.28809,[업종상대] 계약종료 백분위,-0.22982,[추세] 매출 증가율 변동성,0.19213
BRD_20150146,2024,걸작떡볶이치킨,외식,분식,79.0,0.2273771261383592,0.6187638008727196,0.22727272727272727,0.6844621513944223,요주의,1,False,Low,FS1,[업종상대] 계약종료 백분위,0.60366,[변화] 점포 증가율,0.30298,[추세] 점포 증가율 평균,0.24779
BRD_20231913,2024,런드리익스프레스샵 바이비디에스,서비스,세탁,4.0,0.22736804797613033,0.6183479236929283,0.22727272727272727,0.6840637450199203,요주의,2,False,Low,FS1,[구조] 지역당 평균 점포수,0.45268,[추세] 점포 증가율 평균,0.24957,[구조] 지역 집중도(HHI) 전년비 변화,-0.24556
BRD_20213122,2024,방이옥,외식,한식,15.0,0.22735896981390147,0.6182658753755129,0.22727272727272727,0.6836653386454183,요주의,2,False,Low,FS1,[업종상대] 계약종료 백분위,0.52597,[구조] 지역 집중도(HHI) 전년비 변화,-0.30679,[변화] 점포 증가율,0.24808
BRD_20080200271,2024,뚱뚱이할머니족발보쌈,외식,한식,16.0,0.2273498916516726,0.6180718326890123,0.22727272727272727,0.6832669322709163,건전,0,True,Low,FS1,[구조] 지역당 평균 점포수,0.5216,[변화] 점포 증가율,0.29334,[수준] 가맹사업 업력,-0.22417
BRD_20214917,2024,봉명가닭도리탕,외식,한식,85.0,0.2273408134894437,0.6180179807799445,0.22727272727272727,0.6828685258964143,요주의,2,False,Low,FS1,[업종상대] 계약종료 백분위,0.59128,[수준] 평균매출,0.15982,[수준] 가맹사업 업력,0.08723
BRD_20220587,2024,라사천마라탕,외식,중식,57.0,0.22733173532721485,0.6179790308222343,0.22727272727272727,0.6824701195219124,요주의,1,False,Low,FS1,[업종상대] 계약종료 백분위,0.54686,[수준] 가맹사업 업력,0.13414,[추세] 점포 증가율 변동성,0.08526
NAME:빅스맘@서비스,2024,빅스맘,서비스,유아관련,65.0,0.22732265716498598,0.6178834874403838,0.22727272727272727,0.6820717131474103,건전,0,True,Low,FS1,[추세] 면적당매출 평균,0.31163,[추세] 매출 증가율 평균,0.19011,[업종상대] 계약종료 백분위,-0.1842
BRD_20191330,2024,광명대창집,외식,기타 외식,32.0,0.22731357900275712,0.6175734683464631,0.22727272727272727,0.6816733067729084,요주의,3,False,Low,FS1,[업종상대] 계약종료 백분위,0.71409,[변화] 점포 증가율,0.30841,[구조] 지역당 평균 점포수,0.15369
BRD_20090100275,2024,미랑컬헤어,서비스,이미용,16.0,0.22730450084052822,0.6172747695985962,0.22727272727272727,0.6812749003984063,건전,0,True,Low,FS1,[업종상대] 계약종료 백분위,0.67335,[수준] 가맹사업 업력,-0.16963,[업종상대] 실질 매출 증가율 백분위,0.14107
BRD_20212585,2024,고급양식,외식,서양식,27.0,0.22729542267829936,0.6171610626738029,0.22727272727272727,0.6808764940239044,건전,0,True,Low,FS1,[업종상대] 계약종료 백분위,0.60956,[구조] 지역당 평균 점포수,0.25637,[수준] 가맹사업 업력,0.1232
BRD_20231656,2024,제육집막내아들,외식,한식,37.0,0.2272863445160705,0.6169840127655809,0.22727272727272727,0.6804780876494024,건전,0,True,Low,FS1,[구조] 지역당 평균 점포수,0.37738,[업종상대] 실질 매출 증가율 백분위,0.18943,[업종상대] 계약종료 백분위,-0.18638
BRD_20200017,2024,채선당도시락&샐러드,외식,기타 외식,32.0,0.22727726635384163,0.6169796198273529,0.22727272727272727,0.6800796812749004,평가불가,0,False,Low,FS1,[구조] 지역당 평균 점포수,0.43224,[업종상대] 실질 매출 증가율 백분위,0.21567,[업종상대] 계약종료 백분위,-0.20297
BRD_20231893,2024,돈돈김치찌개&찜,외식,한식,40.0,0.22726818819161274,0.6169243609135083,0.22727272727272727,0.6796812749003984,평가불가,0,False,Low,FS1,[구조] 지역당 평균 점포수,0.22145,[업종상대] 계약종료 백분위,-0.22008,[업종상대] 실질 매출 증가율 백분위,0.21151
BRD_20161051,2024,팬그램,서비스,교육 (외국어),15.0,0.22725911002938387,0.6167769517434029,0.22727272727272727,0.6792828685258964,건전,0,True,Low,FS1,[구조] 지역당 평균 점포수,0.41763,[업종상대] 실질 매출 증가율 백분위,0.17833,[업종상대] 계약종료 백분위,-0.17042
BRD_20160807,2024,파스토보이(pastoboy),외식,서양식,37.0,0.227250031867155,0.6165737855760367,0.22727272727272727,0.6788844621513944,건전,0,True,Low,FS1,[업종상대] 계약종료 백분위,0.72133,[변화] 점포 증가율,0.36536,[구조] 지역당 평균 점포수,0.23878
BRD_20215550,2024,신비면옥,외식,한식,22.0,0.22724095370492614,0.6165736517040794,0.22727272727272727,0.6784860557768925,요주의,1,False,Low,FS1,[업종상대] 계약종료 백분위,0.53005,[구조] 지역당 평균 점포수,0.37326,[수준] 평균매출,-0.11674
BRD_20110100305,2024,뮤앤무오르프,서비스,기타 교육,27.0,0.22723187554269725,0.6159333607108041,0.22727272727272727,0.6780876494023904,건전,0,True,Low,FS1,[구조] 지역당 평균 점포수,0.44501,[업종상대] 실질 매출 증가율 백분위,0.21142,[업종상대] 계약종료 백분위,-0.17435
BRD_20170243,2024,비어첸,외식,주점,15.0,0.22722279738046838,0.615770990797656,0.22727272727272727,0.6776892430278885,평가불가,0,False,Low,FS1,[구조] 지역당 평균 점포수,0.40877,[업종상대] 실질 매출 증가율 백분위,0.20149,[업종상대] 계약종료 백분위,-0.19617
BRD_20180715,2024,카페보스(CAFE BOSS),외식,커피,45.0,0.22721371921823952,0.6157191698807187,0.22727272727272727,0.6772908366533864,요주의,1,False,Low,FS1,[업종상대] 계약종료 백분위,0.74242,[수준] 브랜드 연차,-0.16057,[구조] 지역당 평균 점포수,0.15743
BRD_20221301,2024,소미담,외식,커피,25.0,0.22720464105601065,0.6155257229974472,0.22727272727272727,0.6768924302788845,건전,0,True,Low,FS1,[업종상대] 계약종료 백분위,0.49058,[구조] 지역당 평균 점포수,0.35878,[수준] 가맹사업 업력,0.10622
BRD_20231462,2024,파스타9900원,외식,서양식,20.0,0.22719556289378176,0.6154350931684172,0.22727272727272727,0.6764940239043825,평가불가,0,False,Low,FS1,[구조] 지역당 평균 점포수,0.35046,[업종상대] 계약종료 백분위,-0.20774,[업종상대] 실질 매출 증가율 백분위,0.19673
BRD_20080100366,2024,짚동가리쌩주,외식,주점,4.0,0.2271864847315529,0.6151872765034997,0.22727272727272727,0.6760956175298805,요주의,1,False,Low,FS1,[구조] 지역당 평균 점포수,0.35192,[구조] 지역 집중도(HHI) 전년비 변화,-0.25345,[변화] 점포 증가율,0.23806
BRD_20191444,2024,할머니가래떡볶이,외식,분식,82.0,0.22717740656932403,0.6151247437585884,0.22727272727272727,0.6756972111553785,건전,0,True,Low,FS1,[업종상대] 계약종료 백분위,0.59502,[구조] 지역 집중도(HHI) 전년비 변화,-0.32341,[변화] 점포 증가율,0.31517
BRD_20201147,2024,꿀마니 닭강정,외식,치킨,14.0,0.22716832840709517,0.6150638418716965,0.22727272727272727,0.6752988047808764,요주의,1,False,Low,FS1,[업종상대] 계약종료 백분위,0.56313,[추세] 점포 증가율 평균,0.2064,[수준] 평균매출,0.1962
BRD_20221028,2024,차차커피코,외식,커피,50.0,0.22715925024486627,0.6147378970685992,0.22727272727272727,0.6749003984063745,요주의,2,False,Low,FS1,[업종상대] 계약종료 백분위,0.6293,[수준] 가맹사업 업력,0.1197,[업종상대] 실질 매출 증가율 백분위,-0.11222
BRD_20150208,2024,유니팝,서비스,기타 교육,305.0,0.2271501720826374,0.6146571335478077,0.22727272727272727,0.6745019920318726,건전,0,True,Low,FS1,[업종상대] 계약종료 백분위,0.55298,[구조] 지역당 평균 점포수,-0.16795,[업종상대] 실질 매출 증가율 백분위,0.15855
BRD_20231912,2024,혼밥에빠진날,외식,한식,20.0,0.22714109392040854,0.614639193031123,0.22727272727272727,0.6741035856573705,요주의,2,False,Low,FS1,[업종상대] 계약종료 백분위,0.62245,[수준] 가맹사업 업력,0.12081,[업종상대] 실질 매출 증가율 백분위,-0.11732
BRD_20231373,2024,워시엔조이 멤버스,서비스,세탁,50.0,0.22713201575817968,0.6143905432446769,0.22727272727272727,0.6737051792828685,평가불가,0,False,Low,FS1,[업종상대] 계약종료 백분위,-0.24401,[업종상대] 실질 매출 증가율 백분위,0.21036,[수준] 평균매출,0.12852
BRD_20200225,2024,마라루,외식,중식,14.0,0.22712293759595079,0.6139198575587635,0.22727272727272727,0.6733067729083665,건전,0,True,Low,FS1,[업종상대] 계약종료 백분위,0.57312,[변화] 점포 증가율,0.33825,[구조] 지역당 평균 점포수,0.25953
BRD_20080100444,2024,커브스(Curves),서비스,스포츠 관련,187.0,0.22711385943372192,0.6137067300716808,0.22727272727272727,0.6729083665338645,건전,0,True,Low,FS1,[업종상대] 계약종료 백분위,0.72186,[수준] 면적당매출,0.18185,[수준] 평균매출,0.17734
BRD_20231131,2024,홈런스마트클래스,서비스,교육 (교과),127.0,0.22710478127149306,0.6135483860203425,0.22727272727272727,0.6725099601593626,평가불가,0,False,Low,FS1,[업종상대] 실질 매출 증가율 백분위,0.2566,[업종상대] 계약종료 백분위,-0.22847,[수준] 평균매출,0.11143
BRD_20201169,2024,그집곱닭도리탕,외식,한식,96.0,0.2270957031092642,0.6132160997365587,0.22727272727272727,0.6721115537848605,요주의,1,False,Low,FS1,[업종상대] 계약종료 백분위,0.55222,[업종상대] 실질 매출 증가율 백분위,0.16929,[추세] 점포 증가율 변동성,0.11991
BRD_20200862,2024,로드락 후라이드,외식,기타 외식,26.0,0.2270866249470353,0.6129745285424782,0.22727272727272727,0.6717131474103586,요주의,1,False,Low,FS1,[업종상대] 계약종료 백분위,0.59071,[추세] 매출 증가율 평균,0.20436,[추세] 면적당매출 평균,0.20106
BRD_20100100295,2024,락휴노래타운,서비스,오락,33.0,0.22707754678480643,0.6127302155917054,0.22727272727272727,0.6713147410358565,건전,0,True,Low,FS1,[업종상대] 계약종료 백분위,0.46579,[추세] 면적당매출 평균,0.16701,[추세] 매출 증가율 평균,0.15625
BRD_20171409,2024,바우네 나주곰탕,외식,한식,13.0,0.22706846862257757,0.6125846811186496,0.22727272727272727,0.6709163346613546,건전,0,True,Low,FS1,[추세] 점포 증가율 평균,0.29427,[변화] 점포 증가율,0.28017,[추세] 면적당매출 평균,0.19002
BRD_20210315,2024,소림마라,외식,중식,137.0,0.2270593904603487,0.6124389770567727,0.22727272727272727,0.6705179282868526,건전,0,True,Low,FS1,[업종상대] 계약종료 백분위,0.80203,[변화] 점포 증가율,0.38979,[수준] 가맹사업 업력,0.16134
BRD_20220924,2024,그라츠커피랩(GRAZ COFFEE LAB),외식,커피,20.0,0.2270503122981198,0.6116020985636478,0.22727272727272727,0.6701195219123506,건전,0,True,Low,FS1,[업종상대] 계약종료 백분위,0.82626,[수준] 평균매출,0.15871,[수준] 가맹사업 업력,0.12046
BRD_20100100520,2024,국대떡볶이,외식,분식,19.0,0.22704123413589095,0.6114591245225722,0.22727272727272727,0.6697211155378486,요주의,1,False,Low,FS1,[구조] 지역당 평균 점포수,0.35027,[추세] 점포 증가율 평균,0.27984,[변화] 점포 증가율,0.24058
BRD_20211717,2024,디디디알캔&보틀커피,외식,커피,21.0,0.22703215597366208,0.6114165999842117,0.22727272727272727,0.6693227091633466,건전,0,True,Low,FS1,[업종상대] 계약종료 백분위,0.69241,[구조] 지역당 평균 점포수,0.15117,[수준] 평균매출,-0.13008
BRD_20090100493,2024,영렘브란트(Young Rambrandts),서비스,기타 교육,117.0,0.22702307781143322,0.6114161180087895,0.22727272727272727,0.6689243027888446,요주의,2,False,Low,FS1,[업종상대] 계약종료 백분위,0.55117,[변화] 점포 증가율,0.29502,[수준] 가맹사업 업력,-0.17774
BRD_20110100484,2024,마루샤브,외식,기타 외식,8.0,0.22701399964920432,0.6113965869502374,0.22727272727272727,0.6685258964143427,건전,0,True,Low,FS1,[구조] 지역당 평균 점포수,0.47483,[변화] 점포 증가율,0.30248,[추세] 면적당매출 평균,0.1077
BRD_20170868,2024,DDC치킨,외식,치킨,10.0,0.22700492148697546,0.6113511497397109,0.22727272727272727,0.6681274900398406,건전,0,True,Low,FS1,[추세] 면적당매출 평균,0.2418,[업종상대] 계약종료 백분위,-0.22357,[추세] 매출 증가율 평균,0.19239
BRD_20190883,2024,닭갈비클라쓰,외식,치킨,5.0,0.2269958433247466,0.6112218766523111,0.22727272727272727,0.6677290836653387,요주의,2,False,Low,FS1,[업종상대] 계약종료 백분위,0.49494,[구조] 지역 집중도(HHI) 전년비 변화,-0.27564,[구조] 지역당 평균 점포수,0.24879
BRD_20100100460,2024,피자헤븐,외식,피자,11.0,0.22698676516251773,0.6112048838206596,0.22727272727272727,0.6673306772908366,요주의,3,False,Low,FS1,[업종상대] 계약종료 백분위,0.52583,[변화] 점포 증가율,0.29114,[추세] 점포 증가율 평균,0.24372
BRD_20220983,2024,아이크미,서비스,교육 (외국어),35.0,0.22697768700028884,0.6111019102206591,0.22727272727272727,0.6669322709163347,평가불가,0,False,Low,FS1,[업종상대] 계약종료 백분위,-0.22825,[업종상대] 실질 매출 증가율 백분위,0.22426,[구조] 지역당 평균 점포수,0.16065
BRD_20220789,2024,우이락,외식,한식,44.0,0.22696860883805997,0.6110572000149445,0.22727272727272727,0.6665338645418327,요주의,1,False,Low,FS1,[업종상대] 계약종료 백분위,0.54049,[구조] 지역당 평균 점포수,0.13334,[수준] 가맹사업 업력,0.11589
BRD_20120100133,2024,청국장과보리밥,외식,한식,5.0,0.2269595306758311,0.6109021447926061,0.22727272727272727,0.6661354581673307,건전,0,True,Low,FS1,[구조] 지역당 평균 점포수,0.42189,[변화] 점포 증가율,0.36162,[추세] 점포 증가율 평균,0.27641
BRD_20151155,2024,쥬씨(JUICY),외식,음료 (커피 외),175.0,0.22695045251360224,0.6104944003537937,0.22727272727272727,0.6657370517928287,건전,0,True,Low,FS1,[추세] 점포 증가율 평균,0.33936,[변화] 점포 증가율,0.31678,[업종상대] 계약종료 백분위,0.29779
BRD_20211965,2024,씨유펫,도소매,기타도소매,126.0,0.22694137435137335,0.6104147429924759,0.22727272727272727,0.6653386454183267,요주의,1,False,Low,FS1,[업종상대] 계약종료 백분위,0.7,[수준] 평균매출,0.16661,[구조] 개점-종료 격차,-0.13513
BRD_20213025,2024,피자선생,외식,피자,17.0,0.22693229618914448,0.6104094361203136,0.22727272727272727,0.6649402390438247,요주의,2,False,Low,FS1,[업종상대] 계약종료 백분위,0.51852,[구조] 지역 집중도(HHI) 전년비 변화,-0.30437,[변화] 점포 증가율,0.28138
BRD_20150473,2024,밥맛나는세상,외식,한식,24.0,0.22692321802691562,0.610351394338975,0.22727272727272727,0.6645418326693228,건전,0,True,Low,FS1,[변화] 점포 증가율,0.33086,[업종상대] 계약종료 백분위,0.30975,[추세] 점포 증가율 평균,0.26871
BRD_20201272,2024,커피마마퀸,외식,기타 외식,46.0,0.22691413986468675,0.6102479939313623,0.22727272727272727,0.6641434262948207,건전,0,True,Low,FS1,[변화] 점포 증가율,0.33064,[구조] 지역당 평균 점포수,0.18601,[수준] 브랜드 연차,-0.15149
BRD_20090100582,2024,두리맛감자탕,외식,한식,9.0,0.22690506170245786,0.6101803729240098,0.22727272727272727,0.6637450199203188,건전,0,True,Low,FS1,[업종상대] 계약종료 백분위,0.42876,[구조] 지역당 평균 점포수,0.3071,[변화] 점포 증가율,0.2946
BRD_20201002,2024,김호두(kimhodu),외식,제과제빵,20.0,0.226895983540229,0.6100245189163783,0.22727272727272727,0.6633466135458167,건전,0,True,Low,FS1,[구조] 지역당 평균 점포수,0.41421,[업종상대] 계약종료 백분위,0.24903,[추세] 점포 증가율 평균,0.21395
BRD_20160116,2024,만랩커피,외식,커피,84.0,0.22688690537800013,0.6099365124140829,0.22727272727272727,0.6629482071713148,요주의,1,False,Low,FS1,[업종상대] 계약종료 백분위,0.57371,[변화] 점포 증가율,0.34578,[추세] 점포 증가율 평균,0.26276
BRD_20150133,2024,크래프트한스(Craft Han&#39;s),외식,주점,24.0,0.22687782721577127,0.6098628706276013,0.22727272727272727,0.6625498007968128,건전,0,True,Low,FS1,[변화] 점포 증가율,0.29672,[추세] 매출 증가율 평균,0.20309,[추세] 면적당매출 평균,0.16353
BRD_20120600029,2024,빨봉분식,외식,기타 외식,31.0,0.22686874905354237,0.6096090961528529,0.22727272727272727,0.6621513944223107,건전,0,True,Low,FS1,[업종상대] 계약종료 백분위,0.35472,[추세] 점포 증가율 평균,0.34636,[변화] 점포 증가율,0.27591
BRD_20201075,2024,카와루라멘,외식,일식,14.0,0.2268596708913135,0.6094854209563328,0.22727272727272727,0.6617529880478088,요주의,1,False,Low,FS1,[변화] 점포 증가율,0.31374,[업종상대] 계약종료 백분위,0.31356,[수준] 평균매출,0.18178
BRD_20160707,2024,오정은A김밥,외식,분식,19.0,0.22685059272908464,0.6094032163038493,0.22727272727272727,0.6613545816733067,건전,0,True,Low,FS1,[업종상대] 계약종료 백분위,0.68565,[변화] 점포 증가율,0.36358,[추세] 점포 증가율 변동성,0.12504
BRD_20213095,2024,달다곰이,외식,커피,25.0,0.22684151456685578,0.6092930401830918,0.22727272727272727,0.6609561752988048,평가불가,0,False,Low,FS1,[업종상대] 실질 매출 증가율 백분위,0.24313,[업종상대] 계약종료 백분위,-0.23756,[수준] 가맹사업 업력,0.11802
BRD_20110600010,2024,VFC치킨파티,외식,치킨,16.0,0.22683243640462689,0.6092879764623499,0.22727272727272727,0.6605577689243027,요주의,1,False,Low,FS1,[구조] 지역당 평균 점포수,0.47339,[추세] 점포 증가율 평균,0.24912,[변화] 점포 증가율,0.24803
BRD_20190267,2024,흑화당,외식,음료 (커피 외),2.0,0.22682335824239802,0.6091903230199658,0.22727272727272727,0.6601593625498008,요주의,2,False,Low,FS1,[업종상대] 계약종료 백분위,0.42902,[구조] 지역 집중도(HHI) 전년비 변화,-0.31881,[구조] 지역당 평균 점포수,0.27678
BRD_20151193,2024,아빠곰탕,외식,한식,5.0,0.22681428008016916,0.609173272878775,0.22727272727272727,0.6597609561752988,요주의,2,False,Low,FS1,[업종상대] 계약종료 백분위,0.46728,[구조] 지역당 평균 점포수,0.34431,[변화] 점포 증가율,0.31871
BRD_20130027,2024,장루이다비드(Jean Louis David),서비스,이미용,9.0,0.2268052019179403,0.6091590521141568,0.22727272727272727,0.6593625498007968,요주의,1,False,Low,FS1,[구조] 지역당 평균 점포수,0.64328,[업종상대] 계약종료 백분위,-0.17854,[업종상대] 실질 매출 증가율 백분위,0.13779
BRD_20160621,2024,홍대개미,외식,기타 외식,30.0,0.2267961237557114,0.6090115551890825,0.22727272727272727,0.6589641434262948,건전,0,True,Low,FS1,[구조] 지역당 평균 점포수,0.48946,[변화] 점포 증가율,0.33734,[수준] 브랜드 연차,-0.11044
NAME:청춘닭꼬치@외식,2024,청춘닭꼬치,외식,기타 외식,38.0,0.22678704559348253,0.6088971358387493,0.22727272727272727,0.6585657370517928,요주의,1,False,Low,FS1,[업종상대] 계약종료 백분위,0.66745,[변화] 점포 증가율,0.17167,[수준] 브랜드 연차,-0.15157
BRD_20161125,2024,고반식당,외식,기타 외식,93.0,0.22677796743125367,0.6085553275202303,0.22727272727272727,0.6581673306772908,건전,0,True,Low,FS1,[업종상대] 계약종료 백분위,0.67768,[변화] 점포 증가율,0.3682,[추세] 점포 증가율 변동성,0.12584
BRD_20150658,2024,블레스롤(Bless Roll),외식,커피,18.0,0.2267688892690248,0.6083031061702697,0.22727272727272727,0.6577689243027889,평가불가,0,False,Low,FS1,[구조] 지역당 평균 점포수,0.41868,[업종상대] 계약종료 백분위,-0.18668,[업종상대] 실질 매출 증가율 백분위,0.17621
BRD_20080100412,2024,피자와치킨의러브레터,외식,피자,44.0,0.2267598111067959,0.6082507764815127,0.22727272727272727,0.6573705179282868,건전,0,True,Low,FS1,[업종상대] 계약종료 백분위,0.78664,[변화] 점포 증가율,0.30061,[수준] 가맹사업 업력,-0.26276
BRD_20212052,2024,밥;끼,도소매,기타도소매,28.0,0.22675073294456705,0.6082199455637621,0.22727272727272727,0.6569721115537849,요주의,1,False,Low,FS1,[업종상대] 계약종료 백분위,0.63767,[구조] 지역당 평균 점포수,0.35232,[추세] 점포 증가율 변동성,-0.17976
BRD_20213426,2024,1984 그수육집칼국수,외식,한식,29.0,0.22674165478233818,0.6081523671230626,0.22727272727272727,0.6565737051792828,건전,0,True,Low,FS1,[구조] 지역당 평균 점포수,0.41626,[추세] 매출 증가율 변동성,0.17523,[업종상대] 계약종료 백분위,-0.16725
BRD_20170711,2024,착한쭝식,외식,중식,12.0,0.22673257662010932,0.6081406757485014,0.22727272727272727,0.6561752988047809,요주의,2,False,Low,FS1,[업종상대] 계약종료 백분위,0.44978,[변화] 점포 증가율,0.3262,[구조] 지역당 평균 점포수,0.31447
BRD_20231506,2024,미생맥주,외식,주점,22.0,0.21988636363636355,0.607667016776683,0.2125,0.6557768924302789,요주의,1,False,Low,FS1,[업종상대] 계약종료 백분위,0.57625,[업종상대] 실질 매출 증가율 백분위,0.18401,[구조] 지역당 평균 점포수,0.14137
BRD_20210436,2024,필라프에빠지다,외식,기타 외식,46.0,0.21979403409090903,0.6075596656775797,0.2125,0.6553784860557769,평가불가,0,False,Low,FS1,[업종상대] 실질 매출 증가율 백분위,0.22344,[업종상대] 계약종료 백분위,-0.22277,[구조] 지역당 평균 점포수,0.16358
BRD_20200491,2024,어부김호권의청년어부,외식,일식,41.0,0.21970170454545446,0.6074669930347841,0.2125,0.6549800796812749,건전,0,True,Low,FS1,[변화] 점포 증가율,0.33434,[구조] 지역당 평균 점포수,0.23867,[업종상대] 계약종료 백분위,0.16853
BRD_20170998,2024,유로코피자(EUROKO PIZZA),외식,피자,63.0,0.2196093749999999,0.6070666159172768,0.2125,0.6545816733067729,요주의,2,False,Low,FS1,[업종상대] 계약종료 백분위,0.57919,[수준] 브랜드 연차,-0.14712,[변화] 점포 증가율,0.1329
BRD_20150343,2024,왕빈자전통주막,외식,주점,20.0,0.21951704545454537,0.6068935174463278,0.2125,0.6541832669322709,건전,0,True,Low,FS1,[구조] 지역당 평균 점포수,0.45853,[업종상대] 계약종료 백분위,0.24999,[추세] 점포 증가율 평균,0.2161
BRD_20211340,2024,순수덮밥,외식,한식,171.0,0.21942471590909082,0.6064179058930709,0.2125,0.653784860557769,요주의,1,False,Low,FS1,[추세] 매출 증가율 변동성,0.22271,[추세] 면적당매출 평균,0.19807,[구조] 지역당 평균 점포수,-0.15551
BRD_20120500032,2024,장패(JANGPAE),외식,한식,7.0,0.21933238636363628,0.605971562324083,0.2125,0.6533864541832669,요주의,2,False,Low,FS1,[업종상대] 계약종료 백분위,0.60561,[변화] 점포 증가율,0.28625,[추세] 점포 증가율 평균,0.24767
BRD_20230590,2024,인정후라이드,외식,치킨,26.0,0.21924005681818173,0.6059375849657872,0.2125,0.652988047808765,평가불가,0,False,Low,FS1,[업종상대] 실질 매출 증가율 백분위,0.23813,[업종상대] 계약종료 백분위,-0.23637,[추세] 점포 증가율 변동성,0.1315
BRD_20120100023,2024,청와삼대,외식,한식,21.0,0.2191477272727272,0.6058960758008033,0.2125,0.6525896414342629,건전,0,True,Low,FS1,[구조] 지역당 평균 점포수,0.51363,[변화] 점포 증가율,0.2881,[수준] 브랜드 연차,-0.13594
BRD_20100100481,2024,닥터스칼프,서비스,이미용,13.0,0.21905539772727264,0.6058521315928593,0.2125,0.652191235059761,건전,0,True,Low,FS1,[구조] 지역당 평균 점포수,0.45636,[추세] 점포 증가율 변동성,-0.19295,[수준] 면적당매출,0.14531
BRD_20200214,2024,가위이야기,도소매,기타도소매,33.0,0.2189630681818181,0.605397615203866,0.2125,0.651792828685259,건전,0,True,Low,FS1,[구조] 지역당 평균 점포수,0.31009,[추세] 점포 증가율 변동성,0.1384,[수준] 가맹사업 업력,0.12262
BRD_20201895,2024,무쇠김치삼겹,외식,한식,22.0,0.21887073863636355,0.6052276918255899,0.2125,0.651394422310757,건전,0,True,Low,FS1,[업종상대] 계약종료 백분위,0.64806,[구조] 지역당 평균 점포수,0.16652,[추세] 점포 증가율 변동성,0.13851
BRD_20190224,2024,큐리프리미엄키즈카페,서비스,유아 관련 (교육 외),24.0,0.218778409090909,0.6049371050960249,0.2125,0.650996015936255,평가불가,0,False,Low,FS1,[업종상대] 실질 매출 증가율 백분위,0.21444,[업종상대] 계약종료 백분위,-0.21269,[구조] 지역당 평균 점포수,0.20683
BRD_20220090,2024,꺼꾸잽이 초장집,외식,기타 외식,35.0,0.21868607954545446,0.6049240325903908,0.2125,0.6505976095617529,요주의,1,False,Low,FS1,[업종상대] 계약종료 백분위,0.51282,[구조] 지역당 평균 점포수,0.18233,[추세] 면적당매출 평균,0.15621
BRD_20130100472,2024,아이센스PC방,서비스,PC방,83.0,0.21859374999999992,0.6045801352151899,0.2125,0.650199203187251,요주의,2,False,Low,FS1,[업종상대] 계약종료 백분위,0.705,[변화] 점포 증가율,0.34475,[추세] 점포 증가율 평균,0.26247
BRD_20210237,2024,밥꼬찜닭,외식,한식,34.0,0.21850142045454538,0.6045684988026144,0.2125,0.649800796812749,건전,0,True,Low,FS1,[구조] 지역당 평균 점포수,0.24124,[업종상대] 실질 매출 증가율 백분위,0.17997,[업종상대] 계약종료 백분위,0.14773
BRD_20160553,2024,헬로베트남 쌀국수,외식,기타 외국식,8.0,0.21840909090909083,0.6043974832397787,0.2125,0.649402390438247,건전,0,True,Low,FS1,[구조] 지역당 평균 점포수,0.59086,[수준] 평균매출,0.17965,[변화] 점포 증가율,0.1522
BRD_20211406,2024,육회왕자연어공주,외식,한식,83.0,0.21831676136363629,0.6042607281705875,0.2125,0.649003984063745,건전,0,True,Low,FS1,[업종상대] 계약종료 백분위,0.62279,[추세] 점포 증가율 변동성,0.14366,[수준] 가맹사업 업력,0.13064
BRD_20231509,2024,매드피자,외식,피자,21.0,0.21822443181818174,0.6041466980842589,0.2125,0.648605577689243,건전,0,True,Low,FS1,[구조] 지역당 평균 점포수,0.43251,[업종상대] 실질 매출 증가율 백분위,0.22696,[업종상대] 계약종료 백분위,-0.20134
BRD_20220920,2024,라스트춘선,외식,한식,35.0,0.2181321022727272,0.6040927952226857,0.2125,0.648207171314741,건전,0,True,Low,FS1,[업종상대] 계약종료 백분위,0.33583,[구조] 지역당 평균 점포수,0.22365,[추세] 점포 증가율 변동성,0.15255
BRD_20221304,2024,7곡제면소,외식,한식,32.0,0.21803977272727265,0.6037206808673627,0.2125,0.6478087649402391,평가불가,0,False,Low,FS1,[구조] 지역당 평균 점포수,0.23341,[업종상대] 실질 매출 증가율 백분위,0.22142,[업종상대] 계약종료 백분위,-0.21202
BRD_20210291,2024,3X-LARGE COFFEE,외식,커피,34.0,0.2179474431818181,0.6033103566719501,0.2125,0.647410358565737,평가불가,0,False,Low,FS1,[업종상대] 계약종료 백분위,-0.23572,[구조] 지역당 평균 점포수,0.22119,[업종상대] 실질 매출 증가율 백분위,0.20328
BRD_20190359,2024,남도복국,외식,한식,23.0,0.21785511363636356,0.6032961992344177,0.2125,0.6470119521912351,건전,0,True,Low,FS1,[변화] 점포 증가율,0.3214,[구조] 지역당 평균 점포수,0.23622,[업종상대] 계약종료 백분위,0.23093
BRD_20230542,2024,미친피자,외식,피자,31.0,0.21776278409090902,0.6027271630597594,0.2125,0.646613545816733,건전,0,True,Low,FS1,[추세] 면적당매출 평균,0.28799,[업종상대] 계약종료 백분위,-0.22623,[추세] 매출 증가율 변동성,0.19687
BRD_20120100238,2024,오피스알파,도소매,기타도소매,36.0,0.21767045454545447,0.6024552136700819,0.2125,0.6462151394422311,건전,0,True,Low,FS1,[구조] 지역당 평균 점포수,0.41492,[추세] 면적당매출 평균,0.2157,[수준] 가맹사업 업력,-0.13995
BRD_20191129,2024,두뽂스,외식,한식,4.0,0.21757812499999993,0.6023752886093873,0.2125,0.6458167330677291,요주의,3,False,Low,FS1,[업종상대] 계약종료 백분위,0.45503,[구조] 지역당 평균 점포수,0.28059,[변화] 점포 증가율,0.26673
BRD_20130497,2024,브알라,외식,아이스크림/빙수,11.0,0.21748579545454538,0.6022031396562221,0.2125,0.6454183266932271,요주의,1,False,Low,FS1,[업종상대] 계약종료 백분위,0.43209,[구조] 지역당 평균 점포수,0.36058,[추세] 점포 증가율 변동성,0.12353
BRD_20210866,2024,찌개엔,외식,한식,22.0,0.21739346590909084,0.6020776973729925,0.2125,0.6450199203187251,평가불가,0,False,Low,FS1,[구조] 지역당 평균 점포수,0.41619,[업종상대] 계약종료 백분위,-0.19516,[업종상대] 실질 매출 증가율 백분위,0.18339
BRD_20231558,2024,앙팡프리슈,도소매,의류 / 패션,34.0,0.2173011363636363,0.6018317865422712,0.2125,0.6446215139442231,건전,0,True,Low,FS1,[업종상대] 실질 매출 증가율 백분위,0.27435,[구조] 지역당 평균 점포수,0.22298,[업종상대] 계약종료 백분위,-0.20098
BRD_20140938,2024,깔끄미계단,서비스,기타 서비스,29.0,0.21720880681818175,0.6017701929987085,0.2125,0.6442231075697211,건전,0,True,Low,FS1,[업종상대] 계약종료 백분위,0.71337,[수준] 평균매출,0.22171,[구조] 지역당 평균 점포수,-0.19564
BRD_20130015,2024,아마스빈,외식,커피,106.0,0.2171164772727272,0.6017500398341474,0.2125,0.6438247011952192,요주의,2,False,Low,FS1,[업종상대] 계약종료 백분위,0.67525,[변화] 점포 증가율,0.37713,[구조] 지역당 평균 점포수,-0.16413
BRD_20150048,2024,리골레토시카고피자,외식,피자,3.0,0.21702414772727266,0.6014012121313721,0.2125,0.6434262948207171,요주의,2,False,Low,FS1,[업종상대] 계약종료 백분위,0.52081,[구조] 지역당 평균 점포수,0.35966,[변화] 점포 증가율,0.33678
BRD_20150164,2024,응급실국물떡볶이,외식,분식,148.0,0.21693181818181811,0.6013654636406003,0.2125,0.6430278884462152,건전,0,True,Low,FS1,[업종상대] 계약종료 백분위,0.75077,[변화] 점포 증가율,0.36897,[추세] 점포 증가율 평균,0.30829
BRD_20213619,2024,홀리앤졸리,외식,제과제빵,24.0,0.21683948863636357,0.6012230769660745,0.2125,0.6426294820717131,요주의,1,False,Low,FS1,[업종상대] 계약종료 백분위,0.65315,[변화] 점포 증가율,0.2767,[구조] 지역 집중도(HHI) 전년비 변화,-0.25076
BRD_20214651,2024,순수타코,외식,기타 외식,85.0,0.21674715909090903,0.6011699769235928,0.2125,0.6422310756972112,요주의,1,False,Low,FS1,[변화] 점포 증가율,0.23011,[수준] 평균매출,0.14907,[추세] 점포 증가율 변동성,0.12002
BRD_20140706,2024,코리엔탈깻잎두마리치킨,외식,치킨,131.0,0.21665482954545448,0.6011691889417989,0.2125,0.6418326693227092,요주의,2,False,Low,FS1,[업종상대] 계약종료 백분위,0.53766,[변화] 점포 증가율,0.31545,[추세] 점포 증가율 평균,0.23962
BRD_20150980,2024,엄청난떡볶이,외식,분식,6.0,0.21656249999999994,0.6010395913642432,0.2125,0.6414342629482072,요주의,1,False,Low,FS1,[구조] 지역당 평균 점포수,0.59899,[추세] 점포 증가율 평균,0.26338,[업종상대] 계약종료 백분위,-0.19576
BRD_20200470,2024,김태연국민동태탕찜,외식,한식,32.0,0.2164701704545454,0.6006615267482609,0.2125,0.6410358565737052,평가불가,0,False,Low,FS1,[구조] 지역당 평균 점포수,0.41244,[업종상대] 계약종료 백분위,-0.19357,[업종상대] 실질 매출 증가율 백분위,0.18465
BRD_20201358,2024,담꾹,외식,한식,266.0,0.21637784090909085,0.6000692662702662,0.2125,0.6406374501992032,요주의,1,False,Low,FS1,[업종상대] 계약종료 백분위,0.5762,[변화] 점포 증가율,0.28754,[구조] 지역당 평균 점포수,-0.20066
BRD_20191021,2024,돈갓,외식,서양식,5.0,0.2162855113636363,0.5996214964599649,0.2125,0.6402390438247012,요주의,2,False,Low,FS1,[업종상대] 계약종료 백분위,0.52155,[구조] 지역당 평균 점포수,0.31787,[변화] 점포 증가율,0.2832
BRD_20230117,2024,봄바스타커피,외식,커피,18.0,0.21619318181818176,0.599587551647499,0.2125,0.6398406374501993,건전,0,True,Low,FS1,[업종상대] 실질 매출 증가율 백분위,0.19049,[추세] 점포 증가율 변동성,0.16774,[변화] 점포 증가율,0.15058
BRD_20200206,2024,깨봉이국물떡볶이,외식,분식,30.0,0.2161008522727272,0.5994821153043425,0.2125,0.6394422310756972,요주의,1,False,Low,FS1,[업종상대] 계약종료 백분위,0.58858,[구조] 지역당 평균 점포수,0.1681,[업종상대] 실질 매출 증가율 백분위,0.1401
BRD_20231530,2024,또띠아그램,외식,기타 외국식,60.0,0.21600852272727267,0.599445732196798,0.2125,0.6390438247011953,건전,0,True,Low,FS1,[업종상대] 실질 매출 증가율 백분위,0.20766,[업종상대] 계약종료 백분위,-0.20112,[추세] 점포 증가율 변동성,0.14842
BRD_20160009,2024,코다리밥상,외식,한식,4.0,0.21591619318181812,0.5992846904565701,0.2125,0.6386454183266932,건전,0,True,Low,FS1,[구조] 지역당 평균 점포수,0.41164,[추세] 점포 증가율 평균,0.26528,[업종상대] 실질 매출 증가율 백분위,0.2126
BRD_20170549,2024,맛있는 오칠구,외식,기타 외식,5.0,0.21582386363636358,0.5989652934467032,0.2125,0.6382470119521912,건전,0,True,Low,FS1,[구조] 지역당 평균 점포수,0.35946,[구조] 지역 집중도(HHI) 전년비 변화,-0.3333,[변화] 점포 증가율,0.33316
BRD_20180068,2024,방가네소고기국밥수육,외식,한식,74.0,0.21573153409090903,0.5986682333471957,0.2125,0.6378486055776893,건전,0,True,Low,FS1,[업종상대] 계약종료 백분위,0.40956,[수준] 면적당매출,0.135,[추세] 점포 증가율 변동성,0.11758
BRD_20230968,2024,영자's곱창,외식,한식,22.0,0.2156392045454545,0.5985885107516025,0.2125,0.6374501992031872,평가불가,0,False,Low,FS1,[업종상대] 실질 매출 증가율 백분위,0.2656,[업종상대] 계약종료 백분위,-0.24264,[추세] 점포 증가율 변동성,0.10879
BRD_20215060,2024,덮밥어때,외식,한식,25.0,0.21554687499999994,0.5981132813001095,0.2125,0.6370517928286853,평가불가,0,False,Low,FS1,[업종상대] 계약종료 백분위,-0.22164,[업종상대] 실질 매출 증가율 백분위,0.21247,[구조] 지역당 평균 점포수,0.20353
BRD_20220528,2024,맘스터치 피자앤치킨,외식,패스트푸드,37.0,0.2154545454545454,0.5979576302537496,0.2125,0.6366533864541832,요주의,1,False,Low,FS1,[변화] 점포 증가율,0.29525,[추세] 점포 증가율 변동성,0.14617,[수준] 가맹사업 업력,0.145
BRD_20200561,2024,금복주류,외식,주점,36.0,0.21536221590909085,0.5975793262562528,0.2125,0.6362549800796813,건전,0,True,Low,FS1,[변화] 점포 증가율,0.31084,[구조] 지역당 평균 점포수,0.22372,[추세] 점포 증가율 변동성,0.14406
BRD_20191239,2024,고쿠텐,외식,일식,19.0,0.2152698863636363,0.5974414457454941,0.2125,0.6358565737051792,요주의,2,False,Low,FS1,[업종상대] 계약종료 백분위,0.58567,[변화] 점포 증가율,0.33637,[구조] 지역당 평균 점포수,0.24581
BRD_20214450,2024,떡의작품,외식,분식,24.0,0.21517755681818176,0.5972226657625958,0.2125,0.6354581673306773,요주의,1,False,Low,FS1,[업종상대] 계약종료 백분위,0.69986,[구조] 지역당 평균 점포수,0.31422,[업종상대] 점포 증가율 백분위,-0.16032
BRD_20120100689,2024,Du Sol Hair (두쏠헤어),서비스,이미용,37.0,0.21508522727272722,0.5971173276265379,0.2125,0.6350597609561753,건전,0,True,Low,FS1,[업종상대] 계약종료 백분위,0.69483,[구조] 지역당 평균 점포수,0.23337,[수준] 평균매출,-0.09487
BRD_20180988,2024,카앤피플샵,서비스,자동차 관련,29.0,0.21499289772727265,0.5971002686446022,0.2125,0.6346613545816733,건전,0,True,Low,FS1,[업종상대] 계약종료 백분위,0.59988,[구조] 지역당 평균 점포수,0.23853,[수준] 평균매출,0.15273
BRD_20220334,2024,정성카츠,외식,기타 외식,66.0,0.2149005681818181,0.5970686003379613,0.2125,0.6342629482071713,건전,0,True,Low,FS1,[업종상대] 계약종료 백분위,0.72964,[추세] 점포 증가율 변동성,-0.17183,[구조] 지역당 평균 점포수,0.11979
BRD_20080100611,2024,한솔교육영어지사,서비스,교육 (교과),12.0,0.21480823863636356,0.5968209045718417,0.2125,0.6338645418326693,건전,0,True,Low,FS1,[구조] 지역당 평균 점포수,0.3447,[추세] 면적당매출 평균,0.28098,[추세] 점포 증가율 변동성,-0.2507
BRD_20100100175,2024,오가다,외식,음료 (커피 외),27.0,0.214715909090909,0.596770003873998,0.2125,0.6334661354581673,건전,0,True,Low,FS1,[구조] 지역당 평균 점포수,0.42727,[추세] 점포 증가율 평균,0.3283,[변화] 점포 증가율,0.32539
BRD_20160611,2024,ERC영어독서클럽,서비스,교육 (외국어),168.0,0.21462357954545447,0.5963438776372955,0.2125,0.6330677290836654,건전,0,True,Low,FS1,[업종상대] 계약종료 백분위,0.60736,[업종상대] 실질 매출 증가율 백분위,0.20241,[구조] 지역당 평균 점포수,-0.16919
BRD_20110100237,2024,커피베이,외식,커피,286.0,0.21453124999999992,0.5961267926299991,0.2125,0.6326693227091633,요주의,2,False,Low,FS1,[업종상대] 계약종료 백분위,0.72016,[변화] 점포 증가율,0.34139,[추세] 점포 증가율 평균,0.2755
BRD_20120100563,2024,코코샤브,외식,기타 외식,4.0,0.21443892045454538,0.5958493376282368,0.2125,0.6322709163346614,건전,0,True,Low,FS1,[구조] 지역당 평균 점포수,0.46857,[추세] 점포 증가율 평균,0.32253,[업종상대] 계약종료 백분위,-0.17949
BRD_20210667,2024,진된장,외식,한식,27.0,0.21434659090909083,0.5957447588498105,0.2125,0.6318725099601593,요주의,1,False,Low,FS1,[구조] 지역당 평균 점포수,0.22316,[수준] 평균매출,0.15545,[수준] 가맹사업 업력,0.13548
BRD_20160737,2024,스탠딩스테이크,외식,서양식,6.0,0.2142542613636363,0.5955948846916472,0.2125,0.6314741035856574,요주의,2,False,Low,FS1,[업종상대] 계약종료 백분위,0.45517,[구조] 지역당 평균 점포수,0.31185,[변화] 점포 증가율,0.28969
BRD_20210638,2024,족발예찬,외식,한식,28.0,0.21416193181818174,0.5955697391889682,0.2125,0.6310756972111554,건전,0,True,Low,FS1,[업종상대] 계약종료 백분위,0.27518,[추세] 면적당매출 평균,0.25822,[추세] 매출 증가율 평균,0.20955
BRD_20120100544,2024,V-KOOL(브이쿨),서비스,자동차 관련,469.0,0.2140696022727272,0.5953688969117422,0.2125,0.6306772908366534,요주의,1,False,Low,FS1,[업종상대] 계약종료 백분위,0.61104,[수준] 면적당매출,0.15013,[구조] 지역당 평균 점포수,-0.13461
BRD_20161309,2024,브라보치킨피자,외식,치킨,1.0,0.21397727272727265,0.5953162502415139,0.2125,0.6302788844621514,건전,0,True,Low,FS1,[추세] 점포 증가율 평균,0.31104,[업종상대] 실질 매출 증가율 백분위,0.25732,[업종상대] 계약종료 백분위,-0.21591
BRD_20211235,2024,샤오바오우육면,외식,중식,22.0,0.2138849431818181,0.595018940846541,0.2125,0.6298804780876494,요주의,3,False,Low,FS1,[업종상대] 계약종료 백분위,0.6221,[구조] 지역 집중도(HHI) 전년비 변화,-0.29917,[변화] 점포 증가율,0.2918
BRD_20230673,2024,아이스 앤 몬스터 문구,도소매,기타도소매,32.0,0.21379261363636357,0.5946217067626415,0.2125,0.6294820717131474,건전,0,True,Low,FS1,[구조] 지역당 평균 점포수,0.40253,[업종상대] 계약종료 백분위,-0.18493,[업종상대] 실질 매출 증가율 백분위,0.15471
BRD_20211042,2024,지쿠(Gcoo),서비스,임대,61.0,0.21370028409090902,0.5943821376318512,0.2125,0.6290836653386455,요주의,1,False,Low,FS1,[업종상대] 계약종료 백분위,0.5096,[구조] 지역당 평균 점포수,0.13415,[수준] 평균매출,-0.11293
BRD_20150553,2024,밥장인,외식,한식,26.0,0.21360795454545448,0.5942670275425953,0.2125,0.6286852589641434,건전,0,True,Low,FS1,[업종상대] 계약종료 백분위,0.76269,[수준] 브랜드 연차,-0.14254,[변화] 점포 증가율,0.1371
BRD_20190184,2024,서리서리멸치국수,외식,분식,20.0,0.21351562499999993,0.5942035969944178,0.2125,0.6282868525896415,건전,0,True,Low,FS1,[구조] 지역당 평균 점포수,0.48466,[추세] 점포 증가율 변동성,0.15985,[변화] 점포 증가율,0.15151
BRD_20080100738,2024,엉터리생고기,외식,기타 외식,15.0,0.2134232954545454,0.5937183630166487,0.2125,0.6278884462151394,건전,0,True,Low,FS1,[업종상대] 계약종료 백분위,0.66872,[변화] 점포 증가율,0.31679,[추세] 점포 증가율 평균,0.25251
BRD_20211581,2024,서귀포로맨스,외식,주점,4.0,0.21333096590909084,0.5937008088841406,0.2125,0.6274900398406374,요주의,2,False,Low,FS1,[업종상대] 계약종료 백분위,0.5039,[구조] 지역당 평균 점포수,0.34893,[변화] 점포 증가율,0.3193
BRD_20171370,2024,필아트미술,서비스,교육 (교과),149.0,0.2132386363636363,0.5936432582377508,0.2125,0.6270916334661355,건전,0,True,Low,FS1,[업종상대] 계약종료 백분위,0.56602,[업종상대] 실질 매출 증가율 백분위,0.18752,[구조] 지역당 평균 점포수,-0.15764
BRD_20110100578,2024,군산오징어&군오부대찌개,외식,한식,10.0,0.21314630681818175,0.5936127127027978,0.2125,0.6266932270916334,건전,0,True,Low,FS1,[업종상대] 계약종료 백분위,0.47286,[구조] 지역당 평균 점포수,0.29764,[추세] 점포 증가율 평균,0.29188
BRD_20170113,2024,치킨89(치킨팔구),외식,치킨,16.0,0.2130539772727272,0.5928115678073812,0.2125,0.6262948207171315,요주의,1,False,Low,FS1,[업종상대] 계약종료 백분위,0.753,[구조] 지역당 평균 점포수,0.20656,[변화] 점포 증가율,0.13936
BRD_20180554,2024,대패가1900,외식,기타 외식,71.0,0.21296164772727266,0.5925323531109984,0.2125,0.6258964143426294,건전,0,True,Low,FS1,[업종상대] 계약종료 백분위,0.24893,[추세] 면적당매출 평균,0.19947,[추세] 매출 증가율 평균,0.18486
BRD_20130195,2024,스시오블랙컨테이너,외식,일식,4.0,0.21286931818181812,0.5923669539765616,0.2125,0.6254980079681275,요주의,1,False,Low,FS1,[업종상대] 계약종료 백분위,0.49838,[구조] 지역당 평균 점포수,0.36444,[변화] 점포 증가율,0.33373
BRD_20200998,2024,공룡닭발,외식,기타 외식,34.0,0.21277698863636357,0.5918999098315993,0.2125,0.6250996015936255,건전,0,True,Low,FS1,[구조] 지역당 평균 점포수,0.342,[업종상대] 계약종료 백분위,0.21683,[변화] 점포 증가율,0.16761
BRD_20150617,2024,심야식당 치치,외식,주점,16.0,0.21268465909090903,0.5915094408208871,0.2125,0.6247011952191235,요주의,2,False,Low,FS1,[업종상대] 계약종료 백분위,0.4758,[구조] 지역 집중도(HHI) 전년비 변화,-0.30377,[변화] 점포 증가율,0.27258
BRD_20171067,2024,남다른대구막창,외식,한식,15.0,0.21259232954545448,0.5914294677606895,0.2125,0.6243027888446215,건전,0,True,Low,FS1,[구조] 지역당 평균 점포수,0.48626,[업종상대] 계약종료 백분위,0.28216,[구조] 최다 지역 비중 전년비 변화,-0.16511
BRD_20090100237,2024,호봉토스트,외식,패스트푸드,12.0,0.21249999999999994,0.5913300841341778,0.2125,0.6239043824701195,요주의,3,False,Low,FS1,[업종상대] 계약종료 백분위,0.67592,[변화] 점포 증가율,0.2663,[추세] 점포 증가율 평균,0.25723
BRD_20221034,2024,토리키치,외식,기타 외식,62.0,0.2124076704545454,0.5913271262999605,0.2125,0.6235059760956175,건전,0,True,Low,FS1,[업종상대] 실질 매출 증가율 백분위,0.28069,[업종상대] 계약종료 백분위,-0.19201,[추세] 점포 증가율 변동성,0.13387
BRD_20190733,2024,점핑머신,서비스,스포츠 관련,40.0,0.21231534090909085,0.5912556184207886,0.2125,0.6231075697211156,건전,0,True,Low,FS1,[업종상대] 계약종료 백분위,0.72792,[구조] 지역당 평균 점포수,0.20692,[수준] 평균매출,0.17798
BRD_20190215,2024,명태어장앤쭈갑골,외식,한식,29.0,0.2122230113636363,0.5908731471137949,0.2125,0.6227091633466135,건전,0,True,Low,FS1,[추세] 매출 증가율 평균,0.22133,[추세] 매출 증가율 변동성,0.19943,[추세] 면적당매출 평균,0.15967
BRD_20170355,2024,연어로만,외식,기타 외식,20.0,0.21213068181818176,0.5906695550190852,0.2125,0.6223107569721116,평가불가,0,False,Low,FS1,[구조] 지역당 평균 점포수,0.39697,[업종상대] 실질 매출 증가율 백분위,0.21611,[업종상대] 계약종료 백분위,-0.19866
BRD_20180231,2024,혼다라멘,외식,일식,13.0,0.21203835227272722,0.590274699814295,0.2125,0.6219123505976095,요주의,1,False,Low,FS1,[구조] 지역당 평균 점포수,0.54701,[업종상대] 계약종료 백분위,-0.18565,[수준] 브랜드 연차,-0.13968
BRD_20180996,2024,제너스 PC,서비스,PC방,35.0,0.21194602272727267,0.5901341106646897,0.2125,0.6215139442231076,건전,0,True,Low,FS1,[업종상대] 계약종료 백분위,0.4147,[구조] 지역당 평균 점포수,0.21563,[변화] 점포 증가율,0.15062
BRD_20090100310,2024,서래갈매기,외식,한식,14.0,0.21185369318181813,0.5900626850773709,0.2125,0.6211155378486056,건전,0,True,Low,FS1,[구조] 지역당 평균 점포수,0.52875,[추세] 점포 증가율 변동성,0.1901,[업종상대] 계약종료 백분위,-0.18184
BRD_20231587,2024,벤티버거,외식,서양식,22.0,0.21176136363636358,0.5897815167192535,0.2125,0.6207171314741036,건전,0,True,Low,FS1,[업종상대] 실질 매출 증가율 백분위,0.22817,[업종상대] 계약종료 백분위,-0.17857,[구조] 지역당 평균 점포수,0.17598
BRD_20221187,2024,정칠구백순대&순대국,외식,한식,23.0,0.21166903409090904,0.5897287786773688,0.2125,0.6203187250996016,건전,0,True,Low,FS1,[업종상대] 계약종료 백분위,0.55427,[추세] 면적당매출 평균,0.20932,[추세] 매출 증가율 평균,0.13174
BRD_20211093,2024,아차산매운떡볶이,외식,분식,20.0,0.2115767045454545,0.589719511498649,0.2125,0.6199203187250996,건전,0,True,Low,FS1,[업종상대] 계약종료 백분위,0.54945,[구조] 지역당 평균 점포수,0.40173,[구조] 최다 지역 비중 전년비 변화,-0.11857
BRD_20080200132,2024,디디치킨(DD치킨),외식,치킨,83.0,0.21148437499999995,0.5896510758590061,0.2125,0.6195219123505976,요주의,1,False,Low,FS1,[업종상대] 계약종료 백분위,0.72008,[변화] 점포 증가율,0.30435,[수준] 가맹사업 업력,-0.22553
BRD_20212528,2024,후토루,외식,일식,33.0,0.2113920454545454,0.5894544012491932,0.2125,0.6191235059760957,건전,0,True,Low,FS1,[업종상대] 실질 매출 증가율 백분위,0.22874,[수준] 평균매출,0.16299,[업종상대] 계약종료 백분위,-0.13351
BRD_20231726,2024,메가혼밥,외식,한식,58.0,0.21129971590909086,0.5890772805581254,0.2125,0.6187250996015936,평가불가,0,False,Low,FS1,[업종상대] 실질 매출 증가율 백분위,0.22434,[업종상대] 계약종료 백분위,-0.22159,[추세] 점포 증가율 변동성,0.14817
BRD_20180512,2024,홍루이젠,외식,제과제빵,120.0,0.2112073863636363,0.5885626202636164,0.2125,0.6183266932270917,건전,0,True,Low,FS1,[업종상대] 계약종료 백분위,0.38581,[변화] 점포 증가율,0.37363,[추세] 점포 증가율 평균,0.3219
BRD_20171294,2024,딩딩딩,서비스,기타 교육,51.0,0.21111505681818177,0.5884649458480065,0.2125,0.6179282868525896,요주의,1,False,Low,FS1,[업종상대] 계약종료 백분위,0.66809,[수준] 브랜드 연차,-0.13802,[구조] 지역당 평균 점포수,0.1252
BRD_20180793,2024,허갈닭강정,외식,치킨,28.0,0.21102272727272722,0.5884451001295924,0.2125,0.6175298804780877,건전,0,True,Low,FS1,[구조] 지역당 평균 점포수,0.29402,[추세] 점포 증가율 평균,0.25314,[업종상대] 계약종료 백분위,-0.2175
BRD_20090100360,2024,육회지존,외식,기타 외식,17.0,0.21093039772727268,0.5884375557377177,0.2125,0.6171314741035857,요주의,2,False,Low,FS1,[업종상대] 계약종료 백분위,0.73941,[변화] 점포 증가율,0.34474,[구조] 지역 집중도(HHI) 전년비 변화,-0.26328
BRD_20150884,2024,간빠이,외식,주점,25.0,0.21083806818181813,0.5879578964397462,0.2125,0.6167330677290837,평가불가,0,False,Low,FS1,[추세] 점포 증가율 평균,0.31668,[구조] 지역당 평균 점포수,0.23974,[업종상대] 실질 매출 증가율 백분위,0.21025
BRD_20080100686,2024,링코,도소매,기타도소매,10.0,0.2107457386363636,0.5878800759916023,0.2125,0.6163346613545817,건전,0,True,Low,FS1,[구조] 지역당 평균 점포수,0.57103,[추세] 점포 증가율 평균,0.26004,[수준] 가맹사업 업력,-0.22798
BRD_20120100353,2024,ITC영어,서비스,교육 (외국어),96.0,0.21065340909090904,0.5878554619975921,0.2125,0.6159362549800796,요주의,1,False,Low,FS1,[업종상대] 계약종료 백분위,0.60194,[수준] 평균매출,0.10828,[수준] 브랜드 연차,-0.10131
BRD_20221036,2024,뚜선장 쭈꾸미호,외식,한식,114.0,0.2105610795454545,0.5873235977673853,0.2125,0.6155378486055777,건전,0,True,Low,FS1,[업종상대] 실질 매출 증가율 백분위,0.22381,[수준] 평균매출,0.18544,[추세] 면적당매출 평균,0.11989
BRD_20160454,2024,룡룡마라도원,외식,중식,0.0,0.21046874999999995,0.5870945391965768,0.2125,0.6151394422310758,요주의,1,False,Low,FS1,[추세] 점포 증가율 평균,0.30808,[변화] 점포 증가율,0.23868,[업종상대] 계약종료 백분위,-0.21572
BRD_20130100296,2024,부뚜막치킨,외식,치킨,11.0,0.2103764204545454,0.586663142045638,0.2125,0.6147410358565737,평가불가,0,False,Low,FS1,[구조] 지역당 평균 점포수,0.42114,[업종상대] 실질 매출 증가율 백분위,0.21349,[업종상대] 계약종료 백분위,-0.19878
BRD_20214246,2024,뽁당,외식,한식,52.0,0.21028409090909086,0.5865963802137749,0.2125,0.6143426294820717,건전,0,True,Low,FS1,[업종상대] 실질 매출 증가율 백분위,0.20649,[추세] 점포 증가율 변동성,0.13088,[수준] 가맹사업 업력,0.12647
BRD_20110500015,2024,아이피아,서비스,안경,80.0,0.21019176136363632,0.5865606148107615,0.2125,0.6139442231075697,요주의,2,False,Low,FS1,[업종상대] 계약종료 백분위,0.81324,[수준] 가맹사업 업력,-0.1845,[추세] 점포 증가율 변동성,-0.17417
BRD_20201793,2024,국제시장 돼지국밥,외식,한식,54.0,0.21009943181818178,0.5864935466736574,0.2125,0.6135458167330677,요주의,1,False,Low,FS1,[업종상대] 계약종료 백분위,0.77474,[수준] 평균매출,0.19101,[구조] 지역당 평균 점포수,0.16808
BRD_20080300019,2024,티바두마리치킨,외식,치킨,151.0,0.2100071022727272,0.5864684401802276,0.2125,0.6131474103585658,요주의,1,False,Low,FS1,[업종상대] 계약종료 백분위,0.7167,[변화] 점포 증가율,0.35211,[수준] 가맹사업 업력,-0.23139
BRD_20100300010,2024,치킨삼파전,외식,치킨,13.0,0.20991477272727266,0.5864188492736143,0.2125,0.6127490039840637,요주의,1,False,Low,FS1,[구조] 지역당 평균 점포수,0.28969,[업종상대] 계약종료 백분위,0.26561,[변화] 점포 증가율,0.23812
BRD_20214653,2024,효자동솥뚜껑삼겹살감자탕순대국,외식,한식,70.0,0.2098224431818181,0.586405895025287,0.2125,0.6123505976095618,요주의,1,False,Low,FS1,[업종상대] 계약종료 백분위,0.55077,[구조] 지역당 평균 점포수,0.12927,[수준] 평균매출,-0.126
BRD_20161144,2024,세븐스타 코인노래연습장,서비스,오락,245.0,0.20973011363636357,0.5863733794851805,0.2125,0.6119521912350597,건전,0,True,Low,FS1,[업종상대] 계약종료 백분위,0.66882,[추세] 점포 증가율 변동성,-0.18978,[업종상대] 실질 매출 증가율 백분위,0.15688
BRD_20130175,2024,스푼더마켓,외식,기타 외식,2.0,0.20963778409090902,0.5863660979630919,0.2125,0.6115537848605578,건전,0,True,Low,FS1,[업종상대] 계약종료 백분위,0.49952,[구조] 지역당 평균 점포수,0.35287,[변화] 점포 증가율,0.3197
BRD_20090100099,2024,신마포갈매기,외식,한식,54.0,0.20954545454545448,0.5863376840539897,0.2125,0.6111553784860557,요주의,1,False,Low,FS1,[업종상대] 계약종료 백분위,0.52276,[변화] 점포 증가율,0.27452,[추세] 점포 증가율 평균,0.2659
BRD_20210462,2024,오늘도 한우,외식,한식,20.0,0.20945312499999993,0.5861865621906663,0.2125,0.6107569721115538,요주의,1,False,Low,FS1,[업종상대] 계약종료 백분위,0.5424,[구조] 지역당 평균 점포수,0.19479,[구조] 개점-종료 격차,-0.12916
BRD_20171270,2024,라이즈어학원,서비스,교육 (외국어),31.0,0.2093607954545454,0.5861436142478834,0.2125,0.6103585657370518,건전,0,True,Low,FS1,[업종상대] 실질 매출 증가율 백분위,0.18711,[변화] 점포 증가율,0.15449,[구조] 지역당 평균 점포수,0.13835
BRD_20190884,2024,COFFEE COOK (커피쿡),외식,커피,67.0,0.20926846590909085,0.5860661274038003,0.2125,0.6099601593625498,건전,0,True,Low,FS1,[추세] 면적당매출 평균,0.25275,[추세] 매출 증가율 변동성,0.16083,[추세] 매출 증가율 평균,0.15185
BRD_20180403,2024,넙딱집,외식,한식,20.0,0.2091761363636363,0.5860116891219661,0.2125,0.6095617529880478,건전,0,True,Low,FS1,[추세] 면적당매출 평균,0.33763,[구조] 지역당 평균 점포수,0.22834,[추세] 매출 증가율 평균,0.17875
BRD_20120100519,2024,쟈끄데상쥬,서비스,이미용,9.0,0.20908380681818176,0.5857736208292134,0.2125,0.6091633466135458,건전,0,True,Low,FS1,[구조] 지역당 평균 점포수,0.52014,[업종상대] 계약종료 백분위,-0.20631,[수준] 가맹사업 업력,-0.20145
BRD_20150939,2024,홍춘천,외식,한식,61.0,0.2089914772727272,0.5856393454477729,0.2125,0.6087649402390438,요주의,1,False,Low,FS1,[추세] 점포 증가율 평균,0.22969,[업종상대] 계약종료 백분위,0.22195,[수준] 브랜드 연차,-0.12023
BRD_20220177,2024,수백당,외식,한식,67.0,0.20889914772727267,0.5854466870692342,0.2125,0.6083665338645419,건전,0,True,Low,FS1,[업종상대] 계약종료 백분위,0.71926,[변화] 점포 증가율,0.14195,[수준] 평균매출,-0.13447
BRD_20140689,2024,천하제일족발,외식,한식,0.0,0.20880681818181812,0.5853701355089521,0.2125,0.6079681274900398,평가불가,0,False,Low,FS1,[추세] 점포 증가율 평균,0.32056,[업종상대] 실질 매출 증가율 백분위,0.25173,[업종상대] 계약종료 백분위,-0.22352
BRD_20201433,2024,신머이,외식,기타 외국식,21.0,0.20871448863636358,0.5849907126742427,0.2125,0.6075697211155379,건전,0,True,Low,FS1,[구조] 지역당 평균 점포수,0.50337,[업종상대] 계약종료 백분위,-0.20045,[추세] 점포 증가율 변동성,0.15508
BRD_20220476,2024,상구네돼지구이,외식,한식,22.0,0.20862215909090903,0.5846567845926017,0.2125,0.6071713147410358,건전,0,True,Low,FS1,[구조] 지역당 평균 점포수,0.55425,[추세] 점포 증가율 변동성,0.14738,[수준] 가맹사업 업력,0.12533
BRD_20140599,2024,마시그래이,외식,커피,48.0,0.2085298295454545,0.5842362379108625,0.2125,0.6067729083665339,요주의,1,False,Low,FS1,[업종상대] 계약종료 백분위,0.77717,[변화] 점포 증가율,0.37065,[추세] 점포 증가율 평균,0.22773
BRD_20212343,2024,오꼬리 두루두루,외식,한식,0.0,0.20843749999999994,0.5835684783998215,0.2125,0.6063745019920319,평가불가,0,False,Low,FS1,[업종상대] 실질 매출 증가율 백분위,0.25435,[업종상대] 계약종료 백분위,-0.23409,[추세] 점포 증가율 변동성,0.13208
BRD_20211849,2024,오꼬리,외식,한식,0.0,0.2083451704545454,0.5835684783998215,0.2125,0.6059760956175299,평가불가,0,False,Low,FS1,[업종상대] 실질 매출 증가율 백분위,0.25435,[업종상대] 계약종료 백분위,-0.23409,[추세] 점포 증가율 변동성,0.13208
BRD_20210459,2024,9찬김치찌개,외식,한식,0.0,0.20825284090909085,0.5835684783998215,0.2125,0.6055776892430279,평가불가,0,False,Low,FS1,[업종상대] 실질 매출 증가율 백분위,0.25505,[업종상대] 계약종료 백분위,-0.23341,[추세] 점포 증가율 변동성,0.13208
BRD_20210368,2024,꼬육꼬밥,외식,한식,0.0,0.2081605113636363,0.5835684783998215,0.2125,0.6051792828685258,평가불가,0,False,Low,FS1,[업종상대] 실질 매출 증가율 백분위,0.25435,[업종상대] 계약종료 백분위,-0.23409,[추세] 점포 증가율 변동성,0.13208
BRD_20211923,2024,도리당,외식,한식,35.0,0.20806818181818176,0.5832426962751537,0.2125,0.6047808764940239,건전,0,True,Low,FS1,[업종상대] 계약종료 백분위,0.25859,[업종상대] 실질 매출 증가율 백분위,0.20643,[추세] 점포 증가율 변동성,0.14049
BRD_20211811,2024,라브리지,서비스,이미용,33.0,0.20797585227272722,0.5828629155539011,0.2125,0.604382470119522,요주의,1,False,Low,FS1,[변화] 점포 증가율,0.13224,[수준] 평균매출,0.11883,[수준] 면적당매출,0.1114
NAME:글라스스토리glassstory@서비스,2024,글라스스토리 (GLASS STORY),서비스,안경,56.0,0.20788352272727267,0.582474585631039,0.2125,0.6039840637450199,요주의,1,False,Low,FS1,[업종상대] 계약종료 백분위,0.62831,[추세] 면적당매출 평균,0.11671,[수준] 가맹사업 업력,0.10558
BRD_20201288,2024,밥스토랑,외식,기타 외식,534.0,0.20779119318181813,0.5818932977649015,0.2125,0.603585657370518,건전,0,True,Low,FS1,[수준] 평균매출,0.21863,[업종상대] 계약종료 백분위,-0.1835,[추세] 매출 증가율 변동성,0.18283
BRD_20214151,2024,빙수를품은달인(빙품달),외식,아이스크림/빙수,43.0,0.20769886363636358,0.5816333056033577,0.2125,0.6031872509960159,건전,0,True,Low,FS1,[업종상대] 실질 매출 증가율 백분위,0.21991,[구조] 지역당 평균 점포수,0.16889,[수준] 평균매출,0.14293
BRD_20190977,2024,주니아,외식,커피,21.0,0.20760653409090904,0.5815127128536854,0.2125,0.6027888446215139,건전,0,True,Low,FS1,[업종상대] 계약종료 백분위,0.63613,[구조] 지역당 평균 점포수,0.20328,[수준] 브랜드 연차,-0.14427
BRD_20212021,2024,제주옥탑,외식,한식,61.0,0.2075142045454545,0.5808752716117308,0.2125,0.602390438247012,평가불가,0,False,Low,FS1,[업종상대] 실질 매출 증가율 백분위,0.20631,[업종상대] 계약종료 백분위,-0.2052,[수준] 가맹사업 업력,0.15239
BRD_20110100493,2024,라떼떼,외식,커피,10.0,0.20742187499999995,0.5807797045427073,0.2125,0.6019920318725099,요주의,1,False,Low,FS1,[구조] 지역당 평균 점포수,0.4103,[구조] 지역 집중도(HHI) 전년비 변화,-0.28162,[변화] 점포 증가율,0.23408
BRD_20080100482,2024,토프레소,외식,커피,98.0,0.2073295454545454,0.5807656680558166,0.2125,0.601593625498008,요주의,1,False,Low,FS1,[업종상대] 계약종료 백분위,0.55202,[변화] 점포 증가율,0.3301,[수준] 가맹사업 업력,-0.23364
BRD_20190967,2024,별난아재맥주,외식,주점,68.0,0.20723721590909086,0.5807507357886013,0.2125,0.6011952191235059,요주의,1,False,Low,FS1,[업종상대] 계약종료 백분위,0.6768,[업종상대] 점포 증가율 백분위,-0.15678,[수준] 평균매출,0.13155
NAME:호랑이쌀국수@외식,2024,호랑이쌀국수,외식,기타 외국식,18.0,0.20714488636363632,0.5803180168314099,0.2125,0.600796812749004,건전,0,True,Low,FS1,[변화] 점포 증가율,0.35238,[업종상대] 계약종료 백분위,0.33842,[수준] 가맹사업 업력,0.12314
BRD_20211783,2024,국밥생각,외식,한식,75.0,0.20705255681818177,0.5801125414920352,0.2125,0.600398406374502,건전,0,True,Low,FS1,[업종상대] 계약종료 백분위,0.58166,[추세] 점포 증가율 변동성,0.10804,[업종상대] 실질 매출 증가율 백분위,-0.08845
BRD_20100100456,2024,알촌,외식,분식,25.0,0.20696022727272723,0.57973331789655,0.2125,0.6,건전,0,True,Low,FS1,[업종상대] 계약종료 백분위,0.58277,[구조] 지역당 평균 점포수,0.3259,[변화] 점포 증가율,0.27444
BRD_20210207,2024,명수네국물떡볶이,외식,분식,8.0,0.20686789772727268,0.5793326253926284,0.2125,0.599601593625498,요주의,1,False,Low,FS1,[구조] 지역당 평균 점포수,0.29721,[추세] 점포 증가율 평균,0.28034,[업종상대] 계약종료 백분위,-0.21405
BRD_20210352,2024,프렌즈아카데미,서비스,스포츠 관련,165.0,0.20677556818181814,0.5793000730142969,0.2125,0.599203187250996,평가불가,0,False,Low,FS1,[업종상대] 계약종료 백분위,-0.22744,[업종상대] 실질 매출 증가율 백분위,0.21646,[수준] 면적당매출,0.17334
BRD_20161004,2024,점핑하이,서비스,스포츠 관련,403.0,0.2066832386363636,0.5792811587146476,0.2125,0.598804780876494,건전,0,True,Low,FS1,[업종상대] 계약종료 백분위,0.66619,[추세] 점포 증가율 변동성,-0.2043,[업종상대] 실질 매출 증가율 백분위,0.18568
BRD_20080200265,2024,멘무샤,외식,기타 외식,15.0,0.20659090909090905,0.5789852961527281,0.2125,0.5984063745019921,건전,0,True,Low,FS1,[구조] 지역당 평균 점포수,0.44311,[변화] 점포 증가율,0.25216,[수준] 가맹사업 업력,-0.23439
BRD_20171098,2024,홍대쌀국수,외식,기타 외국식,62.0,0.2064985795454545,0.5788456180405344,0.2125,0.59800796812749,건전,0,True,Low,FS1,[업종상대] 계약종료 백분위,0.23197,[변화] 점포 증가율,0.18071,[업종상대] 실질 매출 증가율 백분위,0.17611
BRD_20200675,2024,돈카춘,외식,일식,32.0,0.20640624999999996,0.5787288980172824,0.2125,0.5976095617529881,건전,0,True,Low,FS1,[업종상대] 계약종료 백분위,0.58479,[구조] 지역당 평균 점포수,0.18887,[수준] 브랜드 연차,-0.10201
BRD_20100100571,2024,목우촌미소와돈,외식,한식,6.0,0.2063139204545454,0.5786433308900153,0.2125,0.597211155378486,요주의,1,False,Low,FS1,[구조] 지역당 평균 점포수,0.54385,[추세] 점포 증가율 평균,0.26781,[업종상대] 계약종료 백분위,-0.20913
BRD_20160760,2024,천사곱창,외식,한식,25.0,0.20622159090909087,0.5784489631642281,0.2125,0.5968127490039841,건전,0,True,Low,FS1,[업종상대] 실질 매출 증가율 백분위,0.19229,[구조] 지역당 평균 점포수,0.15458,[업종상대] 계약종료 백분위,-0.13758
BRD_20150677,2024,아이디어(Eyedear),서비스,안경,54.0,0.20612926136363632,0.5781379643250713,0.2125,0.5964143426294821,건전,0,True,Low,FS1,[추세] 점포 증가율 변동성,-0.31016,[추세] 면적당매출 평균,0.30166,[추세] 매출 증가율 평균,0.16264
BRD_20100100268,2024,홍스쭈꾸미,외식,한식,6.0,0.20603693181818178,0.5779705032091171,0.2125,0.5960159362549801,건전,0,True,Low,FS1,[업종상대] 계약종료 백분위,0.54523,[구조] 지역당 평균 점포수,0.3788,[변화] 점포 증가율,0.29073
BRD_20110300014,2024,삼겹파티,외식,한식,23.0,0.20594460227272723,0.5778162880249793,0.2125,0.5956175298804781,건전,0,True,Low,FS1,[변화] 점포 증가율,0.29525,[추세] 점포 증가율 평균,0.28846,[업종상대] 계약종료 백분위,0.2692
BRD_20190909,2024,무지개맥주,외식,주점,93.0,0.2058522727272727,0.577620321518695,0.2125,0.595219123505976,건전,0,True,Low,FS1,[추세] 매출 증가율 변동성,0.2979,[추세] 면적당매출 평균,0.24517,[변화] 점포 증가율,0.19771
BRD_20213290,2024,술속의밤,외식,주점,24.0,0.20575994318181814,0.5775657912234493,0.2125,0.5948207171314741,평가불가,0,False,Low,FS1,[구조] 지역당 평균 점포수,0.22648,[업종상대] 실질 매출 증가율 백분위,0.2203,[업종상대] 계약종료 백분위,-0.20613
BRD_20151194,2024,삼대족발,외식,한식,14.0,0.2056676136363636,0.5773633263377155,0.2125,0.5944223107569722,건전,0,True,Low,FS1,[구조] 지역당 평균 점포수,0.56485,[업종상대] 계약종료 백분위,-0.20475,[추세] 점포 증가율 변동성,0.17153
BRD_20201372,2024,해장은 천수냉면,외식,한식,33.0,0.20557528409090906,0.5773232948991421,0.2125,0.5940239043824701,건전,0,True,Low,FS1,[업종상대] 계약종료 백분위,0.30547,[추세] 매출 증가율 평균,0.16628,[구조] 지역당 평균 점포수,0.16282
BRD_20210829,2024,그래죽,외식,한식,0.0,0.2054829545454545,0.5771931245857176,0.2125,0.5936254980079682,평가불가,0,False,Low,FS1,[업종상대] 실질 매출 증가율 백분위,0.25435,[업종상대] 계약종료 백분위,-0.23409,[추세] 점포 증가율 변동성,0.13208
BRD_20212038,2024,컵넛(cupnut),외식,제과제빵,25.0,0.20539062499999997,0.5770845093257472,0.2125,0.5932270916334661,요주의,1,False,Low,FS1,[구조] 지역당 평균 점포수,0.58446,[추세] 점포 증가율 변동성,0.14888,[구조] 최다 지역 비중 전년비 변화,-0.14883
BRD_20180580,2024,탄탄면공방,외식,분식,36.0,0.20529829545454542,0.5764365083922148,0.2125,0.5928286852589641,요주의,1,False,Low,FS1,[업종상대] 계약종료 백분위,0.69753,[구조] 지역당 평균 점포수,0.20331,[구조] 개점-종료 격차,-0.13201
BRD_20220427,2024,월미당,외식,기타 외국식,41.0,0.20520596590909085,0.5763455547351757,0.2125,0.5924302788844622,건전,0,True,Low,FS1,[업종상대] 계약종료 백분위,0.67566,[구조] 지역 집중도(HHI) 전년비 변화,-0.25909,[구조] 지역당 평균 점포수,0.17074
BRD_20190630,2024,배떡,외식,분식,325.0,0.20511363636363633,0.5762378558591343,0.2125,0.5920318725099601,요주의,1,False,Low,FS1,[변화] 점포 증가율,0.31244,[업종상대] 계약종료 백분위,0.30006,[추세] 점포 증가율 평균,0.22623
BRD_20090100368,2024,일리카페(illy Caffe),외식,커피,11.0,0.17187693763804737,0.5756644315312179,0.1702127659574468,0.5916334661354582,요주의,2,False,Low,FS1,[업종상대] 계약종료 백분위,0.49338,[구조] 지역당 평균 점포수,0.34204,[변화] 점포 증가율,0.25948
BRD_20161290,2024,엠베스트SE,서비스,교육 (교과),420.0,0.171836817485642,0.5756532674187868,0.1702127659574468,0.5912350597609561,건전,0,True,Low,FS1,[업종상대] 계약종료 백분위,0.72596,[구조] 지역당 평균 점포수,-0.17206,[수준] 평균매출,0.16427
BRD_20212430,2024,미스터국수왕,외식,분식,44.0,0.17179669733323663,0.5755680770048636,0.1702127659574468,0.5908366533864542,요주의,1,False,Low,FS1,[추세] 면적당매출 평균,0.19125,[업종상대] 계약종료 백분위,0.18636,[수준] 평균매출,0.14879
BRD_20150604,2024,놀숲,서비스,기타 서비스,103.0,0.17175657718083123,0.575551829186213,0.1702127659574468,0.5904382470119522,건전,0,True,Low,FS1,[수준] 면적당매출,0.21292,[업종상대] 계약종료 백분위,0.20257,[추세] 면적당매출 평균,0.18444
BRD_20210248,2024,박봉구가래떡볶이,외식,분식,18.0,0.17171645702842586,0.5753575281025922,0.1702127659574468,0.5900398406374502,건전,0,True,Low,FS1,[업종상대] 계약종료 백분위,0.5652,[구조] 지역 집중도(HHI) 전년비 변화,-0.27997,[변화] 점포 증가율,0.27743
BRD_20180141,2024,샤브담,외식,한식,7.0,0.1716763368760205,0.5749577217400631,0.1702127659574468,0.5896414342629482,평가불가,0,False,Low,FS1,[구조] 지역당 평균 점포수,0.41993,[업종상대] 계약종료 백분위,-0.19679,[업종상대] 실질 매출 증가율 백분위,0.19478
BRD_20140726,2024,리얼펍,외식,주점,82.0,0.17163621672361512,0.5749250763833744,0.1702127659574468,0.5892430278884462,건전,0,True,Low,FS1,[업종상대] 계약종료 백분위,0.66296,[추세] 매출 증가율 평균,0.19399,[업종상대] 점포 증가율 백분위,-0.15884
BRD_20210896,2024,참다랑어 막주는 집,외식,일식,44.0,0.17159609657120975,0.5748062410740544,0.1702127659574468,0.5888446215139442,건전,0,True,Low,FS1,[구조] 지역당 평균 점포수,0.23186,[추세] 점포 증가율 평균,0.21938,[변화] 점포 증가율,0.14931
BRD_20190620,2024,소소떡볶이,외식,분식,45.0,0.17155597641880438,0.5747566719911043,0.1702127659574468,0.5884462151394423,요주의,1,False,Low,FS1,[업종상대] 계약종료 백분위,0.60608,[수준] 브랜드 연차,-0.15809,[구조] 지역당 평균 점포수,0.147
BRD_20190157,2024,청춘당 찹쌀 꽈배기,외식,제과제빵,24.0,0.17151585626639898,0.5747479029146509,0.1702127659574468,0.5880478087649402,건전,0,True,Low,FS1,[변화] 점포 증가율,0.31179,[구조] 지역당 평균 점포수,0.25905,[수준] 가맹사업 업력,0.1373
BRD_20080100209,2024,본가,외식,한식,16.0,0.1714757361139936,0.574529072187782,0.1702127659574468,0.5876494023904383,건전,0,True,Low,FS1,[업종상대] 계약종료 백분위,0.63786,[구조] 지역당 평균 점포수,0.21397,[추세] 점포 증가율 평균,0.2089
BRD_20200993,2024,간식창고,도소매,편의점,79.0,0.17143561596158824,0.5745266174007267,0.1702127659574468,0.5872509960159362,요주의,1,False,Low,FS1,[업종상대] 계약종료 백분위,0.58246,[수준] 브랜드 연차,-0.11956,[수준] 가맹사업 업력,0.11269
BRD_20180948,2024,감동까스,외식,한식,82.0,0.17139549580918287,0.5743911870987386,0.1702127659574468,0.5868525896414343,평가불가,0,False,Low,FS1,[업종상대] 실질 매출 증가율 백분위,0.23298,[업종상대] 계약종료 백분위,-0.2224,[수준] 브랜드 연차,-0.12907
BRD_20230863,2024,진교동찜닭,외식,한식,53.0,0.1713553756567775,0.5742400076753749,0.1702127659574468,0.5864541832669322,건전,0,True,Low,FS1,[업종상대] 실질 매출 증가율 백분위,0.21266,[업종상대] 계약종료 백분위,-0.17951,[추세] 점포 증가율 변동성,0.13818
BRD_20191275,2024,찐이야숯불치킨,외식,치킨,40.0,0.1713152555043721,0.573792530088738,0.1702127659574468,0.5860557768924303,요주의,1,False,Low,FS1,[업종상대] 계약종료 백분위,0.75336,[변화] 점포 증가율,0.28714,[추세] 점포 증가율 변동성,0.12857
BRD_20180779,2024,조커닭 (Jokerdark),외식,치킨,8.0,0.17127513535196673,0.5735950797335518,0.1702127659574468,0.5856573705179283,건전,0,True,Low,FS1,[구조] 지역당 평균 점포수,0.44012,[업종상대] 계약종료 백분위,-0.21241,[업종상대] 실질 매출 증가율 백분위,0.18622
BRD_20110600016,2024,달구지막창,외식,기타 외식,20.0,0.17123501519956136,0.5729458222387785,0.1702127659574468,0.5852589641434263,건전,0,True,Low,FS1,[구조] 지역당 평균 점포수,0.53501,[추세] 점포 증가율 평균,0.21757,[수준] 가맹사업 업력,-0.15281
BRD_20231554,2024,밥구정로데오,외식,한식,34.0,0.171194895047156,0.5727927716318623,0.1702127659574468,0.5848605577689243,건전,0,True,Low,FS1,[업종상대] 실질 매출 증가율 백분위,0.2382,[업종상대] 계약종료 백분위,-0.19108,[구조] 지역당 평균 점포수,0.17379
BRD_20231796,2024,뽁떡떡볶이,외식,분식,52.0,0.17115477489475062,0.5727325568769244,0.1702127659574468,0.5844621513944223,평가불가,0,False,Low,FS1,[업종상대] 실질 매출 증가율 백분위,0.2248,[업종상대] 계약종료 백분위,-0.2216,[추세] 점포 증가율 변동성,0.13917
BRD_20170368,2024,백남옥달인손만두,외식,기타 외식,63.0,0.17111465474234525,0.572324798147207,0.1702127659574468,0.5840637450199203,건전,0,True,Low,FS1,[추세] 면적당매출 평균,0.2534,[추세] 매출 증가율 평균,0.23422,[추세] 매출 증가율 변동성,0.1809
BRD_20230392,2024,해탄,외식,한식,61.0,0.17107453458993985,0.572162353736277,0.1702127659574468,0.5836653386454184,건전,0,True,Low,FS1,[업종상대] 실질 매출 증가율 백분위,0.2662,[추세] 점포 증가율 변동성,0.12833,[업종상대] 계약종료 백분위,-0.12023
BRD_20181195,2024,CHOSIM(초심),서비스,기타 서비스,163.0,0.17103441443753448,0.5719769348117594,0.1702127659574468,0.5832669322709163,건전,0,True,Low,FS1,[업종상대] 계약종료 백분위,0.41683,[변화] 점포 증가율,0.21639,[구조] 지역당 평균 점포수,-0.164
BRD_20191197,2024,기본스터디카페,서비스,기타 서비스,15.0,0.1709942942851291,0.5718025554221169,0.1702127659574468,0.5828685258964144,건전,0,True,Low,FS1,[업종상대] 계약종료 백분위,0.29309,[수준] 평균매출,0.16167,[변화] 점포 증가율,0.161
BRD_20201067,2024,킴브로스 피자&파스타,외식,피자,34.0,0.17095417413272374,0.5717994240014601,0.1702127659574468,0.5824701195219123,평가불가,0,False,Low,FS1,[업종상대] 계약종료 백분위,-0.22742,[업종상대] 실질 매출 증가율 백분위,0.22652,[구조] 지역당 평균 점포수,0.14254
BRD_20200757,2024,한결통아구찜,외식,한식,25.0,0.17091405398031836,0.571710664489992,0.1702127659574468,0.5820717131474104,건전,0,True,Low,FS1,[업종상대] 계약종료 백분위,0.6762,[변화] 점포 증가율,0.3921,[수준] 평균매출,-0.1381
BRD_20090100001,2024,꾼노리,외식,주점,7.0,0.17087393382791297,0.5716988656627071,0.1702127659574468,0.5816733067729084,건전,0,True,Low,FS1,[구조] 지역당 평균 점포수,0.43004,[추세] 점포 증가율 평균,0.25067,[수준] 가맹사업 업력,-0.21008
BRD_20100300023,2024,펠리아 뷰티살롱,서비스,이미용,12.0,0.1708338136755076,0.5713435613164559,0.1702127659574468,0.5812749003984063,건전,0,True,Low,FS1,[구조] 지역당 평균 점포수,0.52065,[업종상대] 계약종료 백분위,-0.19053,[추세] 매출 증가율 평균,0.13098
BRD_20230812,2024,달롱도르요거트아이스크림,외식,아이스크림/빙수,84.0,0.17079369352310222,0.571224717207154,0.1702127659574468,0.5808764940239044,요주의,1,False,Low,FS1,[업종상대] 계약종료 백분위,0.58376,[수준] 가맹사업 업력,0.11963,[업종상대] 실질 매출 증가율 백분위,-0.11075
BRD_20180723,2024,히어로보드게임카페,서비스,오락,49.0,0.17075357337069685,0.5710728212349504,0.1702127659574468,0.5804780876494023,건전,0,True,Low,FS1,[업종상대] 계약종료 백분위,0.26312,[추세] 면적당매출 평균,0.17402,[추세] 매출 증가율 변동성,0.15114
BRD_20201592,2024,윤이불닭발,외식,기타 외식,93.0,0.17071345321829148,0.5709413439214489,0.1702127659574468,0.5800796812749004,건전,0,True,Low,FS1,[추세] 면적당매출 평균,0.37649,[추세] 매출 증가율 변동성,0.26933,[추세] 매출 증가율 평균,0.21124
BRD_20220661,2024,막내딸집건어물,도소매,종합소매점,95.0,0.1706733330658861,0.5707325782091099,0.1702127659574468,0.5796812749003984,요주의,1,False,Low,FS1,[변화] 점포 증가율,0.29114,[업종상대] 계약종료 백분위,0.26307,[구조] 지역당 평균 점포수,-0.17681
BRD_20201059,2024,밤하늘포차 연어육회,외식,주점,33.0,0.17063321291348071,0.5700955287573594,0.1702127659574468,0.5792828685258964,평가불가,0,False,Low,FS1,[업종상대] 계약종료 백분위,-0.25168,[업종상대] 실질 매출 증가율 백분위,0.21266,[수준] 브랜드 연차,-0.13002
BRD_20213927,2024,국민낙곱새,외식,한식,78.0,0.17059309276107534,0.5698803763009591,0.1702127659574468,0.5788844621513944,건전,0,True,Low,FS1,[추세] 점포 증가율 변동성,0.15546,[수준] 가맹사업 업력,0.14073,[구조] 지역당 평균 점포수,0.08732
BRD_20230543,2024,윙크,도소매,기타도소매,29.0,0.17055297260866997,0.5697982979654108,0.1702127659574468,0.5784860557768924,건전,0,True,Low,FS1,[구조] 지역당 평균 점포수,0.23451,[업종상대] 계약종료 백분위,-0.21006,[업종상대] 실질 매출 증가율 백분위,0.18284
BRD_20221356,2024,문래동냉삼,외식,한식,22.0,0.1705128524562646,0.5695197795069941,0.1702127659574468,0.5780876494023904,건전,0,True,Low,FS1,[업종상대] 계약종료 백분위,0.62994,[구조] 지역당 평균 점포수,0.2235,[업종상대] 실질 매출 증가율 백분위,-0.11435
BRD_20200448,2024,왕손피자,외식,피자,35.0,0.17047273230385923,0.5695000122449808,0.1702127659574468,0.5776892430278885,건전,0,True,Low,FS1,[추세] 점포 증가율 평균,0.25594,[업종상대] 계약종료 백분위,0.1712,[추세] 면적당매출 평균,0.12502
BRD_20210310,2024,커넥츠 프랩 공시관,서비스,기타 교육,46.0,0.17043261215145383,0.5691685145601756,0.1702127659574468,0.5772908366533864,건전,0,True,Low,FS1,[구조] 지역당 평균 점포수,0.22242,[변화] 점포 증가율,0.19439,[추세] 점포 증가율 변동성,0.12469
BRD_20210931,2024,기대만족,외식,한식,104.0,0.17039249199904846,0.5686578163516234,0.1702127659574468,0.5768924302788845,요주의,1,False,Low,FS1,[업종상대] 계약종료 백분위,0.51742,[수준] 가맹사업 업력,0.15054,[추세] 점포 증가율 변동성,0.13209
BRD_20211037,2024,1키로탕수육,외식,중식,124.0,0.1703523718466431,0.5684793028723097,0.1702127659574468,0.5764940239043824,건전,0,True,Low,FS1,[업종상대] 계약종료 백분위,0.61353,[업종상대] 실질 매출 증가율 백분위,0.18061,[구조] 지역당 평균 점포수,-0.17943
BRD_20120500045,2024,샤브쌈주머니,외식,한식,30.0,0.17031225169423772,0.5683669333135994,0.1702127659574468,0.5760956175298805,건전,0,True,Low,FS1,[구조] 지역당 평균 점포수,0.59167,[추세] 점포 증가율 변동성,0.16092,[수준] 가맹사업 업력,-0.11312
BRD_20190606,2024,행복한찜닭,외식,한식,81.0,0.17027213154183235,0.567604797378778,0.1702127659574468,0.5756972111553785,건전,0,True,Low,FS1,[업종상대] 계약종료 백분위,0.63387,[수준] 브랜드 연차,-0.18093,[수준] 가맹사업 업력,0.13889
BRD_20110300030,2024,다기야,외식,기타 외식,15.0,0.17023201138942698,0.5674260188019074,0.1702127659574468,0.5752988047808765,건전,0,True,Low,FS1,[변화] 점포 증가율,0.30282,[구조] 지역당 평균 점포수,0.26168,[수준] 가맹사업 업력,-0.186
BRD_20080100325,2024,코만도,외식,치킨,6.0,0.17019189123702158,0.5672711588602738,0.1702127659574468,0.5749003984063745,건전,0,True,Low,FS1,[추세] 점포 증가율 평균,0.28079,[업종상대] 계약종료 백분위,-0.23397,[수준] 가맹사업 업력,-0.20616
BRD_20141043,2024,불끈낙지보쌈,외식,한식,22.0,0.1701517710846162,0.5672233722087564,0.1702127659574468,0.5745019920318725,요주의,1,False,Low,FS1,[구조] 지역당 평균 점포수,0.44985,[추세] 면적당매출 평균,0.16131,[추세] 매출 증가율 변동성,0.11986
BRD_20201081,2024,에이치모바일,서비스,기타 서비스,31.0,0.17011165093221084,0.5671469294138881,0.1702127659574468,0.5741035856573705,요주의,2,False,Low,FS1,[업종상대] 계약종료 백분위,0.78449,[구조] 지역당 평균 점포수,-0.19603,[수준] 평균매출,0.12453
BRD_20151018,2024,복고다방,외식,커피,50.0,0.17007153077980547,0.5669937889309444,0.1702127659574468,0.5737051792828686,건전,0,True,Low,FS1,[업종상대] 계약종료 백분위,0.22309,[업종상대] 실질 매출 증가율 백분위,0.18715,[수준] 브랜드 연차,-0.14628
BRD_20221260,2024,한양화로,외식,한식,65.0,0.1700314106274001,0.56619605863792,0.1702127659574468,0.5733067729083665,요주의,2,False,Low,FS1,[업종상대] 계약종료 백분위,0.54181,[수준] 평균매출,-0.13465,[추세] 점포 증가율 변동성,0.12631
BRD_20212722,2024,청록미나리식당,외식,한식,33.0,0.16999129047499473,0.5661596525424343,0.1702127659574468,0.5729083665338646,요주의,1,False,Low,FS1,[업종상대] 계약종료 백분위,0.54583,[업종상대] 실질 매출 증가율 백분위,0.18446,[수준] 평균매출,-0.16142
BRD_20213075,2024,위닛(WENEED),서비스,이미용,22.0,0.16995117032258933,0.5657172920087813,0.1702127659574468,0.5725099601593625,요주의,1,False,Low,FS1,[업종상대] 계약종료 백분위,0.54951,[업종상대] 실질 매출 증가율 백분위,0.20155,[수준] 평균매출,-0.15709
BRD_20215844,2024,가득피자,외식,피자,20.0,0.16991105017018396,0.5656037649281325,0.1702127659574468,0.5721115537848606,건전,0,True,Low,FS1,[업종상대] 계약종료 백분위,0.74809,[구조] 지역당 평균 점포수,0.11496,[수준] 가맹사업 업력,0.10562
BRD_20170705,2024,별법동태탕왕해물찜,외식,한식,16.0,0.1698709300177786,0.5655771723017992,0.1702127659574468,0.5717131474103586,건전,0,True,Low,FS1,[구조] 지역당 평균 점포수,0.5454,[변화] 점포 증가율,0.32286,[수준] 가맹사업 업력,-0.12071
BRD_20211040,2024,하륜일만족발,외식,한식,59.0,0.16983080986537322,0.5650083140660104,0.1702127659574468,0.5713147410358566,요주의,1,False,Low,FS1,[업종상대] 계약종료 백분위,0.66676,[구조] 지역당 평균 점포수,0.19168,[수준] 평균매출,-0.11702
BRD_20110600048,2024,오레시피,도소매,기타도소매,94.0,0.16979068971296785,0.5645710709192384,0.1702127659574468,0.5709163346613546,요주의,1,False,Low,FS1,[업종상대] 계약종료 백분위,0.75914,[변화] 점포 증가율,0.35715,[수준] 브랜드 연차,-0.11397
BRD_20160549,2024,노랑강정,외식,기타 외식,43.0,0.16975056956056245,0.5643752091477334,0.1702127659574468,0.5705179282868525,요주의,2,False,Low,FS1,[업종상대] 계약종료 백분위,0.61822,[수준] 브랜드 연차,-0.17036,[구조] 지역당 평균 점포수,0.1284
BRD_20231723,2024,다다하다,외식,기타 외국식,35.0,0.16971044940815708,0.5641871341544747,0.1702127659574468,0.5701195219123506,평가불가,0,False,Low,FS1,[업종상대] 계약종료 백분위,-0.23115,[업종상대] 실질 매출 증가율 백분위,0.23032,[추세] 점포 증가율 변동성,0.13984
BRD_20090100046,2024,정든닭발,외식,기타 외식,16.0,0.1696703292557517,0.5639719227933708,0.1702127659574468,0.5697211155378487,요주의,1,False,Low,FS1,[업종상대] 계약종료 백분위,0.67501,[변화] 점포 증가율,0.30225,[수준] 가맹사업 업력,-0.20276
BRD_20210196,2024,청춘아구찜알곤이찜,외식,한식,9.0,0.16963020910334634,0.5635100521700928,0.1702127659574468,0.5693227091633466,건전,0,True,Low,FS1,[구조] 지역당 평균 점포수,0.59837,[추세] 점포 증가율 변동성,0.12458,[수준] 가맹사업 업력,0.11928
BRD_20190445,2024,형제닭발&오돌뼈,외식,한식,18.0,0.16959008895094096,0.5634298176192641,0.1702127659574468,0.5689243027888446,건전,0,True,Low,FS1,[변화] 점포 증가율,0.34419,[업종상대] 계약종료 백분위,0.3317,[추세] 매출 증가율 평균,0.17527
BRD_20080100095,2024,이니스프리(innisfree),도소매,화장품,190.0,0.1695499687985356,0.5634156092976021,0.1702127659574468,0.5685258964143426,요주의,1,False,Low,FS1,[업종상대] 계약종료 백분위,0.61317,[변화] 점포 증가율,0.29523,[수준] 가맹사업 업력,-0.23443
BRD_20080100057,2024,화평동왕냉면,외식,한식,3.0,0.1695098486461302,0.5633757074426943,0.1702127659574468,0.5681274900398406,건전,0,True,Low,FS1,[구조] 지역당 평균 점포수,0.36523,[업종상대] 계약종료 백분위,0.30705,[추세] 점포 증가율 평균,0.27718
NAME:칼로리바@서비스,2024,칼로리 바,서비스,이미용,24.0,0.16946972849372482,0.5633685388122099,0.1702127659574468,0.5677290836653387,요주의,1,False,Low,FS1,[업종상대] 계약종료 백분위,0.72886,[업종상대] 점포 증가율 백분위,-0.17822,[업종상대] 실질 매출 증가율 백분위,-0.12464
BRD_20160173,2024,조선의 옛날통닭,외식,치킨,23.0,0.16942960834131945,0.5631253862991977,0.1702127659574468,0.5673306772908366,건전,0,True,Low,FS1,[업종상대] 계약종료 백분위,0.3228,[수준] 평균매출,0.17816,[추세] 면적당매출 평균,0.13184
BRD_20180070,2024,감성커피,외식,커피,283.0,0.16938948818891408,0.5630867996839239,0.1702127659574468,0.5669322709163347,건전,0,True,Low,FS1,[업종상대] 계약종료 백분위,0.32982,[변화] 점포 증가율,0.24416,[구조] 지역당 평균 점포수,-0.21548
BRD_20231181,2024,부동산이즈,서비스,부동산 중개,46.0,0.1693493680365087,0.562880982052466,0.1702127659574468,0.5665338645418326,건전,0,True,Low,FS1,[업종상대] 실질 매출 증가율 백분위,0.20553,[추세] 점포 증가율 변동성,0.11525,[구조] 지역당 평균 점포수,0.10947
BRD_20080100399,2024,더후라이팬 후라이드 치킨,외식,치킨,3.0,0.16930924788410331,0.56218519368433,0.1702127659574468,0.5661354581673307,요주의,1,False,Low,FS1,[업종상대] 계약종료 백분위,0.51455,[구조] 지역당 평균 점포수,0.33039,[구조] 지역 집중도(HHI) 전년비 변화,-0.22751
BRD_20215544,2024,숙성회136,외식,기타 외식,19.0,0.16926912773169794,0.5619534957225836,0.1702127659574468,0.5657370517928287,건전,0,True,Low,FS1,[업종상대] 계약종료 백분위,0.77132,[변화] 점포 증가율,0.31032,[구조] 지역 집중도(HHI) 전년비 변화,-0.26664
BRD_20213743,2024,성북당 십원빵,외식,제과제빵,55.0,0.16922900757929257,0.5618661386956622,0.1702127659574468,0.5653386454183267,요주의,1,False,Low,FS1,[업종상대] 계약종료 백분위,0.29237,[수준] 평균매출,0.15101,[추세] 점포 증가율 변동성,0.11808
BRD_20200695,2024,냅다청양집,외식,한식,29.0,0.1691888874268872,0.5611564385690603,0.1702127659574468,0.5649402390438247,요주의,2,False,Low,FS1,[업종상대] 계약종료 백분위,0.60228,[구조] 지역당 평균 점포수,0.19056,[수준] 브랜드 연차,-0.14016
BRD_20170813,2024,해초과메기,외식,기타 외식,24.0,0.16914876727448183,0.5610818221671594,0.1702127659574468,0.5645418326693227,건전,0,True,Low,FS1,[변화] 점포 증가율,0.32378,[수준] 평균매출,0.17451,[구조] 지역당 평균 점포수,0.14059
BRD_20215839,2024,88제육,외식,한식,83.0,0.16910864712207646,0.5604676541138843,0.1702127659574468,0.5641434262948207,평가불가,0,False,Low,FS1,[업종상대] 실질 매출 증가율 백분위,0.20948,[업종상대] 계약종료 백분위,-0.20898,[추세] 점포 증가율 변동성,0.1465
BRD_20191096,2024,반반택시,서비스,운송,209.0,0.16906852696967106,0.5604218043798301,0.1702127659574468,0.5637450199203188,건전,0,True,Low,FS1,[추세] 점포 증가율 평균,0.24058,[업종상대] 계약종료 백분위,-0.18896,[수준] 평균매출,0.15102
BRD_20200463,2024,핵밥,외식,기타 외국식,106.0,0.1690284068172657,0.5604201050491809,0.1702127659574468,0.5633466135458167,요주의,1,False,Low,FS1,[업종상대] 계약종료 백분위,0.64045,[구조] 지역 집중도(HHI) 전년비 변화,-0.30717,[추세] 면적당매출 평균,0.1779
BRD_20120100376,2024,옛날장터치킨,외식,치킨,22.0,0.16898828666486032,0.560404415426319,0.1702127659574468,0.5629482071713148,요주의,1,False,Low,FS1,[업종상대] 계약종료 백분위,0.38848,[변화] 점포 증가율,0.29394,[추세] 점포 증가율 평균,0.24411
BRD_20180890,2024,에센스커피,외식,커피,10.0,0.16894816651245495,0.5600723532386479,0.1702127659574468,0.5625498007968127,건전,0,True,Low,FS1,[구조] 지역당 평균 점포수,0.18478,[수준] 가맹사업 업력,0.14496,[변화] 점포 증가율,0.14346
BRD_20180100,2024,더브라운(THE BROWN),외식,제과제빵,2.0,0.16890804636004958,0.5597470717132116,0.1702127659574468,0.5621513944223108,건전,0,True,Low,FS1,[업종상대] 계약종료 백분위,0.44981,[구조] 지역당 평균 점포수,0.32693,[변화] 점포 증가율,0.32337
BRD_20190622,2024,타임유스터디카페,서비스,기타 서비스,74.0,0.16886792620764418,0.5595982950235727,0.1702127659574468,0.5617529880478087,건전,0,True,Low,FS1,[업종상대] 실질 매출 증가율 백분위,0.20374,[변화] 점포 증가율,0.1901,[구조] 지역당 평균 점포수,-0.09423
BRD_20180649,2024,어라운드스터디카페(A.round study cafe),서비스,기타 서비스,106.0,0.1688278060552388,0.5595543219745194,0.1702127659574468,0.5613545816733068,요주의,1,False,Low,FS1,[업종상대] 계약종료 백분위,0.66633,[수준] 면적당매출,0.13743,[추세] 점포 증가율 변동성,-0.1286
BRD_20230396,2024,푸른바다찜탕,외식,한식,21.0,0.16878768590283344,0.5595009943940047,0.1702127659574468,0.5609561752988048,건전,0,True,Low,FS1,[구조] 지역당 평균 점포수,0.31721,[구조] 최다 지역 비중 전년비 변화,-0.16405,[업종상대] 실질 매출 증가율 백분위,0.12601
BRD_20090100375,2024,안경박사,서비스,안경,97.0,0.16874756575042807,0.5587344579423871,0.1702127659574468,0.5605577689243028,요주의,1,False,Low,FS1,[업종상대] 계약종료 백분위,0.69993,[수준] 가맹사업 업력,-0.24351,[추세] 점포 증가율 변동성,-0.20744
BRD_20170726,2024,라화쿵부,외식,중식,96.0,0.1687074455980227,0.5585625809026615,0.1702127659574468,0.5601593625498008,건전,0,True,Low,FS1,[업종상대] 계약종료 백분위,0.38306,[변화] 점포 증가율,0.3769,[추세] 점포 증가율 평균,0.23053
BRD_20080100751,2024,미래엔수학,서비스,교육 (교과),1491.0,0.16866732544561733,0.5584895570426428,0.1702127659574468,0.5597609561752988,요주의,1,False,Low,FS1,[업종상대] 계약종료 백분위,0.65354,[수준] 평균매출,0.20168,[추세] 점포 증가율 변동성,-0.17012
BRD_20170915,2024,화로상회,외식,기타 외식,60.0,0.16862720529321193,0.5583105205980579,0.1702127659574468,0.5593625498007968,건전,0,True,Low,FS1,[수준] 면적당매출,0.17095,[추세] 점포 증가율 변동성,0.14554,[변화] 점포 증가율,0.14477
BRD_20170237,2024,전주팔미콩나물국밥,외식,한식,4.0,0.16858708514080656,0.5580488840911746,0.1702127659574468,0.5589641434262949,건전,0,True,Low,FS1,[구조] 지역당 평균 점포수,0.50094,[추세] 점포 증가율 평균,0.30414,[업종상대] 계약종료 백분위,-0.19631
BRD_20220543,2024,동남집,외식,한식,21.0,0.1685469649884012,0.5580326859980099,0.17014433584275818,0.5585657370517928,건전,0,True,Low,FS1,[업종상대] 실질 매출 증가율 백분위,0.29355,[업종상대] 계약종료 백분위,-0.18745,[추세] 점포 증가율 변동성,0.13587
BRD_20200125,2024,킹스꼬마김밥,외식,분식,34.0,0.1668819786635781,0.5578582446104428,0.1668819786635781,0.5581673306772909,건전,0,True,Low,FS1,[업종상대] 계약종료 백분위,0.40787,[구조] 지역당 평균 점포수,0.25001,[추세] 점포 증가율 변동성,0.14218
BRD_20210911,2024,야미마라탕,외식,중식,41.0,0.16441637113305543,0.5577264061957022,0.16441637113305543,0.5577689243027888,요주의,1,False,Low,FS1,[변화] 점포 증가율,0.29282,[구조] 지역당 평균 점포수,0.28846,[추세] 점포 증가율 변동성,0.16659
BRD_20110100014,2024,렌즈타운,서비스,안경,64.0,0.15580671389490158,0.5572660395121625,0.15580671389490158,0.5573705179282868,요주의,1,False,Low,FS1,[업종상대] 계약종료 백분위,0.74574,[추세] 점포 증가율 변동성,-0.19372,[수준] 브랜드 연차,-0.15163
BRD_20160478,2024,툴스돈카츠,외식,기타 외식,12.0,0.15392586977752656,0.5571654689616028,0.15392586977752656,0.5569721115537849,평가불가,0,False,Low,FS1,[구조] 지역당 평균 점포수,0.43632,[구조] 최다 지역 비중 전년비 변화,-0.21522,[업종상대] 계약종료 백분위,-0.2127
BRD_20230718,2024,여수에서 온 나진국밥,외식,한식,21.0,0.15363306277154476,0.5571498122883425,0.15363306277154476,0.5565737051792828,건전,0,True,Low,FS1,[업종상대] 실질 매출 증가율 백분위,0.22435,[구조] 지역당 평균 점포수,0.19818,[업종상대] 계약종료 백분위,-0.11854
BRD_20220925,2024,판타스틱 코인 노래연습장,서비스,오락,65.0,0.14985023925094093,0.5567012048980988,0.14606741573033707,0.5561752988047809,건전,0,True,Low,FS1,[업종상대] 실질 매출 증가율 백분위,0.23168,[업종상대] 계약종료 백분위,-0.21385,[추세] 점포 증가율 변동성,0.11712
BRD_20160428,2024,토리고야,외식,주점,4.0,0.1498046630639457,0.5566831739135395,0.14606741573033707,0.5557768924302788,건전,0,True,Low,FS1,[구조] 지역당 평균 점포수,0.44395,[변화] 점포 증가율,0.33333,[구조] 지역 집중도(HHI) 전년비 변화,-0.32344
BRD_20211440,2024,평화김해뒷고기,외식,한식,49.0,0.14975908687695047,0.5556594767815153,0.14606741573033707,0.5553784860557769,건전,0,True,Low,FS1,[추세] 면적당매출 평균,0.24158,[추세] 점포 증가율 변동성,0.16487,[업종상대] 계약종료 백분위,0.16305
BRD_20180783,2024,백년불고기,외식,기타 외식,36.0,0.14971351068995523,0.5554017648099784,0.14606741573033707,0.5549800796812749,건전,0,True,Low,FS1,[추세] 면적당매출 평균,0.33059,[추세] 매출 증가율 변동성,0.20178,[업종상대] 계약종료 백분위,-0.19945
BRD_20214697,2024,도그마캣(DOG MARCAT),도소매,기타도소매,95.0,0.14966793450296,0.5553570481976855,0.14606741573033707,0.5545816733067729,건전,0,True,Low,FS1,[업종상대] 계약종료 백분위,0.68718,[수준] 평균매출,0.12926,[업종상대] 점포 증가율 백분위,-0.1225
BRD_20214081,2024,올쿡24,외식,기타 외식,117.0,0.1496223583159648,0.5553480166050394,0.14606741573033707,0.5541832669322709,평가불가,0,False,Low,FS1,[업종상대] 실질 매출 증가율 백분위,0.28045,[업종상대] 계약종료 백분위,-0.24104,[구조] 지역당 평균 점포수,-0.16392
BRD_20130100431,2024,그램그램,외식,기타 외식,22.0,0.14957678212896955,0.5552700577780411,0.14606741573033707,0.5537848605577689,건전,0,True,Low,FS1,[업종상대] 계약종료 백분위,0.52041,[구조] 지역당 평균 점포수,0.36727,[구조] 개점-종료 격차,-0.12135
BRD_20210417,2024,1989역전꼬마김밥,외식,분식,23.0,0.14953120594197433,0.5551067715599,0.14606741573033707,0.5533864541832669,건전,0,True,Low,FS1,[업종상대] 계약종료 백분위,0.31426,[구조] 지역당 평균 점포수,0.23339,[업종상대] 점포 증가율 백분위,-0.15685
BRD_20141142,2024,장금수부대찌개,외식,기타 외식,14.0,0.1494856297549791,0.5547886651570741,0.14606741573033707,0.552988047808765,건전,0,True,Low,FS1,[변화] 점포 증가율,0.32869,[업종상대] 계약종료 백분위,0.2551,[수준] 브랜드 연차,-0.11842
BRD_20170232,2024,KBS아트비전 미용학원,서비스,기타 교육,20.0,0.14944005356798387,0.5543631910646785,0.14606741573033707,0.5525896414342629,건전,0,True,Low,FS1,[구조] 지역당 평균 점포수,0.44244,[추세] 면적당매출 평균,0.12437,[수준] 면적당매출,0.11023
BRD_20213106,2024,엘리프어학원,서비스,교육 (외국어),40.0,0.14939447738098866,0.5541768694223921,0.14606741573033707,0.552191235059761,요주의,1,False,Low,FS1,[업종상대] 계약종료 백분위,0.3031,[구조] 지역당 평균 점포수,0.10356,[수준] 평균매출,0.09545
BRD_20200142,2024,피자런,외식,피자,11.0,0.1493489011939934,0.5540042629933625,0.14606741573033707,0.5517928286852589,요주의,2,False,Low,FS1,[업종상대] 계약종료 백분위,0.67013,[변화] 점포 증가율,0.32037,[구조] 지역당 평균 점포수,0.27116
BRD_20211278,2024,광안천지식당,외식,한식,54.0,0.1493033250069982,0.5539962717754129,0.14606741573033707,0.551394422310757,건전,0,True,Low,FS1,[추세] 점포 증가율 평균,0.28342,[업종상대] 계약종료 백분위,-0.1962,[추세] 점포 증가율 변동성,0.13695
BRD_20080100059,2024,생생돈까스,외식,분식,39.0,0.14925774882000298,0.5538542813136997,0.14606741573033707,0.550996015936255,건전,0,True,Low,FS1,[추세] 점포 증가율 평균,0.36054,[변화] 점포 증가율,0.28424,[수준] 가맹사업 업력,-0.23422
BRD_20080500003,2024,대관령양푼이동태찌개,외식,한식,12.0,0.14921217263300773,0.5536963041232864,0.14606741573033707,0.550597609561753,건전,0,True,Low,FS1,[구조] 지역당 평균 점포수,0.46416,[변화] 점포 증가율,0.3018,[추세] 점포 증가율 평균,0.28802
BRD_20110100283,2024,야자,서비스,숙박,34.0,0.14916659644601252,0.5535311442756099,0.14606741573033707,0.550199203187251,건전,0,True,Low,FS1,[구조] 지역당 평균 점포수,0.3513,[수준] 면적당매출,0.18353,[수준] 브랜드 연차,-0.1067
BRD_20215029,2024,순살몬스터,외식,치킨,139.0,0.14912102025901727,0.5533868623816315,0.14606741573033707,0.549800796812749,요주의,1,False,Low,FS1,[변화] 점포 증가율,0.35017,[수준] 면적당매출,0.16813,[수준] 평균매출,0.14749
BRD_20140588,2024,짬뽕10101,외식,중식,29.0,0.14907544407202206,0.5533009248893391,0.14606741573033707,0.549402390438247,건전,0,True,Low,FS1,[변화] 점포 증가율,0.31529,[업종상대] 계약종료 백분위,0.17988,[추세] 점포 증가율 변동성,0.15581
BRD_20211423,2024,진바이크,서비스,기타 서비스,72.0,0.14902986788502684,0.5532491514955916,0.14606741573033707,0.5490039840637451,평가불가,0,False,Low,FS1,[업종상대] 계약종료 백분위,-0.22762,[업종상대] 실질 매출 증가율 백분위,0.20816,[추세] 점포 증가율 변동성,0.12808
BRD_20211841,2024,어랏커피스탠드,외식,커피,21.0,0.1489842916980316,0.5530991335246732,0.14606741573033707,0.548605577689243,평가불가,0,False,Low,FS1,[업종상대] 실질 매출 증가율 백분위,0.25821,[업종상대] 계약종료 백분위,-0.24727,[수준] 평균매출,0.14835
BRD_20211434,2024,요거트월드,외식,기타 외식,164.0,0.14893871551103638,0.5520490353372433,0.14606741573033707,0.5482071713147411,건전,0,True,Low,FS1,[추세] 매출 증가율 변동성,0.27928,[추세] 면적당매출 평균,0.21827,[구조] 지역당 평균 점포수,-0.17432
BRD_20215526,2024,인생감자탕,외식,한식,21.0,0.14889313932404116,0.5519731502368641,0.14606741573033707,0.547808764940239,건전,0,True,Low,FS1,[업종상대] 계약종료 백분위,0.59891,[구조] 지역당 평균 점포수,0.3025,[업종상대] 점포 증가율 백분위,-0.15408
BRD_20190275,2024,인생설렁탕,외식,한식,25.0,0.14884756313704592,0.5517373986157076,0.14606741573033707,0.547410358565737,건전,0,True,Low,FS1,[구조] 지역당 평균 점포수,0.59518,[추세] 점포 증가율 변동성,0.19252,[변화] 점포 증가율,0.16887
BRD_20080100346,2024,박준뷰티랩(박준미장),서비스,이미용,62.0,0.1488019869500507,0.5516107574739983,0.14606741573033707,0.5470119521912351,요주의,1,False,Low,FS1,[업종상대] 계약종료 백분위,0.67437,[수준] 가맹사업 업력,-0.24038,[추세] 점포 증가율 변동성,-0.22797
BRD_20221373,2024,더홀릭보드게임카페,서비스,오락,41.0,0.14875641076305546,0.5515139363916485,0.14606741573033707,0.546613545816733,건전,0,True,Low,FS1,[업종상대] 계약종료 백분위,-0.20196,[구조] 지역당 평균 점포수,0.18235,[업종상대] 실질 매출 증가율 백분위,0.14663
BRD_20212359,2024,아라치,외식,치킨,153.0,0.14871083457606024,0.5514159041875072,0.14606741573033707,0.5462151394422311,요주의,1,False,Low,FS1,[업종상대] 계약종료 백분위,0.67759,[구조] 지역당 평균 점포수,-0.19468,[수준] 평균매출,0.1945
BRD_20212420,2024,막리단길,외식,한식,24.0,0.14866525838906502,0.5513254525763189,0.14606741573033707,0.545816733067729,요주의,1,False,Low,FS1,[업종상대] 계약종료 백분위,0.65432,[구조] 지역 집중도(HHI) 전년비 변화,-0.31452,[추세] 매출 증가율 평균,0.18145
BRD_20080100349,2024,오징어와친구들,외식,기타 외식,10.0,0.14861968220206978,0.551046761590369,0.14606741573033707,0.5454183266932271,건전,0,True,Low,FS1,[구조] 지역당 평균 점포수,0.42826,[업종상대] 계약종료 백분위,-0.18779,[업종상대] 실질 매출 증가율 백분위,0.18443
BRD_20120100400,2024,알바트로스,외식,주점,10.0,0.14857410601507456,0.5510463560864471,0.14606741573033707,0.5450199203187251,건전,0,True,Low,FS1,[구조] 지역당 평균 점포수,0.40741,[수준] 가맹사업 업력,-0.2573,[업종상대] 계약종료 백분위,-0.18713
BRD_20181220,2024,해산물직화구이전문점삼바리,외식,기타 외식,51.0,0.14852852982807935,0.5506254879901555,0.14606741573033707,0.5446215139442231,건전,0,True,Low,FS1,[추세] 매출 증가율 변동성,0.22656,[업종상대] 계약종료 백분위,-0.19042,[추세] 점포 증가율 변동성,0.17164
BRD_20130100244,2024,청담이상,외식,주점,54.0,0.1484829536410841,0.5498150867544322,0.14606741573033707,0.5442231075697211,건전,0,True,Low,FS1,[변화] 점포 증가율,0.29531,[구조] 지역당 평균 점포수,0.15963,[추세] 매출 증가율 변동성,0.14489
BRD_20150887,2024,시골 통돼지볶음,외식,한식,27.0,0.1484373774540889,0.5497477876862984,0.14606741573033707,0.5438247011952191,건전,0,True,Low,FS1,[추세] 면적당매출 평균,0.28904,[구조] 지역당 평균 점포수,0.27525,[추세] 점포 증가율 변동성,0.16218
BRD_20180260,2024,대마족발,외식,한식,4.0,0.14839180126709364,0.5496647172653855,0.14606741573033707,0.5434262948207171,건전,0,True,Low,FS1,[변화] 점포 증가율,0.37189,[구조] 지역 집중도(HHI) 전년비 변화,-0.33121,[추세] 점포 증가율 평균,0.29224
BRD_20190875,2024,마라홀릭,외식,중식,33.0,0.14834622508009843,0.5494501670290153,0.14606741573033707,0.5430278884462152,평가불가,0,False,Low,FS1,[업종상대] 계약종료 백분위,-0.21862,[업종상대] 실질 매출 증가율 백분위,0.21385,[구조] 지역당 평균 점포수,0.16757
BRD_20190964,2024,신룽푸마라탕,외식,중식,37.0,0.1483006488931032,0.549237860905923,0.14606741573033707,0.5426294820717131,건전,0,True,Low,FS1,[변화] 점포 증가율,0.33315,[추세] 점포 증가율 변동성,0.1459,[구조] 지역당 평균 점포수,0.14353
BRD_20230371,2024,멍냥의민족,도소매,기타도소매,76.0,0.14825507270610797,0.5491936462406822,0.14606741573033707,0.5422310756972112,건전,0,True,Low,FS1,[수준] 평균매출,0.25123,[업종상대] 계약종료 백분위,0.22804,[수준] 가맹사업 업력,0.08403
BRD_20110100230|JNG_000735,2024,시호비전,도소매,기타도소매,20.0,0.14820949651911275,0.5488832846235193,0.14606741573033707,0.5418326693227091,평가불가,0,False,Low,FS1,[구조] 지역당 평균 점포수,0.42393,[업종상대] 계약종료 백분위,-0.21151,[수준] 가맹사업 업력,-0.1969
BRD_20230051,2024,모노맨션,서비스,기타 서비스,69.0,0.1481639203321175,0.5487894356349607,0.14606741573033707,0.5414342629482072,요주의,1,False,Low,FS1,[구조] 지역당 평균 점포수,0.15387,[추세] 점포 증가율 변동성,0.12296,[수준] 가맹사업 업력,0.11389
BRD_20211282,2024,대림국수,외식,분식,10.0,0.1481183441451223,0.5487840623119461,0.14606741573033707,0.5410358565737052,요주의,3,False,Low,FS1,[업종상대] 계약종료 백분위,0.52082,[구조] 지역당 평균 점포수,0.31141,[변화] 점포 증가율,0.30247
BRD_20150525,2024,넘버25(NO.25),서비스,숙박,25.0,0.14807276795812707,0.5487364129864847,0.14606741573033707,0.5406374501992032,건전,0,True,Low,FS1,[업종상대] 계약종료 백분위,0.24986,[추세] 점포 증가율 변동성,-0.23861,[구조] 지역당 평균 점포수,0.23268
BRD_20140220,2024,개미집,외식,한식,26.0,0.14802719177113183,0.5485205746648532,0.14606741573033707,0.5402390438247012,건전,0,True,Low,FS1,[추세] 점포 증가율 평균,0.27777,[변화] 점포 증가율,0.27005,[구조] 지역 집중도(HHI) 전년비 변화,-0.23748
BRD_20141116,2024,안동본가국밥,외식,한식,19.0,0.1479816155841366,0.5484222713998173,0.14606741573033707,0.5398406374501992,건전,0,True,Low,FS1,[구조] 지역당 평균 점포수,0.53509,[수준] 브랜드 연차,-0.12737,[업종상대] 실질 매출 증가율 백분위,-0.1265
BRD_20200890,2024,타다 라이트(TADA LITE),서비스,운송,314.0,0.1479360393971414,0.5483380840076111,0.14606741573033707,0.5394422310756972,요주의,1,False,Low,FS1,[추세] 점포 증가율 변동성,-0.22308,[변화] 점포 증가율,0.21264,[업종상대] 실질 매출 증가율 백분위,0.17552
BRD_20180893,2024,고기듬뿍 대왕비빔밥,외식,한식,101.0,0.14789046321014615,0.5475580926022018,0.14606741573033707,0.5390438247011953,요주의,1,False,Low,FS1,[변화] 점포 증가율,0.31654,[수준] 면적당매출,0.15148,[수준] 평균매출,0.13343
BRD_20161073,2024,어반그라운드헤어(urbangroundhair),서비스,이미용,18.0,0.14784488702315093,0.5474482953298404,0.14606741573033707,0.5386454183266932,건전,0,True,Low,FS1,[업종상대] 계약종료 백분위,0.28005,[업종상대] 실질 매출 증가율 백분위,0.0994,[수준] 브랜드 연차,-0.09043
BRD_20180834,2024,달빛경성술집,외식,주점,60.0,0.1477993108361557,0.5474321710888406,0.14606741573033707,0.5382470119521913,건전,0,True,Low,FS1,[업종상대] 계약종료 백분위,-0.21984,[업종상대] 실질 매출 증가율 백분위,0.19988,[추세] 점포 증가율 변동성,0.13366
BRD_20150691,2024,데이앤데이(day&day),도소매,편의점,55.0,0.14775373464916047,0.5470410581424904,0.14606741573033707,0.5378486055776892,건전,0,True,Low,FS1,[업종상대] 계약종료 백분위,0.71322,[추세] 점포 증가율 변동성,-0.24671,[구조] 최다 지역 비중 전년비 변화,-0.14976
BRD_20080100313,2024,베스트빈,외식,커피,14.0,0.14770815846216526,0.5464144481910256,0.14606741573033707,0.5374501992031873,건전,0,True,Low,FS1,[구조] 지역당 평균 점포수,0.48251,[추세] 점포 증가율 평균,0.23327,[업종상대] 계약종료 백분위,-0.22886
BRD_20230528,2024,잇쇼타코야끼,외식,일식,32.0,0.14766258227517,0.5463796200870243,0.14606741573033707,0.5370517928286852,건전,0,True,Low,FS1,[업종상대] 계약종료 백분위,-0.21126,[추세] 점포 증가율 변동성,0.14372,[수준] 가맹사업 업력,0.14344
BRD_20080100138,2024,죠샌드위치,외식,패스트푸드,48.0,0.1476170060881748,0.5462779085103999,0.14606741573033707,0.5366533864541833,요주의,1,False,Low,FS1,[업종상대] 계약종료 백분위,0.65036,[변화] 점포 증가율,0.34443,[수준] 가맹사업 업력,-0.23024
BRD_20150273,2024,쉐프의부대찌개,외식,기타 외식,20.0,0.14757142990117958,0.5462078392957704,0.14606741573033707,0.5362549800796813,평가불가,0,False,Low,FS1,[구조] 지역당 평균 점포수,0.36565,[업종상대] 실질 매출 증가율 백분위,0.20493,[업종상대] 계약종료 백분위,-0.19826
BRD_20171391,2024,아재불닭발,외식,한식,60.0,0.14752585371418434,0.5460595574959709,0.14606741573033707,0.5358565737051793,요주의,1,False,Low,FS1,[업종상대] 계약종료 백분위,0.61567,[수준] 브랜드 연차,-0.17036,[구조] 지역당 평균 점포수,0.13703
BRD_20210371,2024,전주진국밥,외식,한식,16.0,0.14748027752718912,0.5454920906833691,0.14606741573033707,0.5354581673306773,건전,0,True,Low,FS1,[구조] 지역당 평균 점포수,0.54992,[업종상대] 계약종료 백분위,-0.1951,[구조] 최다 지역 비중 전년비 변화,-0.13968
BRD_20120100580,2024,아메리카요가,서비스,스포츠 관련,18.0,0.14743470134019387,0.5451397397204755,0.14606741573033707,0.5350597609561752,건전,0,True,Low,FS1,[업종상대] 계약종료 백분위,0.65386,[구조] 지역당 평균 점포수,0.13639,[수준] 가맹사업 업력,-0.12893
BRD_20170542,2024,왕돈까스&왕냉면,외식,기타 외식,14.0,0.14738912515319866,0.5451284361115465,0.14606741573033707,0.5346613545816733,건전,0,True,Low,FS1,[업종상대] 계약종료 백분위,0.69676,[변화] 점포 증가율,0.38417,[구조] 지역 집중도(HHI) 전년비 변화,-0.30811
BRD_20170719,2024,세광교대이층집,외식,기타 외식,15.0,0.14734354896620344,0.5447941792647917,0.14606741573033707,0.5342629482071714,요주의,1,False,Low,FS1,[업종상대] 계약종료 백분위,0.6749,[변화] 점포 증가율,0.3396,[추세] 점포 증가율 평균,0.27442
BRD_20090100111,2024,뉴스터디교육,서비스,교육 (교과),69.0,0.1472979727792082,0.5447579881374093,0.14606741573033707,0.5338645418326693,요주의,1,False,Low,FS1,[업종상대] 계약종료 백분위,0.28636,[수준] 가맹사업 업력,-0.24209,[추세] 면적당매출 평균,0.18277
BRD_20214949,2024,솥고집,외식,한식,36.0,0.14725239659221298,0.5447565954058857,0.14606741573033707,0.5334661354581673,건전,0,True,Low,FS1,[추세] 점포 증가율 평균,0.28388,[업종상대] 실질 매출 증가율 백분위,0.17815,[추세] 점포 증가율 변동성,0.11085
BRD_20190020,2024,리게인스터디카페,서비스,기타 서비스,24.0,0.14720682040521774,0.5445652254570462,0.14606741573033707,0.5330677290836653,건전,0,True,Low,FS1,[구조] 지역당 평균 점포수,0.34965,[수준] 면적당매출,0.13231,[추세] 면적당매출 평균,-0.12212
BRD_20211698,2024,헤즈업,외식,주점,62.0,0.14716124421822252,0.5444809994015484,0.14606741573033707,0.5326693227091633,건전,0,True,Low,FS1,[추세] 면적당매출 평균,0.21986,[업종상대] 계약종료 백분위,-0.20661,[추세] 매출 증가율 변동성,0.19896
BRD_20180511,2024,고피자(GOPIZZA),외식,피자,95.0,0.1471156680312273,0.5442617074869435,0.14606741573033707,0.5322709163346614,요주의,1,False,Low,FS1,[업종상대] 계약종료 백분위,0.69675,[변화] 점포 증가율,0.27862,[추세] 점포 증가율 변동성,0.14122
BRD_20191260,2024,프렌잉글리시,서비스,교육 (외국어),207.0,0.14707009184423206,0.544197877468472,0.14606741573033707,0.5318725099601593,평가불가,0,False,Low,FS1,[업종상대] 실질 매출 증가율 백분위,0.26369,[업종상대] 계약종료 백분위,-0.25621,[구조] 지역당 평균 점포수,-0.13351
BRD_20200806,2024,박봉자 떡볶이,외식,분식,0.0,0.14702451565723684,0.5437890957226174,0.14606741573033707,0.5314741035856574,평가불가,0,False,Low,FS1,[업종상대] 실질 매출 증가율 백분위,0.25435,[업종상대] 계약종료 백분위,-0.23531,[추세] 점포 증가율 변동성,0.13208
BRD_20180121,2024,39℃락,외식,한식,0.0,0.14697893947024163,0.5437890957226174,0.14606741573033707,0.5310756972111553,평가불가,0,False,Low,FS1,[업종상대] 실질 매출 증가율 백분위,0.25435,[업종상대] 계약종료 백분위,-0.23531,[추세] 점포 증가율 변동성,0.13208
BRD_20171515,2024,자성화 맛집 코다리네,외식,한식,0.0,0.14693336328324638,0.5437890957226174,0.14606741573033707,0.5306772908366534,평가불가,0,False,Low,FS1,[업종상대] 실질 매출 증가율 백분위,0.2543,[업종상대] 계약종료 백분위,-0.23531,[추세] 점포 증가율 변동성,0.13147
BRD_20221155,2024,마미묵은지찜,외식,한식,23.0,0.14688778709625117,0.5437781256969784,0.14606741573033707,0.5302788844621514,건전,0,True,Low,FS1,[업종상대] 계약종료 백분위,0.74422,[구조] 지역 집중도(HHI) 전년비 변화,-0.2539,[구조] 지역당 평균 점포수,0.15619
BRD_20220173,2024,밀면의 법칙,외식,한식,55.0,0.14684221090925592,0.5433058865725907,0.14606741573033707,0.5298804780876494,건전,0,True,Low,FS1,[업종상대] 실질 매출 증가율 백분위,0.26903,[업종상대] 계약종료 백분위,-0.12296,[추세] 점포 증가율 변동성,0.09979
BRD_20221451,2024,영삼이네우정소갈비,외식,한식,53.0,0.1467966347222607,0.5428594345767864,0.14606741573033707,0.5294820717131474,건전,0,True,Low,FS1,[업종상대] 계약종료 백분위,0.55207,[수준] 평균매출,-0.15992,[수준] 가맹사업 업력,0.10585
BRD_20191086,2024,반미362,외식,기타 외국식,29.0,0.1467510585352655,0.5427180064002396,0.14606741573033707,0.5290836653386454,요주의,1,False,Low,FS1,[구조] 지역당 평균 점포수,0.22973,[수준] 가맹사업 업력,0.14096,[수준] 브랜드 연차,-0.13395
BRD_20201345,2024,에그폭탄덮밥,외식,한식,118.0,0.14670548234827024,0.542521917914109,0.14606741573033707,0.5286852589641434,요주의,1,False,Low,FS1,[업종상대] 계약종료 백분위,0.65377,[수준] 평균매출,0.18007,[수준] 브랜드 연차,-0.1587
BRD_20210606,2024,거진어부네 코다리,외식,한식,43.0,0.14665990616127503,0.542509077237849,0.14606741573033707,0.5282868525896415,건전,0,True,Low,FS1,[구조] 지역당 평균 점포수,0.20532,[수준] 가맹사업 업력,0.19272,[업종상대] 계약종료 백분위,-0.14311
BRD_20211203,2024,젓가락질 잘해야만 밥을 먹나요,외식,한식,25.0,0.1466143299742798,0.542443514962524,0.14606741573033707,0.5278884462151394,건전,0,True,Low,FS1,[추세] 매출 증가율 변동성,0.18436,[추세] 면적당매출 평균,0.1817,[추세] 매출 증가율 평균,0.16325
BRD_20215034,2024,칠봉통닭,외식,치킨,64.0,0.14656875378728457,0.5423679724014743,0.14606741573033707,0.5274900398406375,건전,0,True,Low,FS1,[업종상대] 계약종료 백분위,-0.26188,[수준] 평균매출,0.1199,[수준] 가맹사업 업력,0.10982
BRD_20214649,2024,조선볶음밥,외식,한식,44.0,0.14652317760028935,0.5421461439296692,0.14606741573033707,0.5270916334661354,평가불가,0,False,Low,FS1,[업종상대] 계약종료 백분위,-0.25425,[업종상대] 실질 매출 증가율 백분위,0.23013,[수준] 가맹사업 업력,-0.15172
BRD_20221147,2024,쏘시지요,외식,주점,117.0,0.1464776014132941,0.5416530605994142,0.14606741573033707,0.5266932270916335,평가불가,0,False,Low,FS1,[업종상대] 실질 매출 증가율 백분위,0.25208,[업종상대] 계약종료 백분위,-0.2436,[수준] 가맹사업 업력,0.12951
BRD_20210461,2024,하이맥주,외식,주점,0.0,0.1464320252262989,0.5414793481659197,0.14606741573033707,0.5262948207171315,평가불가,0,False,Low,FS1,[업종상대] 실질 매출 증가율 백분위,0.24941,[업종상대] 계약종료 백분위,-0.23801,[수준] 가맹사업 업력,-0.14686
BRD_20212341,2024,바나타이거,외식,커피,54.0,0.14638644903930367,0.5406803983832543,0.14606741573033707,0.5258964143426295,건전,0,True,Low,FS1,[수준] 평균매출,0.16091,[구조] 지역당 평균 점포수,0.11873,[추세] 점포 증가율 변동성,0.11583
BRD_20230261,2024,샤브올데이,외식,한식,49.0,0.14634087285230843,0.5404804223556788,0.14606741573033707,0.5254980079681275,건전,0,True,Low,FS1,[업종상대] 실질 매출 증가율 백분위,0.18531,[업종상대] 계약종료 백분위,-0.18455,[추세] 점포 증가율 변동성,0.14551
BRD_20161124,2024,파주닭국수,외식,한식,28.0,0.1462952966653132,0.5399106354314461,0.14606741573033707,0.5250996015936255,요주의,1,False,Low,FS1,[업종상대] 계약종료 백분위,0.35187,[수준] 브랜드 연차,-0.13833,[구조] 지역당 평균 점포수,0.10632
BRD_20210296,2024,아이캔커피,외식,커피,21.0,0.146249720478318,0.5397240830077391,0.14606741573033707,0.5247011952191235,건전,0,True,Low,FS1,[업종상대] 계약종료 백분위,0.81472,[구조] 지역당 평균 점포수,0.16618,[수준] 가맹사업 업력,0.14403
BRD_20180171,2024,달리는커피,외식,커피,240.0,0.14620414429132275,0.5379414139225291,0.14606741573033707,0.5243027888446216,건전,0,True,Low,FS1,[업종상대] 계약종료 백분위,0.20788,[구조] 지역당 평균 점포수,-0.18391,[업종상대] 실질 매출 증가율 백분위,0.16535
BRD_20191157,2024,어사또,외식,한식,19.0,0.14615856810432754,0.5377582733598248,0.14606741573033707,0.5239043824701195,요주의,1,False,Low,FS1,[변화] 점포 증가율,0.27616,[추세] 면적당매출 평균,0.21628,[추세] 점포 증가율 변동성,0.15872
BRD_20221030,2024,남영동양문,외식,한식,28.0,0.1461129919173323,0.5377133451088486,0.14606741573033707,0.5235059760956176,요주의,1,False,Low,FS1,[업종상대] 계약종료 백분위,0.66947,[수준] 평균매출,-0.15065,[구조] 지역 집중도(HHI),-0.13352
BRD_20215580,2024,제주곤이 칼국수,외식,한식,25.0,0.14606741573033707,0.5370935094261939,0.14606741573033707,0.5231075697211155,요주의,2,False,Low,FS1,[업종상대] 계약종료 백분위,0.61121,[수준] 평균매출,-0.14884,[수준] 가맹사업 업력,0.09296
BRD_20170957,2024,우리동네서민한우,외식,한식,0.0,0.14602183954334186,0.5370225126851293,0.14606741573033707,0.5227091633466135,평가불가,0,False,Low,FS1,[업종상대] 실질 매출 증가율 백분위,0.2579,[업종상대] 계약종료 백분위,-0.23487,[추세] 점포 증가율 변동성,0.13006
BRD_20171470,2024,THE달달,도소매,기타도소매,260.0,0.1459762633563466,0.5366678186236568,0.14606741573033707,0.5223107569721116,요주의,1,False,Low,FS1,[업종상대] 계약종료 백분위,0.59885,[구조] 지역당 평균 점포수,-0.14035,[구조] 개점-종료 격차,-0.13606
BRD_20230038,2024,두번먹는명인김치찜,외식,한식,53.0,0.1459306871693514,0.5364449780236704,0.14606741573033707,0.5219123505976095,건전,0,True,Low,FS1,[업종상대] 실질 매출 증가율 백분위,0.18484,[추세] 점포 증가율 변동성,0.13245,[수준] 가맹사업 업력,0.11943
BRD_20130258,2024,오떡,외식,분식,16.0,0.14588511098235615,0.5362068544855378,0.14606741573033707,0.5215139442231076,건전,0,True,Low,FS1,[업종상대] 계약종료 백분위,0.69826,[추세] 점포 증가율 평균,0.23381,[구조] 지역 집중도(HHI) 전년비 변화,-0.21012
BRD_20100100077,2024,죠스떡볶이,외식,분식,138.0,0.14583953479536094,0.5352611095273582,0.14606741573033707,0.5211155378486055,요주의,1,False,Low,FS1,[변화] 점포 증가율,0.34243,[업종상대] 계약종료 백분위,0.32245,[추세] 점포 증가율 평균,0.27086
BRD_20100100391,2024,그린섬미술학원,서비스,기타 교육,22.0,0.14579395860836572,0.5350305222276993,0.14606741573033707,0.5207171314741036,건전,0,True,Low,FS1,[구조] 지역당 평균 점포수,0.45273,[업종상대] 실질 매출 증가율 백분위,0.20041,[업종상대] 계약종료 백분위,-0.19369
BRD_20201382,2024,브라이트스타,외식,한식,17.0,0.14574838242137048,0.5349496819615183,0.14606741573033707,0.5203187250996016,건전,0,True,Low,FS1,[변화] 점포 증가율,0.29457,[구조] 지역 집중도(HHI) 전년비 변화,-0.20829,[추세] 점포 증가율 변동성,0.17775
BRD_20170703,2024,행복가마솥밥&알솥밥,외식,한식,21.0,0.14570280623437526,0.5349144135203473,0.14606741573033707,0.5199203187250996,평가불가,0,False,Low,FS1,[구조] 지역당 평균 점포수,0.23465,[업종상대] 계약종료 백분위,-0.21618,[업종상대] 실질 매출 증가율 백분위,0.21176
BRD_20110600017,2024,어린음악대,서비스,기타 교육,179.0,0.14565723004738004,0.5341357303079268,0.14606741573033707,0.5195219123505976,건전,0,True,Low,FS1,[업종상대] 계약종료 백분위,0.82643,[수준] 면적당매출,0.19562,[구조] 지역당 평균 점포수,-0.15935
BRD_20220050,2024,양도둑,외식,중식,19.0,0.1456116538603848,0.5340118514542798,0.14606741573033707,0.5191235059760956,요주의,1,False,Low,FS1,[구조] 지역당 평균 점포수,0.27788,[변화] 점포 증가율,0.15939,[추세] 점포 증가율 변동성,0.14924
BRD_20110100519,2024,벨킨스(VELKINS),서비스,기타 서비스,15.0,0.14556607767338958,0.5333917815558634,0.14606741573033707,0.5187250996015936,건전,0,True,Low,FS1,[구조] 지역당 평균 점포수,0.48956,[추세] 점포 증가율 변동성,-0.23453,[수준] 평균매출,0.15216
BRD_20230460,2024,토핑폭탄김치찜&김치찌개,외식,한식,45.0,0.14552050148639434,0.5331819582069516,0.14606741573033707,0.5183266932270917,요주의,1,False,Low,FS1,[업종상대] 계약종료 백분위,0.26891,[구조] 최다 지역 비중 전년비 변화,-0.17158,[구조] 지역당 평균 점포수,0.14045
BRD_20090100370,2024,토대력,외식,기타 외식,19.0,0.14547492529939912,0.532874048728245,0.14606741573033707,0.5179282868525896,건전,0,True,Low,FS1,[추세] 매출 증가율 평균,0.19853,[추세] 매출 증가율 변동성,0.19093,[업종상대] 계약종료 백분위,-0.1817
BRD_20110100154,2024,드롭탑(DROPTOP),외식,커피,142.0,0.1454293491124039,0.5328247074624187,0.14606741573033707,0.5175298804780877,건전,0,True,Low,FS1,[추세] 점포 증가율 평균,0.46493,[변화] 점포 증가율,0.37987,[업종상대] 계약종료 백분위,0.36379
BRD_20211827,2024,新 구멍가게 24,도소매,편의점,176.0,0.14538377292540866,0.5327520450771941,0.14606741573033707,0.5171314741035856,요주의,1,False,Low,FS1,[업종상대] 계약종료 백분위,-0.2169,[업종상대] 실질 매출 증가율 백분위,0.21396,[구조] 지역당 평균 점포수,-0.20202
BRD_20160196,2024,아트모마,서비스,기타 교육,29.0,0.14533819673841344,0.5327516688270895,0.14606741573033707,0.5167330677290837,요주의,1,False,Low,FS1,[수준] 평균매출,0.19799,[추세] 점포 증가율 변동성,-0.19319,[구조] 지역당 평균 점포수,0.14034
BRD_20090600054,2024,봉대박스파게티,외식,서양식,18.0,0.14529262055141823,0.5324295636903332,0.14606741573033707,0.5163346613545817,건전,0,True,Low,FS1,[구조] 지역당 평균 점포수,0.48166,[변화] 점포 증가율,0.26043,[수준] 가맹사업 업력,-0.1784
BRD_20110100215,2024,아마떼,외식,커피,17.0,0.14524704436442298,0.5323495082660719,0.14606741573033707,0.5159362549800797,건전,0,True,Low,FS1,[구조] 지역당 평균 점포수,0.59106,[업종상대] 계약종료 백분위,-0.1927,[추세] 면적당매출 평균,0.14643
BRD_20110100608,2024,명동칼국수,외식,기타 외식,13.0,0.14520146817742777,0.5322854969029227,0.14606741573033707,0.5155378486055777,건전,0,True,Low,FS1,[구조] 지역당 평균 점포수,0.38018,[업종상대] 실질 매출 증가율 백분위,0.23216,[업종상대] 계약종료 백분위,-0.19294
BRD_20150879,2024,더족발,외식,기타 외식,12.0,0.14515589199043252,0.5320799804440712,0.14606741573033707,0.5151394422310757,건전,0,True,Low,FS1,[구조] 지역당 평균 점포수,0.49115,[업종상대] 계약종료 백분위,-0.18108,[변화] 점포 증가율,0.11448
BRD_20201760,2024,주아킹,도소매,종합소매점,25.0,0.1451103158034373,0.5319260315161742,0.14606741573033707,0.5147410358565737,요주의,1,False,Low,FS1,[업종상대] 계약종료 백분위,0.71074,[구조] 지역 집중도(HHI),-0.10896,[수준] 가맹사업 업력,0.09795
BRD_20220053,2024,이찌방라멘& 카츠카레,외식,일식,41.0,0.1450647396164421,0.5315990720579014,0.14606741573033707,0.5143426294820718,요주의,1,False,Low,FS1,[업종상대] 실질 매출 증가율 백분위,-0.13826,[업종상대] 계약종료 백분위,-0.13606,[수준] 평균매출,0.11769
BRD_20160546,2024,잭아저씨족발&보쌈,외식,기타 외식,24.0,0.14501916342944685,0.5314157033742871,0.14606741573033707,0.5139442231075697,건전,0,True,Low,FS1,[구조] 지역당 평균 점포수,0.42348,[변화] 점포 증가율,0.35708,[수준] 브랜드 연차,-0.10108
BRD_20211699,2024,카페일분,외식,커피,112.0,0.14497358724245163,0.531404016559044,0.14606741573033707,0.5135458167330678,요주의,1,False,Low,FS1,[업종상대] 계약종료 백분위,0.61877,[수준] 평균매출,0.20386,[수준] 가맹사업 업력,0.13055
BRD_20170875,2024,분짜라붐,외식,기타 외국식,4.0,0.1449280110554564,0.5308871661543015,0.14606741573033707,0.5131474103585657,건전,0,True,Low,FS1,[구조] 지역당 평균 점포수,0.60678,[업종상대] 계약종료 백분위,-0.19455,[구조] 지역 집중도(HHI),-0.14889
BRD_20190636,2024,김치찌개미화식당,외식,한식,26.0,0.14488243486846117,0.5305315508969123,0.14606741573033707,0.5127490039840638,평가불가,0,False,Low,FS1,[업종상대] 실질 매출 증가율 백분위,0.23015,[업종상대] 계약종료 백분위,-0.22446,[수준] 가맹사업 업력,0.11258
BRD_20201188,2024,담가 화로구이,외식,한식,27.0,0.14483685868146595,0.5303988868520422,0.14606741573033707,0.5123505976095617,평가불가,0,False,Low,FS1,[업종상대] 실질 매출 증가율 백분위,0.22845,[업종상대] 계약종료 백분위,-0.21903,[구조] 지역당 평균 점포수,0.17454
BRD_20150761,2024,이용민의 유성닭발,외식,한식,14.0,0.1447912824944707,0.5300496425524615,0.14606741573033707,0.5119521912350598,건전,0,True,Low,FS1,[업종상대] 계약종료 백분위,0.29283,[업종상대] 실질 매출 증가율 백분위,0.18151,[구조] 지역 집중도(HHI),-0.11393
BRD_20211900,2024,식사하세요,외식,한식,63.0,0.1447457063074755,0.5295625763661068,0.14606741573033707,0.5115537848605578,평가불가,0,False,Low,FS1,[업종상대] 계약종료 백분위,-0.23637,[업종상대] 실질 매출 증가율 백분위,0.21634,[수준] 가맹사업 업력,-0.16693
BRD_20201907,2024,비온탑(Be on Top) 스터디카페,서비스,기타 서비스,23.0,0.14470013012048027,0.5294879515015869,0.14606741573033707,0.5111553784860557,건전,0,True,Low,FS1,[구조] 지역당 평균 점포수,0.17212,[업종상대] 실질 매출 증가율 백분위,-0.1239,[수준] 가맹사업 업력,0.09666
BRD_20211711,2024,동네커피,외식,커피,64.0,0.14465455393348503,0.5293671346921661,0.14606741573033707,0.5107569721115538,요주의,1,False,Low,FS1,[업종상대] 계약종료 백분위,-0.21961,[추세] 점포 증가율 변동성,0.15092,[수준] 가맹사업 업력,0.12045
BRD_20160327,2024,석관동떡볶이,외식,기타 외식,16.0,0.14460897774648981,0.5292290686911637,0.14606741573033707,0.5103585657370517,건전,0,True,Low,FS1,[추세] 점포 증가율 평균,0.29078,[업종상대] 계약종료 백분위,-0.23449,[구조] 지역당 평균 점포수,0.182
BRD_20180711,2024,비스트로피자,외식,패스트푸드,68.0,0.14456340155949457,0.5290976536945543,0.14606741573033707,0.5099601593625498,건전,0,True,Low,FS1,[변화] 점포 증가율,0.34964,[업종상대] 계약종료 백분위,0.32543,[추세] 점포 증가율 변동성,0.15805
BRD_20080100247,2024,글라스박스(GLASSBOX),도소매,기타도소매,33.0,0.14451782537249935,0.5290513393084355,0.14606741573033707,0.5095617529880478,건전,0,True,Low,FS1,[수준] 가맹사업 업력,-0.24183,[업종상대] 실질 매출 증가율 백분위,0.19154,[변화] 점포 증가율,0.12368
BRD_20140558,2024,육풍,외식,한식,19.0,0.14447224918550414,0.52843972556079,0.14606741573033707,0.5091633466135458,건전,0,True,Low,FS1,[구조] 지역당 평균 점포수,0.5817,[업종상대] 계약종료 백분위,-0.1835,[추세] 점포 증가율 변동성,0.14748
BRD_20080400039,2024,까투리,외식,주점,154.0,0.1444266729985089,0.5282558313055884,0.14606741573033707,0.5087649402390438,건전,0,True,Low,FS1,[변화] 점포 증가율,0.29866,[추세] 점포 증가율 평균,0.23848,[수준] 가맹사업 업력,-0.23486
BRD_20230402,2024,동방,서비스,운송,27.0,0.14438109681151368,0.5282425490155913,0.14606741573033707,0.5083665338645418,건전,0,True,Low,FS1,[업종상대] 계약종료 백분위,-0.18718,[구조] 지역당 평균 점포수,0.18372,[변화] 매출 증가율,0.12746
BRD_20130100213,2024,무한사케무사,외식,주점,0.0,0.14433552062451846,0.5282059339029354,0.14606741573033707,0.5079681274900398,평가불가,0,False,Low,FS1,[업종상대] 실질 매출 증가율 백분위,0.25937,[업종상대] 계약종료 백분위,-0.23343,[추세] 점포 증가율 변동성,0.13016
NAME:한국금거래소@도소매,2024,한국금거래소,도소매,기타도소매,0.0,0.14428994443752322,0.5278733350910599,0.14606741573033707,0.5075697211155379,평가불가,0,False,Low,FS1,[업종상대] 실질 매출 증가율 백분위,0.24886,[업종상대] 계약종료 백분위,-0.2389,[수준] 가맹사업 업력,-0.16134
BRD_20100500059,2024,신진성아구찜,외식,한식,6.0,0.144244368250528,0.5274082122361092,0.14606741573033707,0.5071713147410358,건전,0,True,Low,FS1,[구조] 지역당 평균 점포수,0.43395,[업종상대] 실질 매출 증가율 백분위,0.18771,[업종상대] 계약종료 백분위,-0.18654
BRD_20090100377,2024,코페아커피(COFFEA COFFEE),외식,커피,5.0,0.14419879206353275,0.527012435401287,0.14606741573033707,0.5067729083665339,건전,0,True,Low,FS1,[구조] 지역당 평균 점포수,0.51987,[변화] 점포 증가율,0.29829,[구조] 지역 집중도(HHI) 전년비 변화,-0.27547
BRD_20170139,2024,용호동낙지,외식,기타 외식,37.0,0.14415321587653754,0.5269631206266648,0.14606741573033707,0.5063745019920318,건전,0,True,Low,FS1,[업종상대] 계약종료 백분위,0.6559,[구조] 지역당 평균 점포수,0.21738,[업종상대] 점포 증가율 백분위,-0.14105
BRD_20180747,2024,치순이통닭,외식,치킨,29.0,0.14410763968954232,0.5268073694305883,0.14606741573033707,0.5059760956175299,요주의,1,False,Low,FS1,[추세] 면적당매출 평균,0.21485,[추세] 매출 증가율 평균,0.19257,[수준] 평균매출,0.15779
BRD_20180310,2024,제주까망돼지,외식,한식,20.0,0.14406206350254708,0.526727997864688,0.14606741573033707,0.5055776892430279,건전,0,True,Low,FS1,[업종상대] 계약종료 백분위,-0.217,[업종상대] 실질 매출 증가율 백분위,0.18627,[추세] 점포 증가율 변동성,0.1758
BRD_20080100607,2024,700비어,외식,주점,27.0,0.14401648731555186,0.5265125379998163,0.14606741573033707,0.5051792828685259,건전,0,True,Low,FS1,[추세] 면적당매출 평균,0.27091,[수준] 가맹사업 업력,-0.22218,[업종상대] 계약종료 백분위,-0.21959
BRD_20130230,2024,아소비,서비스,기타 교육,1761.0,0.14397091112855664,0.5260430959678625,0.14606741573033707,0.5047808764940239,건전,0,True,Low,FS1,[업종상대] 계약종료 백분위,0.64169,[수준] 평균매출,0.27263,[수준] 가맹사업 업력,-0.19634
BRD_20140071,2024,서가원김밥,외식,한식,12.0,0.1439253349415614,0.5259963714610804,0.14606741573033707,0.5043824701195219,건전,0,True,Low,FS1,[구조] 지역당 평균 점포수,0.53441,[추세] 면적당매출 평균,0.26298,[추세] 매출 증가율 평균,0.20486
BRD_20140171,2024,원조전통명가 통큰할매순대국,외식,한식,14.0,0.14387975875456618,0.5257776022803371,0.14606741573033707,0.5039840637450199,건전,0,True,Low,FS1,[구조] 지역당 평균 점포수,0.61887,[추세] 점포 증가율 평균,0.23296,[업종상대] 계약종료 백분위,-0.22012
BRD_20141047,2024,쏭스클럽핫도그,외식,기타 외식,26.0,0.14383418256757094,0.5256178563822775,0.14606741573033707,0.503585657370518,요주의,1,False,Low,FS1,[추세] 점포 증가율 변동성,-0.25673,[업종상대] 계약종료 백분위,-0.21228,[추세] 면적당매출 평균,0.20748
BRD_20171186,2024,DK동키치킨,외식,치킨,92.0,0.14378860638057572,0.5255986559275486,0.14606741573033707,0.5031872509960159,건전,0,True,Low,FS1,[추세] 매출 증가율 변동성,0.27188,[업종상대] 계약종료 백분위,-0.23617,[추세] 면적당매출 평균,0.23169
BRD_20210576,2024,장터옛날통닭,외식,치킨,24.0,0.1437430301935805,0.5253283327527561,0.14606741573033707,0.502788844621514,건전,0,True,Low,FS1,[추세] 면적당매출 평균,0.24005,[업종상대] 계약종료 백분위,-0.21591,[추세] 매출 증가율 변동성,0.19621
BRD_20211608,2024,카페미뇽,외식,제과제빵,18.0,0.14369745400658526,0.5251559558357218,0.14606741573033707,0.5023904382470119,요주의,1,False,Low,FS1,[업종상대] 계약종료 백분위,0.59395,[구조] 지역당 평균 점포수,0.35088,[구조] 지역 집중도(HHI) 전년비 변화,-0.30317
BRD_20231209,2024,생마차,외식,주점,181.0,0.14365187781959005,0.5249453297627606,0.14606741573033707,0.50199203187251,건전,0,True,Low,FS1,[업종상대] 실질 매출 증가율 백분위,0.28032,[업종상대] 계약종료 백분위,-0.21537,[추세] 면적당매출 평균,0.17002
BRD_20212256,2024,믹스토랑,외식,서양식,28.0,0.14360630163259483,0.5247254997435796,0.14606741573033707,0.501593625498008,건전,0,True,Low,FS1,[구조] 지역당 평균 점포수,0.59837,[업종상대] 계약종료 백분위,-0.21184,[업종상대] 점포 증가율 백분위,-0.18649
BRD_20190860,2024,밀포유,외식,기타 외식,1.0,0.14356072544559959,0.5246975076674358,0.14606741573033707,0.501195219123506,평가불가,0,False,Low,FS1,[구조] 지역당 평균 점포수,0.41324,[수준] 가맹사업 업력,-0.25168,[업종상대] 계약종료 백분위,-0.22531
BRD_20230962,2024,면식당,외식,일식,35.0,0.14351514925860437,0.5246344407304131,0.14606741573033707,0.500796812749004,건전,0,True,Low,FS1,[업종상대] 실질 매출 증가율 백분위,0.25738,[업종상대] 계약종료 백분위,-0.19838,[추세] 점포 증가율 변동성,0.13558
BRD_20180608,2024,진미대왕통닭,외식,치킨,29.0,0.14346957307160912,0.5243779537569095,0.14606741573033707,0.500398406374502,건전,0,True,Low,FS1,[업종상대] 계약종료 백분위,0.71045,[구조] 지역당 평균 점포수,0.23858,[업종상대] 점포 증가율 백분위,-0.13721
BRD_20130495,2024,트램폴린놀이방노리파크(NORIPARK),서비스,기타 서비스,36.0,0.1434239968846139,0.5243049646835221,0.14606741573033707,0.5,건전,0,True,Low,FS1,[업종상대] 계약종료 백분위,0.30997,[추세] 점포 증가율 변동성,-0.16006,[업종상대] 업종 대분류,0.11023
BRD_20120100296,2024,에이치케이테일러(HKtailor),도소매,의류 / 패션,14.0,0.1433784206976187,0.5239764393660473,0.14606741573033707,0.499601593625498,건전,0,True,Low,FS1,[구조] 지역당 평균 점포수,0.50066,[업종상대] 계약종료 백분위,-0.21467,[추세] 면적당매출 평균,0.1326
BRD_20120100380,2024,홍탕,외식,중식,54.0,0.14333284451062345,0.5238825715402601,0.14606741573033707,0.499203187250996,건전,0,True,Low,FS1,[업종상대] 계약종료 백분위,0.7937,[수준] 평균매출,0.21909,[추세] 점포 증가율 변동성,-0.18657
BRD_20110400001,2024,삼백집,외식,한식,12.0,0.14328726832362823,0.5238134204065309,0.14606741573033707,0.49880478087649405,건전,0,True,Low,FS1,[변화] 점포 증가율,0.31755,[구조] 지역당 평균 점포수,0.28872,[추세] 점포 증가율 평균,0.28844
BRD_20210827,2024,조선화로닭발,외식,한식,93.0,0.143241692136633,0.5235793974679761,0.14606741573033707,0.49840637450199204,건전,0,True,Low,FS1,[업종상대] 실질 매출 증가율 백분위,0.19517,[추세] 점포 증가율 변동성,0.15736,[수준] 가맹사업 업력,0.10392
BRD_20201615,2024,손찬,외식,한식,34.0,0.14319611594963777,0.5235151439168666,0.14606741573033707,0.49800796812749004,건전,0,True,Low,FS1,[변화] 점포 증가율,0.33035,[추세] 점포 증가율 변동성,0.20709,[구조] 지역당 평균 점포수,0.15607
BRD_20080100117,2024,구이가,외식,기타 외식,11.0,0.14315053976264255,0.5230420362525,0.14606741573033707,0.49760956175298804,건전,0,True,Low,FS1,[수준] 가맹사업 업력,-0.29087,[추세] 면적당매출 평균,0.22203,[구조] 지역당 평균 점포수,0.19256
BRD_20230755,2024,박달 박가네 숯불 껍데기,외식,한식,21.0,0.1431049635756473,0.5227747759633798,0.14606741573033707,0.49721115537848604,평가불가,0,False,Low,FS1,[업종상대] 실질 매출 증가율 백분위,0.2578,[업종상대] 계약종료 백분위,-0.24823,[추세] 점포 증가율 변동성,0.12664
BRD_20120600075,2024,허대구 대구통닭,외식,치킨,16.0,0.1430593873886521,0.5226619663210633,0.14606741573033707,0.4968127490039841,요주의,1,False,Low,FS1,[변화] 점포 증가율,0.32282,[추세] 점포 증가율 평균,0.30598,[추세] 면적당매출 평균,0.20781
BRD_20201148,2024,힘난다버거,외식,패스트푸드,26.0,0.14301381120165688,0.5226220839657628,0.14606741573033707,0.4964143426294821,평가불가,0,False,Low,FS1,[업종상대] 계약종료 백분위,-0.2164,[구조] 지역당 평균 점포수,0.21232,[업종상대] 실질 매출 증가율 백분위,0.20161
BRD_20080100570,2024,쌈촌,외식,기타 외국식,31.0,0.14296823501466163,0.521977310187535,0.14606741573033707,0.4960159362549801,건전,0,True,Low,FS1,[추세] 면적당매출 평균,0.22342,[구조] 지역당 평균 점포수,0.20882,[추세] 매출 증가율 평균,0.14216
BRD_20231457,2024,덕수파스타 패스트캐쥬얼,외식,서양식,23.0,0.14292265882766642,0.5216310350415881,0.14606741573033707,0.4956175298804781,건전,0,True,Low,FS1,[업종상대] 실질 매출 증가율 백분위,0.26004,[구조] 지역당 평균 점포수,0.2034,[업종상대] 계약종료 백분위,-0.18934
BRD_20090100503,2024,델리커리(DELHICURRY),외식,기타 외식,17.0,0.14287708264067117,0.5213983577156941,0.14606741573033707,0.4952191235059761,요주의,2,False,Low,FS1,[업종상대] 계약종료 백분위,0.56971,[변화] 점포 증가율,0.25555,[구조] 지역당 평균 점포수,0.19795
NAME:커피마마@외식,2024,커피마마,외식,커피,92.0,0.14283150645367595,0.5212069606246472,0.14606741573033707,0.49482071713147413,건전,0,True,Low,FS1,[추세] 점포 증가율 평균,0.34964,[변화] 점포 증가율,0.34066,[업종상대] 계약종료 백분위,0.23842
BRD_20140157,2024,만족오향족발,외식,한식,56.0,0.14278593026668074,0.5210256066937109,0.14606741573033707,0.4944223107569721,요주의,1,False,Low,FS1,[업종상대] 계약종료 백분위,0.63413,[수준] 평균매출,-0.13688,[추세] 점포 증가율 변동성,0.13202
BRD_20215419,2024,김바삭군의 볼카츠마켙,외식,기타 외식,0.0,0.1427403540796855,0.5206897561407715,0.14606741573033707,0.4940239043824701,평가불가,0,False,Low,FS1,[업종상대] 실질 매출 증가율 백분위,0.24739,[업종상대] 계약종료 백분위,-0.23972,[수준] 가맹사업 업력,-0.15787
BRD_20170900,2024,웅이네 오돌뼈,외식,기타 외식,70.0,0.14269477789269028,0.5206370881952174,0.14606741573033707,0.4936254980079681,건전,0,True,Low,FS1,[업종상대] 계약종료 백분위,0.80793,[변화] 점포 증가율,0.36197,[추세] 점포 증가율 변동성,0.13464
BRD_20080200259,2024,바퀴달린그림책,서비스,유아 관련 (교육 외),25.0,0.14264920170569506,0.5200315375947755,0.14606741573033707,0.4932270916334661,건전,0,True,Low,FS1,[구조] 지역당 평균 점포수,0.23805,[추세] 점포 증가율 변동성,-0.20903,[업종상대] 업종 대분류,0.14613
BRD_20210213,2024,동복리 제주갈치조림,외식,한식,22.0,0.14260362551869982,0.5200147376161063,0.14606741573033707,0.4928286852589641,건전,0,True,Low,FS1,[업종상대] 계약종료 백분위,-0.22323,[업종상대] 실질 매출 증가율 백분위,0.19786,[구조] 지역당 평균 점포수,0.16846
BRD_20080200209,2024,진이찬방,외식,한식,89.0,0.1425580493317046,0.5200125768044723,0.14606741573033707,0.49243027888446217,건전,0,True,Low,FS1,[업종상대] 계약종료 백분위,0.65355,[수준] 가맹사업 업력,-0.25831,[변화] 점포 증가율,0.25486
BRD_20190768,2024,세이프존,서비스,이미용,332.0,0.14251247314470936,0.519917804615546,0.14606741573033707,0.49203187250996017,건전,0,True,Low,FS1,[업종상대] 실질 매출 증가율 백분위,0.22623,[업종상대] 계약종료 백분위,-0.21296,[구조] 지역당 평균 점포수,-0.1184
BRD_20230114,2024,계혁명,외식,치킨,22.0,0.14246689695771414,0.5198227469355079,0.14606741573033707,0.49163346613545816,요주의,2,False,Low,FS1,[업종상대] 계약종료 백분위,0.67541,[구조] 지역 집중도(HHI) 전년비 변화,-0.22067,[수준] 평균매출,0.18082
BRD_20140594,2024,충만치킨,외식,치킨,70.0,0.14242132077071892,0.5196338474818578,0.14606741573033707,0.49123505976095616,요주의,1,False,Low,FS1,[변화] 점포 증가율,0.34714,[추세] 점포 증가율 평균,0.31481,[추세] 면적당매출 평균,-0.13091
BRD_20150836,2024,빨간모자피자,외식,피자,16.0,0.14237574458372368,0.5193880600751855,0.14606741573033707,0.49083665338645416,건전,0,True,Low,FS1,[업종상대] 계약종료 백분위,0.7727,[변화] 점포 증가율,0.28478,[수준] 가맹사업 업력,-0.22488
BRD_20212629,2024,꾸아(Qua),외식,기타 외국식,31.0,0.14233016839672846,0.519234366226416,0.14606741573033707,0.4904382470119522,건전,0,True,Low,FS1,[구조] 지역당 평균 점포수,0.18293,[추세] 점포 증가율 변동성,0.12305,[수준] 가맹사업 업력,0.10947
BRD_20180861,2024,카카오T블루(kakaoTblue),서비스,운송,29754.0,0.14228459220973322,0.5191935472122735,0.14606741573033707,0.4900398406374502,건전,0,True,Low,FS1,[업종상대] 계약종료 백분위,0.27845,[구조] 지역당 평균 점포수,-0.17101,[업종상대] 실질 매출 증가율 백분위,0.1605
BRD_20212934,2024,옥된장,외식,한식,79.0,0.1320080668395275,0.5188432411347061,0.11794871794871795,0.4896414342629482,평가불가,0,False,Low,FS1,[업종상대] 계약종료 백분위,-0.22547,[업종상대] 실질 매출 증가율 백분위,0.2129,[추세] 점포 증가율 변동성,0.14428
BRD_20170256,2024,코딩앤플레이,서비스,기타 교육,50.0,0.13193081766979778,0.518717071194404,0.11794871794871795,0.4892430278884462,건전,0,True,Low,FS1,[수준] 면적당매출,0.13778,[추세] 점포 증가율 변동성,0.11518,[업종상대] 계약종료 백분위,-0.11445
BRD_20220492,2024,구여사 컵밥,외식,한식,38.0,0.13185356850006807,0.5180506548067181,0.11794871794871795,0.4888446215139442,건전,0,True,Low,FS1,[구조] 지역당 평균 점포수,0.14223,[수준] 가맹사업 업력,0.13801,[추세] 점포 증가율 변동성,0.13643
BRD_20230374,2024,원조설악칡냉면,외식,한식,43.0,0.13177631933033834,0.5178588220322744,0.11794871794871795,0.48844621513944225,건전,0,True,Low,FS1,[업종상대] 실질 매출 증가율 백분위,0.24116,[업종상대] 계약종료 백분위,-0.21926,[추세] 점포 증가율 변동성,0.16734
BRD_20110100227,2024,제이진옴므,도소매,의류 / 패션,23.0,0.1316990701606086,0.5178283425158763,0.11794871794871795,0.48804780876494025,건전,0,True,Low,FS1,[업종상대] 실질 매출 증가율 백분위,0.21889,[업종상대] 계약종료 백분위,-0.20513,[구조] 지역당 평균 점포수,0.1896
BRD_20160578,2024,에스엠천사,서비스,기타 서비스,12.0,0.1316218209908789,0.5173876382986095,0.11794871794871795,0.48764940239043825,건전,0,True,Low,FS1,[구조] 지역당 평균 점포수,0.5571,[업종상대] 계약종료 백분위,-0.26457,[추세] 면적당매출 평균,0.25738
BRD_20211305,2024,강릉장칼,외식,한식,21.0,0.13154457182114918,0.5172018527390565,0.11794871794871795,0.48725099601593624,평가불가,0,False,Low,FS1,[업종상대] 실질 매출 증가율 백분위,0.24119,[업종상대] 계약종료 백분위,-0.23666,[구조] 지역당 평균 점포수,0.18787
BRD_20080100044,2024,오토오아시스(autoOasis),서비스,자동차 관련,387.0,0.13146732265141944,0.5171792986458149,0.11794871794871795,0.48685258964143424,요주의,1,False,Low,FS1,[업종상대] 계약종료 백분위,0.77947,[변화] 점포 증가율,0.24144,[추세] 점포 증가율 변동성,-0.2038
BRD_20190910,2024,요달의찜닭,외식,한식,91.0,0.13139007348168974,0.5170041688577411,0.11794871794871795,0.4864541832669323,건전,0,True,Low,FS1,[변화] 점포 증가율,0.17694,[추세] 점포 증가율 변동성,0.1546,[수준] 가맹사업 업력,0.13404
BRD_20080100309,2024,점프셈교실(학원),서비스,교육 (교과),2.0,0.13131282431196,0.5168520056279169,0.11794871794871795,0.4860557768924303,건전,0,True,Low,FS1,[구조] 지역당 평균 점포수,0.38621,[업종상대] 계약종료 백분위,-0.27009,[추세] 점포 증가율 변동성,-0.25448
BRD_20090100082,2024,오늘통닭,외식,치킨,72.0,0.13123557514223028,0.5166549813926813,0.11794871794871795,0.4856573705179283,요주의,1,False,Low,FS1,[업종상대] 계약종료 백분위,0.77451,[수준] 가맹사업 업력,-0.16449,[수준] 브랜드 연차,-0.12215
BRD_20170265,2024,마린보이 코다리1번가,외식,한식,33.0,0.13115832597250054,0.5166117178991068,0.11794871794871795,0.4852589641434263,평가불가,0,False,Low,FS1,[업종상대] 계약종료 백분위,-0.22524,[업종상대] 실질 매출 증가율 백분위,0.21919,[추세] 점포 증가율 변동성,0.13782
BRD_20160395,2024,배부장찌개,외식,한식,58.0,0.13108107680277084,0.5164663369074127,0.11794871794871795,0.4848605577689243,평가불가,0,False,Low,FS1,[업종상대] 실질 매출 증가율 백분위,0.21828,[업종상대] 계약종료 백분위,-0.21163,[추세] 점포 증가율 변동성,0.13944
BRD_20230507,2024,에코폰,도소매,기타도소매,65.0,0.1310038276330411,0.5160978470143947,0.11794871794871795,0.48446215139442234,건전,0,True,Low,FS1,[업종상대] 실질 매출 증가율 백분위,0.23067,[업종상대] 계약종료 백분위,-0.21759,[추세] 점포 증가율 변동성,0.13674
BRD_20211200,2024,라화공방,외식,중식,28.0,0.1309265784633114,0.515969626384747,0.11794871794871795,0.48406374501992033,건전,0,True,Low,FS1,[구조] 지역당 평균 점포수,0.25984,[업종상대] 계약종료 백분위,-0.20577,[추세] 면적당매출 평균,-0.16453
BRD_20210496,2024,견생냥품,도소매,기타도소매,99.0,0.13084932929358167,0.515624677074872,0.11794871794871795,0.48366533864541833,건전,0,True,Low,FS1,[업종상대] 계약종료 백분위,0.26977,[수준] 평균매출,0.15699,[업종상대] 점포 증가율 백분위,-0.15521
BRD_20200724,2024,팔각도,외식,한식,152.0,0.13077208012385194,0.5153433286938043,0.11794871794871795,0.4832669322709163,요주의,1,False,Low,FS1,[업종상대] 계약종료 백분위,0.52823,[변화] 점포 증가율,0.34417,[구조] 지역당 평균 점포수,-0.19432
BRD_20161218,2024,아리아케어 방문요양센터,서비스,기타 서비스,42.0,0.1306948309541222,0.5152826564023405,0.11794871794871795,0.4828685258964143,평가불가,0,False,Low,FS1,[업종상대] 계약종료 백분위,-0.23586,[업종상대] 실질 매출 증가율 백분위,0.23404,[추세] 점포 증가율 변동성,0.1187
BRD_20201873,2024,아틀리에빈,외식,커피,15.0,0.1306175817843925,0.5148895154051265,0.11794871794871795,0.4824701195219124,요주의,1,False,Low,FS1,[변화] 점포 증가율,0.31013,[추세] 점포 증가율 평균,0.26242,[구조] 지역당 평균 점포수,-0.1527
BRD_20161022,2024,뼈큰감자탕,외식,한식,22.0,0.13054033261466277,0.5139530498831237,0.11794871794871795,0.4820717131474104,건전,0,True,Low,FS1,[추세] 면적당매출 평균,0.23451,[추세] 매출 증가율 평균,0.19835,[추세] 점포 증가율 변동성,0.14898
BRD_20160907,2024,아리랑수제핫도그,외식,제과제빵,14.0,0.13046308344493304,0.5138676939749144,0.11794871794871795,0.48167330677290837,건전,0,True,Low,FS1,[구조] 지역당 평균 점포수,0.55466,[업종상대] 계약종료 백분위,-0.20092,[추세] 점포 증가율 변동성,0.13651
BRD_20080100048,2024,놀부부대찌개,외식,한식,156.0,0.13038583427520334,0.5136858032201936,0.11794871794871795,0.48127490039840637,건전,0,True,Low,FS1,[업종상대] 계약종료 백분위,0.77998,[변화] 점포 증가율,0.36775,[수준] 가맹사업 업력,-0.27114
BRD_20200369,2024,탄광맥주,외식,주점,38.0,0.1303085851054736,0.5128447188229973,0.11794871794871795,0.48087649402390437,건전,0,True,Low,FS1,[추세] 면적당매출 평균,0.22573,[구조] 지역당 평균 점포수,0.19607,[업종상대] 계약종료 백분위,-0.19121
BRD_20130528,2024,작업반장,외식,주점,5.0,0.13023133593574387,0.5125470521298635,0.11794871794871795,0.48047808764940236,건전,0,True,Low,FS1,[구조] 지역당 평균 점포수,0.44263,[변화] 점포 증가율,0.30422,[구조] 지역 집중도(HHI) 전년비 변화,-0.27472
BRD_20221037,2024,김사부의곱창명가,외식,한식,127.0,0.13015408676601417,0.5121979881044265,0.11794871794871795,0.4800796812749004,요주의,1,False,Low,FS1,[업종상대] 계약종료 백분위,0.27829,[수준] 평균매출,0.19585,[추세] 점포 증가율 변동성,0.11328
BRD_20120100105,2024,남자피자,외식,피자,11.0,0.13007683759628444,0.5120366068005099,0.11794871794871795,0.4796812749003984,건전,0,True,Low,FS1,[변화] 점포 증가율,0.29267,[업종상대] 계약종료 백분위,0.27351,[구조] 지역당 평균 점포수,0.26211
BRD_20130100343,2024,부산아지매국밥,외식,한식,69.0,0.1299995884265547,0.5113845434130522,0.11794871794871795,0.4792828685258964,건전,0,True,Low,FS1,[업종상대] 계약종료 백분위,0.7685,[수준] 브랜드 연차,-0.17033,[추세] 면적당매출 평균,-0.09464
BRD_20231285,2024,일상미술랩,서비스,기타 교육,37.0,0.129922339256825,0.5112898321571226,0.11794871794871795,0.4788844621513944,건전,0,True,Low,FS1,[업종상대] 실질 매출 증가율 백분위,0.26062,[업종상대] 계약종료 백분위,-0.23381,[수준] 평균매출,0.1464
BRD_20220572,2024,카페요아정,외식,아이스크림/빙수,372.0,0.12984509008709527,0.5112556863066063,0.11794871794871795,0.4784860557768924,건전,0,True,Low,FS1,[구조] 지역당 평균 점포수,-0.19106,[수준] 가맹사업 업력,0.1633,[추세] 면적당매출 평균,0.16077
BRD_20220404,2024,한사리감자탕&뼈구이,외식,한식,20.0,0.12976784091736554,0.5108514406380323,0.11794871794871795,0.47808764940239046,건전,0,True,Low,FS1,[업종상대] 계약종료 백분위,0.33259,[구조] 지역당 평균 점포수,0.20408,[추세] 매출 증가율 변동성,0.15581
BRD_20231089,2024,강남아씨죽,외식,한식,22.0,0.1296905917476358,0.5106918186217492,0.11794871794871795,0.47768924302788845,요주의,1,False,Low,FS1,[업종상대] 계약종료 백분위,-0.15206,[수준] 평균매출,0.13157,[구조] 지역당 평균 점포수,0.1288
BRD_20080300042,2024,불촌두마리치킨,외식,치킨,5.0,0.1296133425779061,0.5106218700491758,0.11794871794871795,0.47729083665338645,건전,0,True,Low,FS1,[구조] 지역당 평균 점포수,0.59246,[변화] 점포 증가율,0.32158,[구조] 지역 집중도(HHI) 전년비 변화,-0.27481
BRD_20201166,2024,교반,외식,한식,63.0,0.12953609340817637,0.5103063534435202,0.11794871794871795,0.47689243027888445,건전,0,True,Low,FS1,[업종상대] 계약종료 백분위,-0.25373,[추세] 점포 증가율 변동성,0.17519,[추세] 면적당매출 평균,0.16452
BRD_20170326,2024,박선생 창의역사지리교실,서비스,기타 교육,29.0,0.12945884423844667,0.5101288934531992,0.11794871794871795,0.47649402390438245,건전,0,True,Low,FS1,[구조] 지역당 평균 점포수,0.41583,[추세] 점포 증가율 변동성,-0.24004,[수준] 평균매출,0.22997
BRD_20210460,2024,청솔로9,외식,커피,72.0,0.12938159506871694,0.5100135362275543,0.11794871794871795,0.4760956175298805,요주의,1,False,Low,FS1,[업종상대] 계약종료 백분위,0.30569,[구조] 지역 집중도(HHI) 전년비 변화,-0.27354,[구조] 지역당 평균 점포수,-0.20405
BRD_20080200103,2024,이바돔감자탕,외식,한식,53.0,0.1293043458989872,0.50988903703044,0.11794871794871795,0.4756972111553785,건전,0,True,Low,FS1,[수준] 가맹사업 업력,-0.32204,[추세] 면적당매출 평균,0.25964,[추세] 매출 증가율 변동성,0.15962
BRD_20212216,2024,조선부뚜막,외식,한식,48.0,0.12922709672925747,0.5092308434923681,0.11794871794871795,0.4752988047808765,요주의,1,False,Low,FS1,[업종상대] 계약종료 백분위,0.58225,[변화] 점포 증가율,0.33385,[구조] 지역 집중도(HHI) 전년비 변화,-0.28415
BRD_20201727,2024,남바완돈카츠,외식,일식,39.0,0.12914984755952777,0.5086746530655452,0.11794871794871795,0.4749003984063745,평가불가,0,False,Low,FS1,[업종상대] 계약종료 백분위,-0.23906,[업종상대] 실질 매출 증가율 백분위,0.22613,[수준] 브랜드 연차,-0.13002
BRD_20210160,2024,쿼드커피(QUAD COFFEE),외식,커피,33.0,0.12907259838979804,0.5085212555431082,0.11794871794871795,0.4745019920318725,건전,0,True,Low,FS1,[업종상대] 계약종료 백분위,0.36656,[구조] 지역당 평균 점포수,0.27785,[업종상대] 점포 증가율 백분위,-0.16492
BRD_20231788,2024,유메오뎅,외식,한식,24.0,0.12899534922006833,0.5084879150788933,0.11794871794871795,0.47410358565737054,평가불가,0,False,Low,FS1,[업종상대] 계약종료 백분위,-0.24968,[업종상대] 실질 매출 증가율 백분위,0.22994,[구조] 지역 집중도(HHI),-0.14687
BRD_20160929,2024,블럭팡,서비스,유아 관련 (교육 외),25.0,0.1289181000503386,0.508337716261911,0.11794871794871795,0.47370517928286854,평가불가,0,False,Low,FS1,[구조] 지역당 평균 점포수,0.34074,[업종상대] 계약종료 백분위,-0.23596,[업종상대] 실질 매출 증가율 백분위,0.21183
BRD_20230799,2024,요미우돈교자,외식,일식,21.0,0.12884085088060887,0.5082066002517074,0.11794871794871795,0.47330677290836654,요주의,1,False,Low,FS1,[구조] 지역당 평균 점포수,0.23463,[추세] 면적당매출 평균,0.1846,[추세] 매출 증가율 평균,0.12335
BRD_20221453,2024,행복한꼬마거북이,서비스,기타 교육,41.0,0.12876360171087914,0.5081502771137562,0.11794871794871795,0.47290836653386453,건전,0,True,Low,FS1,[구조] 지역당 평균 점포수,0.17467,[업종상대] 계약종료 백분위,-0.16498,[수준] 가맹사업 업력,0.11212
NAME:킹스타피자@외식,2024,킹스타피자,외식,피자,26.0,0.12868635254114943,0.5080176783331088,0.11794871794871795,0.47250996015936253,요주의,1,False,Low,FS1,[추세] 점포 증가율 평균,0.32266,[변화] 점포 증가율,0.31552,[업종상대] 계약종료 백분위,0.31278
BRD_20080100259,2024,돈치킨,외식,치킨,140.0,0.1286091033714197,0.5079278867772858,0.11794871794871795,0.4721115537848606,건전,0,True,Low,FS1,[추세] 면적당매출 평균,0.37021,[변화] 점포 증가율,0.31226,[추세] 매출 증가율 변동성,0.20441
BRD_20130100408,2024,오춘자비어,외식,주점,19.0,0.12853185420168997,0.5077125807316784,0.11794871794871795,0.4717131474103586,건전,0,True,Low,FS1,[변화] 점포 증가율,0.33673,[수준] 평균매출,0.20779,[추세] 면적당매출 평균,0.20766
BRD_20220666,2024,진심왕돈까스,외식,분식,20.0,0.12845460503196027,0.5069442245997994,0.11794871794871795,0.4713147410358566,요주의,1,False,Low,FS1,[구조] 지역당 평균 점포수,0.44381,[업종상대] 계약종료 백분위,-0.2044,[변화] 명의변경률,0.14243
BRD_20160108,2024,흑돼지 삼백식당,외식,한식,15.0,0.12837735586223054,0.5066602600639347,0.11794871794871795,0.4709163346613546,건전,0,True,Low,FS1,[업종상대] 계약종료 백분위,0.35757,[변화] 점포 증가율,0.32057,[구조] 지역 집중도(HHI) 전년비 변화,-0.29511
BRD_20201898,2024,무인다방,외식,커피,20.0,0.1283001066925008,0.5061229319054555,0.11794871794871795,0.47051792828685257,요주의,1,False,Low,FS1,[구조] 지역당 평균 점포수,0.44958,[업종상대] 계약종료 백분위,-0.22807,[수준] 브랜드 연차,-0.15419
BRD_20120300101,2024,칠칠켄터키,외식,치킨,12.0,0.1282228575227711,0.5061163418948806,0.11794871794871795,0.4701195219123506,건전,0,True,Low,FS1,[변화] 점포 증가율,0.32034,[추세] 면적당매출 평균,0.21015,[변화] 신규개점률,0.13597
BRD_20120100261,2024,팔색삼겹살,외식,한식,0.0,0.12814560835304137,0.5057994630365257,0.11794871794871795,0.4697211155378486,평가불가,0,False,Low,FS1,[업종상대] 실질 매출 증가율 백분위,0.2579,[업종상대] 계약종료 백분위,-0.23487,[추세] 점포 증가율 변동성,0.13016
NAME:샘앤플레이스samplace@서비스,2024,샘앤플레이스(Sam&Place),서비스,기타 교육,33.0,0.12806835918331164,0.5057443294415866,0.11794871794871795,0.4693227091633466,요주의,1,False,Low,FS1,[업종상대] 계약종료 백분위,-0.27328,[변화] 점포 증가율,0.20938,[추세] 면적당매출 평균,-0.18206
BRD_20180168,2024,밀방떡,외식,분식,5.0,0.12799111001358193,0.5055695540140893,0.11794871794871795,0.4689243027888446,평가불가,0,False,Low,FS1,[구조] 지역당 평균 점포수,0.36583,[업종상대] 계약종료 백분위,-0.22496,[업종상대] 실질 매출 증가율 백분위,0.21035
NAME:슈슈앤크라@도소매,2024,슈슈앤크라,도소매,의류 / 패션,17.0,0.1279138608438522,0.5053401388973121,0.11794871794871795,0.4685258964143426,건전,0,True,Low,FS1,[변화] 점포 증가율,0.36778,[업종상대] 계약종료 백분위,0.2869,[업종상대] 실질 매출 증가율 백분위,-0.13544
BRD_20211124,2024,휴게소,외식,커피,30.0,0.12783661167412247,0.5052998319240121,0.11794871794871795,0.4681274900398406,건전,0,True,Low,FS1,[구조] 지역당 평균 점포수,0.27436,[업종상대] 계약종료 백분위,-0.21993,[수준] 가맹사업 업력,0.12185
BRD_20130083,2024,허그맘허그인,서비스,기타 서비스,49.0,0.12775936250439274,0.5052980946342391,0.11794871794871795,0.46772908366533866,건전,0,True,Low,FS1,[구조] 지역당 평균 점포수,0.22784,[수준] 브랜드 연차,-0.14412,[수준] 가맹사업 업력,-0.12847
BRD_20231653,2024,키아라,서비스,기타 서비스,20.0,0.12768211333466303,0.5050236391093664,0.11794871794871795,0.46733067729083666,건전,0,True,Low,FS1,[구조] 지역당 평균 점포수,0.50875,[업종상대] 계약종료 백분위,-0.22304,[수준] 평균매출,0.16949
BRD_20120100339,2024,사쿠사쿠,외식,치킨,23.0,0.1276048641649333,0.5048314404650082,0.11794871794871795,0.46693227091633466,요주의,1,False,Low,FS1,[추세] 면적당매출 평균,0.28023,[변화] 점포 증가율,0.22624,[추세] 매출 증가율 변동성,0.15865
BRD_20214719,2024,커피볶는시골커피,외식,커피,25.0,0.1275276149952036,0.5046943511223445,0.11794871794871795,0.46653386454183265,건전,0,True,Low,FS1,[업종상대] 계약종료 백분위,0.80359,[업종상대] 점포 증가율 백분위,-0.14763,[업종상대] 실질 매출 증가율 백분위,-0.11956
BRD_20080500059,2024,개미인력개발,서비스,기타 서비스,171.0,0.12745036582547387,0.5045270843998231,0.11794871794871795,0.46613545816733065,건전,0,True,Low,FS1,[업종상대] 계약종료 백분위,0.73195,[추세] 점포 증가율 변동성,-0.21256,[업종상대] 실질 매출 증가율 백분위,0.21088
BRD_20140434,2024,AFRICA(아프리카),서비스,안경,55.0,0.12737311665574413,0.5037503505219606,0.11794871794871795,0.4657370517928287,건전,0,True,Low,FS1,[업종상대] 계약종료 백분위,0.63353,[수준] 평균매출,-0.13221,[추세] 점포 증가율 변동성,-0.10677
BRD_20171088,2024,아이센스블랙라벨PC존,서비스,PC방,179.0,0.1272958674860144,0.5027648781252906,0.11794871794871795,0.4653386454183267,건전,0,True,Low,FS1,[업종상대] 계약종료 백분위,0.79391,[수준] 가맹사업 업력,-0.23496,[변화] 점포 증가율,0.23402
BRD_20220753,2024,뉴코뮤직타운,외식,주점,27.0,0.1272186183162847,0.5026347204439117,0.11794871794871795,0.4649402390438247,건전,0,True,Low,FS1,[구조] 지역당 평균 점포수,0.40561,[업종상대] 계약종료 백분위,-0.26414,[추세] 면적당매출 평균,-0.15031
BRD_20221186,2024,주류상회 Be,도소매,기타도소매,35.0,0.12714136914655497,0.5024844901275333,0.11794871794871795,0.4645418326693227,건전,0,True,Low,FS1,[구조] 지역당 평균 점포수,0.57587,[구조] 최다 지역 비중 전년비 변화,-0.11859,[추세] 점포 증가율 변동성,0.11604
BRD_20080100700,2024,모든오피스,도소매,기타도소매,36.0,0.12706411997682523,0.5015087479478388,0.11794871794871795,0.4641434262948207,건전,0,True,Low,FS1,[구조] 지역당 평균 점포수,0.50499,[수준] 가맹사업 업력,-0.25039,[업종상대] 계약종료 백분위,-0.21991
BRD_20201587,2024,한신우동,외식,분식,163.0,0.12698687080709553,0.5014684430853461,0.11794871794871795,0.46374501992031875,건전,0,True,Low,FS1,[추세] 매출 증가율 변동성,0.32367,[추세] 면적당매출 평균,0.24115,[추세] 매출 증가율 평균,0.20478
BRD_20200634,2024,살롱에이(SALON.A),서비스,이미용,32.0,0.1269096216373658,0.5014529187710376,0.11794871794871795,0.46334661354581674,건전,0,True,Low,FS1,[구조] 지역당 평균 점포수,0.25796,[업종상대] 계약종료 백분위,0.19538,[업종상대] 실질 매출 증가율 백분위,0.13711
BRD_20211541,2024,잇츠탠,서비스,이미용,44.0,0.12683237246763607,0.5013092240088366,0.11794871794871795,0.46294820717131474,건전,0,True,Low,FS1,[업종상대] 계약종료 백분위,-0.15819,[구조] 지역당 평균 점포수,0.12977,[추세] 점포 증가율 변동성,0.11311
BRD_20200394,2024,온센,외식,일식,35.0,0.12675512329790636,0.5011481213513009,0.11794871794871795,0.46254980079681274,건전,0,True,Low,FS1,[구조] 지역당 평균 점포수,0.23288,[수준] 브랜드 연차,-0.16544,[수준] 가맹사업 업력,0.14208
BRD_20200324,2024,브라보 퍼블릭 스크린골프,서비스,스포츠 관련,63.0,0.12667787412817663,0.5008070286449955,0.11794871794871795,0.46215139442231074,건전,0,True,Low,FS1,[업종상대] 실질 매출 증가율 백분위,0.21361,[업종상대] 계약종료 백분위,-0.20507,[추세] 점포 증가율 변동성,0.16726
BRD_20201135,2024,삼청동샤브,외식,한식,24.0,0.1266006249584469,0.50058872989436,0.11794871794871795,0.4617529880478088,건전,0,True,Low,FS1,[업종상대] 계약종료 백분위,0.29542,[추세] 매출 증가율 평균,0.21015,[구조] 지역 집중도(HHI),-0.16275
BRD_20130538,2024,썬더치킨,외식,치킨,132.0,0.1265233757887172,0.5004895479971951,0.11794871794871795,0.4613545816733068,요주의,1,False,Low,FS1,[추세] 점포 증가율 평균,0.28178,[추세] 매출 증가율 변동성,0.2637,[수준] 가맹사업 업력,-0.21079
BRD_20200778,2024,구구족,외식,한식,106.0,0.12644612661898746,0.5004192092330546,0.11794871794871795,0.4609561752988048,건전,0,True,Low,FS1,[업종상대] 계약종료 백분위,0.71309,[변화] 점포 증가율,0.16032,[수준] 브랜드 연차,-0.13796
BRD_20141063,2024,생활맥주,외식,주점,179.0,0.12636887744925773,0.4998563518082893,0.11794871794871795,0.4605577689243028,건전,0,True,Low,FS1,[추세] 매출 증가율 변동성,0.2881,[추세] 면적당매출 평균,0.2509,[구조] 지역당 평균 점포수,-0.22686
BRD_20150982,2024,노량진의 전설 미스사이공(miss420),외식,기타 외국식,88.0,0.126291628279528,0.49984011244637033,0.11794871794871795,0.4601593625498008,건전,0,True,Low,FS1,[추세] 점포 증가율 평균,0.27974,[변화] 점포 증가율,0.18595,[수준] 브랜드 연차,-0.13724
BRD_20171221,2024,꽉찬쌀통닭,외식,치킨,3.0,0.1262143791097983,0.4994186454314981,0.11794871794871795,0.45976095617529883,요주의,1,False,Low,FS1,[구조] 지역당 평균 점포수,0.39582,[업종상대] 계약종료 백분위,-0.24371,[수준] 평균매출,0.13693
BRD_20120100492,2024,뮤엠영어,서비스,교육 (외국어),1849.0,0.12613712994006857,0.4993921889760989,0.11794871794871795,0.4593625498007968,건전,0,True,Low,FS1,[추세] 면적당매출 평균,0.2642,[추세] 매출 증가율 변동성,0.23854,[수준] 면적당매출,0.23114
BRD_20220919,2024,정석닭강정,외식,치킨,22.0,0.12605988077033886,0.4993020879113283,0.11794871794871795,0.4589641434262948,요주의,1,False,Low,FS1,[구조] 지역당 평균 점포수,0.28051,[수준] 평균매출,0.12309,[추세] 점포 증가율 변동성,0.10597
BRD_20080100023,2024,락휴노래연습장,서비스,오락,124.0,0.12598263160060913,0.49905458758930443,0.11794871794871795,0.4585657370517928,요주의,1,False,Low,FS1,[업종상대] 계약종료 백분위,0.61423,[수준] 가맹사업 업력,-0.19598,[추세] 매출 증가율 평균,0.17004
BRD_20201680,2024,벤티프레소,외식,커피,52.0,0.1259053824308794,0.49884802033115866,0.11794871794871795,0.4581673306772908,건전,0,True,Low,FS1,[업종상대] 계약종료 백분위,0.35602,[수준] 브랜드 연차,-0.17595,[수준] 가맹사업 업력,0.14738
BRD_20160174,2024,로이드밤,서비스,이미용,192.0,0.12582813326114967,0.4984888408791111,0.11794871794871795,0.45776892430278887,요주의,1,False,Low,FS1,[업종상대] 계약종료 백분위,0.75333,[변화] 점포 증가율,0.24223,[구조] 지역당 평균 점포수,-0.22071
BRD_20201275,2024,호두당,외식,제과제빵,57.0,0.12575088409141996,0.49848826378293504,0.11794871794871795,0.45737051792828687,건전,0,True,Low,FS1,[수준] 브랜드 연차,-0.1959,[구조] 지역당 평균 점포수,0.16401,[업종상대] 실질 매출 증가율 백분위,0.15867
BRD_20211891,2024,PC토랑,외식,패스트푸드,676.0,0.12567363492169023,0.49796080834030265,0.11794871794871795,0.45697211155378487,건전,0,True,Low,FS1,[업종상대] 실질 매출 증가율 백분위,0.24735,[구조] 지역당 평균 점포수,-0.21676,[업종상대] 계약종료 백분위,-0.20186
BRD_20211436,2024,류센소,외식,일식,24.0,0.1255963857519605,0.4977449801906569,0.11794871794871795,0.45657370517928286,요주의,1,False,Low,FS1,[구조] 지역당 평균 점포수,0.19733,[추세] 점포 증가율 변동성,0.15177,[구조] 최다 지역 비중 전년비 변화,-0.15122
BRD_20230151,2024,백연게장,외식,한식,38.0,0.1255191365822308,0.49772918664204846,0.11794871794871795,0.45617529880478086,평가불가,0,False,Low,FS1,[업종상대] 계약종료 백분위,-0.25081,[업종상대] 실질 매출 증가율 백분위,0.23668,[구조] 지역 집중도(HHI) 전년비 변화,-0.19716
BRD_20080100373,2024,탐앤탐스커피(TOMNTOMS COFFEE),외식,커피,215.0,0.12544188741250106,0.4973601360656092,0.11794871794871795,0.45577689243027886,건전,0,True,Low,FS1,[업종상대] 계약종료 백분위,0.68935,[변화] 점포 증가율,0.33017,[추세] 면적당매출 평균,0.2692
BRD_20212357,2024,SNS무인분식,도소매,편의점,101.0,0.12536463824277133,0.49726107059142854,0.11794871794871795,0.4553784860557769,건전,0,True,Low,FS1,[업종상대] 실질 매출 증가율 백분위,0.14449,[수준] 평균매출,0.13926,[추세] 점포 증가율 변동성,0.12571
BRD_20181194,2024,아부찌부대찌개,외식,한식,70.0,0.12528738907304163,0.4972511286740262,0.11794871794871795,0.4549800796812749,요주의,1,False,Low,FS1,[수준] 브랜드 연차,-0.1377,[구조] 개점-종료 격차,-0.12343,[수준] 평균매출,0.12173
BRD_20160683,2024,토고리 옛날막창,외식,한식,23.0,0.1252101399033119,0.496584950868144,0.11794871794871795,0.4545816733067729,건전,0,True,Low,FS1,[구조] 지역당 평균 점포수,0.15504,[구조] 개점-종료 격차,-0.12482,[수준] 브랜드 연차,-0.1206
BRD_20110100299,2024,더진국,외식,한식,61.0,0.12513289073358216,0.49649528189629627,0.11794871794871795,0.4541832669322709,건전,0,True,Low,FS1,[업종상대] 계약종료 백분위,0.66875,[변화] 점포 증가율,0.41168,[수준] 평균매출,-0.13873
BRD_20080500030,2024,치킨퐁,외식,치킨,11.0,0.12505564156385246,0.49585477709959136,0.11794871794871795,0.4537848605577689,건전,0,True,Low,FS1,[구조] 지역당 평균 점포수,0.45603,[업종상대] 계약종료 백분위,-0.25273,[수준] 가맹사업 업력,-0.18428
BRD_20221406,2024,라바게트,외식,커피,40.0,0.12497839239412273,0.49584679004736437,0.11794871794871795,0.45338645418326695,요주의,1,False,Low,FS1,[추세] 점포 증가율 변동성,-0.18785,[구조] 지역당 평균 점포수,0.18689,[수준] 평균매출,0.1606
BRD_20201413,2024,하나방역,서비스,기타 서비스,32.0,0.12490114322439301,0.4957881070184163,0.11794871794871795,0.45298804780876495,요주의,1,False,Low,FS1,[구조] 지역당 평균 점포수,0.40148,[수준] 브랜드 연차,-0.13491,[추세] 면적당매출 평균,0.11337
BRD_20231573,2024,상상오리,외식,한식,68.0,0.12482389405466328,0.4957031349449457,0.11794871794871795,0.45258964143426295,평가불가,0,False,Low,FS1,[업종상대] 실질 매출 증가율 백분위,0.27414,[업종상대] 계약종료 백분위,-0.23826,[추세] 점포 증가율 변동성,0.13264
BRD_20130100179,2024,튼튼영어베이비리그,서비스,교육 (외국어),65.0,0.12474664488493356,0.4957004976585597,0.11794871794871795,0.45219123505976094,요주의,1,False,Low,FS1,[변화] 점포 증가율,0.11353,[수준] 브랜드 연차,-0.1131,[구조] 지역당 평균 점포수,0.0857
BRD_20214465,2024,볶음밥도사,외식,한식,81.0,0.12466939571520384,0.4955184406337129,0.11794871794871795,0.45179282868525894,요주의,1,False,Low,FS1,[업종상대] 계약종료 백분위,-0.1354,[수준] 평균매출,0.13521,[추세] 점포 증가율 변동성,0.11113
BRD_20190887,2024,제로100피씨(ZERO100PC),서비스,PC방,131.0,0.12459214654547411,0.4952628776674556,0.11794871794871795,0.451394422310757,건전,0,True,Low,FS1,[업종상대] 계약종료 백분위,0.61968,[업종상대] 실질 매출 증가율 백분위,0.19692,[구조] 지역당 평균 점포수,-0.18023
BRD_20150930,2024,바른치킨,외식,치킨,185.0,0.1245148973757444,0.4950605046995718,0.11794871794871795,0.450996015936255,요주의,1,False,Low,FS1,[변화] 점포 증가율,0.40899,[업종상대] 계약종료 백분위,0.34545,[추세] 점포 증가율 평균,0.26798
BRD_20230766,2024,호시타코야끼,외식,분식,69.0,0.12443764820601466,0.4947775713175954,0.11794871794871795,0.450597609561753,건전,0,True,Low,FS1,[업종상대] 실질 매출 증가율 백분위,0.19842,[구조] 지역당 평균 점포수,-0.14293,[추세] 점포 증가율 변동성,0.13755
BRD_20110100298,2024,글라스바바안경,서비스,안경,30.0,0.12436039903628494,0.4947757900903544,0.11794871794871795,0.450199203187251,건전,0,True,Low,FS1,[업종상대] 계약종료 백분위,0.68167,[구조] 지역당 평균 점포수,0.26804,[수준] 평균매출,-0.14502
BRD_20140051,2024,리맥스(RE/MAX),서비스,부동산 중개,39.0,0.12428314986655523,0.49430307123604494,0.11794871794871795,0.449800796812749,건전,0,True,Low,FS1,[업종상대] 계약종료 백분위,0.32424,[추세] 점포 증가율 변동성,-0.25238,[추세] 면적당매출 평균,0.17316
BRD_20214623,2024,아담만두,외식,한식,29.0,0.1242059006968255,0.4942990270664966,0.11794871794871795,0.44940239043824703,건전,0,True,Low,FS1,[업종상대] 계약종료 백분위,0.67565,[수준] 평균매출,-0.13828,[업종상대] 점포 증가율 백분위,-0.13437
BRD_20210375,2024,바른보쌈1990,외식,기타 외식,166.0,0.12412865152709578,0.4942870899210228,0.11794871794871795,0.44900398406374503,요주의,1,False,Low,FS1,[업종상대] 계약종료 백분위,0.69784,[구조] 지역당 평균 점포수,-0.19342,[수준] 가맹점 수,-0.12134
BRD_20080100291,2024,점프셈교실(방문지사),서비스,교육 (교과),24.0,0.12405140235736606,0.4942632895282739,0.11794871794871795,0.44860557768924303,건전,0,True,Low,FS1,[구조] 지역 집중도(HHI) 전년비 변화,-0.27813,[업종상대] 계약종료 백분위,-0.23012,[수준] 평균매출,0.211
BRD_20220990,2024,냉삼회관,외식,한식,20.0,0.12397415318763633,0.4941618814121243,0.11794871794871795,0.448207171314741,건전,0,True,Low,FS1,[구조] 지역당 평균 점포수,0.27826,[추세] 점포 증가율 변동성,0.14615,[수준] 가맹사업 업력,0.12117
BRD_20231522,2024,아이스짱,도소매,기타도소매,60.0,0.12389690401790661,0.49332765371530135,0.11794871794871795,0.447808764940239,건전,0,True,Low,FS1,[업종상대] 실질 매출 증가율 백분위,0.21533,[구조] 지역당 평균 점포수,-0.19203,[추세] 점포 증가율 변동성,0.11559
BRD_20170699,2024,내담해물찜탕,외식,한식,23.0,0.12381965484817689,0.49328038011430847,0.11794871794871795,0.4474103585657371,건전,0,True,Low,FS1,[구조] 지역당 평균 점포수,0.49722,[구조] 개점-종료 격차,-0.16187,[수준] 면적당매출,0.11581
BRD_20160771,2024,샤브보트,외식,한식,47.0,0.12374240567844716,0.49285940529597233,0.11794871794871795,0.4470119521912351,평가불가,0,False,Low,FS1,[업종상대] 계약종료 백분위,-0.21405,[업종상대] 실질 매출 증가율 백분위,0.21161,[추세] 점포 증가율 변동성,0.15254
BRD_20210226,2024,DUX(덕스어학원),서비스,교육 (외국어),27.0,0.12366515650871744,0.492859365518988,0.11794871794871795,0.44661354581673307,건전,0,True,Low,FS1,[업종상대] 실질 매출 증가율 백분위,0.2457,[업종상대] 계약종료 백분위,-0.23134,[구조] 지역당 평균 점포수,0.16797
BRD_20150732,2024,예향정,외식,한식,42.0,0.12358790733898771,0.49259369444738443,0.11794871794871795,0.44621513944223107,건전,0,True,Low,FS1,[구조] 지역당 평균 점포수,0.31363,[추세] 면적당매출 평균,0.18045,[업종상대] 계약종료 백분위,-0.15897
BRD_20212242,2024,응응스크르,도소매,편의점,326.0,0.12351065816925799,0.4919921416804213,0.11794871794871795,0.44581673306772907,건전,0,True,Low,FS1,[업종상대] 계약종료 백분위,-0.24963,[추세] 점포 증가율 평균,0.24537,[구조] 지역당 평균 점포수,-0.21885
BRD_20210086,2024,삼겹식당,외식,기타 외식,29.0,0.12343340899952827,0.49177901562290605,0.11794871794871795,0.4454183266932271,건전,0,True,Low,FS1,[업종상대] 계약종료 백분위,0.25122,[추세] 점포 증가율 변동성,0.1561,[구조] 지역당 평균 점포수,0.14825
BRD_20120100089,2024,바빈스,외식,커피,48.0,0.12335615982979854,0.49173210006807255,0.11794871794871795,0.4450199203187251,건전,0,True,Low,FS1,[구조] 지역당 평균 점포수,0.18067,[수준] 평균매출,0.17073,[추세] 점포 증가율 변동성,0.15282
BRD_20180726,2024,이레아이맘,서비스,인력 파견,29.0,0.12327891066006882,0.4916228950158602,0.11794871794871795,0.4446215139442231,건전,0,True,Low,FS1,[구조] 지역당 평균 점포수,0.19192,[업종상대] 실질 매출 증가율 백분위,0.17531,[추세] 점포 증가율 변동성,-0.16769
BRD_20100500020,2024,설원칡냉면&푸짐보쌈,외식,기타 외식,16.0,0.1232016614903391,0.49130457215423695,0.11794871794871795,0.4442231075697211,건전,0,True,Low,FS1,[변화] 점포 증가율,0.23766,[구조] 지역 집중도(HHI) 전년비 변화,-0.21482,[업종상대] 실질 매출 증가율 백분위,0.20378
BRD_20190139,2024,더꼬치다,외식,기타 외식,93.0,0.12312441232060937,0.4907825920945411,0.11794871794871795,0.4438247011952191,건전,0,True,Low,FS1,[업종상대] 계약종료 백분위,0.30829,[수준] 브랜드 연차,-0.15723,[수준] 평균매출,0.12657
BRD_20201036,2024,부라보맥주,외식,주점,19.0,0.12304716315087966,0.49062053484102147,0.11794871794871795,0.4434262948207171,평가불가,0,False,Low,FS1,[구조] 지역당 평균 점포수,0.4602,[업종상대] 실질 매출 증가율 백분위,0.22765,[구조] 지역 집중도(HHI) 전년비 변화,-0.22062
BRD_20170547,2024,엑스오엑스오푸드카페,외식,기타 외식,275.0,0.12296991398114994,0.49037559927043434,0.11794871794871795,0.44302788844621516,건전,0,True,Low,FS1,[변화] 점포 증가율,0.32142,[수준] 평균매출,0.18185,[수준] 면적당매출,0.16827
BRD_20150315,2024,피자애,외식,피자,30.0,0.12289266481142021,0.4901792836276667,0.11794871794871795,0.44262948207171315,건전,0,True,Low,FS1,[추세] 점포 증가율 평균,0.35348,[구조] 개점-종료 격차,-0.16486,[수준] 평균매출,0.14282
BRD_20231326,2024,피자닭터,외식,서양식,31.0,0.12281541564169049,0.4898789016469121,0.11794871794871795,0.44223107569721115,요주의,1,False,Low,FS1,[구조] 지역당 평균 점포수,0.23558,[업종상대] 계약종료 백분위,-0.20596,[수준] 가맹사업 업력,0.12784
BRD_20160517,2024,계경순대국,외식,한식,19.0,0.12273816647196076,0.48985052154672926,0.11794871794871795,0.44183266932270915,요주의,1,False,Low,FS1,[추세] 점포 증가율 평균,0.28988,[변화] 점포 증가율,0.28618,[구조] 지역 집중도(HHI) 전년비 변화,-0.26058
BRD_20201574,2024,7days sugaring,서비스,이미용,21.0,0.12266091730223104,0.48982467216602005,0.11794871794871795,0.44143426294820715,건전,0,True,Low,FS1,[업종상대] 계약종료 백분위,-0.233,[업종상대] 실질 매출 증가율 백분위,0.22721,[수준] 가맹사업 업력,-0.10939
BRD_20080100207,2024,백종원의원조쌈밥집,외식,한식,14.0,0.12258366813250132,0.48981383540803225,0.11794871794871795,0.4410358565737052,요주의,1,False,Low,FS1,[구조] 지역당 평균 점포수,0.66206,[추세] 점포 증가율 평균,0.29287,[수준] 가맹사업 업력,-0.25986
BRD_20180474,2024,아랑고고장구,서비스,기타 교육,99.0,0.12250641896277159,0.48969730223019586,0.11794871794871795,0.4406374501992032,건전,0,True,Low,FS1,[업종상대] 실질 매출 증가율 백분위,0.24849,[추세] 점포 증가율 변동성,-0.11989,[수준] 브랜드 연차,-0.10228
BRD_20190916,2024,세광양대창,외식,기타 외식,52.0,0.12242916979304187,0.4894777655279454,0.11794871794871795,0.4402390438247012,건전,0,True,Low,FS1,[변화] 점포 증가율,0.35422,[구조] 지역당 평균 점포수,0.1587,[수준] 가맹사업 업력,0.14857
BRD_20171492,2024,케이엠엘리갤러리카페,외식,커피,13.0,0.12235192062331215,0.48884355263646573,0.11794871794871795,0.4398406374501992,요주의,1,False,Low,FS1,[추세] 점포 증가율 평균,0.30007,[업종상대] 계약종료 백분위,-0.20384,[수준] 브랜드 연차,-0.15353
BRD_20080100290,2024,점프셈교실(지역본부),서비스,교육 (교과),46.0,0.12227467145358242,0.4882702555229617,0.11794871794871795,0.4394422310756972,건전,0,True,Low,FS1,[수준] 가맹사업 업력,-0.23269,[업종상대] 계약종료 백분위,-0.23212,[수준] 평균매출,0.22031
BRD_20230854,2024,짚불맥주,외식,주점,21.0,0.1221974222838527,0.4879901417564648,0.11794871794871795,0.43904382470119524,요주의,1,False,Low,FS1,[구조] 지역당 평균 점포수,0.30208,[추세] 점포 증가율 변동성,0.12165,[수준] 가맹사업 업력,0.11379
BRD_20201497,2024,BT버거앤타코 (BURGER&TACO),외식,패스트푸드,30.0,0.12212017311412299,0.48770364754197015,0.11794871794871795,0.43864541832669324,건전,0,True,Low,FS1,[구조] 지역당 평균 점포수,0.27158,[수준] 브랜드 연차,-0.11455,[추세] 점포 증가율 변동성,0.11422
BRD_20191312,2024,언양닭칼국수,외식,한식,67.0,0.12204292394439326,0.48725010455990686,0.11794871794871795,0.43824701195219123,건전,0,True,Low,FS1,[추세] 매출 증가율 변동성,0.28799,[추세] 면적당매출 평균,0.23494,[업종상대] 계약종료 백분위,-0.21057
BRD_20180600,2024,곱분이곱창,외식,한식,113.0,0.12196567477466354,0.4871087490543738,0.11794871794871795,0.43784860557768923,건전,0,True,Low,FS1,[업종상대] 실질 매출 증가율 백분위,0.21353,[변화] 점포 증가율,0.20734,[구조] 지역당 평균 점포수,-0.17848
BRD_20231250|JNG_015243,2024,칠분통닭,외식,치킨,29.0,0.1218884256049338,0.48701140850416313,0.11794871794871795,0.43745019920318723,건전,0,True,Low,FS1,[업종상대] 실질 매출 증가율 백분위,0.24801,[업종상대] 계약종료 백분위,-0.23723,[추세] 면적당매출 평균,0.16884
BRD_20100100058,2024,잉글리시에그(Englishegg),서비스,교육 (외국어),39.0,0.12181117643520409,0.48660533098572045,0.11794871794871795,0.4370517928286853,건전,0,True,Low,FS1,[업종상대] 계약종료 백분위,-0.19357,[구조] 지역당 평균 점포수,0.17821,[수준] 가맹사업 업력,-0.17533
BRD_20160040,2024,오케타니,서비스,기타 서비스,44.0,0.12173392726547437,0.4860144137397431,0.11794871794871795,0.4366533864541833,건전,0,True,Low,FS1,[업종상대] 실질 매출 증가율 백분위,0.22472,[업종상대] 계약종료 백분위,-0.21839,[구조] 지역당 평균 점포수,0.1666
BRD_20212250,2024,바다가 내손아귀,외식,한식,26.0,0.12165667809574464,0.48484661690076214,0.11794871794871795,0.4362549800796813,요주의,1,False,Low,FS1,[구조] 지역당 평균 점포수,0.26215,[추세] 점포 증가율 변동성,0.11672,[업종상대] 점포 증가율 백분위,-0.10163
BRD_20080100122,2024,투투정비서비스,서비스,자동차 관련,93.0,0.12157942892601492,0.4847398039955947,0.11794871794871795,0.4358565737051793,건전,0,True,Low,FS1,[추세] 면적당매출 평균,0.34996,[업종상대] 계약종료 백분위,-0.27099,[추세] 점포 증가율 변동성,-0.26061
BRD_20220301,2024,마케집,외식,일식,29.0,0.1215021797562852,0.48457972847034775,0.11794871794871795,0.43545816733067727,건전,0,True,Low,FS1,[업종상대] 계약종료 백분위,0.33718,[수준] 평균매출,-0.14677,[구조] 지역 집중도(HHI),-0.14092
BRD_20080100542,2024,블루클럽,서비스,이미용,323.0,0.12142493058655547,0.484378843206225,0.11794871794871795,0.4350597609561753,건전,0,True,Low,FS1,[추세] 면적당매출 평균,0.2589,[수준] 가맹사업 업력,-0.25196,[수준] 평균매출,0.21818
BRD_20170014,2024,맘스케익,외식,제과제빵,35.0,0.12134768141682575,0.484349065652846,0.11794871794871795,0.4346613545816733,요주의,1,False,Low,FS1,[구조] 지역당 평균 점포수,0.24512,[수준] 브랜드 연차,-0.16282,[변화] 점포 증가율,0.13338
BRD_20160832,2024,디브커피,외식,커피,0.0,0.12127043224709604,0.48402757860832235,0.11794871794871795,0.4342629482071713,평가불가,0,False,Low,FS1,[업종상대] 실질 매출 증가율 백분위,0.24739,[업종상대] 계약종료 백분위,-0.24095,[수준] 가맹사업 업력,-0.162
BRD_20130100434,2024,일미리금계찜닭,외식,한식,125.0,0.1211931830773663,0.48402528484077334,0.11794871794871795,0.4338645418326693,건전,0,True,Low,FS1,[업종상대] 계약종료 백분위,0.64624,[변화] 점포 증가율,0.34638,[수준] 브랜드 연차,-0.12968
BRD_20221035,2024,김선생불닭발,외식,한식,127.0,0.12111593390763659,0.48355948756388023,0.11794871794871795,0.4334661354581673,요주의,1,False,Low,FS1,[업종상대] 계약종료 백분위,0.15902,[수준] 평균매출,0.15122,[구조] 지역당 평균 점포수,-0.11129
BRD_20080100643,2024,이철헤어커커,서비스,이미용,146.0,0.12103868473790687,0.48326286811817676,0.11794871794871795,0.43306772908366536,요주의,2,False,Low,FS1,[업종상대] 계약종료 백분위,0.63509,[수준] 가맹사업 업력,-0.26091,[변화] 점포 증가율,0.16736
BRD_20130098,2024,씨앤에이논술(C&A논술),서비스,교육 (교과),71.0,0.12096143556817714,0.48310955533808425,0.11794871794871795,0.43266932270916336,건전,0,True,Low,FS1,[업종상대] 실질 매출 증가율 백분위,0.23421,[업종상대] 계약종료 백분위,-0.21424,[추세] 점포 증가율 변동성,0.14892
BRD_20170956,2024,어린이천문대,서비스,기타 교육,25.0,0.12088418639844742,0.48303727728172025,0.11794871794871795,0.43227091633466136,건전,0,True,Low,FS1,[구조] 지역당 평균 점포수,0.19865,[추세] 점포 증가율 변동성,-0.16954,[수준] 면적당매출,0.16089
BRD_20080100162,2024,기소야,외식,일식,26.0,0.12080693722871769,0.4827845053000732,0.11794871794871795,0.43187250996015936,건전,0,True,Low,FS1,[구조] 지역당 평균 점포수,0.3689,[수준] 가맹사업 업력,-0.3186,[변화] 점포 증가율,0.23854
BRD_20201396,2024,스몰굿,외식,커피,24.0,0.12072968805898797,0.48265809523319514,0.11794871794871795,0.43147410358565735,건전,0,True,Low,FS1,[구조] 지역당 평균 점포수,0.1635,[수준] 가맹사업 업력,0.15949,[수준] 브랜드 연차,-0.15471
BRD_20200771,2024,벌레잡는 총각들,서비스,기타 서비스,38.0,0.12065243888925825,0.48263325860194844,0.11794871794871795,0.43107569721115535,건전,0,True,Low,FS1,[업종상대] 계약종료 백분위,-0.23712,[업종상대] 실질 매출 증가율 백분위,0.19947,[수준] 브랜드 연차,-0.13187
BRD_20090300032,2024,히노아지,외식,일식,35.0,0.12057518971952852,0.48256390190636506,0.11794871794871795,0.4306772908366534,건전,0,True,Low,FS1,[업종상대] 계약종료 백분위,0.38857,[변화] 점포 증가율,0.31174,[수준] 가맹사업 업력,-0.23451
BRD_20080200078,2024,머리에그리는홍선생미술,서비스,기타 교육,107.0,0.1204979405497988,0.482539228796565,0.11794871794871795,0.4302788844621514,건전,0,True,Low,FS1,[업종상대] 계약종료 백분위,0.28124,[수준] 평균매출,0.2524,[수준] 가맹사업 업력,-0.19694
BRD_20080200222,2024,위드치킨,외식,치킨,16.0,0.12042069138006908,0.4825214826428744,0.11794871794871795,0.4298804780876494,건전,0,True,Low,FS1,[변화] 점포 증가율,0.31026,[수준] 가맹사업 업력,-0.20794,[수준] 평균매출,0.19393
BRD_20211248,2024,오슬랑,외식,커피,20.0,0.12034344221033935,0.48237950850663114,0.11794871794871795,0.4294820717131474,요주의,1,False,Low,FS1,[구조] 지역당 평균 점포수,0.17358,[수준] 평균매출,0.16989,[추세] 점포 증가율 변동성,0.16302
BRD_20171493,2024,이차돌,외식,기타 외식,117.0,0.12026619304060963,0.48200926803139377,0.11794871794871795,0.4290836653386454,요주의,2,False,Low,FS1,[업종상대] 계약종료 백분위,0.69908,[변화] 점포 증가율,0.42632,[추세] 점포 증가율 평균,0.28519
BRD_20080200049,2024,사바사바치킨&비어,외식,치킨,4.0,0.12018894387087992,0.4819834623783139,0.11794871794871795,0.42868525896414345,건전,0,True,Low,FS1,[구조] 지역당 평균 점포수,0.53316,[추세] 점포 증가율 평균,0.29314,[업종상대] 계약종료 백분위,-0.23282
BRD_20171261,2024,남문떡볶이,외식,분식,17.0,0.12011169470115018,0.4808252591646191,0.11794871794871795,0.42828685258964144,건전,0,True,Low,FS1,[변화] 점포 증가율,0.39808,[변화] 신규개점률,0.14227,[추세] 점포 증가율 변동성,0.14064
BRD_20120100631,2024,경성양꼬치,외식,기타 외국식,25.0,0.12003444553142047,0.4799945884610003,0.11794871794871795,0.42788844621513944,건전,0,True,Low,FS1,[업종상대] 계약종료 백분위,0.67625,[변화] 점포 증가율,0.33275,[구조] 지역 집중도(HHI) 전년비 변화,-0.2778
BRD_20160718,2024,네오피자,외식,피자,48.0,0.11995719636169073,0.4797890454413269,0.11794871794871795,0.42749003984063744,건전,0,True,Low,FS1,[추세] 점포 증가율 평균,0.41137,[변화] 점포 증가율,0.37123,[구조] 지역당 평균 점포수,0.17316
BRD_20150749,2024,동네포차주민,외식,주점,39.0,0.11987994719196102,0.4796382881370886,0.11794871794871795,0.42709163346613543,건전,0,True,Low,FS1,[추세] 면적당매출 평균,0.19509,[추세] 매출 증가율 평균,0.17087,[수준] 브랜드 연차,-0.12955
BRD_20110600022,2024,파스타부오노바,외식,서양식,11.0,0.1198026980222313,0.4795370058963309,0.11794871794871795,0.4266932270916335,건전,0,True,Low,FS1,[구조] 지역당 평균 점포수,0.49236,[변화] 점포 증가율,0.33498,[구조] 지역 집중도(HHI) 전년비 변화,-0.32843
BRD_20090100509,2024,뽕뜨락피자,외식,피자,50.0,0.11972544885250157,0.4795084893465677,0.11794871794871795,0.4262948207171315,건전,0,True,Low,FS1,[추세] 점포 증가율 평균,0.28458,[업종상대] 실질 매출 증가율 백분위,0.17886,[수준] 가맹사업 업력,-0.17693
BRD_20090100545,2024,영구스피자,외식,피자,29.0,0.11964819968277185,0.47933412441668527,0.11794871794871795,0.4258964143426295,평가불가,0,False,Low,FS1,[업종상대] 계약종료 백분위,-0.25232,[업종상대] 실질 매출 증가율 백분위,0.24015,[수준] 가맹사업 업력,-0.22575
BRD_20150434,2024,푸르맘찬,외식,한식,7.0,0.11957095051304213,0.47924918196893684,0.11794871794871795,0.4254980079681275,건전,0,True,Low,FS1,[구조] 지역당 평균 점포수,0.60877,[업종상대] 계약종료 백분위,-0.22851,[수준] 브랜드 연차,-0.13651
BRD_20212828,2024,소코아,외식,기타 외식,48.0,0.1194937013433124,0.47923891429797544,0.11794871794871795,0.4250996015936255,요주의,1,False,Low,FS1,[변화] 점포 증가율,0.17348,[추세] 점포 증가율 변동성,0.16796,[구조] 지역당 평균 점포수,0.14407
BRD_20120500062,2024,씨채널,서비스,안경,72.0,0.11941645217358268,0.4789403572280621,0.11794871794871795,0.42470119521912353,건전,0,True,Low,FS1,[업종상대] 계약종료 백분위,0.27152,[추세] 점포 증가율 변동성,0.15007,[수준] 브랜드 연차,-0.11713
BRD_20231802,2024,우대포,외식,한식,24.0,0.11933920300385296,0.4786351840776871,0.11794871794871795,0.4243027888446215,평가불가,0,False,Low,FS1,[업종상대] 계약종료 백분위,-0.23656,[업종상대] 실질 매출 증가율 백분위,0.23086,[구조] 지역 집중도(HHI),-0.14315
BRD_20170439,2024,후라이드 참 잘하는집,외식,치킨,280.0,0.11926195383412323,0.47858297854149817,0.11794871794871795,0.4239043824701195,건전,0,True,Low,FS1,[추세] 매출 증가율 변동성,0.3196,[추세] 면적당매출 평균,0.27657,[업종상대] 계약종료 백분위,-0.22182
BRD_20160717,2024,키즈엔리딩,서비스,교육 (외국어),68.0,0.11918470466439351,0.4783759055324846,0.11794871794871795,0.4235059760956175,건전,0,True,Low,FS1,[업종상대] 실질 매출 증가율 백분위,0.2491,[업종상대] 계약종료 백분위,-0.13016,[수준] 브랜드 연차,-0.12627
BRD_20160892,2024,만년닭강정,외식,치킨,32.0,0.11910745549466378,0.4781879281583766,0.11794871794871795,0.4231075697211155,건전,0,True,Low,FS1,[구조] 지역당 평균 점포수,0.20989,[추세] 점포 증가율 변동성,0.14285,[추세] 면적당매출 평균,0.13085
BRD_20170203,2024,쉐프엠,도소매,기타도소매,45.0,0.11903020632493407,0.478139201150114,0.11794871794871795,0.42270916334661357,건전,0,True,Low,FS1,[업종상대] 계약종료 백분위,0.79917,[변화] 점포 증가율,0.41564,[구조] 지역당 평균 점포수,-0.27609
BRD_20080100473,2024,스테프핫도그(STEFF HOTDOG),외식,패스트푸드,41.0,0.11895295715520435,0.47794676140420006,0.11794871794871795,0.42231075697211157,요주의,1,False,Low,FS1,[수준] 가맹사업 업력,-0.31213,[변화] 점포 증가율,0.24633,[추세] 면적당매출 평균,0.21632
BRD_20212508,2024,구름계란덮밥,외식,한식,94.0,0.11887570798547462,0.4778914334624684,0.11794871794871795,0.42191235059760956,요주의,1,False,Low,FS1,[업종상대] 계약종료 백분위,0.17893,[추세] 점포 증가율 변동성,0.15782,[수준] 가맹사업 업력,0.12284
BRD_20200978,2024,따르릉,서비스,기타 서비스,74.0,0.1187984588157449,0.47732705856704594,0.11794871794871795,0.42151394422310756,건전,0,True,Low,FS1,[업종상대] 실질 매출 증가율 백분위,0.24497,[업종상대] 계약종료 백분위,-0.21036,[추세] 면적당매출 평균,0.15344
BRD_20141224,2024,진송추어탕,외식,한식,21.0,0.11872120964601518,0.477005171056145,0.11794871794871795,0.42111553784860556,건전,0,True,Low,FS1,[구조] 지역당 평균 점포수,0.20705,[추세] 면적당매출 평균,0.17166,[추세] 점포 증가율 변동성,0.12335
BRD_20221134,2024,HOTEL-LAUNDRY 호텔런드리,서비스,세탁,36.0,0.11864396047628545,0.47659334713275786,0.11794871794871795,0.4207171314741036,건전,0,True,Low,FS1,[업종상대] 실질 매출 증가율 백분위,0.23528,[수준] 평균매출,0.22603,[구조] 지역 집중도(HHI),-0.13899
BRD_20110100169,2024,바베큐통족구이,외식,한식,23.0,0.11856671130655573,0.4765775808739235,0.11794871794871795,0.4203187250996016,건전,0,True,Low,FS1,[업종상대] 실질 매출 증가율 백분위,0.20095,[추세] 점포 증가율 변동성,0.15706,[구조] 지역당 평균 점포수,0.15048
BRD_20214795,2024,2피자1치킨상회,외식,피자,51.0,0.11848946213682601,0.4764197164325135,0.11794871794871795,0.4199203187250996,요주의,1,False,Low,FS1,[추세] 면적당매출 평균,-0.17684,[업종상대] 계약종료 백분위,-0.17369,[수준] 평균매출,0.15925
BRD_20220549,2024,휴베이스약국,서비스,약국,690.0,0.11841221296709628,0.47598673026651644,0.11794871794871795,0.4195219123505976,건전,0,True,Low,FS1,[업종상대] 실질 매출 증가율 백분위,0.23295,[구조] 지역당 평균 점포수,-0.20163,[업종상대] 점포 증가율 백분위,-0.09436
BRD_20200449,2024,오피스큐(OFFICEQ),도소매,기타도소매,17.0,0.11833496379736656,0.4759090288980332,0.11794871794871795,0.4191235059760956,건전,0,True,Low,FS1,[구조] 지역당 평균 점포수,0.68254,[업종상대] 계약종료 백분위,-0.24576,[수준] 가맹사업 업력,-0.24025
BRD_20170987,2024,몰디브태닝,서비스,이미용,90.0,0.11825771462763683,0.47584286912523216,0.11794871794871795,0.4187250996015936,건전,0,True,Low,FS1,[업종상대] 계약종료 백분위,0.13916,[구조] 지역당 평균 점포수,-0.13603,[수준] 브랜드 연차,-0.13498
BRD_20171372,2024,설맥(SEOL MAC),외식,주점,95.0,0.11818046545790711,0.4757822190961739,0.11794871794871795,0.41832669322709165,건전,0,True,Low,FS1,[추세] 면적당매출 평균,0.23378,[추세] 매출 증가율 평균,0.21366,[추세] 매출 증가율 변동성,0.20395
BRD_20080100272,2024,송주불냉면앤칼국수,외식,한식,57.0,0.1181032162881774,0.4754867511337042,0.11794871794871795,0.41792828685258965,요주의,1,False,Low,FS1,[변화] 점포 증가율,0.30627,[업종상대] 계약종료 백분위,0.25679,[수준] 가맹사업 업력,-0.25402
BRD_20201254,2024,치킨인류,외식,치킨,30.0,0.11802596711844766,0.4754024038043456,0.11794871794871795,0.41752988047808764,건전,0,True,Low,FS1,[구조] 지역당 평균 점포수,0.31133,[추세] 점포 증가율 변동성,0.13023,[수준] 본부 직원수,-0.11542
BRD_20231696,2024,오공김밥,외식,분식,21.0,0.11794871794871795,0.474754942644234,0.11794871794871795,0.41713147410358564,건전,0,True,Low,FS1,[업종상대] 실질 매출 증가율 백분위,0.26302,[업종상대] 계약종료 백분위,-0.19135,[수준] 평균매출,-0.12894
BRD_20220420,2024,만재네,외식,한식,26.0,0.11787146877898823,0.47463736588239724,0.11794871794871795,0.41673306772908364,건전,0,True,Low,FS1,[구조] 지역당 평균 점포수,0.44423,[업종상대] 계약종료 백분위,-0.21572,[업종상대] 실질 매출 증가율 백분위,0.12962
BRD_20201747,2024,아구듬뿍&알곤마니,외식,한식,181.0,0.1177942196092585,0.47448337899161364,0.11794871794871795,0.4163346613545817,요주의,1,False,Low,FS1,[업종상대] 계약종료 백분위,0.57846,[수준] 평균매출,0.17593,[구조] 지역당 평균 점포수,-0.16474
BRD_20221072,2024,한양고깃집,외식,한식,26.0,0.11771697043952878,0.47375385451659213,0.11794871794871795,0.4159362549800797,건전,0,True,Low,FS1,[업종상대] 계약종료 백분위,-0.20731,[구조] 지역당 평균 점포수,0.19859,[업종상대] 점포 증가율 백분위,-0.12325
BRD_20190677,2024,두레통닭,외식,치킨,65.0,0.11763972126979906,0.4736535277369949,0.11794871794871795,0.4155378486055777,건전,0,True,Low,FS1,[업종상대] 계약종료 백분위,0.75316,[수준] 브랜드 연차,-0.1506,[구조] 지역당 평균 점포수,-0.11641
BRD_20221408,2024,단성무이,외식,주점,27.0,0.11756247210006933,0.47357012350346395,0.11794871794871795,0.4151394422310757,건전,0,True,Low,FS1,[구조] 지역당 평균 점포수,0.55814,[업종상대] 계약종료 백분위,-0.22028,[추세] 점포 증가율 변동성,0.1524
BRD_20120300082,2024,압구정 봉구비어,외식,주점,182.0,0.11748522293033961,0.47308186692619214,0.11794871794871795,0.4147410358565737,건전,0,True,Low,FS1,[변화] 점포 증가율,0.28413,[추세] 면적당매출 평균,0.28215,[추세] 매출 증가율 변동성,0.26877
BRD_20160722,2024,푸드머스(KIDS),도소매,기타도소매,89.0,0.11740797376060988,0.4727889472695919,0.11794871794871795,0.41434262948207173,평가불가,0,False,Low,FS1,[수준] 가맹사업 업력,-0.28253,[업종상대] 계약종료 백분위,-0.24091,[업종상대] 실질 매출 증가율 백분위,0.22611
BRD_20231140,2024,프레시크레딧,도소매,기타도소매,20.0,0.11733072459088016,0.47206515715092334,0.11794871794871795,0.41394422310756973,요주의,2,False,Low,FS1,[업종상대] 계약종료 백분위,0.73583,[구조] 지역 집중도(HHI) 전년비 변화,-0.26958,[수준] 평균매출,0.21136
BRD_20130100134,2024,아이패밀리,도소매,기타도소매,20.0,0.11725347542115044,0.4718173570023923,0.11794871794871795,0.41354581673306773,건전,0,True,Low,FS1,[업종상대] 계약종료 백분위,-0.24201,[업종상대] 실질 매출 증가율 백분위,0.23699,[수준] 브랜드 연차,-0.07429
BRD_20080100635,2024,요거프레소,외식,커피,281.0,0.11717622625142071,0.4718135518108706,0.11794871794871795,0.4131474103585657,건전,0,True,Low,FS1,[업종상대] 계약종료 백분위,0.42904,[추세] 점포 증가율 평균,0.331,[변화] 점포 증가율,0.32894
NAME:맥도날드@외식,2024,맥도날드,외식,패스트푸드,55.0,0.117098977081691,0.4715953302313207,0.11794871794871795,0.4127490039840637,건전,0,True,Low,FS1,[변화] 점포 증가율,0.34104,[추세] 점포 증가율 평균,0.3087,[수준] 가맹사업 업력,-0.28015
BRD_20151010,2024,블루25 (Blue25),도소매,편의점,67.0,0.11702172791196128,0.4715163336518692,0.11794871794871795,0.4123505976095618,요주의,1,False,Low,FS1,[업종상대] 계약종료 백분위,0.75911,[수준] 평균매출,0.18508,[추세] 점포 증가율 변동성,-0.13743
BRD_20230786,2024,맹호수제돈까스,외식,한식,20.0,0.11694447874223154,0.47151276340108833,0.11794871794871795,0.4119521912350598,요주의,1,False,Low,FS1,[구조] 지역당 평균 점포수,0.22752,[업종상대] 계약종료 백분위,-0.22233,[수준] 가맹사업 업력,0.12203
BRD_20150883,2024,빈체로,외식,서양식,14.0,0.11686722957250183,0.47134235384768813,0.11794871794871795,0.41155378486055777,건전,0,True,Low,FS1,[변화] 점포 증가율,0.33625,[구조] 지역당 평균 점포수,0.33276,[수준] 가맹사업 업력,-0.12819
BRD_20230202,2024,슈퍼키친,도소매,기타도소매,72.0,0.11678998040277211,0.471138598798524,0.11794871794871795,0.41115537848605577,요주의,1,False,Low,FS1,[업종상대] 계약종료 백분위,0.66852,[업종상대] 실질 매출 증가율 백분위,-0.12084,[수준] 평균매출,-0.1138
BRD_20141036,2024,꼬마숲 어린이집,서비스,유아 관련 (교육 외),83.0,0.11671273123304238,0.47055858329742656,0.11794871794871795,0.41075697211155376,건전,0,True,Low,FS1,[추세] 점포 증가율 평균,0.26052,[구조] 개점-종료 격차,-0.12864,[수준] 가맹사업 업력,-0.12319
BRD_20160945,2024,육회말투아웃,외식,기타 외식,20.0,0.11663548206331266,0.4701685282727285,0.11794871794871795,0.4103585657370518,평가불가,0,False,Low,FS1,[업종상대] 계약종료 백분위,-0.23742,[구조] 지역당 평균 점포수,0.21471,[업종상대] 실질 매출 증가율 백분위,0.21086
BRD_20230835,2024,모토이시,외식,일식,68.0,0.11655823289358293,0.46984638057932004,0.11794871794871795,0.4099601593625498,건전,0,True,Low,FS1,[업종상대] 계약종료 백분위,-0.24495,[추세] 점포 증가율 변동성,0.15994,[구조] 지역당 평균 점포수,0.15205
BRD_20200343,2024,미도인(味道人),외식,기타 외식,26.0,0.11648098372385321,0.46874388325945604,0.11794871794871795,0.4095617529880478,건전,0,True,Low,FS1,[구조] 지역당 평균 점포수,0.32881,[업종상대] 계약종료 백분위,-0.23721,[추세] 점포 증가율 변동성,0.14885
BRD_20191286,2024,렌즈베리,도소매,기타도소매,51.0,0.11640373455412349,0.46862879404364055,0.11794871794871795,0.4091633466135458,요주의,1,False,Low,FS1,[업종상대] 계약종료 백분위,-0.26455,[수준] 브랜드 연차,-0.13915,[구조] 지역당 평균 점포수,0.13137
BRD_20180414,2024,케이엠지엠홀덤앤이벤트펍(KMGM HOLD’EM & EVENT PUB),외식,주점,61.0,0.11632648538439376,0.4681306204057806,0.11794871794871795,0.4087649402390438,건전,0,True,Low,FS1,[수준] 브랜드 연차,-0.16998,[수준] 면적당매출,0.14935,[추세] 점포 증가율 변동성,0.13549
BRD_20200592,2024,데일리스터디카페,서비스,기타 서비스,29.0,0.11624923621466404,0.46810297447241955,0.11794871794871795,0.40836653386454186,건전,0,True,Low,FS1,[업종상대] 계약종료 백분위,-0.29538,[구조] 지역당 평균 점포수,0.25281,[추세] 면적당매출 평균,-0.14832
BRD_20150031,2024,브라운돈까스,외식,기타 외식,74.0,0.11617198704493432,0.4680426136098659,0.11794871794871795,0.40796812749003986,건전,0,True,Low,FS1,[추세] 매출 증가율 변동성,0.20913,[추세] 면적당매출 평균,0.14428,[업종상대] 점포 증가율 백분위,-0.10569
BRD_20200758,2024,노래하는크레용,서비스,유아관련,87.0,0.11609473787520459,0.46784145230286994,0.11794871794871795,0.40756972111553785,건전,0,True,Low,FS1,[업종상대] 계약종료 백분위,-0.1335,[추세] 점포 증가율 변동성,-0.12856,[수준] 평균매출,0.11786
BRD_20100100210,2024,오니기리와이규동,외식,기타 외식,35.0,0.11601748870547487,0.4676454863181065,0.11794871794871795,0.40717131474103585,건전,0,True,Low,FS1,[업종상대] 계약종료 백분위,-0.22764,[추세] 점포 증가율 변동성,0.17153,[추세] 면적당매출 평균,0.16749
BRD_20190595,2024,카카오T블루,서비스,운송,4005.0,0.11594023953574516,0.46732788971943395,0.11794871794871795,0.40677290836653385,건전,0,True,Low,FS1,[업종상대] 실질 매출 증가율 백분위,0.18706,[구조] 지역당 평균 점포수,-0.18662,[추세] 면적당매출 평균,0.11008
BRD_20220145,2024,플랜비 스튜디오,서비스,기타 서비스,116.0,0.11586299036601543,0.46716929276600333,0.11794871794871795,0.4063745019920319,건전,0,True,Low,FS1,[추세] 매출 증가율 변동성,0.22925,[추세] 면적당매출 평균,0.17435,[수준] 평균매출,0.16458
BRD_20190976,2024,꼬꼬아찌,외식,치킨,25.0,0.11578574119628571,0.46692078405021914,0.11794871794871795,0.4059760956175299,건전,0,True,Low,FS1,[추세] 점포 증가율 평균,0.34979,[변화] 점포 증가율,0.31277,[수준] 가맹사업 업력,-0.26895
BRD_20180146,2024,로즈애플(ROSE APPLE),도소매,농수산물,12.0,0.11570849202655598,0.4668014428865585,0.11794871794871795,0.4055776892430279,요주의,1,False,Low,FS1,[구조] 지역당 평균 점포수,0.38921,[구조] 지역 집중도(HHI) 전년비 변화,-0.24317,[추세] 점포 증가율 평균,0.19981
BRD_20214094,2024,압구정화로구이,외식,한식,77.0,0.11563124285682626,0.46667459976739456,0.11794871794871795,0.4051792828685259,요주의,1,False,Low,FS1,[업종상대] 계약종료 백분위,0.14846,[추세] 점포 증가율 변동성,0.13296,[수준] 평균매출,-0.11882
BRD_20230118,2024,찐하오 마라탕,외식,중식,60.0,0.11555399368709654,0.46658832965933794,0.11794871794871795,0.4047808764940239,요주의,1,False,Low,FS1,[업종상대] 계약종료 백분위,-0.14356,[구조] 지역당 평균 점포수,0.13164,[수준] 가맹사업 업력,0.1206
BRD_20080100128,2024,디델리,외식,분식,18.0,0.11547674451736681,0.46633629714297975,0.11794871794871795,0.4043824701195219,건전,0,True,Low,FS1,[구조] 지역당 평균 점포수,0.39959,[수준] 가맹사업 업력,-0.30684,[업종상대] 계약종료 백분위,-0.21046
BRD_20190981,2024,힐링엔젤스,서비스,기타 서비스,31.0,0.11539949534763709,0.4662851708670271,0.11794871794871795,0.40398406374501994,건전,0,True,Low,FS1,[구조] 지역당 평균 점포수,0.25458,[추세] 면적당매출 평균,-0.15995,[수준] 브랜드 연차,-0.14961
BRD_20221254,2024,본가왕뼈 감자탕,외식,한식,58.0,0.11532224617790737,0.46539772723673245,0.11794871794871795,0.40358565737051794,건전,0,True,Low,FS1,[업종상대] 계약종료 백분위,-0.20461,[추세] 점포 증가율 변동성,0.12806,[수준] 가맹사업 업력,0.12134
BRD_20214241,2024,하루필름,서비스,기타 서비스,118.0,0.11524499700817764,0.46528965863152044,0.11794871794871795,0.40318725099601593,요주의,1,False,Low,FS1,[수준] 가맹점 수,-0.12818,[추세] 점포 증가율 변동성,0.12351,[수준] 평균매출,0.11213
BRD_20190571,2024,꼬꼬STORY(꼬꼬스토리),외식,기타 외식,19.0,0.11516774783844792,0.46502616111177036,0.11794871794871795,0.40278884462151393,건전,0,True,Low,FS1,[업종상대] 실질 매출 증가율 백분위,0.24596,[업종상대] 계약종료 백분위,-0.21596,[업종상대] 점포 증가율 백분위,-0.13405
BRD_20080100540,2024,미샤,도소매,화장품,89.0,0.1150904986687182,0.4646489844762,0.11794871794871795,0.40239043824701193,건전,0,True,Low,FS1,[수준] 가맹사업 업력,-0.19784,[수준] 직영점 비중,0.17041,[변화] 신규개점률,0.12869
BRD_20190627,2024,샵도쿄시장,외식,주점,25.0,0.11501324949898847,0.46397194238773215,0.11794871794871795,0.40199203187251,건전,0,True,Low,FS1,[구조] 지역당 평균 점포수,0.31412,[업종상대] 계약종료 백분위,-0.2138,[추세] 면적당매출 평균,0.17515
BRD_20214600,2024,무청감자탕,외식,한식,71.0,0.11493600032925876,0.46365865694697056,0.11794871794871795,0.401593625498008,건전,0,True,Low,FS1,[추세] 매출 증가율 변동성,0.18912,[추세] 점포 증가율 변동성,0.13973,[업종상대] 계약종료 백분위,0.13094
BRD_20200973,2024,엔젤스맘,서비스,인력 파견,30.0,0.11485875115952904,0.4634462432381325,0.11794871794871795,0.401195219123506,건전,0,True,Low,FS1,[업종상대] 실질 매출 증가율 백분위,0.20539,[추세] 점포 증가율 변동성,0.11998,[수준] 브랜드 연차,-0.10652
BRD_20080200039,2024,맥켄치킨,외식,치킨,14.0,0.1147815019897993,0.46290446830533283,0.11794871794871795,0.400796812749004,건전,0,True,Low,FS1,[추세] 점포 증가율 평균,0.28543,[수준] 가맹사업 업력,-0.26819,[업종상대] 계약종료 백분위,-0.26572
BRD_20171354,2024,링코(RINKO),외식,주점,30.0,0.11470425282006959,0.46284584974508736,0.11794871794871795,0.40039840637450197,건전,0,True,Low,FS1,[추세] 면적당매출 평균,0.35309,[추세] 매출 증가율 평균,0.2483,[업종상대] 계약종료 백분위,-0.21675
BRD_20190928,2024,청연,외식,일식,20.0,0.11462700365033986,0.46271181384032506,0.11794871794871795,0.4,건전,0,True,Low,FS1,[구조] 지역당 평균 점포수,0.64016,[업종상대] 계약종료 백분위,-0.25056,[수준] 브랜드 연차,-0.16778
BRD_20230023,2024,프랭크커핀바,외식,커피,35.0,0.11454975448061014,0.46268609468584015,0.11794871794871795,0.399601593625498,요주의,1,False,Low,FS1,[구조] 지역당 평균 점포수,0.3076,[업종상대] 계약종료 백분위,-0.26135,[수준] 가맹사업 업력,0.11735
BRD_20120100139,2024,참사랑어머니회산후도우미,서비스,인력 파견,30.0,0.11447250531088042,0.46268097173950185,0.11794871794871795,0.399203187250996,건전,0,True,Low,FS1,[구조] 지역당 평균 점포수,0.34585,[추세] 점포 증가율 변동성,-0.29844,[수준] 가맹사업 업력,-0.28735
BRD_20201281,2024,경성한우국밥,외식,기타 외식,46.0,0.11439525614115069,0.4624382441795245,0.11794871794871795,0.398804780876494,건전,0,True,Low,FS1,[구조] 지역당 평균 점포수,0.20059,[수준] 브랜드 연차,-0.17871,[수준] 가맹사업 업력,0.1205
BRD_20200393,2024,욜로PC방,서비스,PC방,69.0,0.11431800697142097,0.4621630497700257,0.11794871794871795,0.398406374501992,요주의,1,False,Low,FS1,[업종상대] 계약종료 백분위,-0.24269,[추세] 면적당매출 평균,0.21544,[추세] 매출 증가율 평균,0.16741
BRD_20150600,2024,아카데미창,서비스,기타 교육,54.0,0.11424075780169125,0.46215730450199477,0.11794871794871795,0.39800796812749006,요주의,1,False,Low,FS1,[수준] 평균매출,0.23576,[구조] 지역당 평균 점포수,-0.15674,[수준] 면적당매출,0.1546
BRD_20110100216,2024,사나포차,외식,주점,20.0,0.11416350863196152,0.4610479308638839,0.11794871794871795,0.39760956175298806,건전,0,True,Low,FS1,[구조] 지역당 평균 점포수,0.59269,[업종상대] 계약종료 백분위,-0.20826,[업종상대] 실질 매출 증가율 백분위,-0.10681
BRD_20201906,2024,고망고,외식,음료 (커피 외),68.0,0.1140862594622318,0.4606787056618379,0.11794871794871795,0.39721115537848606,건전,0,True,Low,FS1,[업종상대] 계약종료 백분위,0.17483,[추세] 점포 증가율 변동성,0.129,[업종상대] 실질 매출 증가율 백분위,-0.11938
BRD_20130100376,2024,맛찬들왕소금구이,외식,한식,84.0,0.11400901029250207,0.4605730238466639,0.11794871794871795,0.39681274900398406,건전,0,True,Low,FS1,[변화] 점포 증가율,0.21049,[추세] 면적당매출 평균,0.16646,[추세] 점포 증가율 변동성,0.11009
BRD_20201482,2024,돼지게티,외식,한식,158.0,0.11393176112277235,0.460256102686874,0.11794871794871795,0.39641434262948205,요주의,1,False,Low,FS1,[업종상대] 계약종료 백분위,-0.20511,[구조] 지역당 평균 점포수,-0.18045,[추세] 매출 증가율 변동성,0.16559
BRD_20201664,2024,꽈백최선생,외식,분식,38.0,0.11385451195304264,0.4598778003390795,0.11794871794871795,0.3960159362549801,건전,0,True,Low,FS1,[업종상대] 실질 매출 증가율 백분위,0.20649,[추세] 점포 증가율 변동성,0.13163,[수준] 브랜드 연차,-0.1264
BRD_20080500027,2024,길성이,외식,한식,13.0,0.1137772627833129,0.4594132189890824,0.11794871794871795,0.3956175298804781,건전,0,True,Low,FS1,[구조] 지역당 평균 점포수,0.2599,[업종상대] 계약종료 백분위,-0.22971,[추세] 면적당매출 평균,0.20158
BRD_20100100368,2024,더샘,도소매,화장품,46.0,0.11370001361358319,0.45866473784002293,0.11794871794871795,0.3952191235059761,건전,0,True,Low,FS1,[추세] 매출 증가율 평균,0.20348,[추세] 면적당매출 평균,0.19983,[추세] 매출 증가율 변동성,0.17009
BRD_20100100306,2024,꽃마름,외식,한식,41.0,0.11362276444385347,0.4583358963969852,0.11794871794871795,0.3948207171314741,건전,0,True,Low,FS1,[변화] 점포 증가율,0.30561,[구조] 지역당 평균 점포수,0.22249,[수준] 가맹사업 업력,-0.19138
BRD_20190195,2024,그놈포차,외식,주점,82.0,0.11354551527412374,0.45801542895944025,0.11794871794871795,0.3944223107569721,요주의,1,False,Low,FS1,[추세] 면적당매출 평균,0.2101,[수준] 브랜드 연차,-0.12721,[추세] 점포 증가율 변동성,0.11345
BRD_20120100267,2024,육장갈비,외식,기타 외식,49.0,0.11346826610439402,0.45781421219835033,0.11794871794871795,0.39402390438247015,건전,0,True,Low,FS1,[업종상대] 계약종료 백분위,0.34373,[구조] 지역당 평균 점포수,0.24961,[수준] 가맹사업 업력,-0.12248
BRD_20210996,2024,다복향 마라탕,외식,기타 외국식,79.0,0.1133910169346643,0.45778378048169455,0.11794871794871795,0.39362549800796814,건전,0,True,Low,FS1,[추세] 점포 증가율 변동성,0.13841,[수준] 가맹사업 업력,0.13711,[업종상대] 실질 매출 증가율 백분위,-0.12451
BRD_20191036,2024,궁 잔기지떡,외식,기타 외식,29.0,0.11331376776493457,0.4577721028294205,0.11794871794871795,0.39322709163346614,건전,0,True,Low,FS1,[업종상대] 계약종료 백분위,-0.24089,[업종상대] 실질 매출 증가율 백분위,0.227,[구조] 지역 집중도(HHI),-0.14257
BRD_20210155,2024,홍:이집,외식,한식,21.0,0.11323651859520485,0.4576472263577889,0.11794871794871795,0.39282868525896414,건전,0,True,Low,FS1,[추세] 점포 증가율 변동성,0.13959,[수준] 평균매출,-0.12703,[수준] 가맹사업 업력,0.12462
BRD_20160600,2024,주식회사포차천국,외식,주점,132.0,0.11315926942547513,0.45743704417834063,0.11794871794871795,0.39243027888446214,건전,0,True,Low,FS1,[업종상대] 계약종료 백분위,0.36304,[추세] 면적당매출 평균,0.17214,[변화] 점포 증가율,0.15938
BRD_20200904,2024,파이널나인,외식,기타 외식,31.0,0.1130820202557454,0.4570719724910189,0.11794871794871795,0.39203187250996013,건전,0,True,Low,FS1,[구조] 지역당 평균 점포수,0.26675,[수준] 브랜드 연차,-0.13648,[업종상대] 실질 매출 증가율 백분위,0.12395
BRD_20212074,2024,도로시파스타,외식,서양식,93.0,0.11300477108601568,0.4568477097731572,0.11794871794871795,0.3916334661354582,건전,0,True,Low,FS1,[변화] 점포 증가율,0.18497,[추세] 점포 증가율 변동성,0.15638,[수준] 가맹사업 업력,0.13916
BRD_20201223,2024,눈꽃대패,외식,기타 외식,29.0,0.11292752191628597,0.4566671699426668,0.11794871794871795,0.3912350597609562,건전,0,True,Low,FS1,[추세] 면적당매출 평균,0.18352,[추세] 점포 증가율 변동성,0.13704,[수준] 가맹사업 업력,0.13625
BRD_20214660,2024,호주에서 온 스시,외식,일식,54.0,0.11285027274655623,0.456658955651915,0.11794871794871795,0.3908366533864542,요주의,1,False,Low,FS1,[구조] 지역당 평균 점포수,0.14556,[추세] 점포 증가율 변동성,0.12553,[수준] 가맹사업 업력,0.12104
BRD_20210655,2024,덮밥장사장,외식,일식,37.0,0.11277302357682652,0.45627207210091786,0.11794871794871795,0.3904382470119522,건전,0,True,Low,FS1,[구조] 지역당 평균 점포수,0.33246,[업종상대] 계약종료 백분위,-0.19382,[추세] 점포 증가율 변동성,0.12962
BRD_20140399,2024,로봇김밥,외식,분식,3.0,0.11269577440709679,0.45616205663649506,0.11794871794871795,0.3900398406374502,요주의,1,False,Low,FS1,[구조] 지역당 평균 점포수,0.57022,[업종상대] 계약종료 백분위,-0.21785,[추세] 점포 증가율 변동성,0.11816
BRD_20170402,2024,엉클부대찌개,외식,기타 외식,14.0,0.11261852523736707,0.4558627816310197,0.11794871794871795,0.3896414342629482,건전,0,True,Low,FS1,[업종상대] 계약종료 백분위,0.75732,[구조] 지역 집중도(HHI) 전년비 변화,-0.29008,[구조] 지역당 평균 점포수,0.14759
BRD_20221246,2024,열정국밥,외식,한식,234.0,0.11254127606763735,0.45506798807912824,0.11794871794871795,0.3892430278884462,건전,0,True,Low,FS1,[업종상대] 계약종료 백분위,0.23897,[구조] 지역당 평균 점포수,-0.21105,[수준] 가맹사업 업력,0.16051
BRD_20210169,2024,임대장,외식,한식,22.0,0.11246402689790762,0.4536214470540375,0.11794871794871795,0.3888446215139442,건전,0,True,Low,FS1,[구조] 지역당 평균 점포수,0.60853,[업종상대] 계약종료 백분위,-0.22428,[추세] 점포 증가율 변동성,0.12874
BRD_20231719,2024,마장동 고기집,외식,한식,194.0,0.1123867777281779,0.45322493737887276,0.11794871794871795,0.3884462151394422,건전,0,True,Low,FS1,[업종상대] 계약종료 백분위,0.21356,[구조] 지역당 평균 점포수,-0.2065,[수준] 가맹사업 업력,0.15233
BRD_20080100099,2024,피쉬앤그릴too,외식,주점,0.0,0.11230952855844817,0.45288000430077097,0.11794871794871795,0.3880478087649402,평가불가,0,False,Low,FS1,[업종상대] 실질 매출 증가율 백분위,0.2579,[업종상대] 계약종료 백분위,-0.25525,[수준] 가맹사업 업력,-0.25134
BRD_20191140,2024,두부만드는사람들,외식,한식,68.0,0.11223227938871845,0.4515810188154139,0.11794871794871795,0.38764940239043827,건전,0,True,Low,FS1,[추세] 면적당매출 평균,-0.18416,[변화] 점포 증가율,0.16806,[수준] 평균매출,0.15822
BRD_20100100142,2024,홀리카홀리카,도소매,화장품,31.0,0.11215503021898873,0.45128654706098603,0.11794871794871795,0.38725099601593627,건전,0,True,Low,FS1,[구조] 지역당 평균 점포수,0.34155,[추세] 면적당매출 평균,0.17499,[수준] 가맹사업 업력,-0.15641
BRD_20150119,2024,화포식당,외식,기타 외식,35.0,0.112077781049259,0.45003954840743376,0.11794871794871795,0.38685258964143426,건전,0,True,Low,FS1,[변화] 점포 증가율,0.18391,[추세] 면적당매출 평균,0.17062,[구조] 지역당 평균 점포수,-0.13219
BRD_20130438,2024,박군치킨,외식,치킨,65.0,0.11200053187952928,0.44963242651236546,0.11794871794871795,0.38645418326693226,건전,0,True,Low,FS1,[업종상대] 계약종료 백분위,-0.27039,[추세] 점포 증가율 변동성,-0.26724,[추세] 면적당매출 평균,0.23667
BRD_20212086,2024,30년 불멸의 닭발,외식,한식,42.0,0.11192328270979957,0.44940562649723875,0.11794871794871795,0.38605577689243026,건전,0,True,Low,FS1,[수준] 평균매출,0.22029,[업종상대] 점포 증가율 백분위,-0.12468,[수준] 가맹사업 업력,0.10853
BRD_20120100475,2024,렌즈미,서비스,안경,230.0,0.11184603354006983,0.44927414766037005,0.11794871794871795,0.3856573705179283,요주의,1,False,Low,FS1,[추세] 면적당매출 평균,0.33009,[업종상대] 계약종료 백분위,0.23859,[추세] 점포 증가율 변동성,-0.21337
BRD_20100100580,2024,토니모리,도소매,화장품,97.0,0.11176878437034012,0.44889854543564955,0.11794871794871795,0.3852589641434263,건전,0,True,Low,FS1,[업종상대] 계약종료 백분위,0.31043,[추세] 점포 증가율 변동성,-0.24557,[수준] 가맹사업 업력,-0.18584
BRD_20150065,2024,타코비,외식,기타 외식,84.0,0.1116915352006104,0.4487531421590119,0.11794871794871795,0.3848605577689243,요주의,1,False,Low,FS1,[추세] 면적당매출 평균,0.18709,[수준] 가맹사업 업력,-0.18385,[추세] 점포 증가율 변동성,0.15168
BRD_20140971,2024,존슨켄터키,외식,치킨,15.0,0.11161428603088067,0.44821206617852155,0.11794871794871795,0.3844621513944223,건전,0,True,Low,FS1,[구조] 지역당 평균 점포수,0.44426,[추세] 점포 증가율 변동성,-0.37041,[업종상대] 계약종료 백분위,-0.24574
BRD_20110100289,2024,와이즈리더,서비스,교육 (외국어),27.0,0.11153703686115095,0.44793622378130643,0.11794871794871795,0.3840637450199203,건전,0,True,Low,FS1,[구조] 지역당 평균 점포수,0.27838,[추세] 점포 증가율 변동성,-0.22895,[업종상대] 업종 대분류,0.14458
BRD_20140095,2024,루트원,서비스,기타 교육,78.0,0.11145978769142123,0.44792922171653077,0.11794871794871795,0.38366533864541835,건전,0,True,Low,FS1,[수준] 평균매출,0.15669,[수준] 브랜드 연차,-0.12772,[추세] 면적당매출 평균,0.08517
BRD_20210242,2024,전일맥주,외식,주점,41.0,0.1113825385216915,0.4478036229690271,0.11794871794871795,0.38326693227091635,요주의,1,False,Low,FS1,[추세] 면적당매출 평균,0.28177,[구조] 지역 집중도(HHI),-0.17263,[추세] 매출 증가율 변동성,0.14789
BRD_20110100306,2024,느린마을양조장,외식,주점,25.0,0.11130528935196178,0.44777275982739434,0.11794871794871795,0.38286852589641435,요주의,1,False,Low,FS1,[구조] 지역당 평균 점포수,0.56033,[업종상대] 계약종료 백분위,-0.21101,[수준] 브랜드 연차,-0.15344
BRD_20100100504,2024,꼬지사께,외식,주점,86.0,0.11122804018223206,0.4477359268359819,0.11794871794871795,0.38247011952191234,요주의,1,False,Low,FS1,[추세] 면적당매출 평균,0.16867,[수준] 가맹사업 업력,-0.16838,[구조] 개점-종료 격차,-0.15588
BRD_20230484,2024,요커,외식,음료 (커피 외),37.0,0.11115079101250233,0.44726254143526467,0.11794871794871795,0.38207171314741034,건전,0,True,Low,FS1,[업종상대] 계약종료 백분위,0.28821,[수준] 평균매출,0.21694,[업종상대] 실질 매출 증가율 백분위,-0.15645
BRD_20212168,2024,병아리김밥,외식,기타 외식,78.0,0.11107354184277261,0.4472594117744403,0.11794871794871795,0.3816733067729084,요주의,1,False,Low,FS1,[업종상대] 계약종료 백분위,-0.23907,[추세] 점포 증가율 변동성,0.14117,[수준] 가맹사업 업력,0.11622
BRD_20090100153,2024,생각하는 수학 페르마,서비스,교육 (교과),64.0,0.11099629267304288,0.44709971780960733,0.11794871794871795,0.3812749003984064,건전,0,True,Low,FS1,[업종상대] 계약종료 백분위,0.40338,[수준] 가맹사업 업력,-0.22925,[추세] 점포 증가율 변동성,-0.20829
BRD_20211903,2024,제이델링,외식,제과제빵,43.0,0.11091904350331316,0.44682612644586667,0.11794871794871795,0.3808764940239044,건전,0,True,Low,FS1,[업종상대] 계약종료 백분위,-0.25976,[구조] 지역당 평균 점포수,0.21997,[업종상대] 점포 증가율 백분위,-0.152
BRD_20220875,2024,담솥,외식,한식,37.0,0.11084179433358345,0.4465410475776889,0.11794871794871795,0.3804780876494024,요주의,1,False,Low,FS1,[업종상대] 계약종료 백분위,-0.20987,[추세] 점포 증가율 변동성,0.12271,[추세] 면적당매출 평균,0.10114
BRD_20211853,2024,백소정,외식,일식,199.0,0.11076454516385371,0.4465398442698558,0.11794871794871795,0.3800796812749004,평가불가,0,False,Low,FS1,[업종상대] 계약종료 백분위,-0.23216,[업종상대] 실질 매출 증가율 백분위,0.23169,[구조] 지역당 평균 점포수,-0.20442
BRD_20213079,2024,류길상피자,외식,서양식,21.0,0.110687295994124,0.446452353708009,0.11794871794871795,0.3796812749003984,건전,0,True,Low,FS1,[변화] 점포 증가율,0.35494,[구조] 지역 집중도(HHI) 전년비 변화,-0.30537,[구조] 지역당 평균 점포수,0.28218
BRD_20211538,2024,이나닭강정,외식,치킨,21.0,0.11061004682439428,0.44599412030014857,0.11794871794871795,0.37928286852589643,요주의,1,False,Low,FS1,[구조] 지역당 평균 점포수,0.16101,[수준] 평균매출,0.12807,[구조] 지역 집중도(HHI),-0.12235
BRD_20171087,2024,가츠몽,외식,일식,20.0,0.11053279765466455,0.4453842136054481,0.11794871794871795,0.37888446215139443,건전,0,True,Low,FS1,[변화] 점포 증가율,0.34481,[구조] 지역당 평균 점포수,-0.13074,[변화] 신규개점률,0.11251
BRD_20212057,2024,오대륙통닭,외식,기타 외식,25.0,0.11045554848493483,0.44527109265601683,0.11794871794871795,0.3784860557768924,건전,0,True,Low,FS1,[업종상대] 실질 매출 증가율 백분위,0.25789,[업종상대] 계약종료 백분위,-0.22392,[구조] 지역당 평균 점포수,-0.18698
BRD_20190640,2024,작심스터디카페,서비스,기타 서비스,195.0,0.1103782993152051,0.4448311637673361,0.11794871794871795,0.3780876494023904,건전,0,True,Low,FS1,[구조] 지역당 평균 점포수,-0.18357,[업종상대] 계약종료 백분위,0.14146,[수준] 면적당매출,0.12867
BRD_20210464,2024,카츠모리,외식,일식,15.0,0.11030105014547538,0.4443936749607877,0.11794871794871795,0.3776892430278884,건전,0,True,Low,FS1,[구조] 지역당 평균 점포수,0.1694,[구조] 개점-종료 격차,-0.15748,[수준] 가맹사업 업력,0.14195
BRD_20190049,2024,아이꼬모 디자인미술,서비스,기타 교육,13.0,0.11022380097574566,0.4443795902752289,0.11794871794871795,0.3772908366533865,건전,0,True,Low,FS1,[구조] 지역당 평균 점포수,0.45634,[업종상대] 실질 매출 증가율 백분위,0.25908,[추세] 점포 증가율 평균,0.25374
BRD_20110600026,2024,서가앤쿡,외식,서양식,43.0,0.11014655180601593,0.4438655849516369,0.11794871794871795,0.37689243027888447,건전,0,True,Low,FS1,[구조] 지역당 평균 점포수,0.36074,[추세] 점포 증가율 평균,0.32779,[추세] 면적당매출 평균,-0.17057
BRD_20212213,2024,안주가,외식,한식,50.0,0.11006930263628621,0.44377341185131625,0.11794871794871795,0.37649402390438247,건전,0,True,Low,FS1,[구조] 지역당 평균 점포수,0.19905,[업종상대] 계약종료 백분위,0.16823,[추세] 점포 증가율 변동성,0.1268
BRD_20180722,2024,꼬레랑,외식,치킨,16.0,0.1099920534665565,0.44373184501487656,0.11794871794871795,0.37609561752988047,건전,0,True,Low,FS1,[변화] 점포 증가율,0.20222,[수준] 가맹사업 업력,0.11186,[업종상대] 계약종료 백분위,-0.10424
BRD_20214740,2024,타코박스,외식,기타 외국식,21.0,0.10991480429682676,0.4432758911282993,0.11794871794871795,0.37569721115537846,건전,0,True,Low,FS1,[구조] 지역당 평균 점포수,0.30143,[업종상대] 계약종료 백분위,-0.14733,[추세] 점포 증가율 변동성,0.14351
BRD_20213326,2024,위드렌즈(WID LENS),서비스,안경,139.0,0.10983755512709704,0.44324359631814647,0.11794871794871795,0.3752988047808765,요주의,1,False,Low,FS1,[업종상대] 계약종료 백분위,-0.22556,[추세] 면적당매출 평균,0.15087,[수준] 면적당매출,0.11146
BRD_20140338,2024,왕순이주먹밥김밥,외식,분식,19.0,0.10976030595736733,0.44292071158250124,0.11794871794871795,0.3749003984063745,건전,0,True,Low,FS1,[변화] 점포 증가율,0.29451,[수준] 평균매출,0.17802,[수준] 브랜드 연차,-0.12095
BRD_20200909,2024,결이고은 에스테틱,서비스,이미용,32.0,0.1096830567876376,0.44278432667571854,0.11794871794871795,0.3745019920318725,요주의,1,False,Low,FS1,[업종상대] 계약종료 백분위,-0.21104,[구조] 지역당 평균 점포수,0.18517,[추세] 면적당매출 평균,0.16037
NAME:카페베네@외식,2024,카페베네,외식,음료 (커피 외),96.0,0.10960580761790788,0.4426453489079865,0.11794871794871795,0.3741035856573705,건전,0,True,Low,FS1,[변화] 점포 증가율,0.3024,[추세] 점포 증가율 평균,0.29521,[수준] 가맹사업 업력,-0.18952
BRD_20214358,2024,부엉이산장,외식,한식,39.0,0.10952855844817816,0.44226508344216353,0.11794871794871795,0.3737051792828685,건전,0,True,Low,FS1,[추세] 점포 증가율 변동성,0.13087,[수준] 평균매출,-0.12636,[수준] 가맹사업 업력,0.11991
BRD_20140543,2024,삼십구치킨,외식,치킨,18.0,0.10945130927844843,0.44201405941867405,0.11794871794871795,0.37330677290836656,건전,0,True,Low,FS1,[업종상대] 계약종료 백분위,-0.30066,[추세] 면적당매출 평균,0.23413,[수준] 평균매출,0.19677
BRD_20090600074,2024,개정,외식,한식,23.0,0.10937406010871871,0.4418537225735781,0.11794871794871795,0.37290836653386455,건전,0,True,Low,FS1,[업종상대] 계약종료 백분위,-0.2334,[추세] 점포 증가율 변동성,0.15833,[구조] 최다 지역 비중,0.15032
BRD_20140188,2024,그린브라우니(green brownie),외식,제과제빵,21.0,0.10929681093898898,0.44173961344218876,0.11794871794871795,0.37250996015936255,요주의,1,False,Low,FS1,[변화] 점포 증가율,0.18822,[추세] 점포 증가율 변동성,-0.15084,[수준] 면적당매출,0.14332
BRD_20200917,2024,미남커피(MINAM COFFEE),외식,커피,23.0,0.10921956176925926,0.4415018762041556,0.11794871794871795,0.37211155378486055,건전,0,True,Low,FS1,[구조] 지역 집중도(HHI) 전년비 변화,-0.25288,[업종상대] 실질 매출 증가율 백분위,0.24095,[구조] 지역당 평균 점포수,-0.19001
BRD_20213267,2024,기영이숯불두마리치킨,외식,치킨,248.0,0.10914231259952954,0.44127900402244685,0.11794871794871795,0.37171314741035855,건전,0,True,Low,FS1,[추세] 면적당매출 평균,0.31965,[추세] 매출 증가율 변동성,0.29831,[구조] 지역당 평균 점포수,-0.21115
BRD_20201117,2024,오레노카츠,외식,일식,26.0,0.10906506342979981,0.4408509757985967,0.11794871794871795,0.3713147410358566,건전,0,True,Low,FS1,[업종상대] 계약종료 백분위,0.26138,[구조] 지역당 평균 점포수,0.1833,[변화] 점포 증가율,0.157
BRD_20201295,2024,기파랑문해원,서비스,교육 (교과),67.0,0.10898781426007009,0.440668864210389,0.11794871794871795,0.3709163346613546,건전,0,True,Low,FS1,[업종상대] 계약종료 백분위,-0.22669,[추세] 면적당매출 평균,0.22513,[추세] 매출 증가율 변동성,0.20083
BRD_20231236,2024,우동야마이루식,외식,일식,28.0,0.10891056509034037,0.44051214206950884,0.11794871794871795,0.3705179282868526,건전,0,True,Low,FS1,[업종상대] 계약종료 백분위,-0.25424,[추세] 점포 증가율 변동성,0.10533,[추세] 면적당매출 평균,0.10277
BRD_20231329,2024,미스타교자,외식,일식,27.0,0.10883331592061064,0.4403864112386756,0.11794871794871795,0.3701195219123506,요주의,2,False,Low,FS1,[업종상대] 계약종료 백분위,0.65807,[수준] 평균매출,-0.17912,[구조] 지역 집중도(HHI),-0.13803
BRD_20210924,2024,고기궁전,외식,한식,30.0,0.10875606675088093,0.43961183180465985,0.11794871794871795,0.3697211155378486,건전,0,True,Low,FS1,[구조] 지역당 평균 점포수,0.34213,[업종상대] 계약종료 백분위,-0.20934,[추세] 점포 증가율 변동성,0.15082
BRD_20080100545,2024,치킨매니아,외식,치킨,123.0,0.1086788175811512,0.43936495072212584,0.11794871794871795,0.36932270916334664,건전,0,True,Low,FS1,[업종상대] 계약종료 백분위,0.46018,[변화] 점포 증가율,0.41227,[추세] 점포 증가율 평균,0.38534
BRD_20220729,2024,26도헤어 공감하우스,서비스,이미용,30.0,0.10860156841142148,0.43872395880578774,0.11794871794871795,0.36892430278884464,건전,0,True,Low,FS1,[업종상대] 계약종료 백분위,0.30238,[구조] 지역당 평균 점포수,-0.20604,[수준] 평균매출,-0.15022
BRD_20200599,2024,미미고,외식,분식,16.0,0.10852431924169176,0.43829414170493675,0.11794871794871795,0.36852589641434264,건전,0,True,Low,FS1,[구조] 지역당 평균 점포수,0.61835,[추세] 점포 증가율 변동성,-0.25235,[업종상대] 계약종료 백분위,-0.22136
BRD_20221178,2024,이자카야 토라,외식,주점,22.0,0.10844707007196203,0.43772742324517905,0.11794871794871795,0.36812749003984063,요주의,1,False,Low,FS1,[구조] 지역당 평균 점포수,0.2707,[업종상대] 계약종료 백분위,-0.15997,[수준] 가맹사업 업력,0.125
BRD_20200012,2024,돈카츠마켙,외식,서양식,62.0,0.10836982090223231,0.4375209707645163,0.11794871794871795,0.36772908366533863,건전,0,True,Low,FS1,[변화] 점포 증가율,0.34997,[구조] 최다 지역 비중 전년비 변화,-0.19003,[업종상대] 계약종료 백분위,0.15275
BRD_20231157,2024,힙스약국,서비스,약국,194.0,0.10829257173250259,0.43731320620679515,0.11794871794871795,0.3673306772908366,건전,0,True,Low,FS1,[추세] 점포 증가율 변동성,-0.26916,[업종상대] 계약종료 백분위,0.25309,[업종상대] 실질 매출 증가율 백분위,0.18313
BRD_20190567,2024,금화왕돈까스,외식,한식,58.0,0.10821532256277286,0.4365508857974846,0.11794871794871795,0.3669322709163347,건전,0,True,Low,FS1,[추세] 면적당매출 평균,0.16762,[수준] 가맹사업 업력,0.12364,[업종상대] 실질 매출 증가율 백분위,0.10355
BRD_20210622,2024,한라맥주,외식,주점,61.0,0.10813807339304314,0.4365129403679698,0.11794871794871795,0.3665338645418327,요주의,1,False,Low,FS1,[변화] 점포 증가율,0.17609,[추세] 점포 증가율 변동성,0.1665,[추세] 면적당매출 평균,-0.16082
BRD_20080100073,2024,푸드머스(SL),도소매,기타도소매,65.0,0.10806082422331342,0.43623512736892184,0.11794871794871795,0.3661354581673307,평가불가,0,False,Low,FS1,[수준] 가맹사업 업력,-0.27682,[업종상대] 계약종료 백분위,-0.25011,[업종상대] 실질 매출 증가율 백분위,0.21835
BRD_20212316,2024,big eye 우리동네 참치정육점,외식,일식,27.0,0.10798357505358369,0.43621457784208245,0.11794871794871795,0.36573705179282867,건전,0,True,Low,FS1,[구조] 지역당 평균 점포수,0.39993,[업종상대] 계약종료 백분위,-0.2601,[추세] 면적당매출 평균,0.1387
BRD_20080100494,2024,짐보리플레이앤뮤직,서비스,유아 관련 (교육 외),27.0,0.10790632588385397,0.43553233355192705,0.11794871794871795,0.36533864541832667,건전,0,True,Low,FS1,[업종상대] 계약종료 백분위,-0.28308,[구조] 지역당 평균 점포수,0.24942,[추세] 점포 증가율 변동성,-0.23616
BRD_20171271,2024,"고기,원칙",외식,한식,44.0,0.10782907671412426,0.4350049277067464,0.11794871794871795,0.3649402390438247,건전,0,True,Low,FS1,[업종상대] 계약종료 백분위,0.38099,[변화] 점포 증가율,0.33025,[구조] 지역 집중도(HHI) 전년비 변화,-0.30609
BRD_20160331,2024,장혁민의 부대찌개,외식,기타 외식,27.0,0.10775182754439452,0.4345239221530745,0.11794871794871795,0.3645418326693227,건전,0,True,Low,FS1,[업종상대] 계약종료 백분위,0.38427,[구조] 지역당 평균 점포수,0.1331,[구조] 개점-종료 격차,-0.11195
BRD_20211412,2024,포토이즘박스,서비스,기타 서비스,423.0,0.1076745783746648,0.4339991268679233,0.11794871794871795,0.3641434262948207,건전,0,True,Low,FS1,[업종상대] 실질 매출 증가율 백분위,0.23361,[구조] 지역당 평균 점포수,-0.20546,[업종상대] 계약종료 백분위,-0.16413
BRD_20100100511,2024,G1230 수학학원,서비스,기타 교육,62.0,0.10759732920493507,0.4338116903427812,0.11794871794871795,0.3637450199203187,건전,0,True,Low,FS1,[업종상대] 계약종료 백분위,0.26187,[업종상대] 실질 매출 증가율 백분위,0.17349,[수준] 가맹사업 업력,-0.14328
BRD_20120100207,2024,곰작골나주곰탕,외식,한식,18.0,0.10752008003520536,0.43368441705896615,0.11794871794871795,0.3633466135458167,건전,0,True,Low,FS1,[업종상대] 계약종료 백분위,0.7635,[구조] 지역 집중도(HHI) 전년비 변화,-0.24831,[구조] 지역당 평균 점포수,0.19975
BRD_20090100341,2024,소노야,외식,일식,22.0,0.10744283086547564,0.4332989975404308,0.11794871794871795,0.36294820717131476,건전,0,True,Low,FS1,[구조] 지역당 평균 점포수,0.54358,[수준] 가맹사업 업력,-0.14293,[수준] 본부 직원수,-0.14249
BRD_20190033,2024,버텍스(VERTEX),외식,서양식,41.0,0.1073655816957459,0.43310755746022683,0.11794871794871795,0.36254980079681276,건전,0,True,Low,FS1,[업종상대] 계약종료 백분위,0.79762,[업종상대] 점포 증가율 백분위,-0.16125,[추세] 점포 증가율 변동성,-0.13156
BRD_20200727,2024,도깨비냉장고 아이스크림할인점,도소매,기타도소매,85.0,0.10728833252601619,0.4330720221005572,0.11794871794871795,0.36215139442231076,건전,0,True,Low,FS1,[업종상대] 계약종료 백분위,0.82274,[구조] 지역당 평균 점포수,-0.26066,[수준] 평균매출,0.20413
BRD_20171168,2024,커피왕,외식,커피,20.0,0.10721108335628647,0.43301578195938406,0.11794871794871795,0.36175298804780875,건전,0,True,Low,FS1,[수준] 평균매출,0.22332,[업종상대] 계약종료 백분위,0.20418,[구조] 개점-종료 격차,-0.14296
BRD_20190572,2024,밥은화,외식,한식,17.0,0.10713383418655674,0.4329046591603334,0.11794871794871795,0.36135458167330675,건전,0,True,Low,FS1,[업종상대] 계약종료 백분위,-0.34308,[추세] 점포 증가율 변동성,-0.28089,[수준] 평균매출,0.19155
BRD_20170380,2024,가마솥순대국밥,외식,한식,58.0,0.10705658501682702,0.43257772167095443,0.11794871794871795,0.3609561752988048,건전,0,True,Low,FS1,[추세] 매출 증가율 평균,0.23081,[추세] 점포 증가율 변동성,0.15186,[추세] 면적당매출 평균,-0.11434
BRD_20171222,2024,보승회관,외식,한식,34.0,0.10697933584709729,0.43256164628317184,0.11794871794871795,0.3605577689243028,건전,0,True,Low,FS1,[변화] 점포 증가율,0.291,[업종상대] 계약종료 백분위,-0.24244,[업종상대] 실질 매출 증가율 백분위,-0.11901
BRD_20220795,2024,픽닷,서비스,기타 서비스,44.0,0.10690208667736757,0.4325432079177115,0.11794871794871795,0.3601593625498008,요주의,1,False,Low,FS1,[수준] 평균매출,0.19545,[업종상대] 점포 증가율 백분위,-0.10987,[추세] 면적당매출 평균,0.1028
BRD_20221267,2024,킥고잉(KICKGOING),서비스,운송,20.0,0.10682483750763785,0.43240731567761326,0.11794871794871795,0.3597609561752988,건전,0,True,Low,FS1,[구조] 지역당 평균 점포수,0.43835,[업종상대] 계약종료 백분위,-0.24199,[수준] 평균매출,0.21405
BRD_20210991,2024,카페16온스,외식,커피,31.0,0.10674758833790812,0.4320944964180881,0.11794871794871795,0.3593625498007968,요주의,1,False,Low,FS1,[구조] 지역 집중도(HHI),-0.13318,[추세] 면적당매출 평균,-0.11606,[업종상대] 계약종료 백분위,0.09165
BRD_20180061,2024,MH백년수갈비,외식,기타 외식,26.0,0.1066703391681784,0.4320875979511961,0.11794871794871795,0.35896414342629485,건전,0,True,Low,FS1,[구조] 지역당 평균 점포수,0.27461,[업종상대] 계약종료 백분위,-0.22137,[추세] 면적당매출 평균,0.2033
BRD_20221200,2024,구주,외식,주점,33.0,0.10659308999844869,0.431676838929495,0.11794871794871795,0.35856573705179284,건전,0,True,Low,FS1,[구조] 지역당 평균 점포수,0.53402,[수준] 가맹사업 업력,-0.22394,[업종상대] 계약종료 백분위,-0.22259
BRD_20090100258,2024,맛데이,외식,치킨,6.0,0.10651584082871896,0.431134813499193,0.11794871794871795,0.35816733067729084,요주의,1,False,Low,FS1,[구조] 지역당 평균 점포수,0.4484,[업종상대] 계약종료 백분위,-0.31406,[추세] 점포 증가율 변동성,-0.23685
BRD_20215856,2024,도쿠도쿠,외식,한식,19.0,0.10643859165898924,0.4306567340460256,0.11794871794871795,0.35776892430278884,건전,0,True,Low,FS1,[변화] 점포 증가율,0.31662,[구조] 지역 집중도(HHI),-0.15761,[추세] 점포 증가율 변동성,0.12855
BRD_20120100323,2024,손문대구막창갈매기살,외식,한식,14.0,0.10636134248925952,0.4303591009714448,0.11794871794871795,0.35737051792828683,건전,0,True,Low,FS1,[구조] 지역당 평균 점포수,0.37262,[수준] 가맹사업 업력,-0.16933,[수준] 평균매출,0.1461
BRD_20080400023,2024,임실치즈피자,외식,피자,18.0,0.10628409331952979,0.4302964572016699,0.11794871794871795,0.3569721115537849,요주의,1,False,Low,FS1,[구조] 지역당 평균 점포수,0.51788,[수준] 가맹사업 업력,-0.30106,[업종상대] 계약종료 백분위,-0.25644
BRD_20210294,2024,아몽즈커피(A Mong Z),외식,커피,21.0,0.10620684414980007,0.4299640986100276,0.11794871794871795,0.3565737051792829,건전,0,True,Low,FS1,[업종상대] 계약종료 백분위,0.29888,[수준] 평균매출,0.20915,[업종상대] 실질 매출 증가율 백분위,-0.1573
BRD_20190001,2024,LOOK STORE,서비스,안경,25.0,0.10612959498007035,0.4298872552812355,0.11794871794871795,0.3561752988047809,건전,0,True,Low,FS1,[업종상대] 계약종료 백분위,0.32297,[구조] 지역 집중도(HHI),-0.14459,[구조] 지역당 평균 점포수,0.12837
BRD_20090100165,2024,홍짜장,외식,중식,58.0,0.10605234581034062,0.42974563640115526,0.11794871794871795,0.3557768924302789,건전,0,True,Low,FS1,[업종상대] 계약종료 백분위,0.4144,[변화] 점포 증가율,0.36151,[수준] 가맹사업 업력,-0.22408
BRD_20140422,2024,홍익궁중전통육개장,외식,한식,33.0,0.1059750966406109,0.42957218275380965,0.11794871794871795,0.3553784860557769,건전,0,True,Low,FS1,[구조] 지역당 평균 점포수,0.38911,[변화] 점포 증가율,0.15165,[추세] 점포 증가율 변동성,-0.11714
BRD_20080100111,2024,채선당,외식,한식,146.0,0.10589784747088117,0.42927194444059696,0.11794871794871795,0.3549800796812749,평가불가,0,False,Low,FS1,[업종상대] 실질 매출 증가율 백분위,0.26062,[수준] 가맹사업 업력,-0.25627,[업종상대] 계약종료 백분위,-0.23864
BRD_20231601,2024,덮밥석쇠구이,외식,한식,28.0,0.10582059830115145,0.4292465593633472,0.11794871794871795,0.3545816733067729,건전,0,True,Low,FS1,[업종상대] 계약종료 백분위,-0.23311,[수준] 평균매출,0.13448,[업종상대] 실질 매출 증가율 백분위,0.11552
BRD_20150117,2024,공임나라,서비스,자동차 관련,316.0,0.10574334913142173,0.42894006050891514,0.11794871794871795,0.3541832669322709,건전,0,True,Low,FS1,[업종상대] 계약종료 백분위,-0.23458,[업종상대] 실질 매출 증가율 백분위,0.22216,[추세] 점포 증가율 변동성,-0.18837
BRD_20213068,2024,오사이초밥,외식,일식,35.0,0.105666099961692,0.4284152017359296,0.11794871794871795,0.3537848605577689,건전,0,True,Low,FS1,[구조] 지역당 평균 점포수,0.18902,[업종상대] 점포 증가율 백분위,-0.13315,[수준] 평균매출,-0.12638
BRD_20140589,2024,교동짬뽕,외식,중식,19.0,0.10558885079196229,0.4282014647931282,0.11794871794871795,0.3533864541832669,건전,0,True,Low,FS1,[업종상대] 계약종료 백분위,0.72744,[수준] 평균매출,-0.15062,[업종상대] 점포 증가율 백분위,-0.14446
BRD_20200790,2024,비끄아트,서비스,기타 교육,86.0,0.10551160162223257,0.4281273658647873,0.11794871794871795,0.3529880478087649,건전,0,True,Low,FS1,[추세] 면적당매출 평균,0.18326,[업종상대] 점포 증가율 백분위,-0.12181,[수준] 평균매출,0.11571
BRD_20211312,2024,24시 무인 반려용품 편의점 아무도없개,서비스,반려동물 관련,138.0,0.10543435245250284,0.4279397009926153,0.11794871794871795,0.35258964143426297,건전,0,True,Low,FS1,[수준] 평균매출,0.1846,[구조] 지역당 평균 점포수,-0.18305,[추세] 면적당매출 평균,0.13673
BRD_20150931,2024,육미명가옛날아우내순대&보쌈,외식,기타 외식,52.0,0.10535710328277312,0.4274164782370491,0.11794871794871795,0.35219123505976097,건전,0,True,Low,FS1,[구조] 지역당 평균 점포수,0.22574,[추세] 점포 증가율 변동성,0.16264,[수준] 브랜드 연차,-0.11847
BRD_20140865,2024,바보형제쭈꾸미,외식,한식,22.0,0.10527985411304339,0.4272803440155373,0.11794871794871795,0.35179282868525896,건전,0,True,Low,FS1,[구조] 지역 집중도(HHI),-0.14295,[변화] 점포 증가율,0.14094,[수준] 브랜드 연차,-0.13363
BRD_20180330,2024,피자브라더스,외식,피자,17.0,0.10520260494331367,0.42683860247148625,0.11794871794871795,0.35139442231075696,요주의,1,False,Low,FS1,[구조] 지역당 평균 점포수,0.3617,[업종상대] 계약종료 백분위,-0.18942,[수준] 브랜드 연차,-0.13855
BRD_20201566,2024,리틀 뮤아센,서비스,기타 교육,24.0,0.10512535577358395,0.42679650998541196,0.11794871794871795,0.35099601593625496,건전,0,True,Low,FS1,[업종상대] 계약종료 백분위,-0.30311,[구조] 지역당 평균 점포수,0.26404,[수준] 평균매출,0.14779
BRD_20130100180,2024,뉴욕버거,외식,기타 외식,161.0,0.10504810660385422,0.42639205983767114,0.11794871794871795,0.350597609561753,건전,0,True,Low,FS1,[업종상대] 계약종료 백분위,0.68907,[구조] 지역당 평균 점포수,-0.2262,[수준] 브랜드 연차,-0.16463
BRD_20090100051,2024,이훈헤어칼라,서비스,이미용,52.0,0.1049708574341245,0.4261926271928953,0.11794871794871795,0.350199203187251,요주의,1,False,Low,FS1,[수준] 가맹사업 업력,-0.19608,[수준] 면적당매출,0.17209,[수준] 평균매출,0.15536
BRD_20130149,2024,키즈스피치마루지,서비스,기타 교육,28.0,0.10489360826439478,0.4254100154050598,0.11794871794871795,0.349800796812749,건전,0,True,Low,FS1,[구조] 지역당 평균 점포수,0.27942,[수준] 브랜드 연차,-0.14042,[추세] 매출 증가율 평균,0.13843
BRD_20201243,2024,피자는 치즈빨,외식,피자,55.0,0.10481635909466505,0.4253367727333005,0.11794871794871795,0.349402390438247,건전,0,True,Low,FS1,[업종상대] 계약종료 백분위,0.38249,[구조] 지역당 평균 점포수,0.18594,[수준] 브랜드 연차,-0.1694
BRD_20201018,2024,피자스톰,외식,피자,94.0,0.10473910992493533,0.42493220415022365,0.11794871794871795,0.349003984063745,요주의,1,False,Low,FS1,[추세] 점포 증가율 변동성,0.18299,[수준] 가맹사업 업력,0.15617,[수준] 브랜드 연차,-0.14954
BRD_20110100066,2024,S&Writing,서비스,기타 교육,47.0,0.10466186075520562,0.4248170176018734,0.11794871794871795,0.34860557768924305,건전,0,True,Low,FS1,[업종상대] 실질 매출 증가율 백분위,0.175,[업종상대] 계약종료 백분위,0.13939,[추세] 점포 증가율 변동성,-0.11272
BRD_20170826,2024,마마쿡(MAMA COOK),외식,한식,33.0,0.10458461158547588,0.4247918289626186,0.11794871794871795,0.34820717131474105,건전,0,True,Low,FS1,[업종상대] 계약종료 백분위,0.87705,[변화] 점포 증가율,0.27224,[구조] 지역당 평균 점포수,-0.27103
BRD_20211343,2024,아이스앤 스낵창고,도소매,기타도소매,91.0,0.10450736241574617,0.4245757387395909,0.11794871794871795,0.34780876494023905,건전,0,True,Low,FS1,[추세] 매출 증가율 변동성,0.19128,[수준] 평균매출,0.17921,[추세] 면적당매출 평균,-0.15679
BRD_20231835,2024,전담GATE,도소매,기타도소매,58.0,0.10443011324601645,0.42454589781462265,0.11794871794871795,0.34741035856573704,건전,0,True,Low,FS1,[업종상대] 계약종료 백분위,-0.24281,[업종상대] 실질 매출 증가율 백분위,0.2222,[추세] 면적당매출 평균,0.17297
BRD_20220745,2024,불아더 숯불바베큐,외식,치킨,37.0,0.10435286407628672,0.4241326563550943,0.11794871794871795,0.34701195219123504,요주의,1,False,Low,FS1,[업종상대] 계약종료 백분위,-0.30588,[수준] 평균매출,0.13921,[추세] 점포 증가율 변동성,0.11137
BRD_20190830,2024,꽃블리,도소매,기타도소매,26.0,0.104275614906557,0.42408965252562925,0.11794871794871795,0.3466135458167331,건전,0,True,Low,FS1,[업종상대] 계약종료 백분위,0.81496,[구조] 지역 집중도(HHI) 전년비 변화,-0.24727,[수준] 평균매출,0.24192
BRD_20171499,2024,양계장집아들,외식,치킨,41.0,0.10419836573682728,0.4240523594725112,0.11794871794871795,0.3462151394422311,건전,0,True,Low,FS1,[구조] 지역당 평균 점포수,-0.21612,[업종상대] 실질 매출 증가율 백분위,0.21227,[구조] 지역 집중도(HHI),-0.12803
BRD_20151198,2024,염색이야기,서비스,이미용,66.0,0.10412111656709755,0.42361545114541527,0.11794871794871795,0.3458167330677291,건전,0,True,Low,FS1,[추세] 점포 증가율 변동성,-0.2078,[추세] 면적당매출 평균,0.15162,[수준] 평균매출,0.1492
BRD_20100500056,2024,청주본가,외식,기타 외식,31.0,0.10404386739736783,0.42231148695789433,0.11794871794871795,0.3454183266932271,건전,0,True,Low,FS1,[구조] 지역당 평균 점포수,0.32278,[수준] 가맹사업 업력,-0.19944,[업종상대] 계약종료 백분위,-0.17651
BRD_20190513,2024,탐나종합어시장,외식,일식,38.0,0.1039666182276381,0.42199601332549647,0.11794871794871795,0.3450199203187251,건전,0,True,Low,FS1,[추세] 면적당매출 평균,0.34027,[추세] 점포 증가율 변동성,-0.19641,[구조] 지역당 평균 점포수,-0.15897
BRD_20201824,2024,ADP올데이파스타,외식,기타 외식,26.0,0.10388936905790838,0.42100362864595486,0.11794871794871795,0.34462151394422313,요주의,1,False,Low,FS1,[업종상대] 계약종료 백분위,-0.22751,[구조] 지역당 평균 점포수,0.22323,[구조] 최다 지역 비중 전년비 변화,-0.13347
BRD_20080600010,2024,땅땅치킨,외식,치킨,177.0,0.08381398702235038,0.42021059145607004,0.0821917808219178,0.34422310756972113,요주의,1,False,Low,FS1,[변화] 점포 증가율,0.36025,[수준] 가맹사업 업력,-0.30976,[추세] 점포 증가율 평균,0.30762
BRD_20200732,2024,CAFE CANBUS(카페캔버스),외식,커피,36.0,0.08378019105984137,0.4195029198423718,0.0821917808219178,0.34382470119521913,건전,0,True,Low,FS1,[수준] 평균매출,0.19616,[구조] 지역당 평균 점포수,0.18112,[수준] 브랜드 연차,-0.17709
BRD_20212610,2024,기떡찜,외식,분식,180.0,0.08374639509733237,0.4194087929747069,0.0821917808219178,0.3434262948207171,요주의,1,False,Low,FS1,[수준] 평균매출,0.17683,[구조] 지역당 평균 점포수,-0.16833,[추세] 면적당매출 평균,0.1549
BRD_20230021,2024,스모프치킨,외식,치킨,58.0,0.08371259913482335,0.4187858273845563,0.0821917808219178,0.3430278884462151,요주의,1,False,Low,FS1,[업종상대] 계약종료 백분위,-0.25548,[수준] 평균매출,0.20944,[구조] 지역당 평균 점포수,-0.15947
BRD_20080100317,2024,준코노래타운,외식,주점,60.0,0.08367880317231434,0.41870538808284,0.0821917808219178,0.3426294820717131,건전,0,True,Low,FS1,[추세] 면적당매출 평균,0.38632,[수준] 가맹사업 업력,-0.28325,[추세] 매출 증가율 평균,0.22366
BRD_20171425,2024,송사부고로케,외식,제과제빵,90.0,0.08364500720980532,0.41858957440655803,0.0821917808219178,0.3422310756972112,건전,0,True,Low,FS1,[수준] 브랜드 연차,-0.18949,[추세] 점포 증가율 변동성,0.10883,[구조] 지역당 평균 점포수,0.0836
BRD_20130139,2024,빌리엔젤,외식,커피,18.0,0.08361121124729631,0.4181283809341453,0.0821917808219178,0.34183266932270917,건전,0,True,Low,FS1,[추세] 점포 증가율 평균,0.41681,[업종상대] 계약종료 백분위,0.4055,[변화] 점포 증가율,0.36565
BRD_20180147,2024,마마몽떼(Mamamonte),서비스,기타 교육,50.0,0.08357741528478731,0.41805533024867153,0.0821917808219178,0.34143426294820717,건전,0,True,Low,FS1,[추세] 점포 증가율 변동성,-0.26789,[업종상대] 실질 매출 증가율 백분위,0.19149,[수준] 브랜드 연차,-0.11644
BRD_20100500044,2024,화화돼지왕갈비,외식,기타 외식,61.0,0.08354361932227829,0.41770772919416055,0.0821917808219178,0.34103585657370517,건전,0,True,Low,FS1,[업종상대] 계약종료 백분위,0.37618,[수준] 가맹사업 업력,-0.21585,[추세] 점포 증가율 변동성,0.18936
BRD_20140565,2024,조가네갑오징어,외식,한식,26.0,0.08350982335976928,0.4168230649603009,0.0821917808219178,0.34063745019920316,건전,0,True,Low,FS1,[구조] 지역당 평균 점포수,0.53662,[업종상대] 계약종료 백분위,-0.21127,[구조] 지역 집중도(HHI),-0.13391
BRD_20211432,2024,이마트24 스마트(emart24 SMART),도소매,편의점,190.0,0.08347602739726026,0.4168122317311194,0.0821917808219178,0.3402390438247012,건전,0,True,Low,FS1,[업종상대] 계약종료 백분위,-0.2434,[구조] 지역당 평균 점포수,-0.22384,[추세] 매출 증가율 변동성,0.22229
BRD_20221407,2024,닭동가리,외식,한식,27.0,0.08344223143475125,0.4165354542370431,0.0821917808219178,0.3398406374501992,건전,0,True,Low,FS1,[업종상대] 실질 매출 증가율 백분위,0.22357,[업종상대] 계약종료 백분위,-0.20857,[수준] 평균매출,-0.13038
BRD_20150791,2024,오늘김해생뒷고기,외식,기타 외식,20.0,0.08340843547224223,0.4160620998585591,0.0821917808219178,0.3394422310756972,요주의,1,False,Low,FS1,[구조] 지역당 평균 점포수,0.25551,[구조] 개점-종료 격차,-0.16994,[추세] 점포 증가율 변동성,0.13422
BRD_20110100313,2024,산모피아,서비스,기타 서비스,26.0,0.08337463950973323,0.41571780446817597,0.0821917808219178,0.3390438247011952,건전,0,True,Low,FS1,[구조] 지역당 평균 점포수,0.45479,[수준] 가맹사업 업력,-0.25519,[업종상대] 계약종료 백분위,-0.2509
BRD_20190628,2024,김용덕의 소문난 부자국밥,외식,한식,28.0,0.08334084354722422,0.41555295394149466,0.0821917808219178,0.3386454183266932,건전,0,True,Low,FS1,[업종상대] 계약종료 백분위,0.3512,[변화] 점포 증가율,0.31724,[수준] 가맹사업 업력,-0.18823
BRD_20230768,2024,아이스맨즈(ICE MAN'S),외식,아이스크림/빙수,22.0,0.0833070475847152,0.4155317153393289,0.0821917808219178,0.33824701195219126,건전,0,True,Low,FS1,[구조] 지역당 평균 점포수,-0.20554,[수준] 평균매출,0.19672,[업종상대] 계약종료 백분위,-0.17772
BRD_20141217,2024,순곱이네,외식,기타 외식,21.0,0.0832732516222062,0.4154622330817387,0.0821917808219178,0.33784860557768925,요주의,1,False,Low,FS1,[구조] 지역당 평균 점포수,0.27344,[업종상대] 계약종료 백분위,-0.2555,[추세] 면적당매출 평균,-0.16317
BRD_20200356,2024,필즈더클래식,서비스,교육 (교과),30.0,0.08323945565969718,0.4152061521256601,0.0821917808219178,0.33745019920318725,건전,0,True,Low,FS1,[구조] 지역당 평균 점포수,0.76891,[업종상대] 계약종료 백분위,-0.237,[업종상대] 점포 증가율 백분위,-0.15179
BRD_20080100426,2024,메디팜,서비스,약국,1133.0,0.08320565969718817,0.4143130502831011,0.0821917808219178,0.33705179282868525,건전,0,True,Low,FS1,[수준] 가맹사업 업력,-0.32624,[업종상대] 실질 매출 증가율 백분위,0.22059,[업종상대] 계약종료 백분위,-0.22034
BRD_20210412,2024,도시곳간,외식,기타 외식,35.0,0.08317186373467915,0.41425322912837204,0.0821917808219178,0.33665338645418325,건전,0,True,Low,FS1,[구조] 지역당 평균 점포수,0.36373,[업종상대] 점포 증가율 백분위,-0.15679,[추세] 점포 증가율 변동성,0.13159
BRD_20211122,2024,동백카츠,외식,일식,33.0,0.08313806777217014,0.41407833573555114,0.0821917808219178,0.3362549800796813,요주의,1,False,Low,FS1,[구조] 지역당 평균 점포수,0.31117,[추세] 점포 증가율 변동성,0.13713,[수준] 가맹사업 업력,0.11291
BRD_20161233,2024,고래식당,외식,한식,6.0,0.08310427180966114,0.41405710102638016,0.0821917808219178,0.3358565737051793,건전,0,True,Low,FS1,[추세] 점포 증가율 평균,0.33813,[업종상대] 계약종료 백분위,-0.25688,[구조] 지역당 평균 점포수,0.17693
BRD_20130227,2024,청담동말자싸롱,외식,기타 외식,83.0,0.08307047584715212,0.4139022212942256,0.0821917808219178,0.3354581673306773,건전,0,True,Low,FS1,[업종상대] 계약종료 백분위,-0.22689,[수준] 평균매출,0.13998,[수준] 브랜드 연차,-0.12723
BRD_20080200188,2024,쪽갈비전문점 예감,외식,기타 외식,38.0,0.08303667988464311,0.41334296335091286,0.0821917808219178,0.3350597609561753,건전,0,True,Low,FS1,[수준] 가맹사업 업력,-0.2766,[추세] 면적당매출 평균,0.20792,[추세] 매출 증가율 평균,0.205
BRD_20180013,2024,안성깍뚜기,외식,한식,12.0,0.08300288392213409,0.4128680014251554,0.0821917808219178,0.3346613545816733,건전,0,True,Low,FS1,[추세] 점포 증가율 평균,0.30427,[구조] 지역당 평균 점포수,0.20915,[업종상대] 계약종료 백분위,-0.15468
BRD_20190748,2024,정글비,외식,커피,31.0,0.08296908795962508,0.4120016528524342,0.0821917808219178,0.33426294820717134,건전,0,True,Low,FS1,[구조] 지역당 평균 점포수,0.32099,[업종상대] 실질 매출 증가율 백분위,-0.13588,[추세] 면적당매출 평균,0.12456
BRD_20201748,2024,그로잉살롱,서비스,이미용,27.0,0.08293529199711606,0.41178135963911433,0.0821917808219178,0.33386454183266934,건전,0,True,Low,FS1,[업종상대] 실질 매출 증가율 백분위,0.25548,[업종상대] 계약종료 백분위,-0.24945,[구조] 지역당 평균 점포수,0.17202
BRD_20190293,2024,냠냠숯불두마리치킨,외식,치킨,76.0,0.08290149603460706,0.41151180205740445,0.0821917808219178,0.33346613545816733,요주의,1,False,Low,FS1,[수준] 브랜드 연차,-0.18836,[추세] 점포 증가율 변동성,0.15107,[수준] 가맹사업 업력,0.14191
BRD_20181198,2024,육전국밥,외식,한식,51.0,0.08286770007209805,0.4112505382301448,0.0821917808219178,0.33306772908366533,건전,0,True,Low,FS1,[업종상대] 계약종료 백분위,0.74251,[구조] 지역 집중도(HHI) 전년비 변화,-0.2752,[추세] 매출 증가율 평균,0.22227
BRD_20211897,2024,데이스터디,서비스,기타 서비스,41.0,0.08283390410958903,0.41104257695116325,0.0821917808219178,0.33266932270916333,건전,0,True,Low,FS1,[업종상대] 계약종료 백분위,-0.25539,[업종상대] 실질 매출 증가율 백분위,0.21567,[구조] 지역 집중도(HHI),-0.14987
BRD_20212427,2024,고깃리88번지,외식,한식,31.0,0.08280010814708003,0.41090085390299413,0.0821917808219178,0.3322709163346614,건전,0,True,Low,FS1,[구조] 지역당 평균 점포수,0.34554,[업종상대] 계약종료 백분위,-0.26249,[추세] 면적당매출 평균,-0.13476
BRD_20170511,2024,오마뎅,외식,분식,81.0,0.082766312184571,0.40994200137629416,0.0821917808219178,0.3318725099601594,건전,0,True,Low,FS1,[업종상대] 계약종료 백분위,0.47722,[변화] 점포 증가율,0.23329,[구조] 지역당 평균 점포수,-0.23045
BRD_20100600034,2024,BRD백록담,외식,치킨,18.0,0.082732516222062,0.40958104044028776,0.0821917808219178,0.3314741035856574,건전,0,True,Low,FS1,[업종상대] 실질 매출 증가율 백분위,0.24629,[업종상대] 계약종료 백분위,-0.23972,[추세] 점포 증가율 기울기,0.1546
BRD_20180102,2024,1도씨맥주(1℃ 맥주),외식,주점,61.0,0.08269872025955298,0.4095384311518265,0.0821917808219178,0.3310756972111554,건전,0,True,Low,FS1,[추세] 면적당매출 평균,0.20841,[구조] 지역당 평균 점포수,-0.14387,[수준] 가맹사업 업력,0.13626
BRD_20080200081,2024,ScentOn(센트온),서비스,기타 서비스,88.0,0.08266492429704397,0.40885026539526403,0.0821917808219178,0.33067729083665337,요주의,1,False,Low,FS1,[업종상대] 계약종료 백분위,-0.29267,[수준] 가맹사업 업력,-0.18523,[추세] 점포 증가율 기울기,0.18152
BRD_20080500036,2024,가르텐호프앤레스트,외식,주점,28.0,0.08263112833453497,0.4077295425099284,0.0821917808219178,0.33027888446215137,건전,0,True,Low,FS1,[추세] 점포 증가율 평균,0.28495,[수준] 가맹사업 업력,-0.27323,[추세] 면적당매출 평균,0.27314
BRD_20180570,2024,몰틀리,외식,기타 외식,22.0,0.08259733237202595,0.40735934881825014,0.0821917808219178,0.3298804780876494,건전,0,True,Low,FS1,[추세] 매출 증가율 변동성,0.25533,[추세] 면적당매출 평균,0.24527,[업종상대] 계약종료 백분위,-0.24312
BRD_20150548,2024,브라운도트호텔,서비스,숙박,35.0,0.08256353640951694,0.40583110624641516,0.0821917808219178,0.3294820717131474,건전,0,True,Low,FS1,[수준] 면적당매출,0.21936,[추세] 점포 증가율 변동성,-0.21238,[추세] 면적당매출 평균,-0.16221
BRD_20110100502,2024,돈가네김치찌개,외식,한식,39.0,0.08252974044700792,0.40569092340178226,0.0821917808219178,0.3290836653386454,건전,0,True,Low,FS1,[변화] 점포 증가율,0.25637,[구조] 지역 집중도(HHI) 전년비 변화,-0.22651,[업종상대] 실질 매출 증가율 백분위,0.20797
BRD_20100600048,2024,하늘보리피자,외식,피자,14.0,0.08249594448449891,0.4054255182796568,0.0821917808219178,0.3286852589641434,건전,0,True,Low,FS1,[추세] 점포 증가율 평균,0.28934,[수준] 평균매출,0.20407,[구조] 개점-종료 격차,-0.15617
BRD_20170449,2024,스콜라몬테소리,서비스,기타 교육,62.0,0.0824621485219899,0.4054187667271314,0.0821917808219178,0.3282868525896414,건전,0,True,Low,FS1,[추세] 면적당매출 평균,-0.16017,[구조] 지역당 평균 점포수,0.1498,[업종상대] 계약종료 백분위,-0.12161
BRD_20100300025,2024,일공공일안경콘택트,서비스,안경,263.0,0.08242835255948089,0.4052471940199103,0.0821917808219178,0.32788844621513946,요주의,1,False,Low,FS1,[수준] 가맹사업 업력,-0.25706,[수준] 평균매출,0.23644,[수준] 면적당매출,0.21284
BRD_20201047,2024,강릉엄지네꼬막집,외식,한식,21.0,0.08239455659697188,0.4051886922403929,0.0821917808219178,0.32749003984063746,요주의,1,False,Low,FS1,[추세] 면적당매출 평균,0.2677,[구조] 지역 집중도(HHI),-0.18177,[추세] 매출 증가율 평균,0.17448
BRD_20120500005,2024,디에떼에스프레소,외식,커피,33.0,0.08236076063446286,0.4051185065866506,0.0821917808219178,0.32709163346613546,건전,0,True,Low,FS1,[업종상대] 계약종료 백분위,-0.30687,[추세] 점포 증가율 평균,0.30014,[추세] 면적당매출 평균,-0.18342
BRD_20170332,2024,김영희아구찜&코다리냉면,외식,기타 외식,48.0,0.08232696467195386,0.404849325997777,0.0821917808219178,0.32669322709163345,건전,0,True,Low,FS1,[구조] 지역당 평균 점포수,0.20094,[업종상대] 점포 증가율 백분위,-0.15394,[추세] 면적당매출 평균,0.15162
NAME:시선@외식,2024,시선,외식,일식,119.0,0.08229316870944484,0.40418592055995595,0.0821917808219178,0.32629482071713145,요주의,1,False,Low,FS1,[업종상대] 계약종료 백분위,-0.14033,[추세] 점포 증가율 변동성,0.11193,[수준] 가맹사업 업력,0.10639
BRD_20191266,2024,신화불닭발,외식,치킨,29.0,0.08225937274693583,0.4039884043288821,0.0821917808219178,0.3258964143426295,건전,0,True,Low,FS1,[업종상대] 계약종료 백분위,-0.2615,[업종상대] 실질 매출 증가율 백분위,0.24594,[업종상대] 점포 증가율 백분위,-0.12922
BRD_20090100225,2024,아트&하트,서비스,기타 교육,449.0,0.08222557678442681,0.403614234955518,0.0821917808219178,0.3254980079681275,건전,0,True,Low,FS1,[업종상대] 계약종료 백분위,0.42949,[구조] 지역당 평균 점포수,-0.22223,[수준] 가맹사업 업력,-0.21225
BRD_20220132,2024,도리신닭도리탕,외식,한식,27.0,0.0821917808219178,0.40357336935638094,0.0821917808219178,0.3250996015936255,건전,0,True,Low,FS1,[추세] 점포 증가율 변동성,0.16175,[업종상대] 계약종료 백분위,-0.15191,[수준] 가맹사업 업력,0.12165
BRD_20201010,2024,키친42,서비스,임대,25.0,0.0821579848594088,0.40271809967038696,0.0821917808219178,0.3247011952191235,건전,0,True,Low,FS1,[업종상대] 계약종료 백분위,-0.18693,[추세] 면적당매출 평균,-0.17699,[변화] 신규개점률,0.14097
BRD_20190218,2024,택이네 조개전골,외식,한식,81.0,0.08212418889689978,0.40245583545006125,0.0821917808219178,0.3243027888446215,건전,0,True,Low,FS1,[수준] 브랜드 연차,-0.16322,[추세] 점포 증가율 변동성,0.14918,[수준] 가맹사업 업력,0.1308
BRD_20180994,2024,캉가잉글리쉬,서비스,교육 (외국어),32.0,0.08209039293439077,0.40233008217374966,0.0821917808219178,0.32390438247011955,건전,0,True,Low,FS1,[업종상대] 계약종료 백분위,-0.31045,[추세] 점포 증가율 변동성,-0.20671,[수준] 면적당매출,0.13331
BRD_20090100151,2024,림스치킨,외식,치킨,68.0,0.08205659697188175,0.4013567792744875,0.0821917808219178,0.32350597609561754,건전,0,True,Low,FS1,[업종상대] 실질 매출 증가율 백분위,0.25059,[수준] 가맹사업 업력,-0.2481,[업종상대] 계약종료 백분위,-0.22992
BRD_20080100287,2024,퀴즈노스서브,외식,패스트푸드,66.0,0.08202280100937274,0.40128511611993495,0.0821917808219178,0.32310756972111554,건전,0,True,Low,FS1,[변화] 점포 증가율,0.32609,[수준] 가맹사업 업력,-0.3122,[추세] 점포 증가율 변동성,0.18675
BRD_20191283,2024,시너지플레이스,서비스,기타 교육,34.0,0.08198900504686372,0.4009716422911669,0.0821917808219178,0.32270916334661354,건전,0,True,Low,FS1,[구조] 지역당 평균 점포수,0.18152,[추세] 면적당매출 평균,-0.17042,[업종상대] 계약종료 백분위,-0.15408
NAME:촌댁맥주@외식,2024,촌댁맥주,외식,주점,32.0,0.08195520908435472,0.40047830768187537,0.0821917808219178,0.32231075697211153,건전,0,True,Low,FS1,[추세] 점포 증가율 평균,0.35074,[변화] 점포 증가율,0.27483,[추세] 점포 증가율 변동성,-0.23161
BRD_20080100676,2024,원당감자탕,외식,기타 외식,20.0,0.08192141312184571,0.4004381217366968,0.0821917808219178,0.3219123505976096,건전,0,True,Low,FS1,[추세] 면적당매출 평균,0.27738,[수준] 가맹사업 업력,-0.27614,[추세] 매출 증가율 변동성,0.20906
BRD_20130100233,2024,나능이,외식,한식,46.0,0.08188761715933669,0.3999182391665035,0.0821917808219178,0.3215139442231076,건전,0,True,Low,FS1,[업종상대] 계약종료 백분위,-0.24082,[구조] 지역당 평균 점포수,0.1074,[추세] 점포 증가율 변동성,0.10603
BRD_20171254,2024,명륜진사갈비,외식,한식,606.0,0.08185382119682769,0.39975438078702774,0.0821917808219178,0.3211155378486056,건전,0,True,Low,FS1,[추세] 매출 증가율 변동성,0.34028,[추세] 면적당매출 평균,0.2517,[구조] 지역당 평균 점포수,-0.22066
BRD_20140465,2024,명동찌개마을,외식,기타 외식,46.0,0.08182002523431867,0.3994383025175349,0.0821917808219178,0.3207171314741036,건전,0,True,Low,FS1,[추세] 면적당매출 평균,0.16343,[업종상대] 계약종료 백분위,-0.14645,[업종상대] 실질 매출 증가율 백분위,-0.11456
BRD_20190381,2024,온기정,외식,일식,23.0,0.08178622927180966,0.39900582010846525,0.0821917808219178,0.3203187250996016,건전,0,True,Low,FS1,[구조] 지역당 평균 점포수,0.32644,[업종상대] 계약종료 백분위,-0.16331,[수준] 브랜드 연차,-0.15014
BRD_20180361,2024,고돼지,외식,기타 외식,88.0,0.08175243330930064,0.39885984104703553,0.0821917808219178,0.31992031872509963,건전,0,True,Low,FS1,[업종상대] 계약종료 백분위,0.31168,[수준] 브랜드 연차,-0.15802,[업종상대] 점포 증가율 백분위,-0.14736
BRD_20100300027,2024,안경나라,서비스,안경,124.0,0.08171863734679163,0.39878548518339196,0.0821917808219178,0.3195219123505976,요주의,1,False,Low,FS1,[수준] 가맹사업 업력,-0.25912,[수준] 평균매출,0.22126,[추세] 점포 증가율 변동성,-0.19699
BRD_20171141,2024,전통맛집 할매순대국,외식,한식,32.0,0.08168484138428263,0.3986305593405162,0.0821917808219178,0.3191235059760956,건전,0,True,Low,FS1,[추세] 면적당매출 평균,0.14377,[구조] 최다 지역 비중,0.14172,[업종상대] 점포 증가율 백분위,-0.13325
BRD_20220746,2024,선희네집,외식,한식,19.0,0.08165104542177361,0.39847288834861727,0.0821917808219178,0.3187250996015936,건전,0,True,Low,FS1,[구조] 지역 집중도(HHI) 전년비 변화,-0.30222,[변화] 점포 증가율,0.25204,[구조] 지역당 평균 점포수,0.17266
BRD_20130507,2024,3030영어,서비스,교육 (외국어),788.0,0.0816172494592646,0.3983611349450945,0.0821917808219178,0.3183266932270916,건전,0,True,Low,FS1,[추세] 점포 증가율 변동성,-0.25513,[업종상대] 실질 매출 증가율 백분위,0.22475,[구조] 지역당 평균 점포수,-0.1616
BRD_20181286,2024,판다팜,도소매,기타도소매,40.0,0.08158345349675558,0.3983292101981953,0.0821917808219178,0.3179282868525896,건전,0,True,Low,FS1,[추세] 점포 증가율 변동성,-0.24388,[업종상대] 실질 매출 증가율 백분위,0.17829,[업종상대] 업종 대분류,0.09771
BRD_20100100628,2024,컬투치킨,외식,치킨,65.0,0.08154965753424658,0.39806895746677046,0.0821917808219178,0.31752988047808767,건전,0,True,Low,FS1,[추세] 면적당매출 평균,0.30387,[추세] 점포 증가율 변동성,-0.28437,[업종상대] 계약종료 백분위,-0.14241
BRD_20090400030,2024,콩시루,외식,한식,14.0,0.08151586157173756,0.39758004176210743,0.0821917808219178,0.31713147410358566,건전,0,True,Low,FS1,[구조] 지역당 평균 점포수,0.31382,[수준] 가맹사업 업력,-0.25204,[추세] 점포 증가율 변동성,0.13368
BRD_20080100674,2024,박승철헤어스투디오,서비스,이미용,188.0,0.08148206560922855,0.3975789381193698,0.0821917808219178,0.31673306772908366,건전,0,True,Low,FS1,[업종상대] 계약종료 백분위,0.80717,[수준] 가맹사업 업력,-0.24562,[구조] 지역당 평균 점포수,-0.19578
BRD_20190775,2024,롤로토바코샵,도소매,기타도소매,29.0,0.08144826964671954,0.3974444782442761,0.0821917808219178,0.31633466135458166,요주의,1,False,Low,FS1,[수준] 평균매출,0.30027,[구조] 지역당 평균 점포수,-0.21112,[수준] 브랜드 연차,-0.15346
BRD_20231201,2024,신의한국수,외식,분식,20.0,0.08141447368421052,0.39729462814589195,0.0821917808219178,0.31593625498007966,건전,0,True,Low,FS1,[업종상대] 실질 매출 증가율 백분위,0.29348,[업종상대] 계약종료 백분위,-0.21884,[구조] 지역당 평균 점포수,-0.17634
BRD_20170565,2024,우거지품은순대국,외식,한식,13.0,0.08138067772170152,0.39700516270452163,0.0821917808219178,0.3155378486055777,건전,0,True,Low,FS1,[업종상대] 계약종료 백분위,-0.25522,[추세] 면적당매출 평균,-0.16398,[구조] 최다 지역 비중,0.13818
BRD_20141062,2024,성경만두요리전문점,외식,한식,13.0,0.0813468817591925,0.39698501916626705,0.0821917808219178,0.3151394422310757,건전,0,True,Low,FS1,[구조] 지역당 평균 점포수,0.56108,[추세] 점포 증가율 변동성,-0.2774,[업종상대] 계약종료 백분위,-0.16512
BRD_20213360,2024,파스타예요,외식,서양식,44.0,0.08131308579668349,0.396933378160779,0.0821917808219178,0.3147410358565737,건전,0,True,Low,FS1,[업종상대] 계약종료 백분위,-0.23555,[업종상대] 실질 매출 증가율 백분위,-0.13893,[추세] 점포 증가율 변동성,0.13325
BRD_20150426,2024,백스비어,외식,주점,69.0,0.08127928983417447,0.3966606015774268,0.0821917808219178,0.3143426294820717,건전,0,True,Low,FS1,[추세] 면적당매출 평균,0.16466,[추세] 점포 증가율 변동성,0.15806,[구조] 지역당 평균 점포수,0.14561
BRD_20211593,2024,파란만잔,외식,커피,46.0,0.08124549387166546,0.3959426125393795,0.0821917808219178,0.3139442231075697,건전,0,True,Low,FS1,[추세] 점포 증가율 변동성,0.14785,[수준] 가맹사업 업력,0.11958,[수준] 평균매출,-0.09959
BRD_20130100251,2024,홍수계찜닭,외식,한식,16.0,0.08121169790915646,0.39521091749700654,0.0821917808219178,0.31354581673306775,건전,0,True,Low,FS1,[변화] 점포 증가율,0.36546,[업종상대] 계약종료 백분위,0.18725,[구조] 지역 집중도(HHI),-0.14675
BRD_20150944,2024,뚱삼이와 대삼이,외식,한식,23.0,0.08117790194664744,0.39357840329008525,0.0821917808219178,0.31314741035856575,건전,0,True,Low,FS1,[추세] 면적당매출 평균,0.22113,[변화] 신규개점률,0.18034,[구조] 개점-종료 격차,-0.15147
BRD_20080100517,2024,루쏘소,서비스,기타 서비스,35.0,0.08114410598413843,0.3931533226930158,0.0821917808219178,0.31274900398406374,건전,0,True,Low,FS1,[구조] 지역당 평균 점포수,0.57609,[추세] 점포 증가율 변동성,-0.24559,[수준] 가맹사업 업력,-0.21243
BRD_20230725,2024,번쩍피자,외식,피자,58.0,0.08111031002162941,0.39283462680335357,0.0821917808219178,0.31235059760956174,건전,0,True,Low,FS1,[추세] 점포 증가율 변동성,0.15658,[변화] 명의변경률,0.13193,[업종상대] 계약종료 백분위,-0.11911
BRD_20130184,2024,쿠우쿠우,외식,일식,89.0,0.0810765140591204,0.3926044037362085,0.0821917808219178,0.31195219123505974,건전,0,True,Low,FS1,[업종상대] 계약종료 백분위,-0.25146,[추세] 매출 증가율 평균,0.21747,[추세] 면적당매출 평균,0.2165
BRD_20170559,2024,행컵,외식,기타 외식,33.0,0.08104271809661139,0.39238642190218764,0.0821917808219178,0.3115537848605578,건전,0,True,Low,FS1,[업종상대] 실질 매출 증가율 백분위,0.32976,[구조] 지역당 평균 점포수,0.14734,[업종상대] 계약종료 백분위,-0.14563
BRD_20213850,2024,일일수작,외식,주점,64.0,0.08100892213410238,0.39189221282782283,0.0821917808219178,0.3111553784860558,요주의,1,False,Low,FS1,[추세] 점포 증가율 변동성,0.16407,[구조] 최다 지역 비중 전년비 변화,-0.15055,[구조] 지역당 평균 점포수,0.14594
BRD_20080600001,2024,신떡,외식,분식,21.0,0.08097512617159337,0.391648631659156,0.0821917808219178,0.3107569721115538,건전,0,True,Low,FS1,[구조] 지역당 평균 점포수,0.66421,[수준] 가맹사업 업력,-0.29777,[업종상대] 계약종료 백분위,-0.26361
BRD_20230031,2024,ABC STEAM,서비스,자동차 관련,27.0,0.08094133020908435,0.39140646785987426,0.0821917808219178,0.3103585657370518,요주의,1,False,Low,FS1,[업종상대] 계약종료 백분위,-0.27252,[구조] 최다 지역 비중 전년비 변화,-0.15556,[구조] 지역당 평균 점포수,0.11959
BRD_20212416,2024,하노이맥주밤거리,외식,주점,50.0,0.08090753424657535,0.3913723313386832,0.0821917808219178,0.3099601593625498,건전,0,True,Low,FS1,[구조] 지역당 평균 점포수,0.2308,[업종상대] 점포 증가율 백분위,-0.14797,[추세] 점포 증가율 변동성,0.1391
BRD_20160187,2024,친정맘산후도우미,서비스,기타 서비스,35.0,0.08087373828406633,0.391143042977369,0.0821917808219178,0.30956175298804783,건전,0,True,Low,FS1,[구조] 지역당 평균 점포수,0.22037,[수준] 가맹사업 업력,-0.14423,[업종상대] 실질 매출 증가율 백분위,-0.13592
BRD_20214501,2024,왓더버거,외식,패스트푸드,71.0,0.08083994232155732,0.39103060743711665,0.0821917808219178,0.30916334661354583,건전,0,True,Low,FS1,[추세] 면적당매출 평균,0.2064,[추세] 점포 증가율 변동성,0.13311,[업종상대] 점포 증가율 백분위,-0.1309
BRD_20150489,2024,헬로우컷,서비스,이미용,54.0,0.08080614635904831,0.3908298807191213,0.0821917808219178,0.30876494023904383,건전,0,True,Low,FS1,[업종상대] 실질 매출 증가율 백분위,0.25111,[구조] 지역당 평균 점포수,-0.16718,[추세] 면적당매출 평균,0.14805
BRD_20210387,2024,싸다아구찜&탕,외식,한식,88.0,0.0807723503965393,0.39057694298345946,0.0821917808219178,0.3083665338645418,건전,0,True,Low,FS1,[추세] 점포 증가율 변동성,0.12299,[업종상대] 실질 매출 증가율 백분위,-0.11288,[구조] 최다 지역 비중,-0.09989
BRD_20211162,2024,향리원 마라탕,외식,중식,33.0,0.08073855443403029,0.39031515703651865,0.0821917808219178,0.3079681274900398,건전,0,True,Low,FS1,[업종상대] 계약종료 백분위,0.39742,[수준] 평균매출,-0.16275,[구조] 지역 집중도(HHI),-0.14019
BRD_20190579,2024,한국치매예방협회,서비스,기타 교육,67.0,0.08070475847152127,0.39004486262223187,0.0821917808219178,0.3075697211155379,건전,0,True,Low,FS1,[추세] 점포 증가율 변동성,-0.37301,[업종상대] 계약종료 백분위,-0.27691,[업종상대] 실질 매출 증가율 백분위,0.16149
BRD_20080100034,2024,오븐에빠진닭,외식,치킨,55.0,0.08067096250901226,0.3900215582327065,0.0821917808219178,0.3071713147410359,건전,0,True,Low,FS1,[추세] 면적당매출 평균,0.40744,[추세] 점포 증가율 변동성,-0.30606,[추세] 매출 증가율 변동성,0.24993
BRD_20231686,2024,진돗가비불쭈꾸미,외식,한식,21.0,0.08063716654650324,0.38995668123343097,0.0821917808219178,0.30677290836653387,건전,0,True,Low,FS1,[업종상대] 실질 매출 증가율 백분위,0.26843,[업종상대] 계약종료 백분위,-0.24434,[구조] 지역 집중도(HHI),-0.15893
BRD_20180332,2024,백금당,외식,커피,29.0,0.08060337058399424,0.3895394052081307,0.0821917808219178,0.30637450199203187,건전,0,True,Low,FS1,[구조] 지역당 평균 점포수,0.33442,[업종상대] 계약종료 백분위,-0.23143,[추세] 면적당매출 평균,-0.17233
BRD_20120600062,2024,폴리파크,서비스,반려동물 관련,75.0,0.08056957462148523,0.38805270099144684,0.07894736842105263,0.30557768924302786,요주의,1,False,Low,FS1,[업종상대] 계약종료 백분위,0.38399,[추세] 점포 증가율 변동성,0.14698,[수준] 본부 직원수,-0.13081
BRD_20130100076,2024,한방전주콩나물국밥,외식,한식,27.0,0.08056957462148523,0.38938794095239554,0.0821917808219178,0.30597609561752986,건전,0,True,Low,FS1,[변화] 점포 증가율,0.35118,[구조] 지역 집중도(HHI) 전년비 변화,-0.3268,[추세] 점포 증가율 평균,0.31167
BRD_20210849,2024,허광웅의 아구세상,외식,한식,27.0,0.08049904391711858,0.3879567081275551,0.07894736842105263,0.3051792828685259,요주의,1,False,Low,FS1,[업종상대] 계약종료 백분위,-0.26297,[추세] 매출 증가율 변동성,0.18723,[추세] 면적당매출 평균,-0.12378
BRD_20080100056,2024,아리따움,도소매,화장품,372.0,0.08042851321275195,0.3879341299080132,0.07894736842105263,0.3047808764940239,건전,0,True,Low,FS1,[수준] 가맹사업 업력,-0.22729,[구조] 지역당 평균 점포수,-0.20335,[변화] 점포 증가율,0.16978
BRD_20150722,2024,종로맥가,외식,기타 외식,41.0,0.08035798250838531,0.3875883019008093,0.07894736842105263,0.3043824701195219,건전,0,True,Low,FS1,[업종상대] 계약종료 백분위,-0.26255,[추세] 면적당매출 평균,0.17065,[구조] 지역당 평균 점포수,0.15021
BRD_20171462,2024,리드101,서비스,교육 (외국어),52.0,0.08028745180401868,0.38744144103366573,0.07894736842105263,0.3039840637450199,건전,0,True,Low,FS1,[추세] 매출 증가율 변동성,0.28842,[추세] 면적당매출 평균,0.23276,[업종상대] 계약종료 백분위,-0.21727
BRD_20231207,2024,카페인24,외식,커피,68.0,0.08021692109965205,0.38741741558345644,0.07894736842105263,0.3035856573705179,건전,0,True,Low,FS1,[업종상대] 계약종료 백분위,-0.26282,[수준] 평균매출,0.26,[구조] 지역 집중도(HHI),-0.16033
BRD_20090100250,2024,랭콘잉글리쉬,서비스,교육 (외국어),61.0,0.08014639039528541,0.38736176812561146,0.07894736842105263,0.30318725099601596,건전,0,True,Low,FS1,[업종상대] 계약종료 백분위,0.20242,[수준] 면적당매출,0.13719,[추세] 점포 증가율 변동성,-0.13263
BRD_20210961,2024,백돈,외식,기타 외식,67.0,0.08007585969091878,0.38718696371599204,0.07894736842105263,0.30278884462151395,건전,0,True,Low,FS1,[추세] 점포 증가율 변동성,0.13683,[수준] 가맹사업 업력,0.12107,[업종상대] 점포 증가율 백분위,-0.11627
BRD_20080100445,2024,목우촌웰빙마을,외식,기타 외식,29.0,0.08000532898655215,0.3871102187479346,0.07894736842105263,0.30239043824701195,건전,0,True,Low,FS1,[변화] 점포 증가율,0.36411,[수준] 가맹사업 업력,-0.29182,[변화] 신규개점률,0.1515
BRD_20220474,2024,은행골,외식,일식,22.0,0.07993479828218551,0.3853862900831538,0.07894736842105263,0.30199203187250995,건전,0,True,Low,FS1,[업종상대] 계약종료 백분위,-0.26424,[구조] 지역당 평균 점포수,0.1518,[추세] 점포 증가율 변동성,0.13976
BRD_20110100087,2024,룩옵티컬,서비스,안경,51.0,0.07986426757781888,0.38526224503908013,0.07894736842105263,0.30159362549800794,건전,0,True,Low,FS1,[추세] 면적당매출 평균,0.29228,[추세] 점포 증가율 변동성,-0.26563,[구조] 지역당 평균 점포수,0.13627
BRD_20200193,2024,무공돈까스,외식,분식,58.0,0.07979373687345225,0.38522300380532726,0.07894736842105263,0.301195219123506,건전,0,True,Low,FS1,[구조] 지역당 평균 점포수,0.21766,[수준] 브랜드 연차,-0.18452,[추세] 점포 증가율 변동성,0.17006
BRD_20230450,2024,짜글이미식회,외식,한식,41.0,0.07972320616908561,0.3851073237585839,0.07894736842105263,0.300796812749004,요주의,1,False,Low,FS1,[업종상대] 계약종료 백분위,-0.14317,[추세] 면적당매출 평균,0.11488,[추세] 점포 증가율 변동성,0.10771
BRD_20180923,2024,국풀국어전문학원,서비스,교육 (교과),31.0,0.07965267546471898,0.38463445010244945,0.07894736842105263,0.300398406374502,건전,0,True,Low,FS1,[추세] 점포 증가율 변동성,-0.17721,[변화] 점포 증가율,0.16937,[구조] 지역당 평균 점포수,0.1588
BRD_20130482,2024,한가네숯불닭갈비,외식,한식,35.0,0.07958214476035234,0.38436906507444385,0.07894736842105263,0.3,건전,0,True,Low,FS1,[변화] 점포 증가율,0.36167,[업종상대] 계약종료 백분위,0.31878,[구조] 지역당 평균 점포수,-0.16491
BRD_20080100288,2024,사고력수학 시매쓰,서비스,기타 교육,155.0,0.07951161405598571,0.38430438216430846,0.07894736842105263,0.299601593625498,건전,0,True,Low,FS1,[수준] 가맹사업 업력,-0.23853,[수준] 면적당매출,0.21255,[구조] 지역당 평균 점포수,-0.19741
BRD_20080200171,2024,크린에이드,서비스,세탁,271.0,0.07944108335161908,0.3842887677177976,0.07894736842105263,0.29920318725099604,건전,0,True,Low,FS1,[수준] 평균매출,0.27834,[수준] 면적당매출,0.24045,[수준] 가맹사업 업력,-0.22596
BRD_20160150,2024,숯불에닭,외식,한식,66.0,0.07937055264725244,0.38338502620980536,0.07894736842105263,0.29880478087649404,건전,0,True,Low,FS1,[수준] 브랜드 연차,-0.16597,[추세] 점포 증가율 변동성,0.15879,[구조] 지역당 평균 점포수,0.13091
BRD_20080200244,2024,아발론잉글리쉬,서비스,교육 (외국어),68.0,0.07930002194288581,0.382960593237623,0.07894736842105263,0.29840637450199203,요주의,1,False,Low,FS1,[수준] 면적당매출,0.23119,[구조] 지역당 평균 점포수,0.2129,[수준] 브랜드 연차,-0.14345
BRD_20160451,2024,하루엔소쿠,외식,일식,94.0,0.07922949123851918,0.38245067865078475,0.07894736842105263,0.29800796812749003,건전,0,True,Low,FS1,[업종상대] 계약종료 백분위,0.86234,[추세] 점포 증가율 변동성,-0.13357,[수준] 브랜드 연차,-0.12918
BRD_20190591,2024,오슬로우(OHSLOW),외식,커피,31.0,0.07915896053415254,0.3819562232230504,0.07894736842105263,0.297609561752988,건전,0,True,Low,FS1,[수준] 평균매출,0.19287,[수준] 브랜드 연차,-0.16459,[수준] 가맹사업 업력,0.13447
BRD_20200136,2024,상무초밥,외식,일식,50.0,0.07908842982978591,0.38193605262070124,0.07894736842105263,0.2972111553784861,건전,0,True,Low,FS1,[업종상대] 계약종료 백분위,-0.26965,[수준] 브랜드 연차,-0.14358,[구조] 지역당 평균 점포수,0.14083
BRD_20200774,2024,다가치통닭,외식,치킨,37.0,0.07901789912541927,0.3818369557578916,0.07894736842105263,0.2968127490039841,건전,0,True,Low,FS1,[구조] 지역당 평균 점포수,-0.19105,[수준] 브랜드 연차,-0.15991,[추세] 면적당매출 평균,0.14207
BRD_20210503,2024,국제표준금거래소,도소매,기타도소매,27.0,0.07894736842105264,0.3815932991785577,0.07894736842105263,0.2964143426294821,건전,0,True,Low,FS1,[업종상대] 계약종료 백분위,-0.27761,[구조] 지역당 평균 점포수,0.22393,[업종상대] 점포 증가율 백분위,-0.14793
BRD_20200564,2024,롯데프레시(LOTTE FRESH),도소매,종합소매점,123.0,0.07887683771668601,0.3797695352653646,0.07894736842105263,0.29601593625498007,건전,0,True,Low,FS1,[변화] 점포 증가율,0.24756,[구조] 지역당 평균 점포수,-0.21991,[추세] 점포 증가율 변동성,0.17162
BRD_20220121,2024,와플샵,외식,제과제빵,22.0,0.07880630701231937,0.3796037642179174,0.07894736842105263,0.29561752988047807,건전,0,True,Low,FS1,[구조] 지역당 평균 점포수,0.19233,[업종상대] 점포 증가율 백분위,-0.12896,[추세] 점포 증가율 변동성,0.11304
BRD_20100600055,2024,미쳐버린파닭,외식,치킨,51.0,0.07873577630795274,0.37959102615134666,0.07894736842105263,0.2952191235059761,건전,0,True,Low,FS1,[변화] 점포 증가율,0.26951,[수준] 가맹사업 업력,-0.23848,[추세] 면적당매출 평균,-0.17295
BRD_20212782,2024,청기와타운,외식,한식,31.0,0.0786652456035861,0.3795748381661527,0.07894736842105263,0.2948207171314741,건전,0,True,Low,FS1,[수준] 평균매출,-0.14212,[업종상대] 계약종료 백분위,-0.13297,[추세] 점포 증가율 변동성,0.12359
BRD_20161266,2024,슈올즈 (ShoeallS),도소매,기타도소매,155.0,0.07859471489921947,0.37919353867941946,0.07894736842105263,0.2944223107569721,건전,0,True,Low,FS1,[추세] 매출 증가율 변동성,0.31809,[추세] 면적당매출 평균,0.25927,[구조] 지역당 평균 점포수,-0.23076
BRD_20150175,2024,이씨엔교육,서비스,교육 (교과),127.0,0.07852418419485284,0.3784369394205086,0.07894736842105263,0.2940239043824701,건전,0,True,Low,FS1,[추세] 점포 증가율 변동성,-0.37879,[업종상대] 계약종료 백분위,-0.26798,[업종상대] 실질 매출 증가율 백분위,0.18966
BRD_20190930,2024,사이공본가,외식,기타 외국식,38.0,0.0784536534904862,0.3779007382497042,0.07894736842105263,0.2936254980079681,요주의,1,False,Low,FS1,[추세] 매출 증가율 변동성,0.24376,[수준] 브랜드 연차,-0.14938,[구조] 지역 집중도(HHI),-0.13293
BRD_20171464,2024,레드버튼(RedButton),서비스,오락,99.0,0.07838312278611957,0.37787211046904434,0.07894736842105263,0.2932270916334661,요주의,1,False,Low,FS1,[업종상대] 계약종료 백분위,-0.22988,[추세] 면적당매출 평균,0.19351,[추세] 매출 증가율 변동성,0.13962
BRD_20160567,2024,슈퍼스타코인노래연습장,서비스,오락,38.0,0.07831259208175294,0.37738484078850826,0.07894736842105263,0.29282868525896416,건전,0,True,Low,FS1,[추세] 점포 증가율 변동성,-0.3075,[업종상대] 계약종료 백분위,-0.27326,[업종상대] 실질 매출 증가율 백분위,0.17366
BRD_20130400,2024,누리마을감자탕,외식,한식,57.0,0.0782420613773863,0.37674385038119695,0.07894736842105263,0.29243027888446216,평가불가,0,False,Low,FS1,[수준] 가맹사업 업력,-0.28405,[업종상대] 계약종료 백분위,-0.25021,[업종상대] 실질 매출 증가율 백분위,0.23375
BRD_20200808,2024,달빛에 구운 고등어,외식,한식,32.0,0.07817153067301967,0.3757343344785618,0.07894736842105263,0.29203187250996016,건전,0,True,Low,FS1,[구조] 지역당 평균 점포수,0.39273,[업종상대] 계약종료 백분위,-0.27007,[추세] 면적당매출 평균,0.1441
BRD_20211631,2024,잇샌드(itsand),외식,패스트푸드,23.0,0.07810099996865304,0.37530843223336985,0.07894736842105263,0.29163346613545815,요주의,1,False,Low,FS1,[추세] 매출 증가율 변동성,0.27278,[추세] 면적당매출 평균,0.26807,[업종상대] 계약종료 백분위,-0.25901
BRD_20100100317,2024,플래뮤,서비스,기타 교육,72.0,0.0780304692642864,0.3745203417377075,0.07894736842105263,0.29123505976095615,요주의,1,False,Low,FS1,[업종상대] 계약종료 백분위,0.7361,[수준] 가맹사업 업력,-0.20938,[변화] 점포 증가율,0.19974
BRD_20212045,2024,국밥참맛있는집,외식,한식,90.0,0.07795993855991977,0.37445590490629216,0.07894736842105263,0.2908366533864542,건전,0,True,Low,FS1,[업종상대] 점포 증가율 백분위,-0.17338,[추세] 매출 증가율 평균,0.15191,[추세] 점포 증가율 변동성,0.14706
BRD_20201215,2024,청담피자,외식,피자,48.0,0.07788940785555314,0.3739271758936058,0.07894736842105263,0.2904382470119522,건전,0,True,Low,FS1,[구조] 지역당 평균 점포수,0.19215,[수준] 가맹사업 업력,0.15566,[수준] 브랜드 연차,-0.14057
BRD_20201595,2024,"쉼, 어묵 그리고 한잔 술",외식,주점,48.0,0.0778188771511865,0.37355079210722664,0.07894736842105263,0.2900398406374502,건전,0,True,Low,FS1,[수준] 브랜드 연차,-0.18452,[업종상대] 계약종료 백분위,-0.18406,[추세] 면적당매출 평균,-0.18173
NAME:책나무@서비스,2024,책나무,서비스,기타 교육,417.0,0.07774834644681987,0.3730879712565909,0.07894736842105263,0.2896414342629482,건전,0,True,Low,FS1,[업종상대] 실질 매출 증가율 백분위,-0.16722,[업종상대] 계약종료 백분위,-0.16294,[수준] 면적당매출,0.10918
BRD_20220531,2024,김치찜에 진심,외식,한식,23.0,0.07767781574245324,0.37290919320886956,0.07894736842105263,0.2892430278884462,건전,0,True,Low,FS1,[구조] 지역당 평균 점포수,0.19205,[추세] 점포 증가율 변동성,0.18627,[업종상대] 계약종료 백분위,-0.1653
BRD_20160864,2024,기탄사고력교실,서비스,교육 (교과),1083.0,0.0776072850380866,0.3728493671852076,0.07894736842105263,0.28884462151394424,요주의,1,False,Low,FS1,[구조] 지역당 평균 점포수,-0.20724,[수준] 평균매출,0.20655,[수준] 브랜드 연차,-0.12005
BRD_20140203,2024,아마스빈코리아,외식,음료 (커피 외),60.0,0.07753675433371997,0.37248362110838135,0.07894736842105263,0.28844621513944224,건전,0,True,Low,FS1,[변화] 점포 증가율,0.42469,[구조] 지역당 평균 점포수,-0.28162,[수준] 브랜드 연차,-0.11201
BRD_20100300026,2024,씨채널(See Channel),서비스,안경,65.0,0.07746622362935333,0.3719435796843563,0.07894736842105263,0.28804780876494024,요주의,1,False,Low,FS1,[수준] 가맹사업 업력,-0.24462,[수준] 평균매출,0.16646,[수준] 면적당매출,0.14248
BRD_20210041,2024,아덴블랑제리,외식,커피,48.0,0.0773956929249867,0.3718294574748676,0.07894736842105263,0.28764940239043824,요주의,1,False,Low,FS1,[추세] 면적당매출 평균,-0.1253,[수준] 가맹사업 업력,0.1216,[업종상대] 계약종료 백분위,0.11437
BRD_20080200242,2024,청양일초,외식,한식,25.0,0.07732516222062005,0.3713488373971069,0.07894736842105263,0.28725099601593623,건전,0,True,Low,FS1,[구조] 지역당 평균 점포수,0.32459,[수준] 가맹사업 업력,-0.31989,[수준] 브랜드 연차,-0.12012
BRD_20100100309,2024,앗싸곱창,외식,한식,22.0,0.07340270109126966,0.37129898271260425,0.07340270109126966,0.2868525896414343,건전,0,True,Low,FS1,[업종상대] 계약종료 백분위,-0.23321,[수준] 가맹사업 업력,-0.20773,[업종상대] 실질 매출 증가율 백분위,0.17966
BRD_20120100412,2024,빨라쪼 델 프레도,외식,아이스크림/빙수,15.0,0.06842077504438403,0.3712767469275338,0.06842077504438403,0.2864541832669323,건전,0,True,Low,FS1,[구조] 지역당 평균 점포수,0.52093,[수준] 가맹사업 업력,-0.31919,[추세] 점포 증가율 변동성,0.12415
BRD_20140647,2024,두거리우신탕,외식,한식,30.0,0.0353217615402107,0.3706803123024252,0.02953586497890295,0.2860557768924303,건전,0,True,Low,FS1,[구조] 지역당 평균 점포수,0.35357,[추세] 점포 증가율 변동성,-0.25667,[업종상대] 계약종료 백분위,-0.18542
BRD_20130100128,2024,대박통,외식,한식,20.0,0.035289795260866466,0.3703286924306546,0.02953586497890295,0.2856573705179283,건전,0,True,Low,FS1,[업종상대] 계약종료 백분위,-0.15852,[추세] 면적당매출 평균,0.1559,[추세] 점포 증가율 변동성,0.14453
BRD_20140218,2024,계림원누릉지통닭구이,외식,치킨,49.0,0.03525782898152222,0.37000883629623915,0.02953586497890295,0.2852589641434263,건전,0,True,Low,FS1,[추세] 면적당매출 평균,0.16183,[추세] 점포 증가율 변동성,-0.12995,[수준] 평균매출,-0.12513
BRD_20161129,2024,뜨돈(DD'DON),외식,서양식,43.0,0.03522586270217798,0.36967545360298854,0.02953586497890295,0.2848605577689243,건전,0,True,Low,FS1,[구조] 지역당 평균 점포수,0.22335,[수준] 브랜드 연차,-0.1428,[업종상대] 계약종료 백분위,-0.13064
BRD_20220226,2024,PLUS 82(플러스 82),외식,커피,146.0,0.03519389642283374,0.3693272134697216,0.02953586497890295,0.2844621513944223,건전,0,True,Low,FS1,[구조] 지역당 평균 점포수,-0.22913,[추세] 면적당매출 평균,0.16244,[추세] 점포 증가율 변동성,0.12915
BRD_20171226,2024,최고당돈가스,외식,기타 외식,137.0,0.0351619301434895,0.3692920060423429,0.02953586497890295,0.2840637450199203,건전,0,True,Low,FS1,[구조] 지역당 평균 점포수,-0.24599,[변화] 점포 증가율,0.23681,[추세] 면적당매출 평균,0.2048
BRD_20230142,2024,샹츠마라,외식,중식,35.0,0.035129963864145256,0.3684768963539137,0.02953586497890295,0.2836653386454183,건전,0,True,Low,FS1,[업종상대] 계약종료 백분위,-0.22938,[구조] 지역 집중도(HHI),-0.17272,[업종상대] 실질 매출 증가율 백분위,0.12282
BRD_20140639,2024,통인익스프레스,서비스,이사,95.0,0.03509799758480101,0.36792834502708627,0.02953586497890295,0.2832669322709163,건전,0,True,Low,FS1,[추세] 면적당매출 평균,0.10335,[수준] 브랜드 연차,-0.09676,[업종상대] 실질 매출 증가율 백분위,-0.09221
BRD_20130100291,2024,본가집안동국밥곰탕,외식,한식,33.0,0.03506603130545677,0.36757967240631206,0.02953586497890295,0.28286852589641437,건전,0,True,Low,FS1,[구조] 지역당 평균 점포수,0.32351,[구조] 지역 집중도(HHI) 전년비 변화,-0.3018,[업종상대] 계약종료 백분위,0.20697
BRD_20140715,2024,탑스칼프,서비스,이미용,25.0,0.03503406502611253,0.36653608182014974,0.02953586497890295,0.28247011952191237,건전,0,True,Low,FS1,[추세] 점포 증가율 변동성,-0.21601,[구조] 지역당 평균 점포수,0.18605,[업종상대] 계약종료 백분위,-0.12128
BRD_20120500002,2024,강남교자,외식,기타 외식,26.0,0.03500209874676829,0.36620360222027054,0.02953586497890295,0.28207171314741036,건전,0,True,Low,FS1,[추세] 면적당매출 평균,0.25622,[업종상대] 계약종료 백분위,-0.15957,[구조] 지역당 평균 점포수,0.15571
BRD_20150276,2024,울타리없는만두집,외식,한식,12.0,0.034970132467424045,0.365786905952241,0.02953586497890295,0.28167330677290836,건전,0,True,Low,FS1,[업종상대] 계약종료 백분위,-0.28563,[구조] 지역당 평균 점포수,0.27583,[추세] 면적당매출 평균,-0.179
BRD_20150404,2024,에슬로우커피 (ESLOW COFFEE),외식,커피,25.0,0.03493816618807981,0.3653637811652247,0.02953586497890295,0.28127490039840636,건전,0,True,Low,FS1,[구조] 지역당 평균 점포수,-0.35033,[업종상대] 실질 매출 증가율 백분위,0.12789,[수준] 브랜드 연차,-0.12265
BRD_20100100052,2024,붐비어,외식,주점,22.0,0.034906199908735565,0.36522994451285073,0.02953586497890295,0.28087649402390436,건전,0,True,Low,FS1,[변화] 점포 증가율,0.34503,[수준] 가맹사업 업력,-0.17851,[구조] 지역 집중도(HHI),-0.13099
BRD_20170922,2024,풍국면,외식,기타 외식,43.0,0.03487423362939132,0.3649696980587331,0.02953586497890295,0.2804780876494024,건전,0,True,Low,FS1,[구조] 지역당 평균 점포수,0.20074,[수준] 브랜드 연차,-0.16884,[업종상대] 계약종료 백분위,-0.15872
BRD_20100300029,2024,돈오락쪽갈비,외식,한식,35.0,0.03484226735004708,0.36486520818680446,0.02953586497890295,0.2800796812749004,요주의,1,False,Low,FS1,[구조] 지역당 평균 점포수,0.46891,[수준] 가맹사업 업력,-0.2162,[추세] 점포 증가율 변동성,-0.17625
BRD_20150062,2024,매스커피,외식,음료 (커피 외),37.0,0.034810301070702834,0.36475965003755995,0.02953586497890295,0.2796812749003984,건전,0,True,Low,FS1,[업종상대] 계약종료 백분위,-0.26577,[추세] 면적당매출 평균,0.24056,[구조] 지역당 평균 점포수,-0.15768
BRD_20140109,2024,토리헤어,서비스,이미용,166.0,0.0347783347913586,0.364550645761988,0.02953586497890295,0.2792828685258964,건전,0,True,Low,FS1,[구조] 지역당 평균 점포수,-0.27535,[수준] 면적당매출,0.17246,[추세] 면적당매출 평균,-0.14004
BRD_20140288,2024,스트릿츄러스,외식,제과제빵,68.0,0.034746368512014354,0.36388942317713874,0.02953586497890295,0.2788844621513944,건전,0,True,Low,FS1,[추세] 면적당매출 평균,0.15413,[추세] 점포 증가율 변동성,0.15029,[업종상대] 점포 증가율 백분위,-0.14816
BRD_20211967,2024,카페달링,외식,커피,20.0,0.03471440223267011,0.3636551740716949,0.02953586497890295,0.27848605577689245,건전,0,True,Low,FS1,[구조] 지역당 평균 점포수,0.37683,[업종상대] 계약종료 백분위,-0.27442,[업종상대] 점포 증가율 백분위,-0.16989
BRD_20080100573,2024,나이스가이,서비스,이미용,259.0,0.034682435953325874,0.3629631625377134,0.02953586497890295,0.27808764940239045,건전,0,True,Low,FS1,[추세] 면적당매출 평균,0.2869,[추세] 매출 증가율 변동성,0.24742,[추세] 매출 증가율 평균,0.23335
BRD_20130100257,2024,춘하추동,외식,분식,21.0,0.03465046967398163,0.3626257434666308,0.02953586497890295,0.27768924302788844,건전,0,True,Low,FS1,[추세] 면적당매출 평균,0.29477,[추세] 매출 증가율 변동성,0.26412,[추세] 매출 증가율 평균,0.26069
BRD_20200830,2024,인생아구찜,외식,한식,175.0,0.03461850339463739,0.36176823660141066,0.02953586497890295,0.27729083665338644,건전,0,True,Low,FS1,[업종상대] 계약종료 백분위,-0.22499,[구조] 지역당 평균 점포수,-0.2059,[추세] 면적당매출 평균,0.16391
BRD_20230571,2024,아트스타,서비스,기타 교육,34.0,0.034586537115293144,0.3613184031189709,0.02953586497890295,0.27689243027888444,건전,0,True,Low,FS1,[업종상대] 계약종료 백분위,-0.27883,[업종상대] 실질 매출 증가율 백분위,-0.16592,[구조] 지역당 평균 점포수,0.12265
BRD_20200638,2024,천씨씨커피,외식,커피,109.0,0.0345545708359489,0.3612379596499642,0.02953586497890295,0.2764940239043825,건전,0,True,Low,FS1,[추세] 면적당매출 평균,0.29043,[구조] 지역당 평균 점포수,-0.25699,[추세] 점포 증가율 변동성,0.1309
BRD_20130181,2024,포베이,외식,기타 외식,32.0,0.034522604556604664,0.3599341695417494,0.02953586497890295,0.2760956175298805,건전,0,True,Low,FS1,[수준] 가맹사업 업력,-0.32945,[구조] 지역당 평균 점포수,0.2747,[업종상대] 계약종료 백분위,-0.23368
BRD_20220313,2024,4242샌드위치,외식,서양식,24.0,0.03449063827726042,0.3595602112359172,0.02953586497890295,0.2756972111553785,건전,0,True,Low,FS1,[추세] 매출 증가율 평균,0.17906,[구조] 지역당 평균 점포수,0.17899,[업종상대] 계약종료 백분위,-0.15629
BRD_20190734,2024,잔잔,외식,주점,42.0,0.034458671997916177,0.359349060246454,0.02953586497890295,0.2752988047808765,건전,0,True,Low,FS1,[업종상대] 계약종료 백분위,-0.25304,[추세] 매출 증가율 평균,0.23751,[추세] 매출 증가율 변동성,0.21275
BRD_20100100018,2024,콩불,외식,한식,18.0,0.03442670571857193,0.3586982475040901,0.02953586497890295,0.2749003984063745,건전,0,True,Low,FS1,[구조] 지역당 평균 점포수,0.61256,[추세] 점포 증가율 변동성,-0.29162,[변화] 점포 증가율,0.2767
BRD_20212817,2024,참토스트,외식,기타 외식,40.0,0.034394739439227696,0.3582749456756563,0.02953586497890295,0.27450199203187253,건전,0,True,Low,FS1,[업종상대] 계약종료 백분위,-0.30097,[구조] 지역당 평균 점포수,0.16517,[추세] 점포 증가율 변동성,0.13166
BRD_20171304,2024,현풍닭칼국수,외식,한식,74.0,0.03436277315988345,0.3581071836161045,0.02953586497890295,0.27410358565737053,건전,0,True,Low,FS1,[업종상대] 실질 매출 증가율 백분위,0.23085,[추세] 점포 증가율 변동성,-0.15601,[수준] 브랜드 연차,-0.14584
BRD_20211506,2024,팔팔포장마차,외식,주점,95.0,0.03433080688053921,0.35791843159412395,0.02953586497890295,0.2737051792828685,건전,0,True,Low,FS1,[업종상대] 점포 증가율 백분위,-0.19251,[추세] 점포 증가율 변동성,0.14008,[수준] 면적당매출,0.13143
BRD_20080500029,2024,굴세상,외식,기타 외식,49.0,0.034298840601194966,0.3572696462466391,0.02953586497890295,0.2733067729083665,건전,0,True,Low,FS1,[업종상대] 계약종료 백분위,-0.3066,[수준] 가맹사업 업력,-0.21997,[추세] 점포 증가율 변동성,0.192
BRD_20210973,2024,피자덕,외식,피자,44.0,0.03426687432185073,0.35710201593932006,0.02953586497890295,0.2729083665338645,건전,0,True,Low,FS1,[구조] 지역당 평균 점포수,0.34049,[업종상대] 계약종료 백분위,-0.28636,[추세] 면적당매출 평균,-0.16001
BRD_20161275,2024,한옥마을,외식,한식,51.0,0.034234908042506486,0.3570866639124576,0.02953586497890295,0.2725099601593626,건전,0,True,Low,FS1,[업종상대] 계약종료 백분위,-0.17362,[구조] 지역당 평균 점포수,0.15228,[업종상대] 실질 매출 증가율 백분위,-0.12139
BRD_20191301,2024,삼덕통닭,외식,치킨,29.0,0.03420294176316224,0.35688172494797143,0.02953586497890295,0.27211155378486057,요주의,1,False,Low,FS1,[업종상대] 계약종료 백분위,-0.27186,[구조] 지역당 평균 점포수,0.14829,[수준] 브랜드 연차,-0.12343
BRD_20080100650,2024,올떡,외식,분식,67.0,0.034170975483818006,0.3568797444378207,0.02953586497890295,0.27171314741035857,건전,0,True,Low,FS1,[수준] 가맹사업 업력,-0.22031,[수준] 평균매출,0.16972,[변화] 점포 증가율,0.1415
BRD_20212290,2024,빵꾸똥꾸 문구야!,도소매,기타도소매,260.0,0.03413900920447376,0.35417025057301443,0.02953586497890295,0.27131474103585657,건전,0,True,Low,FS1,[구조] 지역당 평균 점포수,-0.29451,[업종상대] 계약종료 백분위,0.27577,[수준] 평균매출,0.19745
BRD_20140164,2024,나드리김밥,외식,기타 외식,57.0,0.03410704292512952,0.3540631507065417,0.02953586497890295,0.27091633466135456,요주의,1,False,Low,FS1,[업종상대] 계약종료 백분위,-0.24685,[수준] 브랜드 연차,-0.18255,[추세] 매출 증가율 변동성,0.178
BRD_20213692,2024,오와케이크,외식,제과제빵,22.0,0.034075076645785275,0.3539859260354362,0.02953586497890295,0.2705179282868526,건전,0,True,Low,FS1,[추세] 매출 증가율 변동성,0.27575,[업종상대] 계약종료 백분위,-0.25385,[구조] 지역 집중도(HHI),-0.17794
BRD_20130518,2024,채다올김밥,외식,분식,22.0,0.03404311036644103,0.35359041054816776,0.02953586497890295,0.2701195219123506,건전,0,True,Low,FS1,[추세] 점포 증가율 변동성,-0.20744,[수준] 브랜드 연차,-0.16694,[수준] 평균매출,0.09934
BRD_20220206,2024,일품대패,외식,한식,85.0,0.034011144087096795,0.35310978886237215,0.02953586497890295,0.2697211155378486,건전,0,True,Low,FS1,[업종상대] 계약종료 백분위,-0.2537,[추세] 점포 증가율 변동성,0.1555,[추세] 매출 증가율 변동성,0.1482
BRD_20220969,2024,포토이즘컬러드,서비스,기타 서비스,74.0,0.03397917780775255,0.3527966676375223,0.02953586497890295,0.2693227091633466,요주의,1,False,Low,FS1,[업종상대] 계약종료 백분위,-0.17574,[추세] 면적당매출 평균,-0.17421,[추세] 점포 증가율 변동성,0.11598
BRD_20080600013,2024,종국이두마리치킨,외식,치킨,31.0,0.03394721152840831,0.35275418450381474,0.02953586497890295,0.2689243027888446,요주의,1,False,Low,FS1,[변화] 점포 증가율,0.32796,[업종상대] 계약종료 백분위,0.26513,[수준] 가맹사업 업력,-0.25194
BRD_20150522,2024,리김밥,외식,분식,28.0,0.033915245249064065,0.3526032556321609,0.02953586497890295,0.2685258964143426,건전,0,True,Low,FS1,[업종상대] 계약종료 백분위,-0.30551,[변화] 점포 증가율,0.20926,[추세] 점포 증가율 변동성,0.16013
BRD_20180732,2024,닭장수후라이드和,외식,치킨,43.0,0.03388327896971983,0.35189872259595273,0.02953586497890295,0.26812749003984065,건전,0,True,Low,FS1,[업종상대] 계약종료 백분위,-0.16816,[업종상대] 실질 매출 증가율 백분위,-0.11402,[수준] 가맹사업 업력,0.10882
BRD_20150161,2024,모던필라테스MPI,서비스,기타 서비스,96.0,0.033851312690375585,0.35169974454967823,0.02953586497890295,0.26772908366533865,건전,0,True,Low,FS1,[추세] 점포 증가율 변동성,-0.25304,[업종상대] 실질 매출 증가율 백분위,0.22761,[추세] 면적당매출 평균,0.13679
BRD_20190071,2024,공부인 스터디카페,서비스,기타 서비스,78.0,0.03381934641103134,0.3515310339988095,0.02953586497890295,0.26733067729083665,건전,0,True,Low,FS1,[추세] 점포 증가율 변동성,-0.24127,[추세] 면적당매출 평균,-0.18618,[업종상대] 계약종료 백분위,-0.16543
BRD_20170329,2024,미래엔영어,서비스,교육 (외국어),1355.0,0.0337873801316871,0.3514667187664803,0.02953586497890295,0.26693227091633465,건전,0,True,Low,FS1,[수준] 평균매출,0.30969,[수준] 면적당매출,0.21505,[구조] 지역당 평균 점포수,-0.20174
BRD_20151265,2024,바우네나주곰탕,외식,한식,105.0,0.03375541385234286,0.35087835433682135,0.02953586497890295,0.26653386454183264,요주의,1,False,Low,FS1,[수준] 평균매출,0.15119,[수준] 브랜드 연차,-0.15066,[구조] 지역당 평균 점포수,-0.14958
BRD_20211063,2024,개밥파는 고양이,서비스,반려동물 관련,77.0,0.03372344757299862,0.35078176798752253,0.02953586497890295,0.2661354581673307,건전,0,True,Low,FS1,[업종상대] 계약종료 백분위,-0.33767,[추세] 면적당매출 평균,-0.21281,[구조] 지역당 평균 점포수,-0.16549
BRD_20160271,2024,웰이스턴,서비스,교육 (외국어),195.0,0.033691481293654374,0.35034335434787955,0.02953586497890295,0.2657370517928287,건전,0,True,Low,FS1,[추세] 점포 증가율 변동성,-0.35024,[업종상대] 계약종료 백분위,-0.29174,[업종상대] 실질 매출 증가율 백분위,0.20802
BRD_20130050,2024,K비젼안경,서비스,안경,40.0,0.03365951501431014,0.3502859126090344,0.02953586497890295,0.2653386454183267,건전,0,True,Low,FS1,[업종상대] 계약종료 백분위,-0.22817,[구조] 지역당 평균 점포수,0.20795,[수준] 가맹사업 업력,-0.17876
BRD_20201553,2024,시장을 여는 사람들,외식,주점,29.0,0.033627548734965894,0.3498996782809692,0.02953586497890295,0.2649402390438247,건전,0,True,Low,FS1,[업종상대] 계약종료 백분위,-0.3044,[추세] 면적당매출 평균,0.28954,[업종상대] 실질 매출 증가율 백분위,-0.13935
BRD_20230579,2024,101프렙,서비스,교육 (외국어),20.0,0.03359558245562165,0.3497967348891078,0.02953586497890295,0.2645418326693227,건전,0,True,Low,FS1,[업종상대] 계약종료 백분위,-0.26792,[구조] 지역 집중도(HHI),-0.16041,[업종상대] 실질 매출 증가율 백분위,-0.13099
BRD_20130226,2024,드림오피스,도소매,기타도소매,77.0,0.03356361617627741,0.34914906308569327,0.02953586497890295,0.26414342629482074,요주의,1,False,Low,FS1,[업종상대] 계약종료 백분위,-0.27654,[추세] 점포 증가율 변동성,-0.25294,[수준] 가맹사업 업력,-0.24829
BRD_20120100586,2024,스위스,도소매,기타도소매,32.0,0.03353164989693316,0.3489288196762531,0.02953586497890295,0.26374501992031874,건전,0,True,Low,FS1,[구조] 지역당 평균 점포수,0.21572,[업종상대] 계약종료 백분위,-0.17724,[추세] 면적당매출 평균,-0.17588
BRD_20171552,2024,윤선생IGSE아카데미,서비스,교육 (외국어),216.0,0.03349968361758893,0.34848156885244036,0.02953586497890295,0.26334661354581673,건전,0,True,Low,FS1,[구조] 지역당 평균 점포수,-0.21362,[수준] 면적당매출,0.20997,[추세] 점포 증가율 변동성,-0.20938
BRD_20200560,2024,셀독24스터디카페,서비스,기타 서비스,70.0,0.03346771733824468,0.3481813916136319,0.02953586497890295,0.26294820717131473,건전,0,True,Low,FS1,[추세] 점포 증가율 변동성,-0.21557,[추세] 면적당매출 평균,-0.19781,[수준] 면적당매출,0.14442
BRD_20200734,2024,모두뼈다귀감자탕,외식,한식,17.0,0.03343575105890044,0.3480899301611253,0.02953586497890295,0.2625498007968127,건전,0,True,Low,FS1,[구조] 지역 집중도(HHI),-0.14216,[변화] 점포 증가율,0.13084,[수준] 브랜드 연차,-0.12931
BRD_20180277,2024,강경불고기,외식,기타 외식,37.0,0.033403784779556196,0.34789756588731396,0.02953586497890295,0.2621513944223108,건전,0,True,Low,FS1,[업종상대] 계약종료 백분위,0.85943,[구조] 지역 집중도(HHI) 전년비 변화,-0.26044,[구조] 지역당 평균 점포수,0.23536
BRD_20230159,2024,카페프리헷,외식,커피,151.0,0.03337181850021196,0.3472266675760007,0.02953586497890295,0.2617529880478088,건전,0,True,Low,FS1,[업종상대] 계약종료 백분위,-0.24308,[구조] 지역당 평균 점포수,-0.22677,[수준] 평균매출,0.19184
BRD_20120100560,2024,도스마스,외식,기타 외국식,33.0,0.033339852220867716,0.34710041379299944,0.02953586497890295,0.2613545816733068,건전,0,True,Low,FS1,[구조] 지역당 평균 점포수,0.32882,[업종상대] 계약종료 백분위,-0.2368,[업종상대] 점포 증가율 백분위,-0.14474
BRD_20230769,2024,맘스피자(MOM'S PIZZA),외식,패스트푸드,104.0,0.03330788594152347,0.3468904027232047,0.02953586497890295,0.26095617529880477,건전,0,True,Low,FS1,[구조] 지역당 평균 점포수,-0.16883,[업종상대] 실질 매출 증가율 백분위,-0.14284,[수준] 가맹사업 업력,0.13957
BRD_20214050,2024,김종구식맛치킨ㆍ 전기바베큐 옛날통닭,외식,치킨,121.0,0.03327591966217923,0.34624846254673897,0.02953586497890295,0.26055776892430277,건전,0,True,Low,FS1,[업종상대] 계약종료 백분위,0.39634,[추세] 매출 증가율 평균,0.17795,[구조] 지역당 평균 점포수,-0.16874
BRD_20190629,2024,사위식당,외식,한식,21.0,0.03324395338283499,0.3456844500273365,0.02953586497890295,0.2601593625498008,요주의,1,False,Low,FS1,[구조] 지역당 평균 점포수,0.19174,[추세] 면적당매출 평균,-0.1913,[수준] 브랜드 연차,-0.14634
BRD_20190438,2024,화이트펜슬(white pencil),서비스,기타 서비스,130.0,0.03321198710349075,0.34471754984360914,0.02953586497890295,0.2597609561752988,건전,0,True,Low,FS1,[구조] 지역당 평균 점포수,-0.24354,[추세] 면적당매출 평균,-0.22009,[업종상대] 계약종료 백분위,-0.18652
BRD_20161185,2024,하노이별,외식,기타 외국식,32.0,0.033180020824146506,0.3445817560634818,0.02953586497890295,0.2593625498007968,건전,0,True,Low,FS1,[수준] 가맹사업 업력,-0.20506,[추세] 점포 증가율 변동성,0.10821,[추세] 면적당매출 평균,0.10443
BRD_20212287,2024,청담동샤브,외식,한식,23.0,0.03314805454480226,0.34452475851245085,0.02953586497890295,0.2589641434262948,요주의,1,False,Low,FS1,[업종상대] 계약종료 백분위,-0.26644,[업종상대] 점포 증가율 백분위,-0.14612,[추세] 점포 증가율 변동성,0.13404
BRD_20161199,2024,동근이숯불두마리치킨,외식,치킨,172.0,0.033116088265458025,0.34378968186813347,0.02953586497890295,0.2585657370517928,건전,0,True,Low,FS1,[업종상대] 계약종료 백분위,0.32081,[구조] 지역당 평균 점포수,-0.22332,[추세] 면적당매출 평균,0.143
BRD_20151289,2024,생각하는황소,서비스,교육 (교과),62.0,0.03308412198611378,0.343526890487916,0.02953586497890295,0.25816733067729086,건전,0,True,Low,FS1,[업종상대] 계약종료 백분위,-0.26688,[구조] 지역당 평균 점포수,0.16133,[업종상대] 점포 증가율 백분위,-0.14649
BRD_20090100397,2024,미술로생각하기,서비스,유아 관련 (교육 외),81.0,0.03305215570676954,0.34283869304896103,0.02953586497890295,0.25776892430278886,건전,0,True,Low,FS1,[추세] 점포 증가율 변동성,-0.21581,[수준] 가맹사업 업력,-0.21035,[변화] 점포 증가율,0.17379
BRD_20211246,2024,대동집,외식,한식,85.0,0.033020189427425295,0.34260229488172467,0.02953586497890295,0.25737051792828686,건전,0,True,Low,FS1,[변화] 점포 증가율,0.1556,[구조] 지역당 평균 점포수,-0.15432,[추세] 면적당매출 평균,-0.15183
BRD_20161139,2024,2도맥주 (2°C BEER),외식,주점,39.0,0.03298822314808106,0.34258672929559353,0.02953586497890295,0.25697211155378485,건전,0,True,Low,FS1,[추세] 점포 증가율 변동성,-0.39414,[업종상대] 계약종료 백분위,-0.31086,[업종상대] 실질 매출 증가율 백분위,0.16614
BRD_20080100604,2024,와이즈만영재교육,서비스,교육 (교과),84.0,0.032956256868736815,0.3422722704441007,0.02953586497890295,0.25657370517928285,건전,0,True,Low,FS1,[추세] 점포 증가율 변동성,-0.24735,[수준] 가맹사업 업력,-0.23613,[변화] 점포 증가율,0.20073
BRD_20140759,2024,88켄터키치킨&떡볶이,외식,치킨,44.0,0.03292429058939257,0.34220095809278983,0.02953586497890295,0.25617529880478085,건전,0,True,Low,FS1,[변화] 점포 증가율,0.16767,[업종상대] 계약종료 백분위,-0.10611,[수준] 브랜드 연차,-0.09657
BRD_20220867,2024,김치찜은못참지,외식,한식,82.0,0.03289232431004833,0.34173603385079543,0.02953586497890295,0.2557768924302789,건전,0,True,Low,FS1,[업종상대] 계약종료 백분위,-0.25915,[추세] 점포 증가율 변동성,0.17702,[구조] 지역당 평균 점포수,-0.1442
BRD_20120100621,2024,더베이크,외식,제과제빵,20.0,0.03286035803070409,0.3416359886381611,0.02953586497890295,0.2553784860557769,건전,0,True,Low,FS1,[업종상대] 계약종료 백분위,0.77801,[구조] 지역 집중도(HHI) 전년비 변화,-0.23639,[수준] 평균매출,-0.13012
BRD_20200152,2024,서오릉피자,외식,피자,64.0,0.03282839175135985,0.3411160300626542,0.02953586497890295,0.2549800796812749,건전,0,True,Low,FS1,[업종상대] 계약종료 백분위,-0.24157,[구조] 지역당 평균 점포수,-0.2127,[추세] 매출 증가율 평균,0.20979
BRD_20180179,2024,아하데이스파(AHA DAY S.P.A.),서비스,기타 서비스,67.0,0.032796425472015604,0.3409992017632709,0.02953586497890295,0.2545816733067729,건전,0,True,Low,FS1,[업종상대] 계약종료 백분위,-0.28236,[추세] 면적당매출 평균,0.22682,[추세] 매출 증가율 평균,0.20532
BRD_20220831,2024,노모어피자,외식,피자,174.0,0.03276445919267136,0.34071281598041164,0.02953586497890295,0.2541832669322709,건전,0,True,Low,FS1,[업종상대] 계약종료 백분위,-0.28157,[구조] 지역당 평균 점포수,-0.18912,[추세] 면적당매출 평균,0.15549
BRD_20120100243,2024,프리미엄살롱세종,서비스,이미용,17.0,0.032732492913327124,0.3402380293055279,0.02953586497890295,0.25378486055776894,건전,0,True,Low,FS1,[수준] 가맹사업 업력,-0.20279,[구조] 지역당 평균 점포수,0.19257,[추세] 면적당매출 평균,-0.16621
BRD_20201287,2024,카츠백,외식,일식,50.0,0.03270052663398288,0.3398951408903976,0.02953586497890295,0.25338645418326694,건전,0,True,Low,FS1,[업종상대] 계약종료 백분위,-0.23554,[업종상대] 실질 매출 증가율 백분위,-0.14663,[추세] 점포 증가율 변동성,0.11823
BRD_20211310,2024,정성순대,외식,한식,48.0,0.03266856035463864,0.33960735129327224,0.02953586497890295,0.25298804780876494,건전,0,True,Low,FS1,[추세] 점포 증가율 변동성,0.13797,[업종상대] 점포 증가율 백분위,-0.13172,[업종상대] 실질 매출 증가율 백분위,-0.12503
BRD_20090100067,2024,야들리애,외식,치킨,31.0,0.032636594075294394,0.3394455009060489,0.02953586497890295,0.25258964143426293,건전,0,True,Low,FS1,[업종상대] 계약종료 백분위,-0.27208,[수준] 가맹사업 업력,-0.25365,[변화] 점포 증가율,0.19096
BRD_20110500014,2024,안경매니져,서비스,안경,161.0,0.03260462779595016,0.3393311020284524,0.02953586497890295,0.25219123505976093,건전,0,True,Low,FS1,[업종상대] 계약종료 백분위,0.94977,[수준] 가맹사업 업력,-0.22886,[추세] 점포 증가율 변동성,-0.21274
BRD_20080100476,2024,한삼인,도소매,(건강)식품,66.0,0.032572661516605914,0.3393144073574023,0.02953586497890295,0.251792828685259,건전,0,True,Low,FS1,[추세] 점포 증가율 변동성,-0.29456,[추세] 면적당매출 평균,0.26885,[수준] 가맹사업 업력,-0.22168
BRD_20120300066,2024,화르화르,외식,치킨,27.0,0.03254069523726167,0.3380603605028617,0.02953586497890295,0.251394422310757,건전,0,True,Low,FS1,[추세] 점포 증가율 변동성,-0.39535,[업종상대] 계약종료 백분위,-0.29883,[구조] 지역당 평균 점포수,0.19717
BRD_20230455,2024,샤브로21,외식,한식,49.0,0.03250872895791743,0.3377433440487734,0.02953586497890295,0.250996015936255,요주의,1,False,Low,FS1,[업종상대] 계약종료 백분위,-0.23491,[구조] 지역 집중도(HHI),-0.17891,[추세] 면적당매출 평균,0.11139
BRD_20080500005,2024,장충동왕족발보쌈,외식,한식,78.0,0.03247676267857319,0.33771931991143134,0.02953586497890295,0.250597609561753,건전,0,True,Low,FS1,[수준] 가맹사업 업력,-0.31787,[업종상대] 실질 매출 증가율 백분위,0.23329,[추세] 점포 증가율 변동성,-0.16673
BRD_20090100101,2024,어바웃샤브,외식,기타 외식,9.0,0.032444796399228946,0.33713586805699297,0.02953586497890295,0.250199203187251,건전,0,True,Low,FS1,[수준] 가맹사업 업력,-0.25346,[업종상대] 계약종료 백분위,-0.24736,[구조] 지역당 평균 점포수,0.21519
BRD_20180612,2024,샤브20,외식,한식,59.0,0.0324128301198847,0.33615196768766564,0.02953586497890295,0.249800796812749,건전,0,True,Low,FS1,[업종상대] 계약종료 백분위,-0.26624,[추세] 매출 증가율 평균,0.22726,[추세] 면적당매출 평균,0.20914
BRD_20190447,2024,JINY's(지니스),서비스,안경,75.0,0.03238086384054046,0.33536174269745755,0.02953586497890295,0.24940239043824702,건전,0,True,Low,FS1,[업종상대] 계약종료 백분위,-0.29619,[추세] 점포 증가율 변동성,-0.28418,[추세] 면적당매출 평균,0.19519
BRD_20211511,2024,버거리(BURGERRY),외식,패스트푸드,86.0,0.03234889756119622,0.3348289735770121,0.02953586497890295,0.24900398406374502,건전,0,True,Low,FS1,[업종상대] 계약종료 백분위,-0.23431,[구조] 지역당 평균 점포수,-0.17408,[추세] 면적당매출 평균,0.12786
BRD_20140773,2024,반포식스,외식,기타 외국식,30.0,0.03231693128185198,0.3347361243898367,0.02953586497890295,0.24860557768924302,요주의,1,False,Low,FS1,[구조] 지역당 평균 점포수,-0.25301,[구조] 최다 지역 비중,0.15615,[추세] 점포 증가율 기울기,0.14818
BRD_20200035,2024,얼맥당,외식,주점,30.0,0.032284965002507736,0.3341182021969229,0.02953586497890295,0.24820717131474104,건전,0,True,Low,FS1,[업종상대] 계약종료 백분위,-0.2816,[구조] 지역당 평균 점포수,0.21117,[추세] 면적당매출 평균,0.19173
BRD_20214152,2024,육회야문연어,외식,기타 외식,32.0,0.03225299872316349,0.33382406516189844,0.02953586497890295,0.24780876494023904,건전,0,True,Low,FS1,[구조] 지역당 평균 점포수,0.38374,[업종상대] 계약종료 백분위,-0.30977,[추세] 면적당매출 평균,-0.14274
BRD_20201630,2024,감탄계숯불치킨,외식,치킨,34.0,0.032221032443819256,0.333555940849368,0.02953586497890295,0.24741035856573707,요주의,1,False,Low,FS1,[구조] 지역당 평균 점포수,0.31913,[수준] 브랜드 연차,-0.18563,[추세] 점포 증가율 변동성,0.12425
BRD_20080200287,2024,브레댄코(bread&amp;co.DAILY-NEW),외식,제과제빵,58.0,0.03218906616447501,0.3328487603505208,0.02953586497890295,0.24701195219123506,건전,0,True,Low,FS1,[업종상대] 계약종료 백분위,0.40675,[수준] 가맹사업 업력,-0.23114,[추세] 점포 증가율 변동성,0.16508
BRD_20211005,2024,하이오커피,외식,커피,277.0,0.03215709988513077,0.332768048727846,0.02953586497890295,0.24661354581673306,건전,0,True,Low,FS1,[추세] 매출 증가율 변동성,0.38096,[업종상대] 계약종료 백분위,-0.25394,[구조] 지역당 평균 점포수,-0.18787
BRD_20150845,2024,산쪼메,외식,기타 외식,29.0,0.032125133605786525,0.33143712582654256,0.02953586497890295,0.24621513944223108,건전,0,True,Low,FS1,[수준] 가맹사업 업력,-0.32434,[구조] 지역당 평균 점포수,0.18841,[업종상대] 계약종료 백분위,-0.16641
BRD_201001002121,2024,대구반야월막창,외식,기타 외식,95.0,0.03209316732644229,0.3307034123859719,0.02953586497890295,0.24581673306772908,건전,0,True,Low,FS1,[수준] 가맹사업 업력,-0.23782,[변화] 점포 증가율,0.18318,[추세] 면적당매출 평균,0.17794
BRD_20212149,2024,말랑놀이터,도소매,기타도소매,58.0,0.032061201047098045,0.3307033407166335,0.02953586497890295,0.24541832669322708,요주의,1,False,Low,FS1,[업종상대] 계약종료 백분위,-0.33352,[수준] 가맹사업 업력,-0.19103,[수준] 평균매출,0.14701
BRD_20100600021,2024,닥엔돈스,외식,기타 외식,116.0,0.0320292347677538,0.3306447311281588,0.02953586497890295,0.2450199203187251,건전,0,True,Low,FS1,[변화] 점포 증가율,0.32359,[업종상대] 계약종료 백분위,0.24681,[수준] 가맹사업 업력,-0.21716
BRD_20080100595,2024,블루핸즈(bluehands),서비스,자동차 관련,1224.0,0.03199726848840956,0.3300168991716883,0.02953586497890295,0.2446215139442231,건전,0,True,Low,FS1,[추세] 점포 증가율 변동성,-0.32404,[수준] 가맹사업 업력,-0.2259,[구조] 지역당 평균 점포수,-0.20742
BRD_20211591,2024,쇼뇨 몬테소리,서비스,기타 교육,25.0,0.03196530220906532,0.3298855318838596,0.02953586497890295,0.24422310756972113,요주의,1,False,Low,FS1,[업종상대] 계약종료 백분위,-0.29475,[업종상대] 점포 증가율 백분위,-0.1657,[구조] 지역 집중도(HHI),-0.14949
BRD_20180886,2024,점순이 호떡,외식,패스트푸드,33.0,0.03193333592972108,0.32971348399137623,0.02953586497890295,0.24382470119521912,건전,0,True,Low,FS1,[구조] 지역당 평균 점포수,0.30996,[업종상대] 계약종료 백분위,-0.22302,[수준] 평균매출,0.17416
BRD_20110100374,2024,카페24창업센터,서비스,기타 서비스,97.0,0.031901369650376835,0.3296819284251423,0.02953586497890295,0.24342629482071712,건전,0,True,Low,FS1,[수준] 면적당매출,0.18029,[업종상대] 계약종료 백분위,-0.14494,[수준] 본부 직원수,-0.13561
BRD_20200239,2024,인쌩맥주,외식,주점,217.0,0.03186940337103259,0.32932453966663977,0.02953586497890295,0.24302788844621515,건전,0,True,Low,FS1,[구조] 지역당 평균 점포수,-0.26834,[업종상대] 계약종료 백분위,-0.24358,[추세] 면적당매출 평균,0.18001
BRD_20201014,2024,고기극찬,외식,한식,108.0,0.031837437091688355,0.3291480943529753,0.02953586497890295,0.24262948207171314,건전,0,True,Low,FS1,[추세] 점포 증가율 변동성,0.17845,[변화] 점포 증가율,0.15963,[수준] 가맹사업 업력,0.152
BRD_20212617,2024,베이프큐,도소매,기타도소매,29.0,0.03180547081234411,0.32907629339821665,0.02953586497890295,0.24223107569721117,건전,0,True,Low,FS1,[업종상대] 점포 증가율 백분위,-0.17438,[업종상대] 계약종료 백분위,-0.16424,[구조] 지역당 평균 점포수,0.16262
BRD_20191016,2024,삼첩분식,외식,분식,232.0,0.03177350453299987,0.3290736468159353,0.02953586497890295,0.24183266932270917,건전,0,True,Low,FS1,[변화] 점포 증가율,0.25534,[구조] 지역당 평균 점포수,-0.20136,[수준] 가맹사업 업력,0.16489
BRD_20212382,2024,엠브로돈까스,외식,일식,27.0,0.031741538253655624,0.3288418232133839,0.02953586497890295,0.24143426294820716,요주의,1,False,Low,FS1,[구조] 지역당 평균 점포수,0.2936,[업종상대] 계약종료 백분위,-0.28928,[업종상대] 점포 증가율 백분위,-0.13092
BRD_20160195,2024,내가찜한닭,외식,한식,24.0,0.03170957197431139,0.32846550479883435,0.02953586497890295,0.2410358565737052,요주의,1,False,Low,FS1,[업종상대] 계약종료 백분위,-0.28629,[추세] 점포 증가율 변동성,-0.26633,[수준] 면적당매출,0.1418
BRD_20080100484,2024,윤선생영어교실,서비스,교육 (외국어),192.0,0.031677605694967144,0.32842381963922673,0.02953586497890295,0.24063745019920318,건전,0,True,Low,FS1,[수준] 가맹사업 업력,-0.24646,[추세] 점포 증가율 변동성,-0.19587,[변화] 점포 증가율,0.17899
BRD_20170925,2024,브라더한정식도시락,외식,한식,65.0,0.0316456394156229,0.32821193618462263,0.02953586497890295,0.24023904382470118,건전,0,True,Low,FS1,[업종상대] 계약종료 백분위,0.19645,[구조] 지역당 평균 점포수,0.14666,[업종상대] 실질 매출 증가율 백분위,-0.13016
BRD_20140160,2024,은화수식당,외식,기타 외식,53.0,0.03161367313627866,0.3276949190630796,0.02953586497890295,0.2398406374501992,요주의,1,False,Low,FS1,[추세] 매출 증가율 변동성,0.23812,[업종상대] 계약종료 백분위,-0.23069,[수준] 브랜드 연차,-0.11638
BRD_20190796,2024,천상현 국가공인진갈비,외식,한식,21.0,0.03158170685693442,0.32767292820727745,0.02953586497890295,0.2394422310756972,건전,0,True,Low,FS1,[구조] 지역당 평균 점포수,0.34354,[구조] 지역 집중도(HHI) 전년비 변화,-0.27339,[업종상대] 점포 증가율 백분위,-0.17115
BRD_20214794,2024,미미관마라탕,외식,중식,40.0,0.03154974057759018,0.3263791362032229,0.02953586497890295,0.23904382470119523,건전,0,True,Low,FS1,[구조] 지역당 평균 점포수,-0.15008,[수준] 평균매출,-0.14788,[추세] 점포 증가율 변동성,0.14642
BRD_20200174,2024,메이크어딜리버리,외식,기타 외식,44.0,0.03151777429824593,0.32574687685765474,0.02953586497890295,0.23864541832669323,요주의,1,False,Low,FS1,[업종상대] 계약종료 백분위,-0.26501,[업종상대] 점포 증가율 백분위,-0.17403,[수준] 브랜드 연차,-0.16804
BRD_20220372,2024,휴대폰성지 옆커폰,도소매,기타도소매,270.0,0.03148580801890169,0.3254511400552408,0.02953586497890295,0.23824701195219122,요주의,1,False,Low,FS1,[구조] 지역당 평균 점포수,-0.23396,[수준] 가맹점 수,-0.16413,[수준] 평균매출,0.10988
BRD_20090100499,2024,미정국수0410,외식,분식,17.0,0.03145384173955745,0.3244034793730806,0.02953586497890295,0.23784860557768925,건전,0,True,Low,FS1,[추세] 점포 증가율 평균,0.35255,[업종상대] 계약종료 백분위,-0.27736,[변화] 점포 증가율,0.20307
BRD_20080200195,2024,별밤지기,서비스,기타 서비스,39.0,0.03142187546021321,0.3239165850057144,0.02953586497890295,0.23745019920318725,건전,0,True,Low,FS1,[추세] 점포 증가율 변동성,-0.37581,[업종상대] 계약종료 백분위,-0.31229,[수준] 가맹사업 업력,-0.16781
BRD_20170650,2024,엔젤스 코인노래연습장,서비스,기타 서비스,86.0,0.031389909180868966,0.3237012122998563,0.02953586497890295,0.23705179282868527,건전,0,True,Low,FS1,[업종상대] 계약종료 백분위,-0.19129,[추세] 점포 증가율 변동성,-0.19074,[수준] 면적당매출,0.12745
BRD_20211461,2024,버거운버거(BURGER UN BURGER),외식,패스트푸드,25.0,0.03135794290152472,0.32314199448990405,0.02953586497890295,0.23665338645418327,건전,0,True,Low,FS1,[구조] 지역당 평균 점포수,0.33931,[업종상대] 계약종료 백분위,-0.30846,[추세] 면적당매출 평균,-0.13576
BRD_20181008,2024,김복남맥주,외식,주점,253.0,0.031325976622180486,0.32310781805353,0.02953586497890295,0.23625498007968126,건전,0,True,Low,FS1,[추세] 매출 증가율 변동성,0.25311,[업종상대] 계약종료 백분위,-0.24413,[추세] 면적당매출 평균,0.23849
BRD_20080100120,2024,레디카,서비스,자동차 관련,116.0,0.03129401034283624,0.322822160689057,0.02953586497890295,0.2358565737051793,요주의,1,False,Low,FS1,[추세] 면적당매출 평균,-0.21094,[수준] 면적당매출,0.18903,[수준] 가맹사업 업력,-0.18377
BRD_20100100323,2024,아띠몽,외식,패스트푸드,38.0,0.031262044063492,0.3223501776238729,0.02953586497890295,0.2354581673306773,요주의,1,False,Low,FS1,[구조] 지역당 평균 점포수,0.21192,[수준] 브랜드 연차,-0.17176,[수준] 가맹사업 업력,-0.15156
BRD_20170385,2024,플루800,외식,커피,21.0,0.03123007778414776,0.3222840915896807,0.02953586497890295,0.2350597609561753,건전,0,True,Low,FS1,[추세] 점포 증가율 변동성,-0.21127,[추세] 면적당매출 평균,-0.19542,[업종상대] 계약종료 백분위,-0.18066
BRD_20214454,2024,우규,외식,일식,35.0,0.031198111504803516,0.3221501147348168,0.02953586497890295,0.2346613545816733,건전,0,True,Low,FS1,[업종상대] 계약종료 백분위,-0.29281,[추세] 점포 증가율 변동성,0.1485,[업종상대] 실질 매출 증가율 백분위,-0.14376
BRD_20150509,2024,코젤다크하우스(KOZELDARKHAUS),외식,주점,12.0,0.031166145225459276,0.32214094363233264,0.02953586497890295,0.2342629482071713,건전,0,True,Low,FS1,[추세] 점포 증가율 변동성,-0.29921,[구조] 지역당 평균 점포수,0.28859,[업종상대] 계약종료 백분위,-0.2854
BRD_20200994,2024,트리플에이커피,외식,커피,97.0,0.031134178946115032,0.32208571608843906,0.02953586497890295,0.23386454183266933,건전,0,True,Low,FS1,[업종상대] 계약종료 백분위,-0.26383,[추세] 점포 증가율 변동성,0.17325,[수준] 브랜드 연차,-0.15173
BRD_20090100526,2024,홈플러스익스프레스,도소매,기타도소매,71.0,0.031102212666770792,0.3219082162979686,0.02953586497890295,0.23346613545816733,건전,0,True,Low,FS1,[수준] 가맹사업 업력,-0.30168,[업종상대] 계약종료 백분위,-0.25662,[업종상대] 실질 매출 증가율 백분위,-0.1513
BRD_20080600017,2024,계동치킨,외식,치킨,70.0,0.03107024638742655,0.3214527331925917,0.02953586497890295,0.23306772908366533,건전,0,True,Low,FS1,[추세] 점포 증가율 변동성,-0.38517,[업종상대] 계약종료 백분위,-0.29155,[수준] 가맹사업 업력,-0.27166
BRD_20170172,2024,아이보람,서비스,교육 (외국어),36.0,0.031038280108082305,0.32136371922183216,0.02953586497890295,0.23266932270916335,건전,0,True,Low,FS1,[구조] 지역당 평균 점포수,-0.23493,[변화] 신규개점률,0.18069,[업종상대] 계약종료 백분위,-0.16457
BRD_20130155,2024,이화수전통육개장,외식,한식,157.0,0.031006313828738065,0.32119934433863967,0.02953586497890295,0.23227091633466135,건전,0,True,Low,FS1,[구조] 지역당 평균 점포수,-0.22096,[업종상대] 계약종료 백분위,-0.21388,[추세] 면적당매출 평균,0.1547
BRD_20211034,2024,찌개공방,외식,한식,52.0,0.03097434754939382,0.32117025249251,0.02953586497890295,0.23187250996015937,건전,0,True,Low,FS1,[업종상대] 계약종료 백분위,-0.30345,[구조] 지역당 평균 점포수,0.19065,[추세] 점포 증가율 변동성,0.15953
BRD_20090100366,2024,돈통마늘보쌈,외식,기타 외식,47.0,0.03094238127004958,0.3204832567489759,0.02953586497890295,0.23147410358565737,건전,0,True,Low,FS1,[변화] 점포 증가율,0.36541,[업종상대] 계약종료 백분위,0.19659,[수준] 가맹사업 업력,-0.18424
BRD_202126,2024,고더커피,외식,커피,43.0,0.03091041499070534,0.3204217995445873,0.02953586497890295,0.23107569721115537,요주의,1,False,Low,FS1,[업종상대] 계약종료 백분위,-0.33077,[수준] 평균매출,0.24534,[업종상대] 점포 증가율 백분위,-0.14255
BRD_20080100594,2024,오토큐(Auto Q),서비스,자동차 관련,750.0,0.030878448711361098,0.32026711420937876,0.02953586497890295,0.2306772908366534,건전,0,True,Low,FS1,[수준] 면적당매출,0.3926,[추세] 점포 증가율 변동성,-0.26042,[구조] 지역당 평균 점포수,-0.23378
BRD_20080200076,2024,빚은,외식,기타 외식,31.0,0.030846482432016858,0.320047605682928,0.02953586497890295,0.2302788844621514,건전,0,True,Low,FS1,[구조] 지역당 평균 점포수,0.30532,[수준] 가맹사업 업력,-0.29393,[업종상대] 계약종료 백분위,-0.25312
BRD_20220299,2024,사랑해베이글,외식,기타 외식,34.0,0.030814516152672614,0.31920911642345273,0.02953586497890295,0.22988047808764941,건전,0,True,Low,FS1,[업종상대] 계약종료 백분위,-0.35672,[구조] 지역당 평균 점포수,0.20356,[추세] 면적당매출 평균,-0.17466
BRD_20220395,2024,쌍둥이숯불두마리치킨,외식,치킨,25.0,0.030782549873328374,0.3191683171589995,0.02953586497890295,0.2294820717131474,건전,0,True,Low,FS1,[변화] 점포 증가율,0.2128,[구조] 지역 집중도(HHI),-0.16882,[업종상대] 계약종료 백분위,-0.14332
BRD_20120100470,2024,클루빌러닝센터,서비스,교육 (외국어),38.0,0.03075058359398413,0.31895816824304773,0.02953586497890295,0.2290836653386454,건전,0,True,Low,FS1,[추세] 점포 증가율 변동성,-0.38012,[업종상대] 계약종료 백분위,-0.2862,[업종상대] 실질 매출 증가율 백분위,0.16038
BRD_20200107,2024,미진축산,외식,한식,110.0,0.03071861731463989,0.3186442261198459,0.02953586497890295,0.22868525896414343,건전,0,True,Low,FS1,[업종상대] 계약종료 백분위,0.71571,[구조] 지역당 평균 점포수,-0.24148,[업종상대] 점포 증가율 백분위,-0.16506
BRD_20080100319,2024,이원건강의료기,도소매,기타도소매,62.0,0.030686651035295647,0.3183293588714752,0.02953586497890295,0.22828685258964143,건전,0,True,Low,FS1,[업종상대] 계약종료 백분위,-0.3384,[추세] 점포 증가율 변동성,-0.22208,[수준] 가맹사업 업력,-0.22043
BRD_20080300010,2024,목촌사골돼지국밥,외식,한식,27.0,0.030654684755951407,0.3182759146476016,0.02953586497890295,0.22788844621513943,건전,0,True,Low,FS1,[업종상대] 계약종료 백분위,0.41879,[수준] 가맹사업 업력,-0.23719,[추세] 면적당매출 평균,0.19899
BRD_20230206,2024,스시이안앤,외식,일식,27.0,0.030622718476607164,0.3179854679706572,0.02953586497890295,0.22749003984063745,요주의,1,False,Low,FS1,[구조] 지역당 평균 점포수,-0.21102,[구조] 지역 집중도(HHI),-0.16551,[추세] 면적당매출 평균,0.16538
BRD_20211929,2024,아이드블랑,서비스,이미용,44.0,0.030590752197262924,0.317832594095844,0.02953586497890295,0.22709163346613545,요주의,1,False,Low,FS1,[업종상대] 계약종료 백분위,-0.3303,[구조] 지역당 평균 점포수,0.24092,[추세] 면적당매출 평균,-0.16719
BRD_20170903,2024,카츠젠,외식,기타 외식,16.0,0.03055878591791868,0.3177642337320454,0.02953586497890295,0.22669322709163348,건전,0,True,Low,FS1,[업종상대] 계약종료 백분위,-0.2233,[추세] 면적당매출 평균,0.16249,[구조] 지역당 평균 점포수,-0.14013
BRD_20080200055,2024,명인만두,외식,분식,87.0,0.030526819638574437,0.31749280951467845,0.02953586497890295,0.22629482071713147,건전,0,True,Low,FS1,[수준] 가맹사업 업력,-0.3354,[추세] 점포 증가율 변동성,-0.1896,[추세] 면적당매출 평균,0.17083
BRD_20080100744,2024,헤럴드NIE,서비스,교육 (외국어),46.0,0.030494853359230197,0.31727135272009904,0.02953586497890295,0.22589641434262947,건전,0,True,Low,FS1,[추세] 점포 증가율 변동성,-0.39794,[업종상대] 계약종료 백분위,-0.30142,[업종상대] 실질 매출 증가율 백분위,0.19263
BRD_20120400043,2024,누룩꽃 피는날,외식,한식,15.0,0.030462887079885953,0.31717955897938915,0.02953586497890295,0.2254980079681275,건전,0,True,Low,FS1,[수준] 브랜드 연차,-0.15576,[구조] 개점-종료 격차,-0.15051,[구조] 지역당 평균 점포수,0.13494
BRD_20130399,2024,올리앤(Ollien),외식,서양식,31.0,0.030430920800541713,0.31647278226950043,0.02953586497890295,0.2250996015936255,건전,0,True,Low,FS1,[업종상대] 계약종료 백분위,-0.25599,[업종상대] 실질 매출 증가율 백분위,0.23086,[추세] 점포 증가율 변동성,-0.15097
BRD_20190543,2024,파스타도 식사다,외식,기타 외국식,59.0,0.030398954521197473,0.316421322015503,0.02953586497890295,0.22470119521912352,요주의,1,False,Low,FS1,[업종상대] 계약종료 백분위,-0.30349,[수준] 브랜드 연차,-0.17862,[업종상대] 점포 증가율 백분위,-0.14882
BRD_20080100328,2024,죽이야기,외식,한식,318.0,0.03036698824185323,0.3163822048801324,0.02953586497890295,0.22430278884462151,건전,0,True,Low,FS1,[추세] 면적당매출 평균,0.36204,[수준] 가맹사업 업력,-0.276,[추세] 점포 증가율 변동성,-0.25825
BRD_20191174,2024,153구포국수,외식,한식,58.0,0.03033502196250899,0.31585553030652513,0.02953586497890295,0.2239043824701195,건전,0,True,Low,FS1,[추세] 매출 증가율 변동성,0.27752,[추세] 매출 증가율 평균,0.25969,[업종상대] 계약종료 백분위,-0.23333
BRD_20230433,2024,갓잇,외식,기타 외식,30.0,0.030303055683164746,0.31548726528347026,0.02953586497890295,0.22350597609561754,건전,0,True,Low,FS1,[업종상대] 계약종료 백분위,-0.2316,[구조] 지역 집중도(HHI),-0.18491,[업종상대] 실질 매출 증가율 백분위,-0.16672
BRD_20080100261,2024,훌랄라,외식,치킨,298.0,0.030271089403820506,0.31397473131451487,0.02953586497890295,0.22310756972111553,건전,0,True,Low,FS1,[추세] 면적당매출 평균,0.28572,[추세] 매출 증가율 평균,0.27013,[추세] 매출 증가율 변동성,0.25427
BRD_20220253,2024,곤트란쉐리에(Gontran Cherrier),외식,제과제빵,24.0,0.030239123124476262,0.31368494867075714,0.02953586497890295,0.22270916334661356,건전,0,True,Low,FS1,[업종상대] 계약종료 백분위,0.40611,[수준] 평균매출,-0.18023,[업종상대] 점포 증가율 백분위,-0.13976
BRD_20090100487,2024,센클영어도서관,서비스,교육 (외국어),53.0,0.030207156845132022,0.3126352749439711,0.02953586497890295,0.22231075697211156,건전,0,True,Low,FS1,[추세] 면적당매출 평균,0.15209,[업종상대] 계약종료 백분위,-0.15053,[업종상대] 점포 증가율 백분위,-0.14282
BRD_20080400036,2024,에코한마음,도소매,농수산물,31.0,0.03017519056578778,0.3121580013665076,0.02953586497890295,0.22191235059760955,건전,0,True,Low,FS1,[업종상대] 계약종료 백분위,-0.36933,[변화] 점포 증가율,0.24799,[추세] 점포 증가율 변동성,-0.18455
BRD_20130284,2024,yes2424,서비스,이사,151.0,0.03014322428644354,0.31215664650871106,0.02953586497890295,0.22151394422310758,건전,0,True,Low,FS1,[구조] 지역당 평균 점포수,-0.20572,[추세] 면적당매출 평균,0.15716,[업종상대] 실질 매출 증가율 백분위,-0.15024
BRD_20201445,2024,민영활어공장,외식,한식,28.0,0.030111258007099295,0.3114517196058054,0.02953586497890295,0.22111553784860558,건전,0,True,Low,FS1,[업종상대] 계약종료 백분위,-0.1887,[구조] 지역당 평균 점포수,0.18349,[업종상대] 점포 증가율 백분위,-0.1567
BRD_20190684,2024,크라우드PC방,서비스,PC방,124.0,0.030079291727755055,0.31143074560317047,0.02953586497890295,0.22071713147410357,건전,0,True,Low,FS1,[구조] 지역당 평균 점포수,-0.16909,[업종상대] 계약종료 백분위,-0.13707,[수준] 가맹사업 업력,0.09654
BRD_20201276,2024,그리너,외식,기타 외식,34.0,0.03004732544841081,0.3105355606934374,0.02953586497890295,0.2203187250996016,건전,0,True,Low,FS1,[업종상대] 계약종료 백분위,-0.21941,[추세] 면적당매출 평균,-0.19402,[구조] 지역당 평균 점포수,0.19183
BRD_20151166,2024,오늘애김밥,외식,분식,25.0,0.030015359169066568,0.31001520508216834,0.02953586497890295,0.2199203187250996,건전,0,True,Low,FS1,[구조] 지역당 평균 점포수,0.22576,[수준] 브랜드 연차,-0.15916,[업종상대] 점포 증가율 백분위,-0.15583
BRD_20212314,2024,시즌글라스(SEASONGLASS),도소매,(건강)식품,47.0,0.029983392889722328,0.30987855401424946,0.02953586497890295,0.21952191235059762,건전,0,True,Low,FS1,[구조] 지역당 평균 점포수,0.31547,[업종상대] 계약종료 백분위,-0.28116,[업종상대] 점포 증가율 백분위,-0.14657
BRD_20211345,2024,안주일체,외식,한식,23.0,0.029951426610378085,0.30976763774199284,0.02953586497890295,0.21912350597609562,건전,0,True,Low,FS1,[업종상대] 계약종료 백분위,-0.30282,[구조] 지역당 평균 점포수,0.19725,[업종상대] 실질 매출 증가율 백분위,-0.14919
BRD_20140694,2024,정정아식당,외식,기타 외식,25.0,0.029919460331033845,0.30971658264883745,0.02953586497890295,0.21872509960159361,건전,0,True,Low,FS1,[업종상대] 계약종료 백분위,-0.2619,[구조] 지역 집중도(HHI),-0.17955,[추세] 면적당매출 평균,0.17547
BRD_20171244,2024,크라운호프보리장인,외식,주점,456.0,0.0298874940516896,0.30967015922668495,0.02953586497890295,0.21832669322709164,건전,0,True,Low,FS1,[추세] 매출 증가율 변동성,0.36902,[추세] 면적당매출 평균,0.23214,[구조] 지역당 평균 점포수,-0.23188
BRD_20110100278,2024,교동전선생,외식,한식,29.0,0.02985552777234536,0.30891688427066166,0.02953586497890295,0.21792828685258964,요주의,1,False,Low,FS1,[수준] 가맹사업 업력,-0.18236,[구조] 개점-종료 격차,-0.13278,[수준] 브랜드 연차,-0.11422
BRD_20190272,2024,진원 소우,외식,한식,21.0,0.029823561493001118,0.3085863815134388,0.02953586497890295,0.21752988047808766,건전,0,True,Low,FS1,[업종상대] 계약종료 백분위,-0.3095,[구조] 지역당 평균 점포수,0.17824,[업종상대] 점포 증가율 백분위,-0.14532
BRD_20100100554,2024,돈까스클럽,외식,서양식,28.0,0.029791595213656877,0.30847685723717894,0.02953586497890295,0.21713147410358566,건전,0,True,Low,FS1,[변화] 점포 증가율,0.32331,[수준] 가맹사업 업력,-0.20238,[변화] 신규개점률,0.13302
BRD_20161030,2024,노군꼬치,외식,기타 외식,99.0,0.029759628934312637,0.3079618066866026,0.02953586497890295,0.21673306772908366,요주의,1,False,Low,FS1,[업종상대] 계약종료 백분위,-0.28953,[추세] 점포 증가율 변동성,0.18801,[추세] 면적당매출 평균,-0.10699
BRD_20170919,2024,리프패럿(LIP Parrot),서비스,반려동물 관련,60.0,0.029727662654968394,0.3074689366990097,0.02953586497890295,0.21633466135458168,건전,0,True,Low,FS1,[수준] 브랜드 연차,-0.15984,[업종상대] 계약종료 백분위,-0.14414,[추세] 점포 증가율 변동성,-0.13727
BRD_20090300048,2024,조방낙지,외식,한식,20.0,0.029695696375624154,0.30731660100804653,0.02953586497890295,0.21593625498007968,건전,0,True,Low,FS1,[추세] 점포 증가율 변동성,-0.32127,[업종상대] 계약종료 백분위,-0.29445,[업종상대] 실질 매출 증가율 백분위,0.22131
BRD_20080100069,2024,씨스페이스24(CSPACE24),도소매,편의점,337.0,0.02966373009627991,0.30726066320481354,0.02953586497890295,0.21553784860557768,건전,0,True,Low,FS1,[업종상대] 계약종료 백분위,0.91736,[구조] 지역당 평균 점포수,-0.22785,[수준] 가맹사업 업력,-0.22069
NAME:소미미@외식,2024,소미미,외식,제과제빵,21.0,0.02963176381693567,0.30607603542588097,0.02953586497890295,0.2151394422310757,건전,0,True,Low,FS1,[업종상대] 계약종료 백분위,-0.30955,[추세] 점포 증가율 변동성,-0.28259,[업종상대] 실질 매출 증가율 백분위,0.26561
BRD_20110100528,2024,짱닭치킨,외식,치킨,40.0,0.029599797537591427,0.3060418768180569,0.02953586497890295,0.2147410358565737,요주의,1,False,Low,FS1,[추세] 점포 증가율 변동성,-0.26419,[수준] 브랜드 연차,-0.14394,[수준] 가맹사업 업력,-0.1269
BRD_20200845,2024,황해수육,외식,한식,50.0,0.029567831258247187,0.3058156895905266,0.02953586497890295,0.21434262948207172,요주의,1,False,Low,FS1,[업종상대] 계약종료 백분위,-0.29975,[수준] 브랜드 연차,-0.13521,[업종상대] 점포 증가율 백분위,-0.13214
BRD_20212464,2024,피자와썹,외식,피자,59.0,0.029535864978902943,0.30566583936587616,0.02953586497890295,0.21394422310756972,건전,0,True,Low,FS1,[업종상대] 계약종료 백분위,-0.34889,[구조] 지역당 평균 점포수,0.17152,[추세] 면적당매출 평균,-0.1661
BRD_20170752,2024,눈사랑안경,서비스,안경,51.0,0.029503898699558703,0.3056180641953602,0.02953586497890295,0.21354581673306772,건전,0,True,Low,FS1,[추세] 점포 증가율 변동성,-0.2772,[업종상대] 계약종료 백분위,-0.25867,[추세] 면적당매출 평균,0.23793
BRD_20214737,2024,포토그레이,서비스,기타 서비스,107.0,0.02947193242021446,0.3049676340951777,0.02953586497890295,0.21314741035856574,건전,0,True,Low,FS1,[업종상대] 점포 증가율 백분위,-0.16862,[구조] 지역당 평균 점포수,-0.13835,[추세] 점포 증가율 변동성,0.12183
BRD_20100100575,2024,아그집쭈꾸미,외식,기타 외식,14.0,0.02943996614087022,0.3041474521271337,0.02953586497890295,0.21274900398406374,건전,0,True,Low,FS1,[업종상대] 계약종료 백분위,-0.27896,[추세] 면적당매출 평균,0.16491,[구조] 지역 집중도(HHI),-0.15278
BRD_20220147,2024,샐러리아 SALARIA,외식,커피,81.0,0.029407999861525976,0.30387710795200445,0.02953586497890295,0.21235059760956176,건전,0,True,Low,FS1,[추세] 매출 증가율 평균,0.1657,[추세] 면적당매출 평균,0.155,[구조] 지역당 평균 점포수,-0.15272
BRD_20230390,2024,클리니어 WITH,서비스,기타 서비스,56.0,0.029376033582181733,0.3032841832650727,0.02953586497890295,0.21195219123505976,건전,0,True,Low,FS1,[구조] 지역당 평균 점포수,-0.21294,[수준] 평균매출,0.16845,[구조] 지역 집중도(HHI),-0.16247
BRD_20110100125,2024,커피스미스,외식,기타 외식,29.0,0.029344067302837493,0.3024317021695687,0.02953586497890295,0.21155378486055776,요주의,1,False,Low,FS1,[추세] 점포 증가율 변동성,-0.23685,[구조] 지역당 평균 점포수,0.2233,[수준] 면적당매출,0.21932
BRD_20170185,2024,제주스,외식,음료 (커피 외),39.0,0.02931210102349325,0.3018228766632087,0.02953586497890295,0.21115537848605578,건전,0,True,Low,FS1,[구조] 지역당 평균 점포수,0.33531,[업종상대] 계약종료 백분위,-0.29103,[추세] 면적당매출 평균,0.23956
BRD_20180833,2024,자가제빵 선명희피자,외식,피자,87.0,0.02928013474414901,0.3015283142700497,0.02953586497890295,0.21075697211155378,건전,0,True,Low,FS1,[추세] 면적당매출 평균,0.28569,[업종상대] 계약종료 백분위,-0.28486,[구조] 지역당 평균 점포수,-0.18721
BRD_20151196,2024,더썬치킨,외식,치킨,11.0,0.02924816846480477,0.30121915059930154,0.02953586497890295,0.2103585657370518,건전,0,True,Low,FS1,[업종상대] 계약종료 백분위,-0.30917,[구조] 지역당 평균 점포수,-0.24299,[추세] 면적당매출 평균,0.23842
BRD_20140747,2024,빅스타피자(Bigstar Pizza),외식,피자,114.0,0.029216202185460526,0.30082352141021107,0.02953586497890295,0.2099601593625498,요주의,1,False,Low,FS1,[변화] 점포 증가율,0.17292,[구조] 지역당 평균 점포수,-0.13867,[추세] 점포 증가율 변동성,-0.13404
BRD_20130100263,2024,구이구이쪽갈비,외식,한식,39.0,0.029184235906116286,0.2999624395738792,0.02953586497890295,0.2095617529880478,건전,0,True,Low,FS1,[업종상대] 계약종료 백분위,0.36979,[구조] 지역당 평균 점포수,-0.22207,[수준] 브랜드 연차,-0.13633
BRD_20210148,2024,잭슨피자,외식,피자,42.0,0.029152269626772042,0.29938984655225187,0.02953586497890295,0.20916334661354583,건전,0,True,Low,FS1,[업종상대] 계약종료 백분위,-0.28248,[구조] 지역 집중도(HHI),-0.16632,[수준] 평균매출,-0.11786
BRD_20150660,2024,전국열쇠공사,도소매,기타도소매,60.0,0.0291203033474278,0.2993136968798954,0.02953586497890295,0.20876494023904382,건전,0,True,Low,FS1,[업종상대] 계약종료 백분위,-0.37224,[추세] 점포 증가율 변동성,-0.26044,[추세] 면적당매출 평균,-0.19878
BRD_20100100398,2024,소마사고력수학,서비스,교육 (교과),166.0,0.02908833706808356,0.2989610675088625,0.02953586497890295,0.20836653386454182,건전,0,True,Low,FS1,[구조] 지역당 평균 점포수,-0.24679,[추세] 면적당매출 평균,0.19416,[수준] 가맹사업 업력,-0.15564
BRD_20120100533,2024,가장맛있는족발,외식,한식,384.0,0.029056370788739315,0.29875998797573167,0.02953586497890295,0.20796812749003984,건전,0,True,Low,FS1,[업종상대] 계약종료 백분위,-0.22799,[구조] 지역당 평균 점포수,-0.22292,[추세] 면적당매출 평균,0.16086
BRD_20130347,2024,달인의찜닭,외식,기타 외식,46.0,0.029024404509395075,0.29795209265928346,0.02953586497890295,0.20756972111553784,건전,0,True,Low,FS1,[업종상대] 실질 매출 증가율 백분위,0.22723,[구조] 지역당 평균 점포수,-0.17685,[추세] 면적당매출 평균,0.13224
BRD_20211925,2024,기통찬족발,외식,기타 외식,26.0,0.02899243823005083,0.2978792481903418,0.02953586497890295,0.20717131474103587,건전,0,True,Low,FS1,[업종상대] 계약종료 백분위,-0.30899,[추세] 면적당매출 평균,-0.16779,[업종상대] 점포 증가율 백분위,-0.16517
BRD_20110100568,2024,스쿨스토어,외식,분식,4.0,0.02896047195070659,0.2976170443102224,0.02953586497890295,0.20677290836653386,요주의,1,False,Low,FS1,[구조] 지역당 평균 점포수,0.60597,[추세] 점포 증가율 변동성,-0.29191,[업종상대] 계약종료 백분위,-0.25983
BRD_20200632,2024,유미카츠,외식,일식,67.0,0.02892850567136235,0.29750009011672096,0.02953586497890295,0.20637450199203186,건전,0,True,Low,FS1,[추세] 점포 증가율 변동성,0.18211,[수준] 브랜드 연차,-0.15819,[수준] 가맹사업 업력,0.13127
BRD_20160820,2024,태양부양꼬치,외식,기타 외식,20.0,0.028896539392018108,0.29712367804776507,0.02953586497890295,0.2059760956175299,건전,0,True,Low,FS1,[구조] 지역당 평균 점포수,0.39037,[추세] 점포 증가율 변동성,-0.28469,[업종상대] 계약종료 백분위,-0.24113
BRD_20200279,2024,삼환축산,외식,한식,30.0,0.028864573112673864,0.29685317146984885,0.02953586497890295,0.20557768924302788,건전,0,True,Low,FS1,[업종상대] 계약종료 백분위,-0.31975,[구조] 지역 집중도(HHI),-0.14644,[수준] 평균매출,-0.13232
BRD_20214971,2024,규카츠정,외식,일식,41.0,0.028832606833329624,0.29666976233315673,0.02953586497890295,0.2051792828685259,건전,0,True,Low,FS1,[업종상대] 계약종료 백분위,-0.30551,[구조] 지역당 평균 점포수,0.27781,[추세] 면적당매출 평균,-0.15916
BRD_20080100393,2024,치킨뱅이,외식,치킨,37.0,0.02880064055398538,0.29660930844274147,0.02953586497890295,0.2047808764940239,건전,0,True,Low,FS1,[업종상대] 계약종료 백분위,-0.28866,[수준] 가맹사업 업력,-0.27684,[추세] 면적당매출 평균,0.20978
BRD_20090100089,2024,오구피자,외식,피자,360.0,0.02876867427464114,0.29588702785733934,0.02953586497890295,0.2043824701195219,건전,0,True,Low,FS1,[수준] 가맹사업 업력,-0.24663,[구조] 지역당 평균 점포수,-0.16586,[업종상대] 계약종료 백분위,-0.15021
BRD_20212984,2024,커피 로드뷰,외식,커피,23.0,0.028736707995296897,0.2957548530229394,0.02953586497890295,0.20398406374501993,건전,0,True,Low,FS1,[구조] 지역당 평균 점포수,0.31366,[업종상대] 계약종료 백분위,-0.28992,[구조] 지역 집중도(HHI),-0.16731
BRD_20220684,2024,피에스타7커피,외식,커피,20.0,0.028704741715952657,0.2956414619200671,0.02953586497890295,0.20358565737051793,요주의,1,False,Low,FS1,[업종상대] 점포 증가율 백분위,-0.16716,[구조] 지역당 평균 점포수,-0.15696,[업종상대] 계약종료 백분위,-0.1108
BRD_20080100161,2024,신기소,외식,일식,14.0,0.028672775436608414,0.2951398685033513,0.02953586497890295,0.20318725099601595,건전,0,True,Low,FS1,[구조] 지역당 평균 점포수,0.55185,[수준] 가맹사업 업력,-0.30682,[추세] 면적당매출 평균,0.15717
BRD_20140058,2024,바르다김선생,외식,분식,104.0,0.028640809157264174,0.29507796044237194,0.02953586497890295,0.20278884462151395,건전,0,True,Low,FS1,[변화] 점포 증가율,0.42824,[구조] 지역당 평균 점포수,-0.20628,[추세] 면적당매출 평균,-0.14206
BRD_20200415,2024,까까주까,도소매,기타도소매,136.0,0.02860884287791993,0.2949380038329895,0.02953586497890295,0.20239043824701194,건전,0,True,Low,FS1,[구조] 지역당 평균 점포수,-0.25616,[수준] 평균매출,0.22858,[수준] 브랜드 연차,-0.12179
BRD_20120100525,2024,호치킨,외식,치킨,112.0,0.02857687659857569,0.29440570827108076,0.02953586497890295,0.20199203187250997,건전,0,True,Low,FS1,[업종상대] 계약종료 백분위,0.90668,[변화] 점포 증가율,0.44695,[구조] 지역당 평균 점포수,-0.24064
BRD_20090600019,2024,커피명가,외식,커피,37.0,0.028544910319231447,0.29383033789121743,0.02953586497890295,0.20159362549800797,건전,0,True,Low,FS1,[수준] 가맹사업 업력,-0.22876,[변화] 점포 증가율,0.17911,[추세] 면적당매출 평균,-0.15917
BRD_20080100133,2024,초록마을,도소매,기타도소매,242.0,0.028512944039887207,0.2935961696061991,0.02953586497890295,0.20119521912350596,건전,0,True,Low,FS1,[수준] 가맹사업 업력,-0.29434,[구조] 지역당 평균 점포수,-0.22461,[변화] 점포 증가율,0.19936
BRD_20110300060,2024,원조의령소바,외식,한식,27.0,0.028480977760542963,0.29326199283539617,0.02953586497890295,0.200796812749004,건전,0,True,Low,FS1,[구조] 지역당 평균 점포수,0.30865,[수준] 브랜드 연차,-0.14158,[업종상대] 계약종료 백분위,-0.12871
BRD_20180410,2024,일품양평해장국,외식,한식,394.0,0.028449011481198723,0.2930655720173952,0.02953586497890295,0.200398406374502,건전,0,True,Low,FS1,[업종상대] 계약종료 백분위,0.38636,[구조] 지역당 평균 점포수,-0.28711,[추세] 면적당매출 평균,0.15947
BRD_20080100396,2024,JBD 본 종로빈대떡,외식,한식,28.0,0.02841704520185448,0.292598714218946,0.02953586497890295,0.2,요주의,1,False,Low,FS1,[수준] 가맹사업 업력,-0.23231,[업종상대] 계약종료 백분위,-0.21394,[수준] 평균매출,0.19368
BRD_20150362,2024,야옹아멍멍해봐,서비스,반려동물 관련,94.0,0.02838507892251024,0.2924709193388945,0.02953586497890295,0.199601593625498,요주의,1,False,Low,FS1,[수준] 브랜드 연차,-0.1137,[수준] 가맹점 수,-0.10542,[업종상대] 업종 대분류,0.09908
BRD_20151202,2024,THE LITER (더리터),외식,커피,416.0,0.028353112643165996,0.292333163533705,0.02953586497890295,0.199203187250996,건전,0,True,Low,FS1,[구조] 지역당 평균 점포수,-0.21103,[업종상대] 계약종료 백분위,-0.18279,[추세] 점포 증가율 변동성,0.12392
BRD_20110600057,2024,루머팡,외식,커피,7.0,0.028321146363821756,0.2918851076338449,0.02953586497890295,0.19880478087649403,건전,0,True,Low,FS1,[업종상대] 계약종료 백분위,-0.34314,[추세] 점포 증가율 변동성,-0.27323,[수준] 평균매출,0.21134
BRD_20191342,2024,우리할매 떡볶이,외식,분식,319.0,0.028289180084477512,0.291556159342446,0.02953586497890295,0.19840637450199203,건전,0,True,Low,FS1,[구조] 지역당 평균 점포수,-0.2989,[업종상대] 계약종료 백분위,-0.27438,[추세] 점포 증가율 변동성,0.19221
BRD_20080100717,2024,버무리떡볶이,외식,분식,57.0,0.028257213805133272,0.29144097991925544,0.02953586497890295,0.19800796812749005,건전,0,True,Low,FS1,[수준] 가맹사업 업력,-0.23603,[업종상대] 계약종료 백분위,-0.18695,[추세] 면적당매출 평균,-0.18462
BRD_20190831,2024,더하노이풋앤바디,서비스,기타 서비스,97.0,0.02822524752578903,0.29089208878222556,0.02953586497890295,0.19760956175298805,건전,0,True,Low,FS1,[구조] 지역당 평균 점포수,-0.27379,[추세] 면적당매출 평균,0.25869,[수준] 평균매출,-0.13577
BRD_20170300,2024,플랜A,서비스,기타 서비스,111.0,0.02819328124644479,0.2908548104665103,0.02953586497890295,0.19721115537848605,건전,0,True,Low,FS1,[추세] 면적당매출 평균,-0.20428,[수준] 면적당매출,0.17349,[업종상대] 계약종료 백분위,-0.16987
BRD_20150624,2024,콩심,외식,기타 외식,79.0,0.028161314967100545,0.29031819237586126,0.02953586497890295,0.19681274900398407,건전,0,True,Low,FS1,[추세] 점포 증가율 변동성,-0.27128,[변화] 점포 증가율,0.20289,[구조] 지역당 평균 점포수,-0.16096
BRD_20170274,2024,길동우동,외식,기타 외식,93.0,0.028129348687756305,0.2903041863433607,0.02953586497890295,0.19641434262948207,건전,0,True,Low,FS1,[추세] 면적당매출 평균,0.20343,[구조] 지역당 평균 점포수,-0.19965,[수준] 평균매출,-0.12977
BRD_20100100256,2024,김명자낙지마당,외식,한식,28.0,0.02809738240841206,0.28989998434389785,0.02953586497890295,0.19601593625498007,건전,0,True,Low,FS1,[수준] 가맹사업 업력,-0.16565,[구조] 개점-종료 격차,-0.15517,[수준] 평균매출,-0.13334
BRD_20170764,2024,마이카츠,외식,기타 외식,26.0,0.02806541612906782,0.28983993405872277,0.02953586497890295,0.1956175298804781,건전,0,True,Low,FS1,[업종상대] 계약종료 백분위,-0.32335,[구조] 지역당 평균 점포수,-0.30318,[변화] 점포 증가율,0.22822
BRD_20190770,2024,지랄닭발,외식,치킨,32.0,0.028033449849723578,0.2896340610416691,0.02953586497890295,0.1952191235059761,건전,0,True,Low,FS1,[업종상대] 계약종료 백분위,-0.13975,[수준] 가맹사업 업력,0.12454,[업종상대] 실질 매출 증가율 백분위,-0.11108
BRD_20080400030,2024,임실N치즈피자,외식,피자,44.0,0.028001483570379338,0.28856962652186463,0.02953586497890295,0.1948207171314741,요주의,1,False,Low,FS1,[업종상대] 계약종료 백분위,-0.32493,[추세] 점포 증가율 변동성,-0.25741,[수준] 가맹사업 업력,-0.2534
BRD_20140371,2024,아이젠트리(EYE GENTRY),서비스,안경,71.0,0.027969517291035095,0.2883374877040792,0.02953586497890295,0.1944223107569721,건전,0,True,Low,FS1,[추세] 점포 증가율 변동성,-0.27404,[추세] 면적당매출 평균,-0.18988,[업종상대] 계약종료 백분위,-0.1468
BRD_20080100121,2024,마스타,서비스,자동차 관련,577.0,0.027937551011690855,0.2883040802002171,0.02953586497890295,0.1940239043824701,건전,0,True,Low,FS1,[구조] 지역당 평균 점포수,-0.24149,[수준] 면적당매출,0.21872,[추세] 면적당매출 평균,-0.21321
BRD_20180720,2024,철뚝집,외식,한식,37.0,0.02790558473234661,0.28826925625422306,0.02953586497890295,0.19362549800796813,요주의,1,False,Low,FS1,[업종상대] 계약종료 백분위,-0.16676,[구조] 지역당 평균 점포수,0.13463,[수준] 브랜드 연차,-0.12848
BRD_20150811,2024,디저트39,외식,커피,504.0,0.02787361845300237,0.28792007607024095,0.02953586497890295,0.19322709163346613,요주의,1,False,Low,FS1,[구조] 지역당 평균 점포수,-0.25081,[추세] 점포 증가율 변동성,0.18673,[수준] 브랜드 연차,-0.14608
BRD_20211115,2024,영계소문옛날통닭,외식,치킨,53.0,0.027841652173658128,0.28770686427265024,0.02953586497890295,0.19282868525896416,건전,0,True,Low,FS1,[업종상대] 계약종료 백분위,-0.23913,[구조] 지역당 평균 점포수,-0.22992,[추세] 면적당매출 평균,0.15638
BRD_20080200060,2024,용추골순대미궁,외식,한식,43.0,0.027809685894313887,0.28737704004355324,0.02953586497890295,0.19243027888446215,건전,0,True,Low,FS1,[수준] 가맹사업 업력,-0.22175,[추세] 점포 증가율 변동성,-0.19858,[업종상대] 계약종료 백분위,-0.17649
BRD_20190603,2024,한뚝수육국밥,외식,한식,22.0,0.027777719614969644,0.28730488692517203,0.02953586497890295,0.19203187250996015,건전,0,True,Low,FS1,[추세] 점포 증가율 변동성,-0.3094,[추세] 면적당매출 평균,-0.1804,[변화] 점포 증가율,0.16207
BRD_20090100386,2024,총각네야채가게,도소매,농수산물,37.0,0.027745753335625404,0.28672377420249834,0.02953586497890295,0.19163346613545817,요주의,1,False,Low,FS1,[구조] 지역당 평균 점포수,-0.28474,[변화] 점포 증가율,0.21458,[수준] 가맹사업 업력,-0.20439
BRD_20150882,2024,스시노칸도,외식,일식,27.0,0.02771378705628116,0.28669494510892424,0.02953586497890295,0.19123505976095617,건전,0,True,Low,FS1,[구조] 지역당 평균 점포수,0.18464,[추세] 면적당매출 평균,-0.18032,[구조] 지역 집중도(HHI),-0.16284
BRD_20211882,2024,솔솥,외식,한식,63.0,0.02768182077693692,0.28661791184443774,0.02953586497890295,0.1908366533864542,건전,0,True,Low,FS1,[업종상대] 점포 증가율 백분위,-0.21534,[추세] 점포 증가율 변동성,0.15403,[구조] 지역당 평균 점포수,0.13265
BRD_20110100577,2024,얌샘,외식,분식,7.0,0.027649854497592677,0.2852234060163525,0.02953586497890295,0.1904382470119522,건전,0,True,Low,FS1,[구조] 지역당 평균 점포수,0.58922,[수준] 가맹사업 업력,-0.25743,[추세] 점포 증가율 변동성,-0.21849
BRD_20201331,2024,이태리양조장,외식,주점,51.0,0.027617888218248437,0.28513046911443746,0.02953586497890295,0.1900398406374502,건전,0,True,Low,FS1,[구조] 지역당 평균 점포수,0.35144,[업종상대] 계약종료 백분위,-0.2866,[수준] 브랜드 연차,-0.17205
BRD_20161227,2024,굿맘할매순대국&양선지해장국,외식,한식,35.0,0.027585921938904193,0.2844154820997264,0.02953586497890295,0.18964143426294822,건전,0,True,Low,FS1,[변화] 점포 증가율,0.35732,[구조] 지역당 평균 점포수,-0.26327,[구조] 지역 집중도(HHI),-0.14712
BRD_20090100182,2024,씨엠에스(CMS),서비스,기타 교육,51.0,0.027553955659559953,0.28373882188188987,0.02953586497890295,0.1892430278884462,건전,0,True,Low,FS1,[업종상대] 계약종료 백분위,-0.30298,[추세] 점포 증가율 변동성,-0.29937,[구조] 지역당 평균 점포수,0.26334
BRD_20120100362,2024,북촌손만두,외식,기타 외식,142.0,0.02752198938021571,0.2837143102702733,0.02953586497890295,0.1888446215139442,건전,0,True,Low,FS1,[변화] 점포 증가율,0.43302,[구조] 지역당 평균 점포수,-0.22818,[수준] 본부 직원수,-0.12825
BRD_20080100051,2024,ARTBOX,도소매,기타도소매,11.0,0.02749002310087147,0.28290016508555,0.02953586497890295,0.18844621513944224,건전,0,True,Low,FS1,[구조] 지역 집중도(HHI) 전년비 변화,-0.29966,[수준] 가맹사업 업력,-0.25164,[추세] 점포 증가율 변동성,-0.22181
BRD_20080100037,2024,온누리약국,서비스,약국,2073.0,0.027458056821527226,0.28277876663732937,0.02953586497890295,0.18804780876494023,건전,0,True,Low,FS1,[수준] 가맹사업 업력,-0.29062,[추세] 점포 증가율 변동성,-0.27889,[업종상대] 실질 매출 증가율 백분위,0.19182
BRD_20080100455,2024,뽕잎사랑샤브칼국수보쌈냉면,외식,기타 외식,20.0,0.027426090542182986,0.28173261987675896,0.02953586497890295,0.18764940239043826,건전,0,True,Low,FS1,[변화] 점포 증가율,0.31122,[수준] 가맹사업 업력,-0.27136,[추세] 면적당매출 평균,-0.19221
BRD_20171445,2024,카페일리터,외식,커피,118.0,0.027394124262838743,0.28156139034672223,0.02953586497890295,0.18725099601593626,건전,0,True,Low,FS1,[추세] 매출 증가율 변동성,0.23061,[추세] 면적당매출 평균,-0.19738,[업종상대] 계약종료 백분위,-0.18973
BRD_20090100120,2024,소낙스 카케어,서비스,자동차 관련,96.0,0.027362157983494503,0.2811367675370134,0.02953586497890295,0.18685258964143425,건전,0,True,Low,FS1,[수준] 가맹사업 업력,-0.14069,[수준] 브랜드 연차,-0.11516,[수준] 본부 직원수,-0.11227
BRD_20100600062,2024,아지야과일가게,도소매,농수산물,15.0,0.02733019170415026,0.280865561323195,0.02953586497890295,0.18645418326693228,건전,0,True,Low,FS1,[변화] 점포 증가율,0.33197,[구조] 지역 집중도(HHI) 전년비 변화,-0.27448,[구조] 지역당 평균 점포수,-0.26766
BRD_20220024,2024,이우철한방누룽지삼계탕,외식,한식,48.0,0.02729822542480602,0.28085714894359554,0.02953586497890295,0.18605577689243027,건전,0,True,Low,FS1,[업종상대] 계약종료 백분위,-0.31179,[구조] 지역당 평균 점포수,0.18112,[추세] 면적당매출 평균,-0.17731
BRD_20080100492,2024,홍익아트,서비스,기타 교육,132.0,0.027266259145461776,0.2800362384232455,0.02953586497890295,0.1856573705179283,건전,0,True,Low,FS1,[업종상대] 계약종료 백분위,-0.35478,[추세] 점포 증가율 변동성,-0.28922,[수준] 평균매출,0.28888
BRD_20080100052,2024,치킨마루,외식,치킨,152.0,0.027234292866117536,0.2796413019498093,0.02953586497890295,0.1852589641434263,건전,0,True,Low,FS1,[변화] 점포 증가율,0.42003,[수준] 가맹사업 업력,-0.24508,[추세] 점포 증가율 변동성,-0.20762
BRD_20080100191,2024,반딧불이,서비스,기타 서비스,51.0,0.027202326586773292,0.2795698962881278,0.02953586497890295,0.1848605577689243,건전,0,True,Low,FS1,[수준] 가맹사업 업력,-0.29,[추세] 점포 증가율 변동성,-0.16728,[수준] 평균매출,0.14979
BRD_20150700,2024,청년다방,외식,분식,352.0,0.027170360307429052,0.279363970722169,0.02953586497890295,0.18446215139442232,건전,0,True,Low,FS1,[구조] 지역당 평균 점포수,-0.20451,[업종상대] 계약종료 백분위,-0.15475,[구조] 개점-종료 격차,-0.15147
BRD_20120100399,2024,디오니스,외식,주점,15.0,0.02713839402808481,0.2792759304734834,0.02953586497890295,0.18406374501992032,건전,0,True,Low,FS1,[추세] 점포 증가율 변동성,-0.33466,[업종상대] 계약종료 백분위,-0.3125,[수준] 가맹사업 업력,-0.27389
BRD_20140870,2024,바닷물만난콩이:두부야,도소매,농수산물,88.0,0.02710642774874057,0.2781953253601898,0.02953586497890295,0.1836653386454183,건전,0,True,Low,FS1,[업종상대] 계약종료 백분위,-0.3062,[구조] 지역당 평균 점포수,-0.19359,[변화] 점포 증가율,0.17946
BRD_20120600032,2024,크린파트너,서비스,기타 서비스,70.0,0.027074461469396325,0.2779422368784606,0.02953586497890295,0.18326693227091634,건전,0,True,Low,FS1,[수준] 평균매출,0.34293,[구조] 지역당 평균 점포수,-0.26361,[추세] 면적당매출 평균,-0.204
BRD_20080200073,2024,불로만치킨바베큐,외식,치킨,111.0,0.027042495190052085,0.2775359184561349,0.02953586497890295,0.18286852589641434,건전,0,True,Low,FS1,[수준] 가맹사업 업력,-0.37127,[업종상대] 계약종료 백분위,-0.23736,[구조] 지역당 평균 점포수,-0.21913
BRD_20220525,2024,동래정 백탄직화,외식,한식,54.0,0.02701052891070784,0.27658823334718513,0.02953586497890295,0.18247011952191236,건전,0,True,Low,FS1,[업종상대] 계약종료 백분위,-0.28747,[추세] 점포 증가율 변동성,0.14027,[업종상대] 점포 증가율 백분위,-0.1373
BRD_20231675,2024,회식의달인,외식,한식,22.0,0.0269785626313636,0.27643162946350225,0.02953586497890295,0.18207171314741036,건전,0,True,Low,FS1,[구조] 지역당 평균 점포수,0.18322,[추세] 매출 증가율 평균,0.1541,[추세] 면적당매출 평균,-0.14691
BRD_20200773,2024,찰스리헤어테크,서비스,이미용,26.0,0.026946596352019358,0.27609153076717824,0.02953586497890295,0.18167330677290836,건전,0,True,Low,FS1,[구조] 지역당 평균 점포수,-0.23044,[추세] 면적당매출 평균,-0.16337,[수준] 평균매출,-0.15445
BRD_20190011,2024,상상짬뽕,외식,중식,22.0,0.026914630072675118,0.276063774281439,0.02953586497890295,0.18127490039840638,건전,0,True,Low,FS1,[추세] 점포 증가율 변동성,-0.25493,[구조] 지역당 평균 점포수,0.1599,[구조] 개점-종료 격차,-0.14704
BRD_20211017,2024,용용선생,외식,주점,111.0,0.026882663793330874,0.27569756252429944,0.02953586497890295,0.18087649402390438,요주의,1,False,Low,FS1,[업종상대] 계약종료 백분위,-0.27909,[추세] 점포 증가율 변동성,0.17365,[수준] 본부 직원수,-0.14207
BRD_20210570,2024,모리커피,외식,커피,81.0,0.026850697513986634,0.27565873840905214,0.02953586497890295,0.1804780876494024,건전,0,True,Low,FS1,[업종상대] 계약종료 백분위,-0.30823,[업종상대] 점포 증가율 백분위,-0.21607,[추세] 점포 증가율 변동성,0.14708
BRD_20080100729,2024,이마트24(emart24),도소매,편의점,5895.0,0.02681873123464239,0.27536201779511477,0.02953586497890295,0.1800796812749004,건전,0,True,Low,FS1,[수준] 가맹사업 업력,-0.32326,[구조] 지역당 평균 점포수,-0.24083,[변화] 점포 증가율,0.15899
BRD_20220529,2024,하르당,외식,제과제빵,47.0,0.02678676495529815,0.27533441595858227,0.02953586497890295,0.1796812749003984,건전,0,True,Low,FS1,[업종상대] 점포 증가율 백분위,-0.18853,[추세] 면적당매출 평균,-0.16448,[추세] 점포 증가율 변동성,0.13796
BRD_20090100597,2024,만복집,외식,기타 외식,85.0,0.026754798675953907,0.2751892141205257,0.02953586497890295,0.17928286852589642,건전,0,True,Low,FS1,[수준] 가맹사업 업력,-0.23713,[업종상대] 계약종료 백분위,-0.23282,[구조] 지역당 평균 점포수,-0.16208
BRD_20220936,2024,응큼떡볶이,외식,분식,28.0,0.026722832396609667,0.2749326017851017,0.02953586497890295,0.17888446215139442,건전,0,True,Low,FS1,[업종상대] 계약종료 백분위,-0.27167,[추세] 점포 증가율 변동성,0.14236,[수준] 평균매출,-0.12792
BRD_20090100471,2024,치킨주막,외식,치킨,21.0,0.026690866117265424,0.27408479323322127,0.02953586497890295,0.17848605577689244,건전,0,True,Low,FS1,[업종상대] 계약종료 백분위,-0.19042,[구조] 지역당 평균 점포수,-0.18858,[수준] 브랜드 연차,-0.14436
BRD_20160773,2024,족발야시장,외식,기타 외식,219.0,0.026658899837921184,0.2737893825559582,0.02953586497890295,0.17808764940239044,건전,0,True,Low,FS1,[추세] 점포 증가율 변동성,-0.36634,[업종상대] 실질 매출 증가율 백분위,0.19469,[구조] 지역당 평균 점포수,-0.17517
BRD_20120100604,2024,코코호도,외식,제과제빵,167.0,0.02662693355857694,0.27349254487702257,0.02953586497890295,0.17768924302788844,건전,0,True,Low,FS1,[수준] 가맹사업 업력,-0.30583,[추세] 면적당매출 평균,-0.22,[업종상대] 계약종료 백분위,-0.20487
BRD_20100500023,2024,시루향기,외식,한식,28.0,0.0265949672792327,0.27311639084831896,0.02953586497890295,0.17729083665338646,건전,0,True,Low,FS1,[추세] 점포 증가율 변동성,-0.2897,[추세] 면적당매출 평균,0.24871,[수준] 가맹사업 업력,-0.2221
BRD_20100100136,2024,피자알볼로,외식,피자,249.0,0.026563000999888457,0.2728796542255774,0.02953586497890295,0.17689243027888446,건전,0,True,Low,FS1,[변화] 점포 증가율,0.40083,[수준] 가맹사업 업력,-0.26632,[구조] 지역당 평균 점포수,-0.25869
BRD_20230189,2024,꽈배기진,외식,제과제빵,30.0,0.026531034720544217,0.2728746446976731,0.02953586497890295,0.17649402390438246,요주의,1,False,Low,FS1,[구조] 지역 집중도(HHI) 전년비 변화,-0.3029,[업종상대] 계약종료 백분위,-0.26888,[구조] 지역당 평균 점포수,-0.17839
BRD_20080600034,2024,모캄보,외식,커피,16.0,0.026499068441199973,0.27086165948619534,0.02953586497890295,0.17609561752988048,건전,0,True,Low,FS1,[업종상대] 계약종료 백분위,-0.33856,[추세] 면적당매출 평균,-0.19242,[수준] 가맹사업 업력,-0.15429
BRD_20171037,2024,위니아24크린샵,서비스,세탁,112.0,0.026467102161855733,0.27008862134243666,0.02953586497890295,0.17569721115537848,건전,0,True,Low,FS1,[업종상대] 계약종료 백분위,-0.34828,[추세] 면적당매출 평균,-0.19544,[수준] 평균매출,0.17363
BRD_20200496,2024,코지하우스,외식,서양식,45.0,0.02643513588251149,0.2700014897912912,0.02953586497890295,0.1752988047808765,건전,0,True,Low,FS1,[업종상대] 계약종료 백분위,-0.33031,[추세] 매출 증가율 평균,0.17186,[구조] 지역당 평균 점포수,0.17055
BRD_20191188,2024,오븐에 빠진 막창,외식,한식,56.0,0.02640316960316725,0.26975580626650114,0.02953586497890295,0.1749003984063745,건전,0,True,Low,FS1,[추세] 점포 증가율 변동성,-0.25986,[추세] 면적당매출 평균,-0.18775,[변화] 점포 증가율,0.154
NAME:화통삼@외식,2024,화통삼,외식,한식,16.0,0.026371203323823006,0.2696372009180385,0.02953586497890295,0.1745019920318725,건전,0,True,Low,FS1,[업종상대] 계약종료 백분위,-0.32256,[추세] 면적당매출 평균,-0.19457,[추세] 점포 증가율 변동성,-0.1559
BRD_20220568,2024,테라커피(TERA COFFEE),외식,커피,58.0,0.026339237044478766,0.26957613021351035,0.02953586497890295,0.17410358565737052,건전,0,True,Low,FS1,[추세] 점포 증가율 변동성,-0.21224,[구조] 지역당 평균 점포수,-0.18344,[추세] 면적당매출 평균,0.14645
BRD_20141157,2024,아이벗 치킨,외식,치킨,28.0,0.026307270765134522,0.2695246149649587,0.02953586497890295,0.17370517928286852,건전,0,True,Low,FS1,[업종상대] 계약종료 백분위,-0.36444,[추세] 면적당매출 평균,-0.19408,[추세] 점포 증가율 변동성,-0.14983
BRD_20200937,2024,마장동김씨,외식,한식,42.0,0.026275304485790282,0.2695237361530144,0.02953586497890295,0.17330677290836655,건전,0,True,Low,FS1,[추세] 면적당매출 평균,-0.18233,[구조] 지역당 평균 점포수,0.17854,[추세] 점포 증가율 변동성,0.17681
BRD_20200807,2024,덮덮밥,외식,한식,188.0,0.02624333820644604,0.26946094648983904,0.02953586497890295,0.17290836653386454,건전,0,True,Low,FS1,[구조] 지역당 평균 점포수,-0.19987,[수준] 가맹사업 업력,0.17183,[추세] 점포 증가율 변동성,-0.13823
BRD_20211014,2024,도야짬뽕,외식,중식,80.0,0.0262113719271018,0.269110873932816,0.02953586497890295,0.17250996015936254,건전,0,True,Low,FS1,[업종상대] 계약종료 백분위,-0.29723,[추세] 면적당매출 평균,-0.174,[추세] 점포 증가율 변동성,0.15245
BRD_20231922,2024,이쁘다헤어,서비스,이미용,20.0,0.026179405647757555,0.2685755107652799,0.02953586497890295,0.17211155378486057,건전,0,True,Low,FS1,[업종상대] 계약종료 백분위,-0.32829,[추세] 면적당매출 평균,-0.16528,[구조] 지역당 평균 점포수,-0.15632
BRD_20100600018,2024,코앤코뮤직,서비스,기타 교육,38.0,0.026147439368413315,0.26822840067389947,0.02953586497890295,0.17171314741035856,건전,0,True,Low,FS1,[구조] 지역당 평균 점포수,0.58467,[업종상대] 계약종료 백분위,-0.29726,[수준] 가맹사업 업력,-0.2911
BRD_20100500010,2024,징기스칸치킨,외식,치킨,19.0,0.02611547308906907,0.26813784421929115,0.02953586497890295,0.17131474103585656,건전,0,True,Low,FS1,[업종상대] 계약종료 백분위,-0.35368,[추세] 점포 증가율 변동성,-0.27807,[수준] 가맹사업 업력,-0.23722
BRD_20160493,2024,하우돈곱창,외식,기타 외식,24.0,0.02608350680972483,0.26785772065448765,0.02953586497890295,0.17091633466135459,건전,0,True,Low,FS1,[추세] 점포 증가율 기울기,0.18125,[수준] 브랜드 연차,-0.15906,[추세] 점포 증가율 변동성,0.14764
NAME:손큰할매순대국@외식,2024,손큰할매순대국,외식,한식,50.0,0.026051540530380588,0.26768743399113165,0.02953586497890295,0.17051792828685258,건전,0,True,Low,FS1,[업종상대] 계약종료 백분위,-0.28169,[추세] 면적당매출 평균,-0.18422,[수준] 브랜드 연차,-0.16162
BRD_20200578,2024,거북이동네,외식,한식,36.0,0.026019574251036348,0.2667180073999722,0.02953586497890295,0.1701195219123506,건전,0,True,Low,FS1,[추세] 매출 증가율 평균,0.24907,[업종상대] 계약종료 백분위,-0.17709,[구조] 지역 집중도(HHI),-0.1648
BRD_20190037,2024,정통집,외식,한식,72.0,0.025987607971692105,0.26555071574121153,0.02953586497890295,0.1697211155378486,건전,0,True,Low,FS1,[변화] 점포 증가율,0.20018,[추세] 점포 증가율 변동성,-0.17811,[추세] 면적당매출 평균,-0.16949
BRD_20090100355,2024,아이러브피자,외식,피자,23.0,0.025955641692347865,0.2652175430678315,0.02953586497890295,0.1693227091633466,건전,0,True,Low,FS1,[업종상대] 계약종료 백분위,-0.28687,[수준] 가맹사업 업력,-0.22281,[구조] 개점-종료 격차,-0.14463
BRD_20170517,2024,쑝쑝돈까스,외식,서양식,131.0,0.02592367541300362,0.2643738764126956,0.02953586497890295,0.16892430278884463,건전,0,True,Low,FS1,[구조] 지역당 평균 점포수,-0.19006,[추세] 점포 증가율 변동성,0.17839,[추세] 면적당매출 평균,-0.16477
BRD_20201484,2024,리틀꼬마김밥,외식,분식,50.0,0.02589170913365938,0.26326350558250666,0.02953586497890295,0.16852589641434262,건전,0,True,Low,FS1,[업종상대] 계약종료 백분위,-0.27515,[추세] 매출 증가율 변동성,0.20609,[구조] 지역당 평균 점포수,-0.15617
BRD_20181065,2024,"안경,진정성",서비스,안경,78.0,0.025859742854315138,0.2628600419720664,0.02953586497890295,0.16812749003984065,건전,0,True,Low,FS1,[업종상대] 계약종료 백분위,-0.19764,[업종상대] 실질 매출 증가율 백분위,-0.1394,[추세] 면적당매출 평균,-0.13242
BRD_20210211,2024,제육대가,외식,기타 외식,100.0,0.025827776574970897,0.2617261767177071,0.02953586497890295,0.16772908366533865,건전,0,True,Low,FS1,[구조] 지역당 평균 점포수,-0.19812,[업종상대] 계약종료 백분위,-0.1848,[수준] 가맹사업 업력,0.14415
BRD_20150098,2024,곤지암할매소머리국밥,외식,한식,194.0,0.025795810295626654,0.2612768681298928,0.02953586497890295,0.16733067729083664,건전,0,True,Low,FS1,[구조] 지역당 평균 점포수,-0.24229,[추세] 면적당매출 평균,-0.21902,[업종상대] 계약종료 백분위,-0.20379
BRD_20190942,2024,라밥,외식,분식,22.0,0.025763844016282414,0.26126146360820174,0.02953586497890295,0.16693227091633467,건전,0,True,Low,FS1,[업종상대] 계약종료 백분위,-0.26108,[구조] 지역당 평균 점포수,-0.18873,[추세] 면적당매출 평균,0.16614
BRD_20230873,2024,오엑스피씨,서비스,PC방,112.0,0.02573187773693817,0.26108217866261685,0.02953586497890295,0.16653386454183267,건전,0,True,Low,FS1,[구조] 지역 집중도(HHI) 전년비 변화,-0.28316,[업종상대] 계약종료 백분위,-0.26459,[추세] 매출 증가율 변동성,0.20189
BRD_20220816,2024,차이(CHAI),외식,음료 (커피 외),24.0,0.02569991145759393,0.2606794929141574,0.02953586497890295,0.1661354581673307,건전,0,True,Low,FS1,[업종상대] 점포 증가율 백분위,-0.21191,[구조] 지역당 평균 점포수,0.20686,[업종상대] 계약종료 백분위,-0.20306
BRD_20181157,2024,동경에서먹었던규동,외식,일식,67.0,0.025667945178249687,0.2600706589889024,0.02953586497890295,0.1657370517928287,건전,0,True,Low,FS1,[구조] 지역당 평균 점포수,-0.23939,[추세] 점포 증가율 변동성,0.15705,[추세] 면적당매출 평균,0.13107
BRD_20080500052,2024,병천황토방순대,외식,기타 외식,33.0,0.025635978898905447,0.25966044237088715,0.02953586497890295,0.16533864541832669,건전,0,True,Low,FS1,[업종상대] 계약종료 백분위,-0.32438,[수준] 가맹사업 업력,-0.27099,[구조] 지역당 평균 점포수,0.24073
BRD_20110100437,2024,와이키즈,서비스,기타 교육,54.0,0.025604012619561203,0.2594006520378552,0.02953586497890295,0.1649402390438247,요주의,1,False,Low,FS1,[추세] 면적당매출 평균,-0.19914,[구조] 지역당 평균 점포수,0.17358,[업종상대] 계약종료 백분위,-0.16619
BRD_20160713,2024,79대포,외식,주점,126.0,0.02557204634021696,0.2587835900139019,0.02953586497890295,0.1645418326693227,건전,0,True,Low,FS1,[추세] 면적당매출 평균,0.20992,[업종상대] 계약종료 백분위,-0.16478,[추세] 점포 증가율 변동성,0.16423
BRD_20130100381,2024,알통떡강정,외식,치킨,123.0,0.02554008006087272,0.2584532212645589,0.02953586497890295,0.1641434262948207,건전,0,True,Low,FS1,[추세] 점포 증가율 변동성,-0.25149,[구조] 지역당 평균 점포수,-0.24275,[수준] 평균매출,0.24056
BRD_20160628,2024,메가엠지씨커피(MEGA MGC COFFEE),외식,커피,3325.0,0.02550811378152848,0.2571585551886288,0.02953586497890295,0.16374501992031873,건전,0,True,Low,FS1,[구조] 지역당 평균 점포수,-0.2405,[업종상대] 계약종료 백분위,-0.22945,[추세] 면적당매출 평균,0.17151
BRD_20080200100,2024,배터지는생동까스,외식,일식,78.0,0.025476147502184236,0.25688029578006616,0.02953586497890295,0.16334661354581673,건전,0,True,Low,FS1,[수준] 가맹사업 업력,-0.28623,[추세] 점포 증가율 변동성,-0.26044,[변화] 점포 증가율,0.12666
BRD_20200365,2024,맛있는 고기에 솜씨를 더하다,외식,한식,78.0,0.025444181222839996,0.256409016975564,0.02953586497890295,0.16294820717131475,건전,0,True,Low,FS1,[업종상대] 계약종료 백분위,-0.32425,[구조] 지역당 평균 점포수,-0.30149,[수준] 가맹사업 업력,0.15441
BRD_20200341,2024,청년치킨,외식,치킨,45.0,0.025412214943495753,0.2561099257116955,0.02953586497890295,0.16254980079681275,건전,0,True,Low,FS1,[업종상대] 계약종료 백분위,-0.31375,[구조] 지역당 평균 점포수,0.19471,[추세] 면적당매출 평균,-0.1906
BRD_20150303,2024,더 스미스,서비스,자동차 관련,310.0,0.025380248664151513,0.25578636041791064,0.02953586497890295,0.16215139442231075,요주의,1,False,Low,FS1,[업종상대] 계약종료 백분위,-0.32572,[추세] 점포 증가율 변동성,-0.2139,[수준] 면적당매출,0.20717
BRD_20150052,2024,빵장수단팥빵,외식,제과제빵,42.0,0.02534828238480727,0.2557856222271895,0.02953586497890295,0.16175298804780877,건전,0,True,Low,FS1,[추세] 면적당매출 평균,-0.18635,[구조] 지역당 평균 점포수,0.17536,[수준] 브랜드 연차,-0.1671
BRD_20080200050,2024,참이맛감자탕,외식,한식,72.0,0.025316316105463026,0.25569565550697315,0.02953586497890295,0.16135458167330677,건전,0,True,Low,FS1,[수준] 가맹사업 업력,-0.31855,[추세] 점포 증가율 변동성,0.1706,[추세] 면적당매출 평균,-0.12407
BRD_20220426,2024,편편집,외식,한식,79.0,0.025284349826118786,0.25565880505990973,0.02953586497890295,0.1609561752988048,건전,0,True,Low,FS1,[업종상대] 계약종료 백분위,-0.16023,[추세] 면적당매출 평균,0.14771,[수준] 평균매출,-0.1463
BRD_20080100172,2024,둘둘치킨,외식,치킨,80.0,0.025252383546774546,0.2555901087577559,0.02953586497890295,0.1605577689243028,건전,0,True,Low,FS1,[업종상대] 계약종료 백분위,-0.30115,[수준] 가맹사업 업력,-0.29765,[추세] 매출 증가율 평균,0.27007
BRD_20100100603,2024,펀비어킹,외식,주점,327.0,0.025220417267430302,0.2554278058374813,0.02953586497890295,0.1601593625498008,건전,0,True,Low,FS1,[추세] 면적당매출 평균,0.34825,[추세] 매출 증가율 변동성,0.32139,[추세] 매출 증가율 평균,0.2556
BRD_20171164,2024,종로계림닭도리탕원조,외식,기타 외식,39.0,0.025188450988086062,0.2550216064460011,0.02953586497890295,0.1597609561752988,건전,0,True,Low,FS1,[구조] 지역 집중도(HHI),-0.15093,[수준] 브랜드 연차,-0.14938,[업종상대] 실질 매출 증가율 백분위,0.149
BRD_20211099,2024,대한냉면,외식,한식,29.0,0.02515648470874182,0.2548524881484043,0.02953586497890295,0.1593625498007968,건전,0,True,Low,FS1,[추세] 면적당매출 평균,0.2585,[구조] 지역당 평균 점포수,-0.18069,[구조] 지역 집중도(HHI),-0.17456
BRD_20160560,2024,만화카페 벌툰,서비스,기타 서비스,157.0,0.02512451842939758,0.2547976102401573,0.02953586497890295,0.1589641434262948,건전,0,True,Low,FS1,[구조] 지역당 평균 점포수,-0.30976,[추세] 면적당매출 평균,0.16238,[수준] 면적당매출,0.16083
BRD_20110300071,2024,더만족,외식,한식,20.0,0.025092552150053335,0.2539387088842746,0.02953586497890295,0.15856573705179283,건전,0,True,Low,FS1,[업종상대] 계약종료 백분위,-0.30233,[추세] 면적당매출 평균,-0.13985,[구조] 지역당 평균 점포수,0.13919
BRD_20201394,2024,글라스타,서비스,안경,61.0,0.02506058587070909,0.2539378355537012,0.02953586497890295,0.15816733067729083,건전,0,True,Low,FS1,[추세] 면적당매출 평균,-0.16819,[업종상대] 계약종료 백분위,-0.13958,[업종상대] 실질 매출 증가율 백분위,-0.13029
BRD_20100400017,2024,얌스,외식,기타 외식,25.0,0.02502861959136485,0.253630514314365,0.02953586497890295,0.15776892430278885,요주의,1,False,Low,FS1,[업종상대] 계약종료 백분위,-0.315,[수준] 가맹사업 업력,-0.18767,[추세] 면적당매출 평균,-0.17302
BRD_20080100055,2024,본스치킨,외식,치킨,109.0,0.02499665331202061,0.25337169026190126,0.02953586497890295,0.15737051792828685,건전,0,True,Low,FS1,[업종상대] 계약종료 백분위,-0.27531,[수준] 가맹사업 업력,-0.24984,[추세] 면적당매출 평균,0.20081
NAME:밀숲@외식,2024,밀숲,외식,기타 외식,21.0,0.024964687032676368,0.2528391649752428,0.02953586497890295,0.15697211155378485,건전,0,True,Low,FS1,[업종상대] 계약종료 백분위,-0.29793,[구조] 지역당 평균 점포수,0.18506,[수준] 브랜드 연차,-0.16612
BRD_20181029,2024,빅쭌부대찌개,외식,기타 외식,33.0,0.024932720753332128,0.25174883806721504,0.02953586497890295,0.15657370517928287,건전,0,True,Low,FS1,[업종상대] 계약종료 백분위,-0.31674,[구조] 지역당 평균 점포수,0.19967,[업종상대] 실질 매출 증가율 백분위,-0.15087
BRD_20110100524,2024,전설의치킨,외식,치킨,52.0,0.024900754473987884,0.25115871142003493,0.02953586497890295,0.15617529880478087,건전,0,True,Low,FS1,[수준] 평균매출,0.19677,[수준] 가맹사업 업력,-0.17449,[수준] 브랜드 연차,-0.1717
BRD_20181061,2024,미태리,외식,서양식,99.0,0.024868788194643644,0.2511568578090592,0.02953586497890295,0.1557768924302789,건전,0,True,Low,FS1,[업종상대] 점포 증가율 백분위,-0.21656,[업종상대] 계약종료 백분위,-0.17616,[추세] 점포 증가율 변동성,0.16948
BRD_20231205,2024,탐나는피자,외식,피자,47.0,0.0248368219152994,0.2511049055381391,0.02953586497890295,0.1553784860557769,건전,0,True,Low,FS1,[업종상대] 계약종료 백분위,-0.3467,[업종상대] 실질 매출 증가율 백분위,-0.14863,[업종상대] 점포 증가율 백분위,-0.13158
BRD_20130387,2024,티스테이션(T'station),서비스,자동차 관련,508.0,0.024804855635955157,0.25031857671606295,0.02953586497890295,0.1549800796812749,요주의,1,False,Low,FS1,[추세] 점포 증가율 변동성,-0.24527,[수준] 가맹사업 업력,-0.21444,[구조] 지역당 평균 점포수,-0.18402
BRD_20120100651,2024,가마로강정,외식,치킨,128.0,0.024772889356610917,0.25025856962865245,0.02953586497890295,0.15458167330677292,건전,0,True,Low,FS1,[구조] 지역당 평균 점포수,-0.24736,[업종상대] 계약종료 백분위,-0.23602,[업종상대] 실질 매출 증가율 백분위,-0.1582
BRD_20201728,2024,호미스(HOMIES),외식,서양식,41.0,0.024740923077266677,0.250040633953261,0.02953586497890295,0.1541832669322709,건전,0,True,Low,FS1,[업종상대] 계약종료 백분위,-0.28395,[추세] 면적당매출 평균,0.20237,[구조] 지역 집중도(HHI),-0.163
BRD_20140624,2024,도야족발보쌈,외식,한식,98.0,0.024708956797922434,0.24940984370869063,0.02953586497890295,0.15378486055776894,건전,0,True,Low,FS1,[추세] 점포 증가율 변동성,-0.34296,[변화] 점포 증가율,0.20316,[추세] 매출 증가율 변동성,0.18661
BRD_20120100090,2024,홍대돈부리,외식,일식,14.0,0.024676990518578194,0.24894815812187748,0.02953586497890295,0.15338645418326693,건전,0,True,Low,FS1,[추세] 점포 증가율 평균,0.32402,[구조] 지역 집중도(HHI) 전년비 변화,-0.28342,[구조] 최다 지역 비중 전년비 변화,-0.19531
BRD_20230397,2024,옵티멈존PC카페,서비스,PC방,30.0,0.02464502423923395,0.2486234184695903,0.02953586497890295,0.15298804780876493,요주의,1,False,Low,FS1,[업종상대] 계약종료 백분위,-0.28114,[수준] 평균매출,-0.15064,[추세] 면적당매출 평균,0.14275
BRD_20171173,2024,오백국수,외식,분식,52.0,0.02461305795988971,0.24815106920017077,0.02953586497890295,0.15258964143426296,건전,0,True,Low,FS1,[구조] 지역당 평균 점포수,0.21456,[수준] 브랜드 연차,-0.17875,[추세] 면적당매출 평균,-0.16832
BRD_20120500018,2024,델리퀸,도소매,기타도소매,50.0,0.024581091680545467,0.24814534620045012,0.02953586497890295,0.15219123505976095,건전,0,True,Low,FS1,[추세] 점포 증가율 변동성,-0.29122,[업종상대] 계약종료 백분위,-0.14898,[수준] 가맹사업 업력,-0.13772
BRD_20130467,2024,신만용신가네매운떡볶이,외식,분식,21.0,0.024549125401201223,0.24769195912784464,0.02953586497890295,0.15179282868525895,건전,0,True,Low,FS1,[업종상대] 계약종료 백분위,-0.20823,[추세] 면적당매출 평균,-0.18108,[추세] 점포 증가율 변동성,-0.15918
BRD_20080200002,2024,두리아,외식,치킨,23.0,0.024517159121856983,0.2476199671406898,0.02953586497890295,0.15139442231075698,요주의,1,False,Low,FS1,[업종상대] 계약종료 백분위,-0.35175,[추세] 점포 증가율 변동성,-0.24701,[수준] 가맹사업 업력,-0.23352
BRD_20100500012,2024,월남쌈김상사,외식,기타 외식,15.0,0.024485192842512743,0.24753842381471552,0.02953586497890295,0.15099601593625497,건전,0,True,Low,FS1,[업종상대] 계약종료 백분위,-0.27192,[수준] 가맹사업 업력,-0.18417,[구조] 개점-종료 격차,-0.14489
BRD_20150450,2024,빨간코끼리,서비스,이미용,25.0,0.0244532265631685,0.2468923821778093,0.02953586497890295,0.150597609561753,요주의,1,False,Low,FS1,[업종상대] 계약종료 백분위,-0.33775,[업종상대] 점포 증가율 백분위,-0.16375,[수준] 브랜드 연차,-0.13618
BRD_20170519,2024,국제통닭,외식,치킨,56.0,0.024421260283824256,0.24648148543406945,0.02953586497890295,0.150199203187251,건전,0,True,Low,FS1,[업종상대] 계약종료 백분위,-0.19177,[업종상대] 실질 매출 증가율 백분위,-0.14255,[추세] 점포 증가율 변동성,-0.14184
BRD_20080200075,2024,명동칼국수샤브샤브,외식,한식,35.0,0.024389294004480016,0.24639973605693727,0.02953586497890295,0.149800796812749,건전,0,True,Low,FS1,[수준] 가맹사업 업력,-0.29886,[변화] 점포 증가율,0.14695,[추세] 면적당매출 평균,-0.13631
BRD_20190753,2024,갓튀긴후라이드,외식,치킨,105.0,0.024357327725135776,0.24597749398141347,0.02953586497890295,0.14940239043824702,건전,0,True,Low,FS1,[업종상대] 계약종료 백분위,-0.30137,[구조] 지역당 평균 점포수,-0.19024,[추세] 점포 증가율 변동성,0.16911
BRD_20150724,2024,오부장치킨,외식,치킨,29.0,0.024325361445791532,0.24557589717903644,0.02953586497890295,0.14900398406374502,건전,0,True,Low,FS1,[업종상대] 계약종료 백분위,-0.33797,[추세] 점포 증가율 변동성,-0.26754,[업종상대] 실질 매출 증가율 백분위,-0.12711
BRD_20100100423,2024,웰킨두피탈모센터,서비스,기타 서비스,52.0,0.02429339516644729,0.24551316865852177,0.02953586497890295,0.14860557768924304,건전,0,True,Low,FS1,[추세] 점포 증가율 변동성,-0.29034,[수준] 가맹사업 업력,-0.26848,[구조] 지역당 평균 점포수,0.19735
BRD_20080500028,2024,자연드림,도소매,기타도소매,224.0,0.02426142888710305,0.24532908948157842,0.02953586497890295,0.14820717131474104,건전,0,True,Low,FS1,[업종상대] 계약종료 백분위,-0.29123,[수준] 가맹사업 업력,-0.2616,[구조] 지역당 평균 점포수,-0.23941
BRD_20212439,2024,피자먹다,외식,피자,102.0,0.02422946260775881,0.24468430306462272,0.02953586497890295,0.14780876494023903,건전,0,True,Low,FS1,[구조] 지역당 평균 점포수,-0.19777,[추세] 면적당매출 평균,-0.1525,[업종상대] 점포 증가율 백분위,-0.14731
BRD_20080600030,2024,핸즈커피 (HANDS COFFEE),외식,커피,58.0,0.024197496328414565,0.2437769761822161,0.02953586497890295,0.14741035856573706,건전,0,True,Low,FS1,[구조] 지역당 평균 점포수,-0.19445,[수준] 가맹사업 업력,-0.18606,[수준] 면적당매출,0.17756
BRD_20161183,2024,어묵나라,외식,기타 외식,21.0,0.024165530049070322,0.24311880255551746,0.02953586497890295,0.14701195219123506,건전,0,True,Low,FS1,[업종상대] 계약종료 백분위,-0.34177,[수준] 가맹사업 업력,-0.289,[구조] 지역당 평균 점포수,-0.20837
BRD_20201061,2024,프린트카페(Print cafe),서비스,기타 서비스,223.0,0.02413356376972608,0.24307186942165304,0.02953586497890295,0.14661354581673305,건전,0,True,Low,FS1,[구조] 지역당 평균 점포수,-0.30273,[수준] 평균매출,0.20676,[추세] 면적당매출 평균,0.17258
BRD_20200919,2024,반디인하우스,서비스,이미용,31.0,0.02410159749038184,0.24293780980738894,0.02953586497890295,0.14621513944223108,요주의,1,False,Low,FS1,[업종상대] 계약종료 백분위,-0.30604,[구조] 지역 집중도(HHI),-0.16303,[업종상대] 점포 증가율 백분위,-0.13373
BRD_20080100657,2024,춘향골남원추어탕,외식,한식,35.0,0.024069631211037598,0.2422396742631247,0.02953586497890295,0.14581673306772908,건전,0,True,Low,FS1,[업종상대] 계약종료 백분위,-0.29996,[추세] 면적당매출 평균,0.18862,[수준] 가맹사업 업력,-0.18526
BRD_20141003,2024,장수본가해장국,외식,한식,30.0,0.024037664931693355,0.24192486782407935,0.02953586497890295,0.1454183266932271,건전,0,True,Low,FS1,[구조] 지역당 평균 점포수,-0.32137,[추세] 면적당매출 평균,0.19206,[업종상대] 계약종료 백분위,-0.18035
BRD_20110100541,2024,에듀코치,서비스,기타 교육,185.0,0.024005698652349115,0.24183913818386077,0.02953586497890295,0.1450199203187251,건전,0,True,Low,FS1,[수준] 면적당매출,0.26301,[구조] 지역당 평균 점포수,-0.22668,[추세] 면적당매출 평균,-0.19005
BRD_20130123,2024,쌀통닭,외식,치킨,77.0,0.023973732373004875,0.24182619018430315,0.02953586497890295,0.1446215139442231,건전,0,True,Low,FS1,[추세] 면적당매출 평균,0.1882,[구조] 지역당 평균 점포수,-0.15669,[업종상대] 점포 증가율 백분위,-0.15298
BRD_20141134,2024,라무진,외식,기타 외식,123.0,0.02394176609366063,0.241549051814487,0.02953586497890295,0.14422310756972112,요주의,1,False,Low,FS1,[구조] 지역당 평균 점포수,-0.29869,[업종상대] 계약종료 백분위,-0.29123,[변화] 점포 증가율,0.22246
BRD_20080200240,2024,뚝배기양평해장국,외식,한식,46.0,0.023909799814316388,0.24133149652001426,0.02953586497890295,0.14382470119521912,건전,0,True,Low,FS1,[업종상대] 계약종료 백분위,0.36004,[수준] 가맹사업 업력,-0.2552,[구조] 지역 집중도(HHI) 전년비 변화,-0.25404
NAME:삼송빵집@외식,2024,삼송빵집,외식,제과제빵,31.0,0.023877833534972148,0.24113080151792443,0.02953586497890295,0.14342629482071714,건전,0,True,Low,FS1,[업종상대] 계약종료 백분위,-0.2063,[구조] 지역당 평균 점포수,0.20294,[추세] 면적당매출 평균,-0.17864
BRD_20080200203,2024,카젠,서비스,자동차 관련,163.0,0.023845867255627907,0.24108488629137154,0.02953586497890295,0.14302788844621514,건전,0,True,Low,FS1,[추세] 점포 증가율 변동성,-0.22936,[수준] 가맹사업 업력,-0.2216,[추세] 면적당매출 평균,-0.20196
BRD_20080200283,2024,1인자감자탕,외식,한식,33.0,0.023813900976283664,0.23994725233219336,0.02953586497890295,0.14262948207171314,건전,0,True,Low,FS1,[추세] 매출 증가율 변동성,0.26654,[업종상대] 계약종료 백분위,-0.25834,[수준] 가맹사업 업력,-0.24302
BRD_20080100033,2024,피자에땅,외식,피자,138.0,0.02378193469693942,0.23988187247783702,0.02953586497890295,0.14223107569721116,건전,0,True,Low,FS1,[변화] 점포 증가율,0.34355,[수준] 가맹사업 업력,-0.29268,[추세] 점포 증가율 변동성,-0.26185
BRD_20140847,2024,잉글리시아이(englisheye),서비스,교육 (외국어),1227.0,0.02374996841759518,0.2397947901890882,0.02953586497890295,0.14183266932270916,건전,0,True,Low,FS1,[업종상대] 계약종료 백분위,-0.36878,[수준] 평균매출,0.19534,[추세] 면적당매출 평균,-0.18634
BRD_20151153,2024,송촌꼬마김밥,외식,한식,36.0,0.01834117665561285,0.23812153093438385,0.017964071856287425,0.14143426294820718,건전,0,True,Low,FS1,[업종상대] 계약종료 백분위,-0.40315,[수준] 평균매출,0.23229,[추세] 점포 증가율 변동성,-0.2315
BRD_20080100555,2024,옵티마,도소매,(건강)식품,879.0,0.018338098249087744,0.23805187362098057,0.017964071856287425,0.14103585657370518,건전,0,True,Low,FS1,[추세] 점포 증가율 변동성,-0.28743,[업종상대] 계약종료 백분위,-0.28684,[수준] 가맹사업 업력,-0.27098
BRD_20214429,2024,NiceCaffeinClub(NCC),외식,커피,36.0,0.01833501984256264,0.23752889067318722,0.017964071856287425,0.14063745019920318,건전,0,True,Low,FS1,[업종상대] 계약종료 백분위,-0.28727,[구조] 지역 집중도(HHI) 전년비 변화,-0.2659,[업종상대] 실질 매출 증가율 백분위,-0.13088
BRD_20080500020,2024,박가부대,외식,한식,94.0,0.018331941436037533,0.2374825893319226,0.017964071856287425,0.1402390438247012,건전,0,True,Low,FS1,[수준] 가맹사업 업력,-0.17737,[수준] 본부 직원수,-0.16261,[추세] 점포 증가율 변동성,0.14188
BRD_20211070,2024,시올돈,외식,기타 외식,24.0,0.018328863029512428,0.23720741609443596,0.017964071856287425,0.1398406374501992,요주의,1,False,Low,FS1,[업종상대] 계약종료 백분위,-0.32723,[구조] 지역당 평균 점포수,0.17424,[구조] 지역 집중도(HHI),-0.17281
BRD_20080500053,2024,노걸대,외식,한식,50.0,0.018325784622987323,0.23648411543526035,0.017964071856287425,0.1394422310756972,건전,0,True,Low,FS1,[구조] 지역당 평균 점포수,-0.26992,[추세] 매출 증가율 평균,0.25765,[추세] 면적당매출 평균,0.24557
BRD_20221105,2024,앤딩스터디카페,서비스,기타 서비스,28.0,0.018322706216462217,0.2360662786270098,0.017964071856287425,0.13904382470119522,건전,0,True,Low,FS1,[업종상대] 계약종료 백분위,-0.30915,[업종상대] 실질 매출 증가율 백분위,-0.18622,[구조] 지역 집중도(HHI),-0.16964
BRD_20080100077,2024,맛깔참죽,외식,한식,73.0,0.018319627809937112,0.235625178444051,0.017964071856287425,0.13864541832669322,건전,0,True,Low,FS1,[수준] 가맹사업 업력,-0.25991,[추세] 점포 증가율 변동성,-0.24249,[수준] 평균매출,0.18847
BRD_20220321,2024,천라쿵푸마라탕,외식,중식,22.0,0.018316549403412007,0.23437203093661602,0.017964071856287425,0.13824701195219125,건전,0,True,Low,FS1,[구조] 지역 집중도(HHI),-0.18908,[업종상대] 계약종료 백분위,-0.17697,[수준] 평균매출,-0.15753
BRD_20080400017,2024,조선CH.S치킨,외식,치킨,21.0,0.0183134709968869,0.23402124125012813,0.017964071856287425,0.13784860557768924,건전,0,True,Low,FS1,[수준] 가맹사업 업력,-0.24069,[구조] 지역당 평균 점포수,-0.23587,[추세] 면적당매출 평균,-0.21654
BRD_20190058,2024,포트리스,외식,기타 외국식,35.0,0.018310392590361796,0.2339330186109683,0.017964071856287425,0.13745019920318724,건전,0,True,Low,FS1,[업종상대] 계약종료 백분위,-0.31683,[추세] 점포 증가율 변동성,-0.16198,[구조] 지역당 평균 점포수,0.15045
NAME:와촌식육식당@외식,2024,와촌식육식당,외식,한식,18.0,0.01830731418383669,0.23386703201310258,0.017964071856287425,0.13705179282868526,건전,0,True,Low,FS1,[업종상대] 계약종료 백분위,-0.32464,[추세] 점포 증가율 변동성,-0.26919,[구조] 지역당 평균 점포수,0.14422
BRD_20120100319,2024,토킹클럽,서비스,교육 (외국어),117.0,0.018304235777311585,0.23383704012185932,0.017964071856287425,0.13665338645418326,건전,0,True,Low,FS1,[업종상대] 계약종료 백분위,-0.41421,[수준] 평균매출,0.26222,[추세] 점포 증가율 변동성,-0.25297
BRD_20100600076,2024,남다른감자탕,외식,한식,54.0,0.01830115737078648,0.23317601278826702,0.017964071856287425,0.1362549800796813,건전,0,True,Low,FS1,[추세] 점포 증가율 변동성,-0.33623,[수준] 가맹사업 업력,-0.20773,[변화] 점포 증가율,0.14623
BRD_20160124,2024,설동궁찜닭,외식,한식,184.0,0.018298078964261374,0.2330592686293607,0.017964071856287425,0.13585657370517928,요주의,1,False,Low,FS1,[추세] 점포 증가율 변동성,-0.3123,[추세] 면적당매출 평균,0.29058,[구조] 지역당 평균 점포수,-0.1883
BRD_20170186,2024,달곰김밥,외식,기타 외식,14.0,0.01829500055773627,0.23261505534148988,0.017964071856287425,0.13545816733067728,건전,0,True,Low,FS1,[업종상대] 계약종료 백분위,-0.39863,[구조] 지역당 평균 점포수,-0.25028,[추세] 점포 증가율 변동성,-0.24912
BRD_20190436,2024,왕돈까스&왕냉면,외식,분식,14.0,0.01829192215121116,0.23220805589610657,0.017964071856287425,0.1350597609561753,건전,0,True,Low,FS1,[구조] 지역당 평균 점포수,-0.33312,[업종상대] 계약종료 백분위,-0.31217,[추세] 면적당매출 평균,-0.22109
BRD_20160218,2024,세컨페이스,서비스,안경,53.0,0.018288843744686055,0.23193065019666328,0.017964071856287425,0.1346613545816733,건전,0,True,Low,FS1,[업종상대] 계약종료 백분위,-0.36426,[추세] 점포 증가율 변동성,-0.32959,[추세] 면적당매출 평균,-0.14803
BRD_20080200026,2024,닭이봉춘천닭갈비,외식,기타 외식,29.0,0.01828576533816095,0.23177405674144821,0.017964071856287425,0.1342629482071713,건전,0,True,Low,FS1,[수준] 가맹사업 업력,-0.27541,[업종상대] 계약종료 백분위,-0.24515,[구조] 지역 집중도(HHI),-0.13768
BRD_20221386,2024,한국금시장거래소,도소매,기타도소매,26.0,0.018282686931635844,0.23139314040647796,0.017964071856287425,0.13386454183266933,건전,0,True,Low,FS1,[구조] 지역 집중도(HHI) 전년비 변화,-0.28578,[구조] 지역 집중도(HHI),-0.15491,[업종상대] 실질 매출 증가율 백분위,-0.1508
BRD_20130100371,2024,남노갈비,외식,한식,14.0,0.01827960852511074,0.23134829989652123,0.017964071856287425,0.13346613545816732,건전,0,True,Low,FS1,[구조] 지역 집중도(HHI) 전년비 변화,-0.25476,[구조] 최다 지역 비중 전년비 변화,-0.22425,[추세] 점포 증가율 변동성,-0.1955
BRD_20200218,2024,입술에 설렌다 빙수당,외식,아이스크림/빙수,32.0,0.018276530118585634,0.23109893155908337,0.017964071856287425,0.13306772908366535,건전,0,True,Low,FS1,[업종상대] 계약종료 백분위,-0.29101,[업종상대] 실질 매출 증가율 백분위,-0.17397,[수준] 브랜드 연차,-0.15085
BRD_20141065,2024,부엉이돈가스,외식,기타 외식,25.0,0.018273451712060528,0.23048034409853566,0.017964071856287425,0.13266932270916335,건전,0,True,Low,FS1,[구조] 지역당 평균 점포수,0.40499,[추세] 점포 증가율 변동성,-0.34424,[업종상대] 계약종료 백분위,-0.31506
BRD_20220122,2024,왓커피,외식,커피,20.0,0.018270373305535423,0.23022403256247964,0.017964071856287425,0.13227091633466134,건전,0,True,Low,FS1,[구조] 지역당 평균 점포수,-0.31087,[업종상대] 점포 증가율 백분위,-0.16892,[업종상대] 실질 매출 증가율 백분위,-0.12727
BRD_20220073,2024,헬키푸키,외식,기타 외식,31.0,0.018267294899010317,0.23015475344038286,0.017964071856287425,0.13187250996015937,요주의,1,False,Low,FS1,[업종상대] 계약종료 백분위,-0.36569,[구조] 지역당 평균 점포수,0.15246,[추세] 면적당매출 평균,-0.13986
BRD_20212010,2024,복호두,외식,제과제빵,131.0,0.018264216492485212,0.22857940381253725,0.017964071856287425,0.13147410358565736,건전,0,True,Low,FS1,[업종상대] 계약종료 백분위,-0.28795,[업종상대] 점포 증가율 백분위,-0.19021,[추세] 점포 증가율 변동성,0.15413
BRD_20190644,2024,클린보이,서비스,기타 서비스,40.0,0.018261138085960107,0.2268986783666023,0.017964071856287425,0.1310756972111554,건전,0,True,Low,FS1,[업종상대] 계약종료 백분위,-0.39073,[추세] 점포 증가율 변동성,-0.27164,[추세] 면적당매출 평균,-0.19204
BRD_20090100419,2024,이가자헤어비스,서비스,이미용,108.0,0.018258059679435,0.22638825993658185,0.017964071856287425,0.1306772908366534,건전,0,True,Low,FS1,[수준] 가맹사업 업력,-0.29034,[추세] 점포 증가율 변동성,-0.24876,[구조] 지역당 평균 점포수,-0.18524
BRD_20120500057,2024,정가대박집,외식,한식,25.0,0.018254981272909896,0.2261843749565973,0.017964071856287425,0.13027888446215138,건전,0,True,Low,FS1,[구조] 지역 집중도(HHI) 전년비 변화,-0.24166,[구조] 최다 지역 비중 전년비 변화,-0.18986,[구조] 지역 집중도(HHI),-0.15094
BRD_20230334,2024,유키니언,서비스,이미용,26.0,0.01825190286638479,0.22615935968688736,0.017964071856287425,0.1298804780876494,건전,0,True,Low,FS1,[구조] 지역 집중도(HHI) 전년비 변화,-0.3178,[구조] 지역당 평균 점포수,-0.22029,[추세] 매출 증가율 평균,0.17576
BRD_20190694,2024,순대실록,외식,한식,39.0,0.018248824459859685,0.22582297261485215,0.017964071856287425,0.1294820717131474,건전,0,True,Low,FS1,[업종상대] 계약종료 백분위,-0.31012,[구조] 지역 집중도(HHI),-0.17951,[업종상대] 점포 증가율 백분위,-0.13581
BRD_20080100101,2024,코바코,외식,기타 외식,129.0,0.018245746053334577,0.22575241945060495,0.017964071856287425,0.12908366533864543,요주의,1,False,Low,FS1,[수준] 가맹사업 업력,-0.34964,[업종상대] 계약종료 백분위,-0.30134,[구조] 지역당 평균 점포수,-0.15627
BRD_20171478,2024,커피사피엔스,외식,커피,77.0,0.01824266764680947,0.22571392920184077,0.017964071856287425,0.12868525896414343,건전,0,True,Low,FS1,[구조] 지역당 평균 점포수,-0.34562,[추세] 면적당매출 평균,-0.17216,[수준] 브랜드 연차,-0.16956
BRD_20080100417,2024,청담어학원,서비스,교육 (외국어),86.0,0.018239589240284366,0.22550134223001123,0.017964071856287425,0.12828685258964143,건전,0,True,Low,FS1,[수준] 가맹사업 업력,-0.27346,[추세] 점포 증가율 변동성,-0.23107,[추세] 면적당매출 평균,0.15372
BRD_20211004,2024,더마니,외식,한식,111.0,0.01823651083375926,0.22503567367962454,0.017964071856287425,0.12788844621513945,건전,0,True,Low,FS1,[업종상대] 계약종료 백분위,-0.29112,[구조] 지역당 평균 점포수,-0.24163,[추세] 면적당매출 평균,0.23144
BRD_20215506,2024,DALSI(달시),도소매,기타도소매,154.0,0.018233432427234155,0.2245085247544763,0.017964071856287425,0.12749003984063745,건전,0,True,Low,FS1,[구조] 지역당 평균 점포수,-0.27547,[업종상대] 계약종료 백분위,-0.22491,[추세] 면적당매출 평균,-0.18373
BRD_20170454,2024,감탄떡볶이,외식,분식,182.0,0.01823035402070905,0.22436666685651324,0.017964071856287425,0.12709163346613545,건전,0,True,Low,FS1,[변화] 점포 증가율,0.39731,[추세] 점포 증가율 변동성,-0.29244,[구조] 지역당 평균 점포수,-0.23793
BRD_20180413,2024,추닭집,외식,치킨,40.0,0.018227275614183944,0.22423761089189845,0.017964071856287425,0.12669322709163347,건전,0,True,Low,FS1,[업종상대] 계약종료 백분위,-0.32895,[추세] 면적당매출 평균,-0.17135,[구조] 최다 지역 비중 전년비 변화,-0.1556
BRD_20120100694,2024,육대장,외식,기타 외식,139.0,0.01822419720765884,0.22372912516418256,0.017964071856287425,0.12629482071713147,건전,0,True,Low,FS1,[구조] 지역당 평균 점포수,-0.27054,[업종상대] 계약종료 백분위,-0.22613,[업종상대] 실질 매출 증가율 백분위,-0.14319
BRD_20170520,2024,에이바우트커피,외식,커피,53.0,0.018221118801133734,0.2233223359847176,0.017964071856287425,0.1258964143426295,건전,0,True,Low,FS1,[구조] 지역당 평균 점포수,-0.27131,[업종상대] 계약종료 백분위,-0.17221,[수준] 면적당매출,0.15068
BRD_20191303,2024,영커피,외식,커피,65.0,0.01821804039460863,0.22321631367139708,0.017964071856287425,0.1254980079681275,건전,0,True,Low,FS1,[업종상대] 계약종료 백분위,-0.19222,[추세] 면적당매출 평균,-0.1685,[수준] 브랜드 연차,-0.14658
NAME:첨단돌솥감자탕@외식,2024,첨단돌솥감자탕,외식,한식,30.0,0.018214961988083523,0.22258163184742105,0.017964071856287425,0.1250996015936255,건전,0,True,Low,FS1,[업종상대] 계약종료 백분위,-0.32192,[구조] 지역당 평균 점포수,0.20106,[업종상대] 실질 매출 증가율 백분위,-0.16042
BRD_20211548,2024,짬뽕관,외식,중식,62.0,0.018211883581558418,0.2225288578765601,0.017964071856287425,0.12470119521912351,건전,0,True,Low,FS1,[업종상대] 계약종료 백분위,-0.32188,[추세] 점포 증가율 변동성,0.16678,[추세] 면적당매출 평균,-0.15894
BRD_20080100239,2024,틈새라면,외식,분식,58.0,0.018208805175033312,0.2221613046520757,0.017964071856287425,0.12430278884462151,건전,0,True,Low,FS1,[업종상대] 계약종료 백분위,-0.36347,[수준] 가맹사업 업력,-0.25568,[추세] 점포 증가율 변동성,-0.24323
BRD_20100500006,2024,세레니끄,도소매,화장품,17.0,0.018205726768508207,0.22212710843276853,0.017964071856287425,0.12390438247011952,건전,0,True,Low,FS1,[업종상대] 계약종료 백분위,-0.32417,[변화] 신규개점률,0.16586,[수준] 본부 직원수,-0.16014
BRD_20090100259,2024,육쌈냉면,외식,한식,75.0,0.0182026483619831,0.2215927804545317,0.017964071856287425,0.12350597609561753,건전,0,True,Low,FS1,[수준] 가맹사업 업력,-0.23639,[구조] 지역당 평균 점포수,-0.20229,[변화] 점포 증가율,0.19356
BRD_20190477,2024,후라토식당,외식,일식,31.0,0.018199569955457993,0.2211327012337354,0.017964071856287425,0.12310756972111554,건전,0,True,Low,FS1,[업종상대] 계약종료 백분위,-0.33417,[추세] 면적당매출 평균,-0.18697,[구조] 지역당 평균 점포수,0.18299
BRD_20080100103,2024,한우리독서토론논술,서비스,기타 교육,639.0,0.018196491548932887,0.22095105293726702,0.017964071856287425,0.12270916334661354,건전,0,True,Low,FS1,[구조] 지역당 평균 점포수,-0.27704,[수준] 평균매출,0.24195,[수준] 가맹사업 업력,-0.23357
BRD_20200236,2024,참 좋은 김밥천국,외식,분식,19.0,0.018193413142407782,0.2208358843456837,0.017964071856287425,0.12231075697211155,건전,0,True,Low,FS1,[업종상대] 계약종료 백분위,-0.33351,[구조] 지역당 평균 점포수,-0.28697,[변화] 점포 증가율,0.22153
BRD_20211947,2024,오한수우육면가,외식,중식,50.0,0.018190334735882677,0.2199723739441048,0.017964071856287425,0.12191235059760956,건전,0,True,Low,FS1,[구조] 지역당 평균 점포수,-0.30049,[추세] 면적당매출 평균,-0.23241,[변화] 점포 증가율,0.20668
BRD_20210897,2024,GTS BURGER,외식,서양식,25.0,0.01818725632935757,0.21909337054492012,0.017964071856287425,0.12151394422310757,건전,0,True,Low,FS1,[업종상대] 계약종료 백분위,-0.34142,[구조] 지역당 평균 점포수,0.1833,[추세] 면적당매출 평균,-0.16528
BRD_20160711,2024,전준수명품청기와감자탕,외식,한식,22.0,0.018184177922832466,0.21875714648430042,0.017964071856287425,0.12111553784860558,건전,0,True,Low,FS1,[업종상대] 계약종료 백분위,-0.34597,[추세] 점포 증가율 변동성,-0.2211,[구조] 지역당 평균 점포수,-0.15136
NAME:부송국수@외식,2024,부송국수,외식,분식,21.0,0.01818109951630736,0.21858346730428843,0.017964071856287425,0.12071713147410358,건전,0,True,Low,FS1,[업종상대] 계약종료 백분위,-0.29922,[구조] 지역당 평균 점포수,0.18655,[수준] 브랜드 연차,-0.17893
BRD_20170356,2024,보돌미역,외식,기타 외식,50.0,0.018178021109782255,0.21858342702812739,0.017964071856287425,0.12031872509960159,건전,0,True,Low,FS1,[업종상대] 계약종료 백분위,-0.3002,[추세] 면적당매출 평균,0.29167,[추세] 점포 증가율 변동성,-0.1563
BRD_20220015,2024,토리아에즈,외식,일식,45.0,0.01817494270325715,0.2183823422672051,0.017964071856287425,0.1199203187250996,요주의,1,False,Low,FS1,[업종상대] 계약종료 백분위,-0.31941,[업종상대] 점포 증가율 백분위,-0.19286,[수준] 평균매출,-0.12145
BRD_20110100532,2024,추오정,외식,기타 외식,49.0,0.018171864296732045,0.21784474611680021,0.017964071856287425,0.11952191235059761,건전,0,True,Low,FS1,[업종상대] 계약종료 백분위,-0.31861,[추세] 면적당매출 평균,0.23952,[추세] 점포 증가율 변동성,-0.23181
BRD_20213321,2024,에이바헤어,서비스,이미용,320.0,0.01816878589020694,0.21718323344940924,0.017964071856287425,0.11912350597609561,요주의,1,False,Low,FS1,[구조] 지역당 평균 점포수,-0.28563,[업종상대] 계약종료 백분위,-0.14169,[업종상대] 점포 증가율 백분위,-0.12696
BRD_20080100632,2024,아담리즈수학,서비스,교육 (교과),62.0,0.018165707483681834,0.2168479510392815,0.017964071856287425,0.11872509960159362,요주의,1,False,Low,FS1,[추세] 면적당매출 평균,-0.19589,[수준] 가맹사업 업력,-0.18612,[업종상대] 계약종료 백분위,-0.1488
BRD_20221022,2024,까몬(CAMO’N),외식,기타 외국식,45.0,0.01816262907715673,0.21659624419071316,0.017964071856287425,0.11832669322709163,건전,0,True,Low,FS1,[업종상대] 계약종료 백분위,-0.21208,[구조] 지역당 평균 점포수,0.20559,[업종상대] 점포 증가율 백분위,-0.18159
BRD_20181117,2024,공유오피스 슈가맨워크,서비스,기타 서비스,56.0,0.018159550670631623,0.2165894598923783,0.017964071856287425,0.11792828685258964,건전,0,True,Low,FS1,[구조] 지역당 평균 점포수,-0.26809,[업종상대] 점포 증가율 백분위,-0.14125,[수준] 면적당매출,0.13128
BRD_20130100223,2024,메콩타이,외식,기타 외국식,26.0,0.018156472264106518,0.21631542473358206,0.017964071856287425,0.11752988047808766,건전,0,True,Low,FS1,[추세] 점포 증가율 변동성,-0.30144,[수준] 가맹사업 업력,-0.21732,[추세] 면적당매출 평균,-0.18477
BRD_20110500001,2024,시골애,외식,한식,14.0,0.018153393857581412,0.21611402177795294,0.017964071856287425,0.11713147410358565,건전,0,True,Low,FS1,[구조] 지역당 평균 점포수,0.33935,[추세] 점포 증가율 변동성,-0.3347,[업종상대] 계약종료 백분위,-0.31414
BRD_20201685,2024,푸줏간 고기도시락,외식,한식,128.0,0.018150315451056304,0.21569135488841204,0.017964071856287425,0.11673306772908366,건전,0,True,Low,FS1,[구조] 지역당 평균 점포수,-0.18659,[업종상대] 점포 증가율 백분위,-0.17837,[추세] 면적당매출 평균,-0.1618
BRD_20213078,2024,육칠이,외식,한식,117.0,0.018147237044531198,0.21533773474359366,0.017964071856287425,0.11633466135458168,건전,0,True,Low,FS1,[업종상대] 계약종료 백분위,-0.28683,[추세] 면적당매출 평균,0.22322,[구조] 지역당 평균 점포수,-0.1867
BRD_20180479,2024,벌크커피(BULK COFFEE),외식,커피,210.0,0.018144158638006093,0.2135113031941218,0.017964071856287425,0.11593625498007969,건전,0,True,Low,FS1,[구조] 지역당 평균 점포수,-0.34648,[추세] 면적당매출 평균,-0.18591,[수준] 가맹사업 업력,0.15873
BRD_20080500012,2024,5.5닭갈비,외식,한식,53.0,0.018141080231480988,0.21289126882748263,0.017964071856287425,0.11553784860557768,건전,0,True,Low,FS1,[업종상대] 계약종료 백분위,-0.24408,[추세] 점포 증가율 변동성,-0.24171,[수준] 가맹사업 업력,-0.20194
BRD_20130261,2024,김영희강남동태찜,외식,한식,35.0,0.018138001824955882,0.21222042093574356,0.017964071856287425,0.1151394422310757,건전,0,True,Low,FS1,[수준] 가맹사업 업력,-0.29552,[추세] 점포 증가율 변동성,-0.29183,[구조] 지역당 평균 점포수,0.24279
BRD_20110100362,2024,지지고(GGGO),외식,분식,65.0,0.018134923418430777,0.2115718901510837,0.017964071856287425,0.1147410358565737,건전,0,True,Low,FS1,[업종상대] 계약종료 백분위,-0.31582,[추세] 면적당매출 평균,-0.18168,[수준] 평균매출,0.17816
BRD_20080200206,2024,수누리,외식,기타 외식,19.0,0.01813184501190567,0.21147708077538774,0.017964071856287425,0.11434262948207172,건전,0,True,Low,FS1,[업종상대] 계약종료 백분위,-0.29678,[구조] 지역 집중도(HHI) 전년비 변화,-0.27497,[수준] 평균매출,-0.15619
BRD_20161261,2024,황금코다리,외식,한식,137.0,0.018128766605380566,0.21124520991523713,0.017964071856287425,0.11394422310756971,건전,0,True,Low,FS1,[구조] 지역당 평균 점포수,-0.31357,[추세] 면적당매출 평균,0.17691,[업종상대] 실질 매출 증가율 백분위,-0.11615
BRD_20080500007,2024,풀무원(냉장),도소매,기타도소매,254.0,0.01812568819885546,0.2109313878814478,0.017964071856287425,0.11354581673306773,건전,0,True,Low,FS1,[수준] 가맹사업 업력,-0.34423,[추세] 점포 증가율 변동성,-0.28785,[추세] 매출 증가율 변동성,0.25788
BRD_20080100087,2024,김밥천국,외식,분식,284.0,0.018122609792330355,0.20997015668330307,0.017964071856287425,0.11314741035856574,건전,0,True,Low,FS1,[추세] 점포 증가율 변동성,-0.42078,[업종상대] 계약종료 백분위,-0.29965,[수준] 가맹사업 업력,-0.28111
BRD_20220232,2024,커피나인,외식,커피,67.0,0.01811953138580525,0.20953125951554974,0.017964071856287425,0.11274900398406375,건전,0,True,Low,FS1,[구조] 지역 집중도(HHI) 전년비 변화,-0.2917,[업종상대] 계약종료 백분위,-0.26998,[구조] 지역당 평균 점포수,-0.1936
BRD_20200798,2024,명가통닭,외식,치킨,87.0,0.018116452979280145,0.2080974330505497,0.017964071856287425,0.11235059760956176,건전,0,True,Low,FS1,[구조] 지역당 평균 점포수,-0.27494,[업종상대] 계약종료 백분위,-0.19821,[추세] 면적당매출 평균,0.19363
BRD_20130100202,2024,동서네낙지,외식,한식,13.0,0.01811337457275504,0.2080798061897103,0.017964071856287425,0.11195219123505976,건전,0,True,Low,FS1,[구조] 지역 집중도(HHI) 전년비 변화,-0.3258,[구조] 최다 지역 비중 전년비 변화,-0.21112,[구조] 지역당 평균 점포수,0.20172
BRD_20140025,2024,닥터모락,서비스,이미용,50.0,0.018110296166229934,0.20751741793027745,0.017964071856287425,0.11155378486055777,건전,0,True,Low,FS1,[구조] 지역당 평균 점포수,-0.23473,[업종상대] 계약종료 백분위,-0.21367,[업종상대] 실질 매출 증가율 백분위,-0.13192
BRD_20230290,2024,데이롱카페,도소매,기타도소매,271.0,0.01810721775970483,0.20689575061195636,0.017964071856287425,0.11115537848605578,건전,0,True,Low,FS1,[수준] 평균매출,0.32042,[구조] 지역당 평균 점포수,-0.30695,[추세] 면적당매출 평균,-0.2021
BRD_20180812,2024,돈까스짱,외식,기타 외식,69.0,0.01810413935317972,0.2065556352459897,0.017964071856287425,0.11075697211155379,건전,0,True,Low,FS1,[업종상대] 계약종료 백분위,-0.34991,[추세] 점포 증가율 변동성,-0.23052,[수준] 브랜드 연차,-0.17447
BRD_20130100468,2024,구피샵,서비스,이미용,176.0,0.018101060946654614,0.20591001480100243,0.017964071856287425,0.11035856573705179,건전,0,True,Low,FS1,[구조] 지역당 평균 점포수,-0.24135,[추세] 점포 증가율 변동성,-0.21675,[수준] 평균매출,0.21087
BRD_20201402,2024,강다짐,외식,분식,80.0,0.01809798254012951,0.2051112399333173,0.017964071856287425,0.1099601593625498,건전,0,True,Low,FS1,[업종상대] 계약종료 백분위,-0.2973,[수준] 브랜드 연차,-0.18533,[업종상대] 점포 증가율 백분위,-0.18205
BRD_20190545,2024,호맥,외식,주점,128.0,0.018094904133604404,0.20502888890832602,0.017964071856287425,0.10956175298804781,건전,0,True,Low,FS1,[업종상대] 계약종료 백분위,-0.31416,[추세] 면적당매출 평균,-0.22692,[구조] 지역당 평균 점포수,-0.18082
BRD_20200015,2024,장가네 일품순두부,외식,한식,29.0,0.0180918257270793,0.20469173174112787,0.017964071856287425,0.10916334661354582,건전,0,True,Low,FS1,[구조] 지역당 평균 점포수,-0.34231,[업종상대] 계약종료 백분위,-0.29739,[구조] 최다 지역 비중,0.15147
BRD_20110100012,2024,짚신매운갈비찜,외식,한식,67.0,0.018088747320554193,0.20425622481085803,0.017964071856287425,0.10876494023904383,건전,0,True,Low,FS1,[변화] 점포 증가율,0.36327,[추세] 점포 증가율 변동성,-0.31141,[구조] 지역당 평균 점포수,-0.18948
BRD_20200740,2024,브런치앤다이닝37.5(Brunch&Dining37.5),외식,기타 외식,56.0,0.018085668914029088,0.20408905951354214,0.017964071856287425,0.10836653386454183,건전,0,True,Low,FS1,[추세] 면적당매출 평균,-0.23949,[변화] 점포 증가율,0.23196,[구조] 지역당 평균 점포수,-0.19167
BRD_20150438,2024,보영만두,외식,분식,25.0,0.018082590507503982,0.20407949343741796,0.017964071856287425,0.10796812749003984,건전,0,True,Low,FS1,[업종상대] 계약종료 백분위,-0.31606,[구조] 지역당 평균 점포수,-0.17366,[변화] 신규개점률,0.16552
BRD_20080300007,2024,하나돈까스,외식,일식,28.0,0.018079512100978877,0.20393474488744817,0.017964071856287425,0.10756972111553785,건전,0,True,Low,FS1,[업종상대] 계약종료 백분위,-0.30045,[추세] 점포 증가율 기울기,0.21394,[추세] 면적당매출 평균,0.19658
BRD_20160884,2024,마왕족발,외식,기타 외식,231.0,0.01807643369445377,0.20386814852047067,0.017964071856287425,0.10717131474103586,건전,0,True,Low,FS1,[구조] 지역당 평균 점포수,-0.31403,[업종상대] 계약종료 백분위,-0.29179,[변화] 점포 증가율,0.23002
BRD_20120100629,2024,봉이치킨,외식,치킨,50.0,0.018073355287928666,0.2038205487357923,0.017964071856287425,0.10677290836653386,요주의,1,False,Low,FS1,[업종상대] 계약종료 백분위,-0.28197,[구조] 지역 집중도(HHI) 전년비 변화,-0.26376,[수준] 평균매출,0.21787
BRD_20151211,2024,청자다방,외식,커피,124.0,0.01807027688140356,0.2036147206440987,0.017964071856287425,0.10637450199203187,건전,0,True,Low,FS1,[구조] 지역당 평균 점포수,-0.26944,[추세] 점포 증가율 변동성,-0.24525,[추세] 면적당매출 평균,0.19466
BRD_20080100675,2024,호밀호두,외식,제과제빵,56.0,0.018067198474878456,0.20104162873409562,0.017964071856287425,0.10597609561752988,건전,0,True,Low,FS1,[추세] 점포 증가율 변동성,-0.28747,[수준] 가맹사업 업력,-0.25563,[업종상대] 계약종료 백분위,-0.1805
BRD_20090100325,2024,닐리,외식,서양식,17.0,0.01806412006835335,0.20088357137394777,0.017964071856287425,0.10557768924302789,건전,0,True,Low,FS1,[업종상대] 계약종료 백분위,-0.27542,[구조] 지역당 평균 점포수,-0.23724,[수준] 가맹사업 업력,-0.22098
BRD_20212229,2024,삼동소바,외식,일식,78.0,0.018061041661828245,0.20075969793316736,0.017964071856287425,0.1051792828685259,건전,0,True,Low,FS1,[업종상대] 계약종료 백분위,-0.29359,[업종상대] 점포 증가율 백분위,-0.1791,[수준] 평균매출,-0.16007
BRD_20161137,2024,명랑시대쌀핫도그,외식,제과제빵,480.0,0.01805796325530314,0.20047303840664277,0.017964071856287425,0.1047808764940239,요주의,1,False,Low,FS1,[추세] 점포 증가율 변동성,-0.28609,[추세] 면적당매출 평균,-0.2234,[변화] 점포 증가율,0.21688
BRD_20201098,2024,내조국국밥,외식,한식,37.0,0.01805488484877803,0.19938367354715383,0.017964071856287425,0.10438247011952191,건전,0,True,Low,FS1,[업종상대] 계약종료 백분위,-0.35467,[추세] 점포 증가율 변동성,-0.2344,[추세] 매출 증가율 변동성,0.18967
BRD_20120300012,2024,더웨이닝커피,외식,커피,42.0,0.018051806442252925,0.1989355058223741,0.017964071856287425,0.10398406374501992,건전,0,True,Low,FS1,[추세] 면적당매출 평균,-0.22846,[구조] 지역당 평균 점포수,-0.21809,[수준] 가맹사업 업력,-0.19466
BRD_20080200112,2024,씨에프숯불바베큐치킨,외식,치킨,29.0,0.01804872803572782,0.19814535220608256,0.017964071856287425,0.10358565737051793,건전,0,True,Low,FS1,[업종상대] 계약종료 백분위,-0.38947,[추세] 점포 증가율 변동성,-0.24961,[수준] 가맹사업 업력,-0.23547
BRD_20200441,2024,해쉬커피,외식,커피,41.0,0.018045649629202715,0.1980913525989987,0.017964071856287425,0.10318725099601593,건전,0,True,Low,FS1,[업종상대] 계약종료 백분위,-0.31409,[추세] 매출 증가율 변동성,0.30136,[추세] 매출 증가율 평균,0.25675
BRD_20213816,2024,완미족발,외식,한식,150.0,0.01804257122267761,0.19791029641918378,0.017964071856287425,0.10278884462151394,건전,0,True,Low,FS1,[업종상대] 계약종료 백분위,-0.31,[구조] 지역당 평균 점포수,-0.20575,[업종상대] 점포 증가율 백분위,-0.19273
BRD_20220470,2024,바나프레소,외식,커피,52.0,0.018039492816152504,0.1977470691419885,0.017964071856287425,0.10239043824701195,건전,0,True,Low,FS1,[업종상대] 계약종료 백분위,-0.30764,[구조] 지역 집중도(HHI) 전년비 변화,-0.26936,[구조] 지역 집중도(HHI),-0.17525
BRD_20080100257,2024,더카페,외식,커피,145.0,0.0180364144096274,0.1971961631275647,0.017964071856287425,0.10199203187250996,건전,0,True,Low,FS1,[수준] 가맹사업 업력,-0.27159,[추세] 점포 증가율 변동성,-0.27122,[구조] 지역당 평균 점포수,-0.23104
BRD_20080200233,2024,송담추어탕,외식,한식,93.0,0.018033336003102293,0.19584621872335453,0.017964071856287425,0.10159362549800798,건전,0,True,Low,FS1,[추세] 점포 증가율 변동성,-0.30538,[추세] 면적당매출 평균,0.22295,[수준] 가맹사업 업력,-0.17369
BRD_20212760,2024,브런치빈,외식,서양식,58.0,0.018030257596577188,0.19544858990727101,0.017964071856287425,0.10119521912350597,건전,0,True,Low,FS1,[업종상대] 계약종료 백분위,-0.29425,[업종상대] 점포 증가율 백분위,-0.19302,[구조] 지역 집중도(HHI),-0.18434
BRD_20090300039,2024,오븐에 꾸운 닭,외식,치킨,100.0,0.018027179190052083,0.19521331491850852,0.017964071856287425,0.10079681274900398,건전,0,True,Low,FS1,[업종상대] 계약종료 백분위,-0.34534,[추세] 점포 증가율 변동성,-0.24723,[구조] 지역당 평균 점포수,-0.24396
BRD_20141254,2024,전원숯불,외식,기타 외식,22.0,0.018024100783526977,0.1943988001948849,0.017964071856287425,0.100398406374502,건전,0,True,Low,FS1,[업종상대] 계약종료 백분위,-0.30576,[구조] 지역 집중도(HHI),-0.17379,[수준] 가맹사업 업력,-0.15156
BRD_20190656,2024,맥주를구한피자,외식,피자,22.0,0.018021022377001872,0.19407723027522997,0.017964071856287425,0.1,건전,0,True,Low,FS1,[구조] 지역당 평균 점포수,-0.25047,[업종상대] 계약종료 백분위,-0.23842,[변화] 점포 증가율,0.23319
BRD_20200976,2024,아메리칸피자,외식,피자,21.0,0.018017943970476766,0.19375659910002369,0.017964071856287425,0.099601593625498,건전,0,True,Low,FS1,[업종상대] 계약종료 백분위,-0.33714,[구조] 지역당 평균 점포수,0.21221,[업종상대] 점포 증가율 백분위,-0.15657
BRD_20170446,2024,스파게티스토리,외식,기타 외식,36.0,0.01801486556395166,0.1930312390985642,0.017964071856287425,0.09920318725099601,건전,0,True,Low,FS1,[구조] 지역당 평균 점포수,-0.26642,[추세] 면적당매출 평균,-0.22835,[업종상대] 계약종료 백분위,-0.22754
BRD_20160161,2024,황장군,외식,한식,16.0,0.018011787157426556,0.1926177794505096,0.017964071856287425,0.09880478087649402,건전,0,True,Low,FS1,[업종상대] 계약종료 백분위,-0.33577,[추세] 면적당매출 평균,-0.18218,[구조] 지역 집중도(HHI),-0.15138
BRD_20080300031,2024,가얏골감자탕,외식,한식,33.0,0.018008708750901447,0.19219869398961495,0.017964071856287425,0.09840637450199204,건전,0,True,Low,FS1,[업종상대] 계약종료 백분위,-0.30203,[수준] 가맹사업 업력,-0.25053,[구조] 지역당 평균 점포수,-0.18381
BRD_20191037,2024,또또닭강정,외식,치킨,25.0,0.01800563034437634,0.1919933642148155,0.017964071856287425,0.09800796812749003,건전,0,True,Low,FS1,[구조] 지역 집중도(HHI) 전년비 변화,-0.3477,[업종상대] 계약종료 백분위,-0.31728,[구조] 지역당 평균 점포수,-0.24218
BRD_20151228,2024,막창도둑,외식,기타 외식,99.0,0.018002551937851236,0.19181719077137407,0.017964071856287425,0.09760956175298804,건전,0,True,Low,FS1,[업종상대] 계약종료 백분위,-0.31662,[구조] 지역당 평균 점포수,-0.1953,[추세] 면적당매출 평균,-0.18172
BRD_20170127,2024,치킨플러스,외식,치킨,279.0,0.01799947353132613,0.19160312841593669,0.017964071856287425,0.09721115537848606,건전,0,True,Low,FS1,[구조] 지역당 평균 점포수,-0.33669,[추세] 면적당매출 평균,-0.19106,[업종상대] 계약종료 백분위,-0.14948
BRD_20130245,2024,전주남문조춘자토종피순대국,외식,한식,28.0,0.017996395124801026,0.19103624565262198,0.017964071856287425,0.09681274900398407,건전,0,True,Low,FS1,[업종상대] 계약종료 백분위,-0.3532,[추세] 점포 증가율 변동성,-0.30557,[추세] 면적당매출 평균,-0.1582
BRD_20210567,2024,오늘도빙수,외식,음료 (커피 외),39.0,0.01799331671827592,0.19081066533323976,0.017964071856287425,0.09641434262948208,건전,0,True,Low,FS1,[업종상대] 계약종료 백분위,-0.29865,[구조] 지역 집중도(HHI),-0.18558,[업종상대] 실질 매출 증가율 백분위,-0.16764
BRD_20190526,2024,샤브마니아,외식,한식,110.0,0.017990238311750815,0.18848855780609114,0.017964071856287425,0.09601593625498007,건전,0,True,Low,FS1,[업종상대] 계약종료 백분위,-0.30623,[업종상대] 점포 증가율 백분위,-0.17654,[구조] 지역당 평균 점포수,-0.14871
BRD_20080100208,2024,새마을식당,외식,한식,92.0,0.01798715990522571,0.1883331475833828,0.017964071856287425,0.09561752988047809,건전,0,True,Low,FS1,[추세] 점포 증가율 변동성,-0.28657,[수준] 가맹사업 업력,-0.28584,[변화] 점포 증가율,0.25837
BRD_20171011,2024,차홍룸(Chahongroom),서비스,이미용,24.0,0.017984081498700604,0.1879222743738402,0.017964071856287425,0.0952191235059761,건전,0,True,Low,FS1,[업종상대] 계약종료 백분위,-0.33799,[구조] 지역당 평균 점포수,-0.30041,[추세] 면적당매출 평균,-0.1627
BRD_20150790,2024,자연임실치즈피자,외식,피자,45.0,0.0179810030921755,0.18641713036007657,0.017964071856287425,0.09482071713147411,건전,0,True,Low,FS1,[업종상대] 계약종료 백분위,-0.36197,[추세] 점포 증가율 변동성,-0.27827,[수준] 브랜드 연차,-0.17958
BRD_20190216,2024,명태어장,외식,한식,67.0,0.017977924685650393,0.1861329470322605,0.017964071856287425,0.0944223107569721,건전,0,True,Low,FS1,[업종상대] 계약종료 백분위,-0.19645,[업종상대] 점포 증가율 백분위,-0.18885,[구조] 지역당 평균 점포수,-0.18145
BRD_20170827,2024,핫브레드,외식,제과제빵,22.0,0.017974846279125288,0.18612124582313236,0.017964071856287425,0.09402390438247012,건전,0,True,Low,FS1,[구조] 지역당 평균 점포수,-0.368,[추세] 면적당매출 평균,-0.16245,[업종상대] 실질 매출 증가율 백분위,-0.14944
BRD_20200522,2024,프레드피자,외식,피자,168.0,0.017971767872600183,0.1853505981231589,0.017964071856287425,0.09362549800796813,건전,0,True,Low,FS1,[구조] 지역당 평균 점포수,-0.31996,[업종상대] 계약종료 백분위,0.27722,[추세] 점포 증가율 변동성,0.14748
BRD_20080400018,2024,알리바이,도소매,편의점,40.0,0.017968689466075077,0.1847506102633462,0.017964071856287425,0.09322709163346614,건전,0,True,Low,FS1,[구조] 지역당 평균 점포수,-0.24926,[추세] 면적당매출 평균,-0.22062,[업종상대] 계약종료 백분위,-0.20354
BRD_20200597,2024,경원해물찜0427,외식,한식,34.0,0.017965611059549972,0.1847448088592062,0.017964071856287425,0.09282868525896415,건전,0,True,Low,FS1,[구조] 지역 집중도(HHI) 전년비 변화,-0.28576,[추세] 면적당매출 평균,-0.19363,[구조] 지역당 평균 점포수,-0.1856
BRD_20080100359,2024,삼성영어셀레나,서비스,교육 (외국어),1625.0,0.017962532653024863,0.18405273534160654,0.017964071856287425,0.09243027888446215,건전,0,True,Low,FS1,[구조] 지역당 평균 점포수,-0.30793,[수준] 면적당매출,0.26446,[추세] 점포 증가율 변동성,-0.19805
BRD_20201087,2024,태성춘골뱅이신사,외식,한식,20.0,0.017959454246499758,0.18339247501219097,0.017964071856287425,0.09203187250996016,건전,0,True,Low,FS1,[추세] 매출 증가율 변동성,0.31793,[구조] 지역 집중도(HHI) 전년비 변화,-0.3062,[업종상대] 계약종료 백분위,-0.26443
BRD_20230178,2024,카페만월경,외식,커피,340.0,0.017956375839974652,0.1833381831982206,0.017964071856287425,0.09163346613545817,건전,0,True,Low,FS1,[수준] 평균매출,0.28073,[구조] 지역당 평균 점포수,-0.27563,[추세] 면적당매출 평균,0.21506
BRD_20212334,2024,포트캔커피 PORT CAN COFFEE,외식,커피,119.0,0.017953297433449547,0.18322763765478914,0.017964071856287425,0.09123505976095618,건전,0,True,Low,FS1,[구조] 지역당 평균 점포수,-0.24931,[업종상대] 점포 증가율 백분위,-0.17293,[추세] 면적당매출 평균,-0.15677
BRD_20100100482,2024,본도시락,외식,한식,405.0,0.017950219026924442,0.18310964121461248,0.017964071856287425,0.09083665338645418,건전,0,True,Low,FS1,[변화] 점포 증가율,0.28038,[구조] 지역당 평균 점포수,-0.27103,[수준] 가맹사업 업력,-0.19311
BRD_20140327,2024,자라다남아미술학원,서비스,기타 교육,58.0,0.017947140620399336,0.1828913396823314,0.017964071856287425,0.09043824701195219,건전,0,True,Low,FS1,[추세] 점포 증가율 변동성,-0.25868,[업종상대] 계약종료 백분위,-0.16874,[구조] 지역당 평균 점포수,0.16339
BRD_20201156,2024,마실커피,외식,커피,53.0,0.01794406221387423,0.18262381787139587,0.017964071856287425,0.0900398406374502,건전,0,True,Low,FS1,[업종상대] 계약종료 백분위,-0.36249,[구조] 지역당 평균 점포수,-0.19037,[추세] 면적당매출 평균,-0.18193
BRD_20220023,2024,프레퍼스다이어트푸드,외식,기타 외식,21.0,0.017940983807349126,0.18250153115873202,0.017964071856287425,0.08964143426294821,건전,0,True,Low,FS1,[업종상대] 계약종료 백분위,-0.27849,[구조] 지역당 평균 점포수,-0.18317,[수준] 평균매출,-0.15378
BRD_20160690,2024,김밥일번지,외식,분식,37.0,0.01793790540082402,0.18232267316979264,0.017964071856287425,0.08924302788844622,요주의,1,False,Low,FS1,[업종상대] 계약종료 백분위,-0.35186,[구조] 지역당 평균 점포수,-0.28137,[추세] 면적당매출 평균,-0.1963
BRD_20130396,2024,유투엠(U2M),서비스,교육 (교과),114.0,0.017934826994298915,0.18173299201060647,0.017964071856287425,0.08884462151394422,건전,0,True,Low,FS1,[추세] 면적당매출 평균,-0.19937,[구조] 지역당 평균 점포수,-0.19689,[수준] 면적당매출,0.19441
BRD_20200991,2024,씨네마얼음맥주,외식,기타 외식,78.0,0.01793174858777381,0.18134802242972006,0.017964071856287425,0.08844621513944223,건전,0,True,Low,FS1,[구조] 지역당 평균 점포수,-0.30083,[구조] 지역 집중도(HHI) 전년비 변화,-0.29449,[업종상대] 계약종료 백분위,-0.26737
BRD_20161293,2024,정성한줄,외식,분식,18.0,0.017928670181248704,0.1804969662959519,0.017964071856287425,0.08804780876494024,건전,0,True,Low,FS1,[업종상대] 계약종료 백분위,-0.34377,[구조] 지역당 평균 점포수,-0.26002,[추세] 면적당매출 평균,-0.20198
BRD_20080600012,2024,장원교육,서비스,교육 (교과),156.0,0.0179255917747236,0.1801487818723068,0.017964071856287425,0.08764940239043825,건전,0,True,Low,FS1,[업종상대] 계약종료 백분위,-0.38382,[수준] 가맹사업 업력,-0.26083,[추세] 점포 증가율 변동성,-0.23673
BRD_20160811,2024,베러먼데이,외식,커피,136.0,0.017922513368198494,0.17963714024580751,0.017964071856287425,0.08725099601593625,건전,0,True,Low,FS1,[구조] 지역당 평균 점포수,-0.32328,[업종상대] 계약종료 백분위,-0.30367,[수준] 브랜드 연차,-0.15409
BRD_20120100007,2024,담소 소사골 순대 육개장,외식,기타 외식,97.0,0.017919434961673388,0.178334810474609,0.017964071856287425,0.08685258964143426,건전,0,True,Low,FS1,[구조] 지역당 평균 점포수,-0.18731,[변화] 점포 증가율,0.1655,[업종상대] 계약종료 백분위,-0.16347
BRD_20200121,2024,발도스커피(valdos coffee),외식,커피,91.0,0.01791635655514828,0.17814961618735453,0.017964071856287425,0.08645418326693227,건전,0,True,Low,FS1,[구조] 지역당 평균 점포수,-0.33634,[수준] 브랜드 연차,-0.17834,[수준] 평균매출,0.15751
BRD_20201227,2024,오복 오봉집,외식,한식,232.0,0.017913278148623174,0.17769000665532542,0.017964071856287425,0.08605577689243028,건전,0,True,Low,FS1,[구조] 지역당 평균 점포수,-0.34687,[추세] 면적당매출 평균,-0.22142,[업종상대] 계약종료 백분위,-0.14468
BRD_20191099,2024,더맛있는족발보쌈,외식,한식,54.0,0.01791019974209807,0.17745115014860277,0.017964071856287425,0.08565737051792828,건전,0,True,Low,FS1,[업종상대] 계약종료 백분위,-0.29847,[구조] 지역당 평균 점포수,-0.28055,[구조] 지역 집중도(HHI),-0.17553
BRD_20120300030,2024,로띠번,외식,제과제빵,95.0,0.017907121335572963,0.17744582407060674,0.017964071856287425,0.08525896414342629,건전,0,True,Low,FS1,[업종상대] 계약종료 백분위,-0.32613,[수준] 평균매출,0.21283,[구조] 지역당 평균 점포수,-0.17336
BRD_20191025,2024,공본스터디카페,서비스,기타 서비스,92.0,0.017904042929047858,0.1766722934776113,0.017964071856287425,0.0848605577689243,건전,0,True,Low,FS1,[업종상대] 계약종료 백분위,-0.3122,[추세] 면적당매출 평균,-0.21784,[구조] 지역당 평균 점포수,-0.18307
BRD_20190599,2024,애플꼬마김밥,외식,분식,105.0,0.017900964522522753,0.17619008391115917,0.017964071856287425,0.08446215139442231,건전,0,True,Low,FS1,[추세] 면적당매출 평균,-0.2265,[업종상대] 계약종료 백분위,-0.2251,[구조] 지역당 평균 점포수,-0.19447
BRD_20080100265,2024,Office Way(오피스웨이),도소매,기타도소매,45.0,0.017897886115997647,0.1758743840841372,0.017964071856287425,0.08406374501992032,건전,0,True,Low,FS1,[구조] 지역당 평균 점포수,0.42557,[업종상대] 계약종료 백분위,-0.31576,[추세] 점포 증가율 변동성,-0.29495
BRD_20080300005,2024,장모님치킨,외식,치킨,108.0,0.017894807709472542,0.17548642812186527,0.017964071856287425,0.08366533864541832,건전,0,True,Low,FS1,[업종상대] 계약종료 백분위,-0.31362,[수준] 평균매출,0.24667,[구조] 지역당 평균 점포수,-0.24357
NAME:국수나무@외식,2024,국수나무,외식,분식,173.0,0.017891729302947437,0.17527841391247714,0.017964071856287425,0.08326693227091633,건전,0,True,Low,FS1,[추세] 점포 증가율 변동성,-0.27993,[수준] 가맹사업 업력,-0.27886,[구조] 지역당 평균 점포수,0.16909
BRD_20080100201,2024,간이역,외식,주점,349.0,0.01788865089642233,0.17458264873099189,0.017964071856287425,0.08286852589641434,건전,0,True,Low,FS1,[업종상대] 계약종료 백분위,-0.34176,[수준] 가맹사업 업력,-0.32007,[추세] 점포 증가율 변동성,-0.28552
BRD_20080600014,2024,호식이두마리치킨,외식,치킨,722.0,0.017885572489897226,0.17454589623757147,0.017964071856287425,0.08247011952191236,건전,0,True,Low,FS1,[수준] 가맹사업 업력,-0.39202,[구조] 지역당 평균 점포수,-0.26715,[업종상대] 계약종료 백분위,-0.25778
BRD_20200127,2024,고기싸롱,외식,한식,118.0,0.01788249408337212,0.17342852990849456,0.017964071856287425,0.08207171314741035,건전,0,True,Low,FS1,[업종상대] 계약종료 백분위,-0.32689,[구조] 지역당 평균 점포수,-0.3037,[추세] 점포 증가율 변동성,0.13632
BRD_20130100056,2024,하남돼지집,외식,한식,150.0,0.017879415676847015,0.17270416450027198,0.017964071856287425,0.08167330677290836,건전,0,True,Low,FS1,[수준] 가맹사업 업력,-0.33265,[구조] 지역당 평균 점포수,-0.29797,[변화] 점포 증가율,0.24103
BRD_20200220,2024,마라공방,외식,중식,92.0,0.01787633727032191,0.1721244038649174,0.017964071856287425,0.08127490039840637,건전,0,True,Low,FS1,[업종상대] 계약종료 백분위,-0.32916,[구조] 지역당 평균 점포수,-0.17552,[업종상대] 점포 증가율 백분위,-0.17437
BRD_20080500014,2024,풀무원로하스,도소매,기타도소매,134.0,0.017873258863796804,0.1717962401211196,0.017964071856287425,0.08087649402390439,요주의,1,False,Low,FS1,[업종상대] 계약종료 백분위,-0.34598,[수준] 가맹사업 업력,-0.28567,[추세] 점포 증가율 변동성,-0.24464
BRD_20080300030,2024,이노티안경,서비스,기타 서비스,112.0,0.0178701804572717,0.17150032750089694,0.017964071856287425,0.0804780876494024,건전,0,True,Low,FS1,[수준] 가맹사업 업력,-0.23806,[추세] 면적당매출 평균,-0.22716,[추세] 점포 증가율 변동성,-0.19869
BRD_20160666,2024,한마음정육식당,외식,한식,137.0,0.01786710205074659,0.17140595090395985,0.017964071856287425,0.0800796812749004,건전,0,True,Low,FS1,[추세] 면적당매출 평균,-0.1927,[추세] 점포 증가율 변동성,0.18996,[구조] 지역당 평균 점포수,-0.18815
BRD_20151284,2024,101번지 남산돈까스,외식,기타 외식,42.0,0.017864023644221485,0.17112849296299032,0.017964071856287425,0.0796812749003984,건전,0,True,Low,FS1,[업종상대] 계약종료 백분위,-0.35226,[추세] 점포 증가율 변동성,-0.32898,[추세] 면적당매출 평균,0.20542
BRD_20213303,2024,춘리마라탕,외식,중식,202.0,0.01786094523769638,0.171087607438374,0.017964071856287425,0.07928286852589642,건전,0,True,Low,FS1,[구조] 지역당 평균 점포수,-0.30822,[업종상대] 계약종료 백분위,-0.28502,[업종상대] 점포 증가율 백분위,-0.18838
BRD_20170774,2024,싸다김밥,외식,분식,97.0,0.017857866831171274,0.16910031768450895,0.017964071856287425,0.07888446215139443,건전,0,True,Low,FS1,[업종상대] 계약종료 백분위,-0.2963,[구조] 지역당 평균 점포수,-0.27411,[추세] 면적당매출 평균,0.20812
BRD_20080100007,2024,오피스넥스(officenex),도소매,기타도소매,52.0,0.01785478842464617,0.16893536747940358,0.017964071856287425,0.07848605577689242,건전,0,True,Low,FS1,[추세] 점포 증가율 변동성,-0.34134,[업종상대] 계약종료 백분위,-0.32741,[수준] 가맹사업 업력,-0.308
BRD_20160768,2024,풀무원(냉동),도소매,기타도소매,242.0,0.017851710018121063,0.16844112230802025,0.017964071856287425,0.07808764940239044,건전,0,True,Low,FS1,[수준] 가맹사업 업력,-0.3354,[업종상대] 계약종료 백분위,-0.31881,[추세] 점포 증가율 변동성,-0.26121
BRD_20100100405,2024,포메인,외식,기타 외식,81.0,0.017848631611595958,0.16823469665421964,0.017964071856287425,0.07768924302788845,건전,0,True,Low,FS1,[변화] 점포 증가율,0.39126,[수준] 가맹사업 업력,-0.26324,[구조] 지역당 평균 점포수,-0.26261
BRD_20080500009,2024,풀무원샘물,도소매,기타도소매,243.0,0.017845553205070853,0.1670600133732321,0.017964071856287425,0.07729083665338646,건전,0,True,Low,FS1,[업종상대] 계약종료 백분위,-0.34439,[수준] 가맹사업 업력,-0.31972,[추세] 점포 증가율 변동성,-0.28847
BRD_20080200047,2024,코리안바베큐,외식,치킨,100.0,0.017842474798545747,0.16666026002440773,0.017964071856287425,0.07689243027888447,건전,0,True,Low,FS1,[업종상대] 계약종료 백분위,-0.3773,[수준] 가맹사업 업력,-0.29598,[추세] 점포 증가율 변동성,-0.2735
BRD_20110500019,2024,진성아구찜,외식,한식,31.0,0.017839396392020642,0.16655068595895514,0.017964071856287425,0.07649402390438247,건전,0,True,Low,FS1,[업종상대] 계약종료 백분위,-0.32537,[수준] 가맹사업 업력,-0.20924,[추세] 면적당매출 평균,-0.17546
BRD_20220057,2024,철길부산집,외식,주점,280.0,0.017836317985495537,0.16598287520863053,0.017964071856287425,0.07609561752988048,요주의,1,False,Low,FS1,[업종상대] 계약종료 백분위,-0.30757,[구조] 지역당 평균 점포수,-0.30733,[수준] 가맹점 수,-0.15517
BRD_20150407,2024,오투닭갈비&부대찌개,외식,한식,35.0,0.01783323957897043,0.1655118390586952,0.017964071856287425,0.07569721115537849,건전,0,True,Low,FS1,[구조] 지역당 평균 점포수,-0.23533,[추세] 면적당매출 평균,-0.22786,[업종상대] 계약종료 백분위,-0.15219
BRD_20215857,2024,마일로(MILO),외식,커피,48.0,0.017830161172445326,0.16310034171636076,0.017964071856287425,0.0752988047808765,건전,0,True,Low,FS1,[업종상대] 계약종료 백분위,-0.33587,[구조] 지역 집중도(HHI),-0.1831,[구조] 지역당 평균 점포수,-0.17578
BRD_20100300022,2024,등뼈家,외식,한식,78.0,0.01782708276592022,0.162253636066161,0.017964071856287425,0.0749003984063745,건전,0,True,Low,FS1,[업종상대] 계약종료 백분위,-0.31833,[추세] 점포 증가율 변동성,-0.25778,[수준] 가맹사업 업력,-0.25196
BRD_20110300082,2024,아웃닭,외식,치킨,57.0,0.017824004359395115,0.1611961603798702,0.017964071856287425,0.07450199203187251,건전,0,True,Low,FS1,[추세] 점포 증가율 변동성,-0.32349,[수준] 가맹사업 업력,-0.19778,[업종상대] 계약종료 백분위,-0.18755
BRD_20190776,2024,원카츠,외식,일식,22.0,0.017820925952870006,0.1609513104874739,0.017964071856287425,0.07410358565737052,건전,0,True,Low,FS1,[구조] 지역당 평균 점포수,-0.34537,[업종상대] 계약종료 백분위,-0.34264,[업종상대] 실질 매출 증가율 백분위,-0.14311
BRD_20170818,2024,고집센그집갈비탕,외식,한식,71.0,0.0178178475463449,0.1605731465322661,0.017964071856287425,0.07370517928286853,건전,0,True,Low,FS1,[업종상대] 계약종료 백분위,-0.31909,[구조] 지역당 평균 점포수,-0.29245,[업종상대] 실질 매출 증가율 백분위,-0.14224
BRD_20080100487,2024,부어치킨,외식,치킨,260.0,0.017814769139819796,0.15994553026306543,0.017964071856287425,0.07330677290836653,건전,0,True,Low,FS1,[업종상대] 계약종료 백분위,-0.33289,[구조] 지역당 평균 점포수,-0.31419,[수준] 가맹사업 업력,-0.22625
BRD_20181053,2024,장호덕손만두,외식,분식,178.0,0.01781169073329469,0.15931726333826263,0.017964071856287425,0.07290836653386454,건전,0,True,Low,FS1,[구조] 지역당 평균 점포수,-0.2955,[추세] 점포 증가율 변동성,-0.24807,[수준] 평균매출,0.22223
BRD_20220668,2024,전기구이 이한량통닭,외식,치킨,21.0,0.017808612326769585,0.1590302593393138,0.017964071856287425,0.07250996015936255,건전,0,True,Low,FS1,[추세] 점포 증가율 변동성,-0.23688,[구조] 지역 집중도(HHI) 전년비 변화,-0.23392,[업종상대] 계약종료 백분위,-0.19538
BRD_20200543,2024,목구멍,외식,한식,169.0,0.01780553392024448,0.1588229799438477,0.017964071856287425,0.07211155378486056,건전,0,True,Low,FS1,[구조] 지역당 평균 점포수,-0.32127,[업종상대] 계약종료 백분위,-0.30643,[추세] 면적당매출 평균,-0.22596
BRD_20150085,2024,못난이꽈배기,외식,제과제빵,117.0,0.017802455513719374,0.15844295624396085,0.017964071856287425,0.07171314741035857,건전,0,True,Low,FS1,[업종상대] 계약종료 백분위,-0.36654,[추세] 점포 증가율 변동성,-0.27459,[추세] 면적당매출 평균,-0.20844
BRD_20180249,2024,청년피자,외식,피자,312.0,0.01779937710719427,0.15841848764821034,0.017964071856287425,0.07131474103585657,건전,0,True,Low,FS1,[업종상대] 계약종료 백분위,-0.36042,[구조] 지역당 평균 점포수,-0.30847,[추세] 면적당매출 평균,-0.2303
BRD_20151210,2024,깐깐한족발,외식,기타 외식,29.0,0.017796298700669164,0.15840447465204838,0.017964071856287425,0.07091633466135458,건전,0,True,Low,FS1,[업종상대] 계약종료 백분위,-0.32758,[업종상대] 실질 매출 증가율 백분위,-0.17364,[업종상대] 점포 증가율 백분위,-0.16869
BRD_20170126,2024,미카도스시,외식,일식,78.0,0.01779322029414406,0.1575512055443311,0.017964071856287425,0.07051792828685259,건전,0,True,Low,FS1,[추세] 점포 증가율 변동성,-0.33093,[업종상대] 실질 매출 증가율 백분위,-0.13715,[수준] 평균매출,-0.12911
BRD_20213043,2024,히스피(HISFFEE),외식,커피,34.0,0.017790141887618953,0.15698058048547542,0.017964071856287425,0.0701195219123506,건전,0,True,Low,FS1,[업종상대] 계약종료 백분위,-0.38161,[구조] 지역당 평균 점포수,-0.20351,[추세] 면적당매출 평균,-0.1823
BRD_20200802,2024,Blu Shaak(블루샥),외식,커피,225.0,0.017787063481093848,0.15600009412771473,0.017964071856287425,0.0697211155378486,건전,0,True,Low,FS1,[구조] 지역당 평균 점포수,-0.38287,[추세] 면적당매출 평균,-0.23488,[업종상대] 계약종료 백분위,-0.15464
BRD_20150189,2024,카페봄봄,외식,커피,414.0,0.017783985074568742,0.15585667271109072,0.017964071856287425,0.06932270916334661,건전,0,True,Low,FS1,[구조] 지역당 평균 점포수,-0.3018,[업종상대] 계약종료 백분위,-0.2385,[추세] 면적당매출 평균,-0.20307
BRD_20150842,2024,고굽남 고기굽는남자,외식,기타 외식,24.0,0.017780906668043637,0.15537672366498928,0.017964071856287425,0.06892430278884462,건전,0,True,Low,FS1,[업종상대] 계약종료 백분위,-0.31047,[구조] 지역 집중도(HHI),-0.19025,[구조] 지역당 평균 점포수,-0.18523
BRD_20080200276,2024,맥시칸치킨,외식,기타 외식,418.0,0.01777782826151853,0.15530606862161653,0.017964071856287425,0.06852589641434263,건전,0,True,Low,FS1,[업종상대] 계약종료 백분위,-0.36683,[수준] 가맹사업 업력,-0.34063,[구조] 지역당 평균 점포수,-0.24829
BRD_20130100063,2024,고정현헤어,서비스,이미용,24.0,0.017774749854993423,0.1548432279594179,0.017964071856287425,0.06812749003984064,건전,0,True,Low,FS1,[구조] 지역당 평균 점포수,-0.35297,[추세] 면적당매출 평균,-0.24824,[업종상대] 계약종료 백분위,-0.15684
BRD_20201343,2024,포케올데이,외식,기타 외국식,135.0,0.017771671448468317,0.15480768832078734,0.017964071856287425,0.06772908366533864,건전,0,True,Low,FS1,[구조] 지역당 평균 점포수,-0.33265,[업종상대] 점포 증가율 백분위,-0.15752,[추세] 면적당매출 평균,0.13525
BRD_20180092,2024,소플러스,외식,한식,39.0,0.017768593041943212,0.15457036717950065,0.017964071856287425,0.06733067729083665,건전,0,True,Low,FS1,[업종상대] 계약종료 백분위,-0.37942,[추세] 점포 증가율 변동성,-0.26794,[업종상대] 점포 증가율 백분위,-0.14224
BRD_20214343,2024,화락바베큐치킨,외식,치킨,159.0,0.017765514635418107,0.1537220680068345,0.017964071856287425,0.06693227091633466,건전,0,True,Low,FS1,[구조] 지역당 평균 점포수,-0.32904,[업종상대] 계약종료 백분위,-0.19008,[수준] 본부 직원수,-0.16531
BRD_20140752,2024,대구우야지막창,외식,기타 외식,20.0,0.017762436228893,0.15288145996242902,0.017964071856287425,0.06653386454183267,건전,0,True,Low,FS1,[구조] 지역 집중도(HHI) 전년비 변화,-0.28321,[구조] 지역당 평균 점포수,-0.26398,[변화] 점포 증가율,0.23167
BRD_20214614,2024,마녀김밥,외식,분식,46.0,0.017759357822367896,0.15242819481711872,0.017964071856287425,0.06613545816733067,건전,0,True,Low,FS1,[업종상대] 계약종료 백분위,-0.33029,[추세] 면적당매출 평균,-0.2229,[구조] 지역당 평균 점포수,-0.19177
BRD_20130176,2024,노랑통닭,외식,치킨,751.0,0.01775627941584279,0.15232994486420268,0.017964071856287425,0.06573705179282868,건전,0,True,Low,FS1,[구조] 지역당 평균 점포수,-0.25436,[업종상대] 계약종료 백분위,-0.24614,[수준] 가맹사업 업력,-0.20744
BRD_20130505,2024,오븐마루,외식,치킨,149.0,0.017753201009317685,0.15078237553851023,0.017964071856287425,0.0653386454183267,요주의,1,False,Low,FS1,[구조] 지역당 평균 점포수,-0.31867,[업종상대] 계약종료 백분위,-0.30871,[수준] 브랜드 연차,-0.15284
BRD_20191034,2024,긴자료코,외식,일식,109.0,0.01775012260279258,0.1506312009175336,0.017964071856287425,0.0649402390438247,건전,0,True,Low,FS1,[업종상대] 계약종료 백분위,-0.32544,[구조] 지역당 평균 점포수,-0.18776,[업종상대] 점포 증가율 백분위,-0.17827
BRD_20090100126,2024,스쿨푸드,외식,분식,62.0,0.017747044196267475,0.15026738410000248,0.017964071856287425,0.06454183266932272,건전,0,True,Low,FS1,[변화] 점포 증가율,0.22806,[수준] 가맹사업 업력,-0.20573,[추세] 면적당매출 평균,-0.20083
BRD_20080100243,2024,본죽,외식,한식,575.0,0.01774396578974237,0.1502050417152886,0.017964071856287425,0.06414342629482071,건전,0,True,Low,FS1,[추세] 점포 증가율 변동성,-0.29749,[수준] 가맹사업 업력,-0.27185,[변화] 점포 증가율,0.24992
BRD_20160311,2024,바다양푼이동태탕찜,외식,기타 외식,334.0,0.017740887383217264,0.14958286117051334,0.017964071856287425,0.06374501992031872,건전,0,True,Low,FS1,[업종상대] 계약종료 백분위,-0.3517,[구조] 지역당 평균 점포수,-0.26281,[추세] 면적당매출 평균,-0.22292
BRD_20170182,2024,79네수육국밥,외식,기타 외식,36.0,0.01773780897669216,0.14906380118258353,0.017964071856287425,0.06334661354581674,건전,0,True,Low,FS1,[추세] 면적당매출 평균,-0.23485,[구조] 지역당 평균 점포수,-0.22023,[업종상대] 계약종료 백분위,-0.16955
BRD_20090100037,2024,종로김밥,외식,기타 외식,42.0,0.017734730570167053,0.14898101016689855,0.017964071856287425,0.06294820717131475,건전,0,True,Low,FS1,[수준] 가맹사업 업력,-0.24436,[구조] 지역당 평균 점포수,-0.21508,[추세] 면적당매출 평균,-0.16922
BRD_20213411,2024,백억커피,외식,커피,165.0,0.017731652163641948,0.14888845898300282,0.017964071856287425,0.06254980079681274,건전,0,True,Low,FS1,[업종상대] 계약종료 백분위,-0.30683,[구조] 지역당 평균 점포수,-0.29058,[수준] 본부 직원수,-0.16051
BRD_20130100145,2024,보그(VOG),서비스,이미용,84.0,0.017728573757116842,0.14804261002963937,0.017964071856287425,0.062151394422310755,건전,0,True,Low,FS1,[구조] 지역당 평균 점포수,-0.33247,[추세] 점포 증가율 변동성,-0.21046,[수준] 평균매출,-0.15339
BRD_20180661,2024,한상차림코다리명가,외식,한식,33.0,0.017725495350591734,0.14748660682055775,0.017964071856287425,0.061752988047808766,건전,0,True,Low,FS1,[업종상대] 계약종료 백분위,-0.32358,[업종상대] 점포 증가율 백분위,-0.18005,[업종상대] 실질 매출 증가율 백분위,-0.15819
BRD_20090100498,2024,한신포차,외식,한식,124.0,0.017722416944066628,0.14719993793522335,0.017964071856287425,0.06135458167330677,건전,0,True,Low,FS1,[구조] 지역당 평균 점포수,-0.19147,[수준] 가맹사업 업력,-0.17479,[수준] 본부 직원수,-0.16796
BRD_20130012,2024,라라코스트(raracost),외식,기타 외식,90.0,0.017719338537541523,0.1469806040543327,0.017964071856287425,0.06095617529880478,건전,0,True,Low,FS1,[추세] 점포 증가율 변동성,-0.32899,[업종상대] 계약종료 백분위,-0.1937,[추세] 면적당매출 평균,-0.19367
BRD_20201245,2024,옥소반,외식,기타 외국식,22.0,0.017716260131016418,0.1467578815145076,0.017964071856287425,0.06055776892430279,건전,0,True,Low,FS1,[업종상대] 계약종료 백분위,-0.20584,[구조] 지역당 평균 점포수,-0.19358,[업종상대] 점포 증가율 백분위,-0.18788
BRD_20120100251,2024,킹콩부대찌개,외식,한식,112.0,0.017713181724491312,0.1464485896303848,0.017964071856287425,0.060159362549800796,건전,0,True,Low,FS1,[추세] 점포 증가율 변동성,-0.31579,[변화] 점포 증가율,0.22135,[추세] 면적당매출 평균,-0.20516
BRD_20171308,2024,교동면옥,외식,한식,59.0,0.017710103317966207,0.14642593318876734,0.017964071856287425,0.05976095617529881,건전,0,True,Low,FS1,[추세] 점포 증가율 변동성,-0.28744,[업종상대] 계약종료 백분위,-0.20652,[추세] 면적당매출 평균,-0.19041
BRD_20100100529,2024,Olive Young(올리브영),도소매,종합소매점,223.0,0.0177070249114411,0.14438684960390513,0.017964071856287425,0.05936254980079681,건전,0,True,Low,FS1,[추세] 점포 증가율 변동성,-0.37312,[업종상대] 계약종료 백분위,-0.33936,[구조] 지역당 평균 점포수,-0.22504
BRD_20110100589,2024,어처구니없는두릉도원북촌순두부,외식,한식,60.0,0.017703946504915996,0.14376152395419908,0.017964071856287425,0.05896414342629482,건전,0,True,Low,FS1,[업종상대] 계약종료 백분위,-0.32105,[추세] 점포 증가율 변동성,-0.22984,[추세] 면적당매출 평균,0.18861
BRD_20080100381,2024,에듀플렉스,서비스,기타 교육,197.0,0.01770086809839089,0.14366067823735437,0.017964071856287425,0.05856573705179283,건전,0,True,Low,FS1,[구조] 지역당 평균 점포수,-0.28076,[수준] 가맹사업 업력,-0.26209,[추세] 면적당매출 평균,-0.20801
BRD_20110500023,2024,천안옛날호두과자,외식,제과제빵,31.0,0.017697789691865785,0.14346800470622567,0.017964071856287425,0.05816733067729084,건전,0,True,Low,FS1,[업종상대] 계약종료 백분위,-0.34492,[추세] 점포 증가율 변동성,-0.2118,[수준] 가맹사업 업력,-0.19362
BRD_20200376,2024,읍천리 382,외식,음료 (커피 외),188.0,0.01769471128534068,0.14192546264170247,0.017964071856287425,0.05776892430278884,요주의,1,False,Low,FS1,[구조] 지역당 평균 점포수,-0.32129,[업종상대] 계약종료 백분위,-0.31612,[업종상대] 점포 증가율 백분위,-0.15121
BRD_20150573,2024,모미락,외식,기타 외식,31.0,0.017691632878815575,0.14182643899879396,0.017964071856287425,0.05737051792828685,건전,0,True,Low,FS1,[업종상대] 계약종료 백분위,-0.32663,[구조] 지역 집중도(HHI),-0.18295,[업종상대] 점포 증가율 백분위,-0.17637
BRD_20090400025,2024,현대옥,외식,한식,179.0,0.01768855447229047,0.14153013701217212,0.017964071856287425,0.05697211155378486,건전,0,True,Low,FS1,[구조] 지역당 평균 점포수,-0.27808,[업종상대] 계약종료 백분위,-0.27584,[수준] 본부 직원수,-0.16744
BRD_20090100062,2024,폴리어학원,서비스,교육 (외국어),61.0,0.017685476065765364,0.14103126480206915,0.017964071856287425,0.05657370517928287,요주의,1,False,Low,FS1,[업종상대] 계약종료 백분위,-0.3856,[추세] 점포 증가율 변동성,-0.25624,[수준] 가맹사업 업력,-0.24324
BRD_20190497,2024,정직유부,외식,한식,174.0,0.01768239765924026,0.14051713019479406,0.017964071856287425,0.05617529880478088,건전,0,True,Low,FS1,[구조] 지역당 평균 점포수,-0.37564,[업종상대] 계약종료 백분위,-0.23043,[추세] 면적당매출 평균,-0.19539
BRD_20230855,2024,이가네양꼬치,외식,중식,34.0,0.01767931925271515,0.14033899230298352,0.017964071856287425,0.055776892430278883,건전,0,True,Low,FS1,[업종상대] 계약종료 백분위,-0.31901,[구조] 지역당 평균 점포수,-0.3024,[업종상대] 점포 증가율 백분위,-0.17085
BRD_20120100160,2024,또봉이통닭,외식,치킨,462.0,0.017676240846190044,0.13992676781024901,0.017964071856287425,0.055378486055776895,요주의,1,False,Low,FS1,[구조] 지역당 평균 점포수,-0.25009,[추세] 점포 증가율 변동성,-0.24222,[추세] 면적당매출 평균,-0.22681
BRD_20120400012,2024,난타5000피자,외식,피자,86.0,0.01767316243966494,0.1393219879520648,0.017964071856287425,0.0549800796812749,건전,0,True,Low,FS1,[업종상대] 계약종료 백분위,-0.38247,[수준] 가맹사업 업력,-0.28546,[구조] 지역당 평균 점포수,-0.26185
BRD_20161188,2024,이태리부대찌개,외식,한식,42.0,0.017670084033139834,0.1380914144399496,0.017964071856287425,0.05458167330677291,건전,0,True,Low,FS1,[업종상대] 계약종료 백분위,-0.37519,[추세] 점포 증가율 변동성,-0.25732,[추세] 면적당매출 평균,-0.22953
BRD_20160924,2024,강창구찹쌀진순대,외식,한식,46.0,0.01766700562661473,0.13758981281079027,0.017964071856287425,0.054183266932270914,건전,0,True,Low,FS1,[구조] 지역당 평균 점포수,-0.33036,[수준] 평균매출,-0.15817,[구조] 지역 집중도(HHI),-0.14262
BRD_20215019,2024,빽보이피자,외식,피자,243.0,0.017663927220089623,0.1373645950124224,0.017964071856287425,0.053784860557768925,건전,0,True,Low,FS1,[업종상대] 계약종료 백분위,-0.32336,[구조] 지역당 평균 점포수,-0.30379,[수준] 본부 직원수,-0.16088
BRD_20110100614,2024,알파,도소매,기타도소매,618.0,0.017660848813564518,0.1373284771162764,0.017964071856287425,0.05338645418326693,건전,0,True,Low,FS1,[추세] 점포 증가율 변동성,-0.34662,[수준] 가맹사업 업력,-0.34285,[업종상대] 계약종료 백분위,-0.31288
BRD_20170358,2024,33떡볶이,외식,기타 외식,183.0,0.017657770407039412,0.13727714971079052,0.017964071856287425,0.05298804780876494,건전,0,True,Low,FS1,[구조] 지역당 평균 점포수,-0.35105,[추세] 면적당매출 평균,-0.16108,[업종상대] 점포 증가율 백분위,-0.14378
BRD_20120300004,2024,월드크리닝,서비스,세탁,475.0,0.017654692000514307,0.13725037325819167,0.017964071856287425,0.05258964143426295,건전,0,True,Low,FS1,[구조] 지역당 평균 점포수,-0.30106,[수준] 평균매출,0.27585,[수준] 가맹사업 업력,-0.27438
BRD_20080400028,2024,지정환피자,외식,패스트푸드,59.0,0.0176516135939892,0.13628336935356503,0.017964071856287425,0.052191235059760956,건전,0,True,Low,FS1,[업종상대] 계약종료 백분위,-0.38325,[수준] 가맹사업 업력,-0.33598,[추세] 점포 증가율 변동성,-0.30097
BRD_20190794,2024,족발신선생,외식,한식,117.0,0.017648535187464096,0.1362407667152352,0.017964071856287425,0.05179282868525897,건전,0,True,Low,FS1,[업종상대] 계약종료 백분위,-0.36432,[추세] 면적당매출 평균,-0.20788,[구조] 지역당 평균 점포수,-0.19548
BRD_20110100535,2024,홍익돈까스,외식,서양식,88.0,0.01764545678093899,0.1361924332848265,0.017964071856287425,0.05139442231075697,건전,0,True,Low,FS1,[추세] 점포 증가율 변동성,-0.33912,[업종상대] 계약종료 백분위,-0.32902,[수준] 브랜드 연차,-0.13957
BRD_20080100109,2024,김가네,외식,분식,377.0,0.017642378374413886,0.13553121434049942,0.017964071856287425,0.05099601593625498,건전,0,True,Low,FS1,[추세] 점포 증가율 변동성,-0.32343,[변화] 점포 증가율,0.31838,[구조] 지역당 평균 점포수,-0.28693
BRD_20080200229,2024,신의주찹쌀순대,외식,한식,175.0,0.01763929996788878,0.13515111068055194,0.017964071856287425,0.050597609561752986,건전,0,True,Low,FS1,[구조] 지역당 평균 점포수,-0.27127,[수준] 가맹사업 업력,-0.25897,[수준] 본부 직원수,-0.1495
BRD_20201631,2024,커스텀커피,외식,커피,104.0,0.017636221561363675,0.13492625490364907,0.017964071856287425,0.050199203187251,건전,0,True,Low,FS1,[구조] 지역당 평균 점포수,-0.32579,[추세] 면적당매출 평균,-0.23862,[변화] 점포 증가율,0.19689
BRD_20191049,2024,탕화쿵푸마라탕,외식,중식,492.0,0.017633143154838566,0.13475673769195412,0.017964071856287425,0.049800796812749,건전,0,True,Low,FS1,[구조] 지역당 평균 점포수,-0.34505,[업종상대] 계약종료 백분위,-0.31439,[추세] 면적당매출 평균,-0.16701
BRD_20080100677,2024,리틀팍스 어학원,서비스,교육 (외국어),72.0,0.01763006474831346,0.1344760067604294,0.017964071856287425,0.04940239043824701,건전,0,True,Low,FS1,[업종상대] 계약종료 백분위,-0.33885,[추세] 점포 증가율 변동성,-0.24264,[수준] 가맹사업 업력,-0.22822
BRD_20170184,2024,약손명가,서비스,이미용,125.0,0.017626986341788355,0.13403414280319612,0.017964071856287425,0.04900398406374502,건전,0,True,Low,FS1,[추세] 점포 증가율 변동성,-0.29269,[추세] 면적당매출 평균,-0.2293,[구조] 지역당 평균 점포수,-0.20873
BRD_20120100672,2024,한스(HANS),외식,제과제빵,40.0,0.01762390793526325,0.13374254522074572,0.017964071856287425,0.04860557768924303,건전,0,True,Low,FS1,[업종상대] 계약종료 백분위,-0.33966,[구조] 지역당 평균 점포수,-0.27168,[추세] 면적당매출 평균,-0.22774
BRD_20080100324,2024,북창동순두부,외식,한식,79.0,0.017620829528738145,0.13106993465951,0.017964071856287425,0.04820717131474104,건전,0,True,Low,FS1,[수준] 가맹사업 업력,-0.30558,[추세] 점포 증가율 변동성,-0.24053,[구조] 지역당 평균 점포수,-0.18442
BRD_20080200019,2024,투다리,외식,주점,1292.0,0.01761775112221304,0.13043146123137436,0.017964071856287425,0.04780876494023904,건전,0,True,Low,FS1,[수준] 가맹사업 업력,-0.36952,[업종상대] 계약종료 백분위,-0.34772,[추세] 점포 증가율 변동성,-0.33129
BRD_20080100659,2024,JLS정상어학원,서비스,교육 (외국어),75.0,0.017614672715687934,0.12897008091883494,0.017964071856287425,0.047410358565737054,건전,0,True,Low,FS1,[업종상대] 계약종료 백분위,-0.34507,[추세] 점포 증가율 변동성,-0.2936,[수준] 가맹사업 업력,-0.21855
BRD_20171137,2024,카페인중독,외식,커피,183.0,0.01761159430916283,0.12800849839611889,0.017964071856287425,0.04701195219123506,건전,0,True,Low,FS1,[구조] 지역당 평균 점포수,-0.32756,[추세] 면적당매출 평균,-0.21959,[업종상대] 계약종료 백분위,-0.16155
BRD_20201869,2024,댄싱컵(DANCINGCUP),외식,커피,114.0,0.017608515902637723,0.12795676237312553,0.017964071856287425,0.04661354581673307,건전,0,True,Low,FS1,[구조] 지역당 평균 점포수,-0.37492,[업종상대] 계약종료 백분위,-0.22582,[추세] 면적당매출 평균,-0.20979
BRD_20140093,2024,수유리우동집,외식,분식,107.0,0.017605437496112618,0.12666538121101986,0.017964071856287425,0.046215139442231074,건전,0,True,Low,FS1,[업종상대] 계약종료 백분위,-0.30733,[구조] 지역당 평균 점포수,-0.27751,[추세] 점포 증가율 변동성,-0.17938
BRD_20080100084,2024,풀무원녹즙,도소매,기타도소매,337.0,0.017602359089587512,0.12634085341278614,0.017964071856287425,0.045816733067729085,건전,0,True,Low,FS1,[수준] 가맹사업 업력,-0.28906,[구조] 지역당 평균 점포수,-0.26676,[추세] 점포 증가율 변동성,-0.22723
BRD_20151296,2024,백채,외식,한식,191.0,0.017599280683062407,0.1260768950683483,0.017964071856287425,0.04541832669322709,건전,0,True,Low,FS1,[구조] 지역당 평균 점포수,-0.34975,[추세] 면적당매출 평균,-0.2115,[업종상대] 계약종료 백분위,-0.20975
BRD_20190955,2024,봉명동내커피,외식,커피,148.0,0.017596202276537302,0.1260568720485115,0.017964071856287425,0.0450199203187251,요주의,1,False,Low,FS1,[구조] 지역당 평균 점포수,-0.35983,[업종상대] 계약종료 백분위,-0.28931,[추세] 면적당매출 평균,-0.23327
BRD_20141250,2024,컴포즈커피(COMPOSE COFFEE),외식,커피,2649.0,0.017593123870012196,0.12580862064010634,0.017964071856287425,0.04462151394422311,건전,0,True,Low,FS1,[업종상대] 계약종료 백분위,-0.32507,[구조] 지역당 평균 점포수,-0.31459,[추세] 점포 증가율 변동성,0.19418
BRD_20191071,2024,론썸헤이드,서비스,이미용,21.0,0.01759004546348709,0.12460960728339072,0.017964071856287425,0.044223107569721115,건전,0,True,Low,FS1,[업종상대] 계약종료 백분위,-0.36807,[구조] 지역당 평균 점포수,-0.20089,[구조] 지역 집중도(HHI),-0.18835
NAME:달떡볶이@외식,2024,달떡볶이,외식,분식,64.0,0.017586967056961986,0.12256459500637645,0.017964071856287425,0.043824701195219126,건전,0,True,Low,FS1,[업종상대] 계약종료 백분위,-0.36028,[추세] 점포 증가율 변동성,-0.3298,[구조] 지역당 평균 점포수,0.19341
BRD_20201203,2024,하삼동커피,외식,커피,644.0,0.01720986225763655,0.12213152370266762,0.01720986225763655,0.04342629482071713,건전,0,True,Low,FS1,[구조] 지역당 평균 점포수,-0.36189,[업종상대] 계약종료 백분위,-0.31715,[추세] 면적당매출 평균,-0.24098
BRD_20080100014,2024,이디야커피,외식,커피,2562.0,0.01664417669950355,0.12211976697790217,0.01664417669950355,0.04302788844621514,건전,0,True,Low,FS1,[수준] 가맹사업 업력,-0.34431,[구조] 지역당 평균 점포수,-0.3093,[변화] 점포 증가율,0.26391
BRD_20080100064,2024,세븐일레븐,도소매,편의점,12081.0,0.0006,0.12037591139234648,0.0003,0.042629482071713146,건전,0,True,Low,FS1,[수준] 가맹사업 업력,-0.34051,[구조] 지역당 평균 점포수,-0.31825,[추세] 면적당매출 평균,-0.23146
BRD_20211018,2024,몬스터포,외식,기타 외식,28.0,0.0005943396226415094,0.11984676801595591,0.0003,0.04223107569721116,건전,0,True,Low,FS1,[구조] 지역당 평균 점포수,-0.36098,[업종상대] 계약종료 백분위,-0.35689,[업종상대] 점포 증가율 백분위,-0.19065
BRD_20160418,2024,펫마트,도소매,기타도소매,115.0,0.0005886792452830189,0.1195910398853569,0.0003,0.04183266932270916,건전,0,True,Low,FS1,[업종상대] 계약종료 백분위,-0.34076,[구조] 지역당 평균 점포수,-0.21206,[추세] 면적당매출 평균,-0.2101
BRD_20090100349,2024,우리집다음에맛있는집양평해장국,외식,기타 외식,94.0,0.0005830188679245283,0.11931757746461064,0.0003,0.04143426294820717,건전,0,True,Low,FS1,[수준] 가맹사업 업력,-0.28952,[구조] 지역당 평균 점포수,-0.20625,[추세] 면적당매출 평균,-0.1946
BRD_20190227,2024,롤링파스타,외식,서양식,130.0,0.0005773584905660377,0.11886010586812876,0.0003,0.041035856573705176,건전,0,True,Low,FS1,[업종상대] 계약종료 백분위,-0.32688,[추세] 면적당매출 평균,-0.22066,[구조] 지역당 평균 점포수,-0.19902
BRD_20141179,2024,소담촌,외식,기타 외식,108.0,0.0005716981132075471,0.11838136792749746,0.0003,0.04063745019920319,건전,0,True,Low,FS1,[업종상대] 계약종료 백분위,-0.3301,[추세] 점포 증가율 변동성,-0.328,[추세] 면적당매출 평균,0.26056
BRD_20201544,2024,심쿵피어싱,도소매,기타도소매,20.0,0.0005660377358490565,0.11763548972999638,0.0003,0.0402390438247012,건전,0,True,Low,FS1,[업종상대] 계약종료 백분위,-0.40236,[추세] 면적당매출 평균,-0.21994,[구조] 지역당 평균 점포수,-0.17911
BRD_20190451,2024,고향옥얼큰순대국,외식,한식,40.0,0.0005603773584905659,0.11564478669807988,0.0003,0.0398406374501992,건전,0,True,Low,FS1,[구조] 지역당 평균 점포수,-0.33771,[업종상대] 계약종료 백분위,-0.22183,[추세] 면적당매출 평균,-0.18525
BRD_20181340,2024,보배반점,외식,중식,198.0,0.0005547169811320755,0.1154091397411181,0.0003,0.039442231075697214,건전,0,True,Low,FS1,[구조] 지역당 평균 점포수,-0.35315,[업종상대] 계약종료 백분위,-0.3278,[추세] 점포 증가율 변동성,0.15904
BRD_20211774,2024,육회바른연어,외식,기타 외식,138.0,0.0005490566037735849,0.11532537323554248,0.0003,0.03904382470119522,건전,0,True,Low,FS1,[구조] 지역당 평균 점포수,-0.36363,[업종상대] 계약종료 백분위,-0.32684,[추세] 점포 증가율 변동성,0.15088
BRD_20130100197,2024,맛나감자탕,외식,한식,70.0,0.0005433962264150943,0.11363772115524283,0.0003,0.03864541832669323,건전,0,True,Low,FS1,[업종상대] 계약종료 백분위,-0.37249,[수준] 가맹사업 업력,-0.29468,[추세] 점포 증가율 변동성,-0.28623
BRD_20120100091,2024,오렌즈,서비스,안경,353.0,0.0005377358490566038,0.11329638805381942,0.0003,0.03824701195219123,건전,0,True,Low,FS1,[업종상대] 계약종료 백분위,-0.311,[구조] 지역당 평균 점포수,-0.28002,[추세] 점포 증가율 변동성,-0.26965
BRD_20080100480,2024,에이프릴어학원,서비스,교육 (외국어),120.0,0.0005320754716981132,0.11126628059111394,0.0003,0.037848605577689244,건전,0,True,Low,FS1,[업종상대] 계약종료 백분위,-0.33133,[수준] 가맹사업 업력,-0.31587,[추세] 면적당매출 평균,-0.22807
BRD_20080100397,2024,피자헛,외식,피자,260.0,0.0005264150943396226,0.11092476152820933,0.0003,0.03745019920318725,건전,0,True,Low,FS1,[추세] 점포 증가율 변동성,-0.30965,[수준] 가맹사업 업력,-0.30504,[구조] 지역당 평균 점포수,-0.23223
BRD_20080200140,2024,크린토피아,서비스,세탁,3052.0,0.000520754716981132,0.10865064540663573,0.0003,0.03705179282868526,건전,0,True,Low,FS1,[업종상대] 계약종료 백분위,-0.37098,[구조] 지역당 평균 점포수,-0.31928,[수준] 평균매출,0.27575
BRD_20160798,2024,가마치통닭,외식,치킨,788.0,0.0005150943396226414,0.10773386387245742,0.0003,0.036653386454183264,건전,0,True,Low,FS1,[업종상대] 계약종료 백분위,-0.36957,[추세] 점포 증가율 변동성,-0.3466,[구조] 지역당 평균 점포수,-0.29008
BRD_20110100603,2024,누구나홀딱반한닭,외식,치킨,260.0,0.000509433962264151,0.10723661338292897,0.0003,0.036254980079681275,건전,0,True,Low,FS1,[업종상대] 계약종료 백분위,-0.28096,[구조] 지역당 평균 점포수,-0.26182,[추세] 점포 증가율 변동성,-0.19577
BRD_20110100490,2024,맛닭꼬,외식,치킨,130.0,0.0005037735849056604,0.10651827993425689,0.0003,0.035856573705179286,건전,0,True,Low,FS1,[업종상대] 계약종료 백분위,-0.31449,[구조] 지역당 평균 점포수,-0.25954,[추세] 점포 증가율 변동성,-0.2505
BRD_20080300020,2024,치킨신드롬,외식,치킨,175.0,0.0004981132075471698,0.10590019147559793,0.0003,0.03545816733067729,건전,0,True,Low,FS1,[업종상대] 계약종료 백분위,-0.3128,[구조] 지역당 평균 점포수,-0.3098,[수준] 가맹사업 업력,-0.29105
BRD_20180547,2024,으뜸50안경,서비스,안경,305.0,0.0004924528301886792,0.10579884707477318,0.0003,0.0350597609561753,건전,0,True,Low,FS1,[업종상대] 계약종료 백분위,-0.37087,[구조] 지역당 평균 점포수,-0.33931,[추세] 점포 증가율 변동성,-0.2822
BRD_20130452,2024,유가네,외식,한식,201.0,0.00048679245283018865,0.10546939920507808,0.0003,0.034661354581673305,건전,0,True,Low,FS1,[추세] 점포 증가율 변동성,-0.28183,[구조] 지역당 평균 점포수,-0.25962,[수준] 가맹사업 업력,-0.25857
BRD_20210765,2024,현방오백소갈비살,외식,한식,21.0,0.0004811320754716981,0.10462044306980807,0.0003,0.034262948207171316,건전,0,True,Low,FS1,[업종상대] 계약종료 백분위,-0.34287,[구조] 지역당 평균 점포수,-0.32459,[구조] 지역 집중도(HHI) 전년비 변화,-0.27973
BRD_20171233,2024,남도술상,외식,기타 외식,41.0,0.00047547169811320753,0.10432777010679231,0.0003,0.03386454183266932,건전,0,True,Low,FS1,[업종상대] 계약종료 백분위,-0.33874,[구조] 지역당 평균 점포수,-0.29831,[구조] 지역 집중도(HHI),-0.20025
BRD_20080300015,2024,무봤나촌닭,외식,치킨,27.0,0.00046981132075471694,0.10391351022846304,0.0003,0.03346613545816733,건전,0,True,Low,FS1,[업종상대] 계약종료 백분위,-0.33339,[구조] 지역당 평균 점포수,-0.29975,[수준] 가맹사업 업력,-0.21972
BRD_20100100377,2024,깐부치킨,외식,치킨,152.0,0.0004641509433962264,0.10324956859378893,0.0003,0.033067729083665336,건전,0,True,Low,FS1,[업종상대] 계약종료 백분위,-0.34875,[수준] 가맹사업 업력,-0.27825,[구조] 지역당 평균 점포수,-0.27367
BRD_20190550,2024,으뜸플러스안경,서비스,안경,284.0,0.00045849056603773587,0.10284524643258976,0.0003,0.03266932270916335,건전,0,True,Low,FS1,[업종상대] 계약종료 백분위,-0.3732,[구조] 지역당 평균 점포수,-0.33264,[추세] 점포 증가율 변동성,-0.26875
BRD_20201443,2024,라홍방 마라탕,외식,중식,129.0,0.0004528301886792453,0.10267976348044203,0.0003,0.03227091633466136,건전,0,True,Low,FS1,[구조] 지역당 평균 점포수,-0.34359,[업종상대] 계약종료 백분위,-0.32504,[구조] 지역 집중도(HHI),-0.17943
BRD_20141221,2024,본죽&비빔밥,외식,한식,1150.0,0.00044716981132075464,0.10152661242228471,0.0003,0.03187250996015936,건전,0,True,Low,FS1,[구조] 지역당 평균 점포수,-0.3494,[업종상대] 계약종료 백분위,-0.32468,[추세] 면적당매출 평균,-0.20467
BRD_20170451,2024,선비꼬마김밥,외식,분식,248.0,0.0004415094339622641,0.10041925527812243,0.0003,0.03147410358565737,건전,0,True,Low,FS1,[구조] 지역당 평균 점포수,-0.34883,[업종상대] 계약종료 백분위,-0.32984,[추세] 면적당매출 평균,-0.24006
BRD_20080100061,2024,네네치킨,외식,치킨,869.0,0.0004358490566037735,0.09993715284208685,0.0003,0.031075697211155377,건전,0,True,Low,FS1,[업종상대] 계약종료 백분위,-0.39546,[추세] 점포 증가율 변동성,-0.31289,[구조] 지역당 평균 점포수,-0.27539
BRD_20130100052,2024,공차,외식,음료 (커피 외),836.0,0.0004301886792452829,0.09973313447379702,0.0003,0.030677290836653385,건전,0,True,Low,FS1,[구조] 지역당 평균 점포수,-0.34726,[업종상대] 계약종료 백분위,-0.22773,[추세] 면적당매출 평균,-0.21978
BRD_20080400025,2024,다사랑,외식,치킨,107.0,0.0004245283018867924,0.09941894888215366,0.0003,0.030278884462151396,건전,0,True,Low,FS1,[업종상대] 계약종료 백분위,-0.32618,[수준] 가맹사업 업력,-0.29802,[구조] 지역당 평균 점포수,-0.23906
BRD_20212066,2024,역북집,외식,한식,35.0,0.00041886792452830186,0.09895702064804586,0.0003,0.029880478087649404,건전,0,True,Low,FS1,[업종상대] 계약종료 백분위,-0.37664,[구조] 지역당 평균 점포수,-0.3441,[추세] 면적당매출 평균,-0.20433
BRD_20130100004,2024,봉구스밥버거,외식,기타 외식,473.0,0.00041320754716981127,0.0985679039958097,0.0003,0.02948207171314741,건전,0,True,Low,FS1,[업종상대] 계약종료 백분위,-0.3874,[추세] 점포 증가율 변동성,-0.34246,[구조] 지역당 평균 점포수,-0.23729
BRD_20080500019,2024,원할머니,외식,한식,278.0,0.0004075471698113207,0.09679380682813885,0.0003,0.02908366533864542,건전,0,True,Low,FS1,[추세] 점포 증가율 변동성,-0.34246,[수준] 가맹사업 업력,-0.31436,[구조] 지역당 평균 점포수,-0.25088
BRD_20140722,2024,더벤티,외식,커피,1230.0,0.00040188679245283014,0.09573984933776884,0.0003,0.028685258964143426,건전,0,True,Low,FS1,[구조] 지역당 평균 점포수,-0.35755,[업종상대] 계약종료 백분위,-0.3434,[추세] 면적당매출 평균,-0.23593
BRD_20180244,2024,텐퍼센트스페셜티커피,외식,커피,814.0,0.00039622641509433955,0.09543086424669862,0.0003,0.028286852589641434,건전,0,True,Low,FS1,[업종상대] 계약종료 백분위,-0.35091,[구조] 지역당 평균 점포수,-0.34665,[추세] 면적당매출 평균,-0.22348
BRD_20190687,2024,귀한족발,외식,기타 외식,148.0,0.000390566037735849,0.09376069828320269,0.0003,0.027888446215139442,건전,0,True,Low,FS1,[구조] 지역당 평균 점포수,-0.35495,[업종상대] 계약종료 백분위,-0.34778,[추세] 면적당매출 평균,-0.22074
BRD_20231674,2024,록갈비,외식,한식,28.0,0.00038490566037735843,0.09116697666758643,0.0003,0.02749003984063745,건전,0,True,Low,FS1,[업종상대] 계약종료 백분위,-0.38444,[구조] 지역당 평균 점포수,-0.22001,[추세] 면적당매출 평균,-0.20054
BRD_20080100233,2024,용우동,외식,분식,160.0,0.00037924528301886784,0.08874526414376456,0.0003,0.027091633466135457,건전,0,True,Low,FS1,[업종상대] 계약종료 백분위,-0.4036,[추세] 점포 증가율 변동성,-0.29168,[수준] 가맹사업 업력,-0.287
BRD_20161169,2024,강순자옛맛김치찌개,외식,한식,54.0,0.0003735849056603773,0.0883254563981134,0.0003,0.026693227091633465,건전,0,True,Low,FS1,[업종상대] 계약종료 백분위,-0.37898,[구조] 지역당 평균 점포수,-0.33069,[추세] 점포 증가율 변동성,-0.18888
BRD_20090100195,2024,국수나무,외식,분식,236.0,0.00036792452830188677,0.08627640948313554,0.0003,0.026294820717131476,건전,0,True,Low,FS1,[추세] 점포 증가율 변동성,-0.30889,[수준] 가맹사업 업력,-0.29489,[변화] 점포 증가율,0.25602
BRD_20130249,2024,설빙,외식,아이스크림/빙수,576.0,0.0003622641509433962,0.08577180735010792,0.0003,0.025896414342629483,건전,0,True,Low,FS1,[업종상대] 계약종료 백분위,-0.37347,[구조] 지역당 평균 점포수,-0.32153,[추세] 점포 증가율 변동성,-0.2588
BRD_20080100743,2024,리안,서비스,이미용,452.0,0.0003566037735849056,0.08494186143252859,0.0003,0.02549800796812749,건전,0,True,Low,FS1,[구조] 지역당 평균 점포수,-0.35465,[수준] 가맹사업 업력,-0.24536,[추세] 점포 증가율 변동성,-0.23817
BRD_20210708,2024,양산도,외식,한식,28.0,0.00035094339622641506,0.08467168337574361,0.0003,0.0250996015936255,건전,0,True,Low,FS1,[업종상대] 계약종료 백분위,-0.38688,[구조] 지역 집중도(HHI) 전년비 변화,-0.2919,[업종상대] 점포 증가율 백분위,-0.20659
BRD_20190929,2024,노브랜드 버거(No Brand Burger),외식,패스트푸드,189.0,0.00034528301886792447,0.08363852000419801,0.0003,0.024701195219123506,건전,0,True,Low,FS1,[업종상대] 계약종료 백분위,-0.34778,[구조] 지역당 평균 점포수,-0.32588,[추세] 면적당매출 평균,-0.22586
BRD_20150253,2024,카페게이트,외식,커피,146.0,0.00033962264150943393,0.08317561472658401,0.0003,0.024302788844621514,건전,0,True,Low,FS1,[구조] 지역당 평균 점포수,-0.32016,[추세] 면적당매출 평균,-0.24468,[수준] 본부 직원수,-0.1704
BRD_20090100600,2024,GS THE FRESH,도소매,종합소매점,418.0,0.00033396226415094335,0.08213379858662945,0.0003,0.02390438247011952,건전,0,True,Low,FS1,[업종상대] 계약종료 백분위,-0.31453,[구조] 지역당 평균 점포수,-0.2786,[추세] 점포 증가율 변동성,-0.27321
BRD_20212140,2024,스텔라떡볶이,외식,분식,179.0,0.0003283018867924528,0.08174642466178225,0.0003,0.02350597609561753,건전,0,True,Low,FS1,[업종상대] 계약종료 백분위,-0.34149,[구조] 지역당 평균 점포수,-0.33919,[구조] 최다 지역 비중 전년비 변화,-0.18637
BRD_20080100646,2024,앤티앤스,외식,제과제빵,197.0,0.0003226415094339622,0.080180202955109,0.0003,0.023107569721115537,건전,0,True,Low,FS1,[추세] 점포 증가율 변동성,-0.33771,[구조] 지역당 평균 점포수,-0.27631,[변화] 점포 증가율,0.26108
BRD_20160835,2024,얌샘김밥,외식,분식,226.0,0.0003169811320754717,0.0801015724770115,0.0003,0.022709163346613544,건전,0,True,Low,FS1,[구조] 지역당 평균 점포수,-0.33212,[추세] 점포 증가율 변동성,-0.2889,[추세] 면적당매출 평균,-0.23052
BRD_20080200033,2024,조마루감자탕,외식,한식,157.0,0.0003113207547169811,0.07982257049624039,0.0003,0.022310756972111555,건전,0,True,Low,FS1,[업종상대] 계약종료 백분위,-0.37822,[수준] 가맹사업 업력,-0.36834,[추세] 점포 증가율 변동성,-0.35222
BRD_20191192,2024,프랭크버거,외식,패스트푸드,622.0,0.00030566037735849056,0.07938154709666945,0.0003,0.021912350597609563,건전,0,True,Low,FS1,[구조] 지역당 평균 점포수,-0.36733,[업종상대] 계약종료 백분위,-0.33438,[추세] 면적당매출 평균,-0.22342
BRD_20080600029,2024,떡보의하루,도소매,기타도소매,156.0,0.0003,0.07491822151102172,0.0003,0.01195219123505976,건전,0,True,Low,FS1,[업종상대] 계약종료 백분위,-0.46372,[추세] 점포 증가율 변동성,-0.33374,[구조] 지역당 평균 점포수,-0.21818
BRD_20080600002,2024,교촌치킨,외식,치킨,1361.0,0.0003,0.04203016137327191,0.0003,0.011553784860557768,건전,0,True,Low,FS1,[업종상대] 계약종료 백분위,-0.40708,[추세] 점포 증가율 변동성,-0.35437,[수준] 가맹사업 업력,-0.32111
BRD_20160973,2024,카페051(cafe051),외식,커피,226.0,0.0003,0.06335048908375568,0.0003,0.019123505976095617,건전,0,True,Low,FS1,[업종상대] 계약종료 백분위,-0.40257,[구조] 지역당 평균 점포수,-0.33654,[추세] 점포 증가율 변동성,-0.23956
BRD_20160858,2024,두찜,외식,한식,603.0,0.0003,0.06499788743091273,0.0003,0.018725099601593624,건전,0,True,Low,FS1,[업종상대] 계약종료 백분위,-0.39818,[추세] 점포 증가율 변동성,-0.36842,[구조] 지역당 평균 점포수,-0.324
BRD_20080400001,2024,아주커,외식,치킨,68.0,0.0003,0.06940136391078723,0.0003,0.008764940239043825,건전,0,True,Low,FS1,[업종상대] 계약종료 백분위,-0.40591,[수준] 가맹사업 업력,-0.31439,[추세] 점포 증가율 변동성,-0.29822
BRD_20080200150,2024,지호한방삼계탕,외식,한식,72.0,0.0003,0.057215020147153996,0.0003,0.00796812749003984,건전,0,True,Low,FS1,[업종상대] 계약종료 백분위,-0.4049,[구조] 지역당 평균 점포수,-0.29696,[추세] 점포 증가율 변동성,-0.29142
BRD_20080100032,2024,GS25,도소매,편의점,17989.0,0.0003,0.037581983906739475,0.0003,0.0007968127490039841,건전,0,True,Low,FS1,[업종상대] 계약종료 백분위,-0.39203,[구조] 지역당 평균 점포수,-0.35545,[추세] 점포 증가율 변동성,-0.3041
BRD_20080100020,2024,씨유(CU),도소매,편의점,18255.0,0.0003,0.04106848331220491,0.0003,0.00039840637450199205,건전,0,True,Low,FS1,[업종상대] 계약종료 백분위,-0.38827,[구조] 지역당 평균 점포수,-0.35573,[추세] 점포 증가율 변동성,-0.31325
BRD_20080100159,2024,도미노피자,외식,피자,373.0,0.0003,0.05094574160037274,0.0003,0.0027888446215139444,건전,0,True,Low,FS1,[업종상대] 계약종료 백분위,-0.4276,[추세] 점포 증가율 변동성,-0.38436,[수준] 가맹사업 업력,-0.29924
BRD_20080100180,2024,또래오래,외식,치킨,527.0,0.0003,0.07700123974861546,0.0003,0.0031872509960159364,건전,0,True,Low,FS1,[업종상대] 계약종료 백분위,-0.40603,[수준] 가맹사업 업력,-0.32718,[추세] 점포 증가율 변동성,-0.29774
BRD_20080100190,2024,피자스쿨,외식,피자,628.0,0.0003,0.07862119311625251,0.0003,0.0035856573705179283,건전,0,True,Low,FS1,[업종상대] 계약종료 백분위,-0.37549,[구조] 지역당 평균 점포수,-0.30622,[추세] 점포 증가율 변동성,-0.25609
BRD_20080100240,2024,봉추찜닭,외식,한식,120.0,0.0003,0.06325866357136921,0.0003,0.004382470119521913,건전,0,True,Low,FS1,[업종상대] 계약종료 백분위,-0.40951,[추세] 점포 증가율 변동성,-0.37833,[수준] 가맹사업 업력,-0.29636
BRD_20080100118,2024,다이소,도소매,기타도소매,483.0,0.0003,0.0790302094349305,0.0003,0.00199203187250996,건전,0,True,Low,FS1,[업종상대] 계약종료 백분위,-0.41565,[추세] 점포 증가율 변동성,-0.33737,[구조] 지역당 평균 점포수,-0.287
BRD_20191191,2024,몬스터커피,외식,커피,99.0,0.0003,0.05838366859846528,0.0003,0.020717131474103586,건전,0,True,Low,FS1,[업종상대] 계약종료 백분위,-0.41412,[구조] 지역당 평균 점포수,-0.33135,[추세] 면적당매출 평균,-0.21601
BRD_20080300013,2024,지코바양념치킨,외식,치킨,743.0,0.0003,0.030039278094112068,0.0003,0.008366533864541833,건전,0,True,Low,FS1,[업종상대] 계약종료 백분위,-0.43244,[추세] 점포 증가율 변동성,-0.39052,[구조] 지역당 평균 점포수,-0.33851
BRD_20214362,2024,월간맥주,외식,주점,60.0,0.0003,0.06178172365031893,0.0003,0.02151394422310757,건전,0,True,Low,FS1,[구조] 지역당 평균 점포수,-0.36601,[업종상대] 계약종료 백분위,-0.3625,[구조] 지역 집중도(HHI) 전년비 변화,-0.28255
BRD_20141019,2024,반올림피자,외식,피자,365.0,0.0003,0.06845849155989524,0.0003,0.017131474103585658,건전,0,True,Low,FS1,[업종상대] 계약종료 백분위,-0.33286,[추세] 점포 증가율 변동성,-0.32282,[구조] 지역당 평균 점포수,-0.3222
BRD_20120100352,2024,역전우동0410,외식,분식,218.0,0.0003,0.05414948643866617,0.0003,0.015139442231075698,건전,0,True,Low,FS1,[업종상대] 계약종료 백분위,-0.37556,[추세] 점포 증가율 변동성,-0.3376,[구조] 지역당 평균 점포수,-0.3045
BRD_20080200106,2024,처갓집양념치킨,외식,치킨,1254.0,0.0003,0.05152662901820627,0.0003,0.007569721115537849,건전,0,True,Low,FS1,[업종상대] 계약종료 백분위,-0.35446,[구조] 지역당 평균 점포수,-0.32465,[수준] 가맹사업 업력,-0.3126
BRD_20080100157,2024,맘스터치,외식,패스트푸드,1444.0,0.0003,0.030318160580708433,0.0003,0.002390438247011952,건전,0,True,Low,FS1,[업종상대] 계약종료 백분위,-0.3879,[구조] 지역당 평균 점포수,-0.35567,[추세] 점포 증가율 변동성,-0.3331
BRD_20080100308,2024,한솥,외식,한식,811.0,0.0003,0.03955703191249329,0.0003,0.004780876494023904,건전,0,True,Low,FS1,[업종상대] 계약종료 백분위,-0.38155,[추세] 점포 증가율 변동성,-0.34839,[구조] 지역당 평균 점포수,-0.33474
BRD_20080400035,2024,신포우리만두,외식,분식,102.0,0.0003,0.03939068586639495,0.0003,0.009163346613545816,건전,0,True,Low,FS1,[업종상대] 계약종료 백분위,-0.40486,[추세] 점포 증가율 변동성,-0.32031,[구조] 지역당 평균 점포수,-0.29817
BRD_20161159,2024,매머드익스프레스(Mammoth Express),외식,커피,742.0,0.0003,0.05927713902231333,0.0003,0.01952191235059761,건전,0,True,Low,FS1,[구조] 지역당 평균 점포수,-0.37058,[업종상대] 계약종료 백분위,-0.34091,[추세] 면적당매출 평균,-0.20662
BRD_20130100358,2024,버거킹(Burger King),외식,패스트푸드,132.0,0.0003,0.06836807496477373,0.0003,0.016334661354581673,건전,0,True,Low,FS1,[업종상대] 계약종료 백분위,-0.38189,[추세] 점포 증가율 변동성,-0.36636,[추세] 면적당매출 평균,-0.22324
BRD_20110500053,2024,이비가짬뽕,외식,중식,132.0,0.0003,0.07561570292176946,0.0003,0.014342629482071713,건전,0,True,Low,FS1,[추세] 점포 증가율 변동성,-0.31998,[업종상대] 계약종료 백분위,-0.25717,[구조] 지역당 평균 점포수,-0.20198
BRD_20110600008,2024,신전떡볶이,외식,분식,671.0,0.0003,0.05686678886918199,0.0003,0.014741035856573706,건전,0,True,Low,FS1,[업종상대] 계약종료 백분위,-0.39514,[추세] 점포 증가율 변동성,-0.35754,[수준] 가맹사업 업력,-0.30194
BRD_20080100739,2024,피자마루,외식,피자,498.0,0.0003,0.058432237566296764,0.0003,0.006772908366533864,건전,0,True,Low,FS1,[업종상대] 계약종료 백분위,-0.43558,[추세] 점포 증가율 변동성,-0.3425,[구조] 지역당 평균 점포수,-0.26316
BRD_20080100673,2024,드림디포,도소매,기타도소매,307.0,0.0003,0.07568965040145435,0.0003,0.006374501992031873,건전,0,True,Low,FS1,[업종상대] 계약종료 백분위,-0.40226,[추세] 점포 증가율 변동성,-0.3217,[수준] 가맹사업 업력,-0.28489
BRD_20080100655,2024,비에이치씨(BHC),외식,치킨,2228.0,0.0003,0.0765041129111405,0.0003,0.00597609561752988,건전,0,True,Low,FS1,[수준] 가맹사업 업력,-0.34909,[구조] 지역당 평균 점포수,-0.3422,[업종상대] 계약종료 백분위,-0.31385
BRD_20150218,2024,푸라닭,외식,치킨,715.0,0.0003,0.05743868579508899,0.0003,0.01752988047808765,건전,0,True,Low,FS1,[업종상대] 계약종료 백분위,-0.36539,[추세] 점포 증가율 변동성,-0.34442,[구조] 지역당 평균 점포수,-0.33855
BRD_20080500015,2024,배스킨라빈스,외식,아이스크림/빙수,1706.0,0.0003,0.056772302794690824,0.0003,0.009561752988047808,건전,0,True,Low,FS1,[업종상대] 계약종료 백분위,-0.37284,[수준] 가맹사업 업력,-0.34073,[추세] 점포 증가율 변동성,-0.33007
BRD_20120600009,2024,피자스쿨,외식,피자,324.0,0.0003,0.06220899193824161,0.0003,0.015537848605577689,건전,0,True,Low,FS1,[업종상대] 계약종료 백분위,-0.42912,[추세] 점포 증가율 변동성,-0.35344,[구조] 지역당 평균 점포수,-0.28811
BRD_20080500035,2024,페리카나,외식,치킨,995.0,0.0003,0.06120720839876245,0.0003,0.011155378486055778,건전,0,True,Low,FS1,[업종상대] 계약종료 백분위,-0.40572,[수준] 가맹사업 업력,-0.37938,[추세] 점포 증가율 변동성,-0.31676
BRD_20080500016,2024,던킨/던킨도너츠,외식,제과제빵,616.0,0.0003,0.05257355141837953,0.0003,0.0099601593625498,건전,0,True,Low,FS1,[수준] 가맹사업 업력,-0.34922,[구조] 지역당 평균 점포수,-0.33514,[추세] 점포 증가율 변동성,-0.28784
BRD_20080500022,2024,정관장,도소매,(건강)식품,751.0,0.0003,0.0751197861011982,0.0003,0.010358565737051793,건전,0,True,Low,FS1,[업종상대] 계약종료 백분위,-0.39908,[추세] 점포 증가율 변동성,-0.38943,[구조] 지역당 평균 점포수,-0.2825
BRD_20080500031,2024,이삭토스트,외식,분식,894.0,0.0003,0.03875025867879878,0.0003,0.010756972111553785,건전,0,True,Low,FS1,[업종상대] 계약종료 백분위,-0.43234,[구조] 지역당 평균 점포수,-0.33637,[수준] 가맹사업 업력,-0.33098
BRD_20080100639,2024,오피스디포(Office DEPOT),도소매,기타도소매,124.0,0.0003,0.06406475341561443,0.0003,0.005577689243027889,건전,0,True,Low,FS1,[업종상대] 계약종료 백분위,-0.38005,[수준] 가맹사업 업력,-0.27633,[추세] 점포 증가율 변동성,-0.27602
BRD_20130100283,2024,불닭발땡초동대문엽기떡볶이,외식,기타 외식,650.0,0.0003,0.04568166662878273,0.0003,0.01593625498007968,건전,0,True,Low,FS1,[업종상대] 계약종료 백분위,-0.36602,[구조] 지역당 평균 점포수,-0.32318,[추세] 점포 증가율 변동성,-0.32226
BRD_20090300004,2024,7번가피자,외식,피자,191.0,0.0003,0.049684258408632546,0.0003,0.013545816733067729,건전,0,True,Low,FS1,[업종상대] 계약종료 백분위,-0.41283,[수준] 가맹사업 업력,-0.34386,[추세] 점포 증가율 변동성,-0.30592
BRD_20090100504,2024,아비꼬,외식,기타 외식,97.0,0.0003,0.04387014632477526,0.0003,0.013147410358565738,건전,0,True,Low,FS1,[추세] 점포 증가율 변동성,-0.33342,[업종상대] 계약종료 백분위,-0.23275,[구조] 지역당 평균 점포수,-0.21637
BRD_20090100478,2024,한촌설렁탕,외식,한식,141.0,0.0003,0.052865736019877645,0.0003,0.012350597609561753,건전,0,True,Low,FS1,[업종상대] 계약종료 백분위,-0.37822,[추세] 점포 증가율 변동성,-0.30459,[구조] 지역당 평균 점포수,-0.30289
BRD_20090100502,2024,빽다방,외식,커피,1712.0,0.0003,0.03145920937969209,0.0003,0.012749003984063745,건전,0,True,Low,FS1,[업종상대] 계약종료 백분위,-0.36251,[구조] 지역당 평균 점포수,-0.35761,[추세] 면적당매출 평균,-0.22732
BRD_20210705,2024,우지커피(OOZYCOFFEE),외식,커피,199.0,0.0003,0.07498812717492184,0.0003,0.02111553784860558,건전,0,True,Low,FS1,[구조] 지역당 평균 점포수,-0.37637,[업종상대] 계약종료 백분위,-0.36134,[업종상대] 실질 매출 증가율 백분위,-0.15483
BRD_20190199,2024,자연정가 양평해장국,외식,한식,74.0,0.0003,0.07553144572441839,0.0003,0.020318725099601594,건전,0,True,Low,FS1,[수준] 가맹사업 업력,-0.28217,[업종상대] 계약종료 백분위,-0.24168,[구조] 지역당 평균 점포수,-0.22477
BRD_20100100453,2024,토마토김밥,외식,분식,103.0,0.0003,0.07254380334349027,0.0003,0.013944223107569721,건전,0,True,Low,FS1,[업종상대] 계약종료 백분위,-0.33384,[구조] 지역당 평균 점포수,-0.30079,[추세] 점포 증가율 변동성,-0.26479
BRD_20080200030,2024,굽네치킨,외식,치킨,1154.0,0.0003,0.02950703884410844,0.0003,0.007171314741035857,건전,0,True,Low,FS1,[업종상대] 계약종료 백분위,-0.39832,[구조] 지역당 평균 점포수,-0.35288,[추세] 점포 증가율 변동성,-0.31214
BRD_20080100430,2024,미소야,외식,일식,180.0,0.0003,0.04780029586850176,0.0003,0.0051792828685258965,건전,0,True,Low,FS1,[업종상대] 계약종료 백분위,-0.41776,[추세] 점포 증가율 변동성,-0.31848,[구조] 지역당 평균 점포수,-0.31258
BRD_20151039,2024,60계,외식,치킨,665.0,0.0003,0.04837046032608429,0.0003,0.018326693227091632,건전,0,True,Low,FS1,[업종상대] 계약종료 백분위,-0.41864,[추세] 점포 증가율 변동성,-0.33707,[구조] 지역당 평균 점포수,-0.33425
BRD_20150828,2024,샐러디,외식,기타 외식,333.0,0.0003,0.03725488160936196,0.0003,0.017928286852589643,건전,0,True,Low,FS1,[업종상대] 계약종료 백분위,-0.37168,[구조] 지역당 평균 점포수,-0.35809,[추세] 점포 증가율 변동성,-0.31916
BRD_20161219,2024,역전할머니맥주1982,외식,주점,963.0,0.0003,0.058316326635155076,0.0003,0.0199203187250996,건전,0,True,Low,FS1,[업종상대] 계약종료 백분위,-0.34373,[구조] 지역당 평균 점포수,-0.31896,[추세] 점포 증가율 변동성,-0.31207
BRD_20140475,2024,자담치킨,외식,치킨,708.0,0.0003,0.04409734174548926,0.0003,0.016733067729083666,건전,0,True,Low,FS1,[업종상대] 계약종료 백분위,-0.391,[추세] 점포 증가율 변동성,-0.34666,[구조] 지역당 평균 점포수,-0.32103
BRD_20080100210,2024,홍콩반점0410,외식,중식,293.0,0.0003,0.0420920101088271,0.0003,0.00398406374501992,건전,0,True,Low,FS1,[업종상대] 계약종료 백분위,-0.38744,[추세] 점포 증가율 변동성,-0.31602,[구조] 지역당 평균 점포수,-0.30062
BRD_20080100039,2024,뚜레쥬르,외식,제과제빵,1307.0,0.0003,0.03391118356397228,0.0003,0.001195219123505976,건전,0,True,Low,FS1,[업종상대] 계약종료 백분위,-0.40799,[추세] 점포 증가율 변동성,-0.35788,[구조] 지역당 평균 점포수,-0.33685
BRD_20080100076,2024,파파존스피자,외식,피자,250.0,0.0003,0.03037592909015021,0.0003,0.0015936254980079682,건전,0,True,Low,FS1,[업종상대] 계약종료 백분위,-0.39083,[구조] 지역당 평균 점포수,-0.32563,[수준] 가맹사업 업력,-0.29773
