brand_id,brand_name,year,n_findings,n_risk,n_high,categories,headline,headline_detail,top_codes,pd_component,rule_component,watch_raw,watch_score
BRD_20220035,제비파스타&리조또,2024,8,6,2,계약·성장·구조,중도 해지가 많습니다,계약 기간을 채우지 못하고 중도 해지한 가맹점이 31개(40.8%)입니다. 만기 종료와 달리 중도 해지는 점주가 손실을 감수하고 나가는 것이라 수익성 악화 신호로 봅니다.,CANCEL_HIGH|STORE_DECLINE|CHURN_EXCEEDS_OPEN,100.0,21.44,121.44,97.6
BRD_20190835,에그셀런트,2024,10,9,4,계약·매출·성장·구조,계약을 끝내는 가맹점이 많습니다,"2024년에 계약이 끝난 가맹점이 13개로, 연초 점포의 38.2%입니다. 패스트푸드 업종 상위 16%에 해당합니다. 업종 중간값은 11.8%입니다.",CONTRACT_END_HIGH|SALES_DECLINE_STREAK|STORE_DECLINE,99.93,28.16,128.09,100.0
BRD_20211154,죽도령,2024,9,7,2,계약·성장·매출·구조,계약을 끝내는 가맹점이 많습니다,"2024년에 계약이 끝난 가맹점이 35개로, 연초 점포의 41.2%입니다. 한식 업종 상위 15%에 해당합니다. 업종 중간값은 4.6%입니다.",CONTRACT_END_HIGH|STORE_DECLINE|CHURN_EXCEEDS_OPEN,99.86,24.47,124.327,99.1
BRD_20211998,연돈튀김덮밥,2024,9,7,2,계약·성장·구조,계약을 끝내는 가맹점이 많습니다,"2024년에 계약이 끝난 가맹점이 18개로, 연초 점포의 36.7%입니다. 분식 업종 상위 14%에 해당합니다. 업종 중간값은 5.3%입니다.",CONTRACT_END_HIGH|STORE_DECLINE|CHURN_EXCEEDS_OPEN,99.79,21.78,121.569,97.7
BRD_20180037,피슈 마라홍탕,2024,7,6,1,성장·계약·구조,가맹점이 줄었습니다,2024년 가맹점이 42개에서 28개로 14개(-33.3%) 줄었습니다. 같은 중식 업종의 중간값은 +0.0%입니다.,STORE_DECLINE|CANCEL_HIGH|CHURN_EXCEEDS_OPEN,99.72,21.14,120.865,97.2
BRD_20211652,윤반장,2024,10,8,2,계약·성장·구조·매출,계약을 끝내는 가맹점이 많습니다,"2024년에 계약이 끝난 가맹점이 40개로, 연초 점포의 61.5%입니다. 한식 업종 상위 7%에 해당합니다. 업종 중간값은 4.6%입니다.",CONTRACT_END_HIGH|STORE_DECLINE|CHURN_EXCEEDS_OPEN,99.65,25.07,124.724,99.2
BRD_20220332,고래맥주창고,2024,7,6,2,계약·성장·매출·구조,계약을 끝내는 가맹점이 많습니다,"2024년에 계약이 끝난 가맹점이 30개로, 연초 점포의 28.8%입니다. 주점 업종 상위 24%에 해당합니다. 업종 중간값은 10.0%입니다.",CONTRACT_END_HIGH|STORE_DECLINE|CHURN_EXCEEDS_OPEN,99.58,24.63,124.215,99.0
BRD_20211147,국밥대장,2024,8,7,3,계약·매출·성장·구조,계약을 끝내는 가맹점이 많습니다,"2024년에 계약이 끝난 가맹점이 14개로, 연초 점포의 42.4%입니다. 한식 업종 상위 15%에 해당합니다. 업종 중간값은 4.6%입니다.",CONTRACT_END_HIGH|SALES_DECLINE|STORE_DECLINE,99.51,26.45,125.965,99.8
BRD_20211100,유캔두잇,2024,10,8,3,계약·성장·구조·매출,중도 해지가 많습니다,계약 기간을 채우지 못하고 중도 해지한 가맹점이 10개(12.2%)입니다. 만기 종료와 달리 중도 해지는 점주가 손실을 감수하고 나가는 것이라 수익성 악화 신호로 봅니다.,CANCEL_HIGH|CONTRACT_END_HIGH|STORE_DECLINE,99.45,26.36,125.806,99.7
BRD_20213039,풍덕천 두꺼비집,2024,7,6,1,계약·구조·성장,계약을 끝내는 가맹점이 많습니다,"2024년에 계약이 끝난 가맹점이 10개로, 연초 점포의 32.3%입니다. 주점 업종 상위 22%에 해당합니다. 업종 중간값은 10.0%입니다.",CONTRACT_END_HIGH|CHURN_EXCEEDS_OPEN|REGION_SHRINK,99.38,21.73,121.105,97.4
BRD_20210926,시카고부대찌개,2024,10,8,1,계약·구조·매출·성장,계약을 끝내는 가맹점이 많습니다,"2024년에 계약이 끝난 가맹점이 23개로, 연초 점포의 54.8%입니다. 한식 업종 상위 9%에 해당합니다. 업종 중간값은 4.6%입니다.",CONTRACT_END_HIGH|CHURN_EXCEEDS_OPEN|REGION_SHRINK,99.31,23.49,122.799,98.5
BRD_20211561,파스타집이야,2024,11,9,3,계약·성장·구조,중도 해지가 많습니다,계약 기간을 채우지 못하고 중도 해지한 가맹점이 8개(19.0%)입니다. 만기 종료와 달리 중도 해지는 점주가 손실을 감수하고 나가는 것이라 수익성 악화 신호로 봅니다.,CANCEL_HIGH|CONTRACT_END_HIGH|STORE_DECLINE,99.24,25.16,124.397,99.2
BRD_20230572,오늘은전골,2024,6,4,1,계약·매출·구조,계약을 끝내는 가맹점이 많습니다,"2024년에 계약이 끝난 가맹점이 9개로, 연초 점포의 26.5%입니다. 한식 업종 상위 25%에 해당합니다. 업종 중간값은 4.6%입니다.",CONTRACT_END_HIGH|SALES_LOW_RANK|NAME_CHANGE_HIGH,99.17,15.17,114.333,90.9
BRD_20211096,해장쿡,2024,10,8,3,계약·성장·구조·매출,계약을 끝내는 가맹점이 많습니다,"2024년에 계약이 끝난 가맹점이 19개로, 연초 점포의 67.9%입니다. 한식 업종 상위 6%에 해당합니다. 업종 중간값은 4.6%입니다.",CONTRACT_END_HIGH|STORE_DECLINE|STORE_DECLINE_STREAK,99.1,26.03,125.127,99.4
BRD_20201332,79파운야드(79 FOUNYARD),2024,9,8,3,계약·매출·성장·구조,계약을 끝내는 가맹점이 많습니다,"2024년에 계약이 끝난 가맹점이 17개로, 연초 점포의 56.7%입니다. 제과제빵 업종 상위 5%에 해당합니다. 업종 중간값은 1.8%입니다.",CONTRACT_END_HIGH|SALES_DECLINE_STREAK|STORE_DECLINE,99.03,27.59,126.618,99.9
BRD_20201327,무모한 초밥,2024,7,5,2,계약·성장·구조,계약을 끝내는 가맹점이 많습니다,"2024년에 계약이 끝난 가맹점이 41개로, 연초 점포의 35.0%입니다. 일식 업종 상위 15%에 해당합니다. 업종 중간값은 0.0%입니다.",CONTRACT_END_HIGH|STORE_DECLINE|CHURN_EXCEEDS_OPEN,98.96,21.09,120.052,96.1
BRD_20200249,신나게쌈빠찹쌀강정,2024,7,6,3,계약·성장·구조,계약을 끝내는 가맹점이 많습니다,"2024년에 계약이 끝난 가맹점이 8개로, 연초 점포의 28.6%입니다. 기타 외식 업종 상위 22%에 해당합니다. 업종 중간값은 9.5%입니다.",CONTRACT_END_HIGH|STORE_DECLINE|STORE_DECLINE_STREAK,98.89,24.01,122.905,98.6
BRD_20212868,수북국밥,2024,9,7,3,계약·성장·구조,중도 해지가 많습니다,계약 기간을 채우지 못하고 중도 해지한 가맹점이 8개(27.6%)입니다. 만기 종료와 달리 중도 해지는 점주가 손실을 감수하고 나가는 것이라 수익성 악화 신호로 봅니다.,CANCEL_HIGH|CONTRACT_END_HIGH|STORE_DECLINE,98.82,23.3,122.118,98.0
BRD_20201504,청년찌개,2024,10,9,2,계약·성장·구조·매출,중도 해지가 많습니다,계약 기간을 채우지 못하고 중도 해지한 가맹점이 28개(49.1%)입니다. 만기 종료와 달리 중도 해지는 점주가 손실을 감수하고 나가는 것이라 수익성 악화 신호로 봅니다.,CANCEL_HIGH|STORE_DECLINE|CHURN_EXCEEDS_OPEN,98.75,26.91,125.662,99.6
BRD_20221446,파스타 흔,2024,9,7,2,계약·성장·구조·매출,계약을 끝내는 가맹점이 많습니다,"2024년에 계약이 끝난 가맹점이 21개로, 연초 점포의 52.5%입니다. 서양식 업종 상위 11%에 해당합니다. 업종 중간값은 5.9%입니다.",CONTRACT_END_HIGH|STORE_DECLINE|CHURN_EXCEEDS_OPEN,98.68,24.85,123.537,98.9
BRD_20220917,제주고세호해장국,2024,4,3,1,계약·구조,계약을 끝내는 가맹점이 많습니다,"2024년에 계약이 끝난 가맹점이 15개로, 연초 점포의 40.5%입니다. 한식 업종 상위 16%에 해당합니다. 업종 중간값은 4.6%입니다.",CONTRACT_END_HIGH|NAME_CHANGE_HIGH|SMALL_SCALE,98.61,13.63,112.24,89.3
BRD_20230038,두번먹는명인김치찜,2024,4,2,0,계약·구조,점주 교체가 잦습니다,"명의변경이 4건(15.4%)입니다. 점포는 유지되지만 운영자가 바뀌는 것으로, 폐점 직전 단계에서 자주 나타납니다.",NAME_CHANGE_HIGH|YOUNG_BRAND,98.54,0.0,98.544,77.6
BRD_20213402,바른국밥,2024,9,7,2,계약·성장·구조·매출,계약을 끝내는 가맹점이 많습니다,"2024년에 계약이 끝난 가맹점이 12개로, 연초 점포의 38.7%입니다. 한식 업종 상위 16%에 해당합니다. 업종 중간값은 4.6%입니다.",CONTRACT_END_HIGH|STORE_DECLINE|CHURN_EXCEEDS_OPEN,98.47,24.85,123.329,98.8
BRD_20200425,정온달집,2024,8,7,3,계약·매출·성장·구조,계약을 끝내는 가맹점이 많습니다,"2024년에 계약이 끝난 가맹점이 11개로, 연초 점포의 50.0%입니다. 한식 업종 상위 10%에 해당합니다. 업종 중간값은 4.6%입니다.",CONTRACT_END_HIGH|SALES_DECLINE_STREAK|STORE_DECLINE,98.4,26.75,125.155,99.4
BRD_20210017,일월육일,2024,10,9,3,계약·매출·성장·구조,계약을 끝내는 가맹점이 많습니다,"2024년에 계약이 끝난 가맹점이 14개로, 연초 점포의 33.3%입니다. 주점 업종 상위 18%에 해당합니다. 업종 중간값은 10.0%입니다.",CONTRACT_END_HIGH|SALES_DECLINE_STREAK|STORE_DECLINE,98.34,27.48,125.814,99.7
BRD_20220732,98도씨 국밥,2024,9,7,2,계약·성장·매출·구조,계약을 끝내는 가맹점이 많습니다,"2024년에 계약이 끝난 가맹점이 36개로, 연초 점포의 52.9%입니다. 기타 외식 업종 상위 7%에 해당합니다. 업종 중간값은 9.5%입니다.",CONTRACT_END_HIGH|STORE_DECLINE|CHURN_EXCEEDS_OPEN,98.27,23.98,122.245,98.2
BRD_20220780,커피다스1리터,2024,8,7,3,계약·성장·매출·구조,계약을 끝내는 가맹점이 많습니다,"2024년에 계약이 끝난 가맹점이 5개로, 연초 점포의 33.3%입니다. 커피 업종 상위 12%에 해당합니다. 업종 중간값은 0.0%입니다.",CONTRACT_END_HIGH|STORE_DECLINE|STORE_DECLINE_STREAK,98.2,25.85,124.049,99.0
BRD_20214774,킹치찌개찜,2024,6,4,0,계약·매출·구조,중도 해지가 많습니다,계약 기간을 채우지 못하고 중도 해지한 가맹점이 7개(11.1%)입니다. 만기 종료와 달리 중도 해지는 점주가 손실을 감수하고 나가는 것이라 수익성 악화 신호로 봅니다.,CANCEL_HIGH|CONTRACT_END_HIGH|SALES_LOW_RANK,98.13,11.48,109.612,87.3
BRD_20220252,바다수퍼 해물천하조개구이·찜,2024,9,8,3,계약·매출·성장·구조,계약을 끝내는 가맹점이 많습니다,"2024년에 계약이 끝난 가맹점이 17개로, 연초 점포의 34.7%입니다. 한식 업종 상위 18%에 해당합니다. 업종 중간값은 4.6%입니다.",CONTRACT_END_HIGH|SALES_DECLINE|STORE_DECLINE,98.06,26.89,124.949,99.3
BRD_20181268,치킨의민족,2024,11,10,4,계약·매출·성장·구조,계약을 끝내는 가맹점이 많습니다,"2024년에 계약이 끝난 가맹점이 5개로, 연초 점포의 35.7%입니다. 치킨 업종 상위 14%에 해당합니다. 업종 중간값은 6.7%입니다.",CONTRACT_END_HIGH|SALES_DECLINE_STREAK|STORE_DECLINE,97.99,28.39,126.383,99.9
BRD_20150706,김양비어,2024,7,5,2,성장·계약·매출·구조,가맹점이 줄었습니다,2024년 가맹점이 8개에서 5개로 3개(-37.5%) 줄었습니다. 같은 주점 업종의 중간값은 +0.0%입니다.,STORE_DECLINE|STORE_DECLINE_STREAK|CHURN_EXCEEDS_OPEN,97.92,21.09,119.011,95.2
BRD_20191062,김순덕원조부안집,2024,9,8,2,계약·성장·구조·매출,계약을 끝내는 가맹점이 많습니다,"2024년에 계약이 끝난 가맹점이 54개로, 연초 점포의 53.5%입니다. 한식 업종 상위 10%에 해당합니다. 업종 중간값은 4.6%입니다.",CONTRACT_END_HIGH|STORE_DECLINE|CHURN_EXCEEDS_OPEN,97.85,25.48,123.327,98.7
BRD_20210285,밥풀릭스,2024,9,7,2,계약·성장·평판·구조,계약을 끝내는 가맹점이 많습니다,"2024년에 계약이 끝난 가맹점이 42개로, 연초 점포의 29.4%입니다. 한식 업종 상위 23%에 해당합니다. 업종 중간값은 4.6%입니다.",CONTRACT_END_HIGH|STORE_DECLINE|CANCEL_HIGH,97.78,22.37,120.154,96.3
BRD_20212206,배통,2024,6,3,1,계약·구조,계약을 끝내는 가맹점이 많습니다,"2024년에 계약이 끝난 가맹점이 16개로, 연초 점포의 57.1%입니다. 치킨 업종 상위 6%에 해당합니다. 업종 중간값은 6.7%입니다.",CONTRACT_END_HIGH|SMALL_SCALE|YOUNG_BRAND,97.71,6.59,104.302,82.4
BRD_20214635,NAN갈비장터,2024,6,5,1,계약·성장·구조,계약을 끝내는 가맹점이 많습니다,"2024년에 계약이 끝난 가맹점이 19개로, 연초 점포의 38.8%입니다. 치킨 업종 상위 12%에 해당합니다. 업종 중간값은 6.7%입니다.",CONTRACT_END_HIGH|CHURN_EXCEEDS_OPEN|STORE_DECLINE,97.64,19.23,116.874,93.1
BRD_20212767,제육의 법칙,2024,8,7,2,계약·매출·성장·구조,중도 해지가 많습니다,계약 기간을 채우지 못하고 중도 해지한 가맹점이 38개(45.8%)입니다. 만기 종료와 달리 중도 해지는 점주가 손실을 감수하고 나가는 것이라 수익성 악화 신호로 봅니다.,CANCEL_HIGH|SALES_DECLINE_STREAK|CHURN_EXCEEDS_OPEN,97.57,23.98,121.552,97.6
BRD_20210513,1992덮밥&짜글이,2024,6,4,2,계약·성장·구조,중도 해지가 많습니다,계약 기간을 채우지 못하고 중도 해지한 가맹점이 21개(30.9%)입니다. 만기 종료와 달리 중도 해지는 점주가 손실을 감수하고 나가는 것이라 수익성 악화 신호로 봅니다.,CANCEL_HIGH|STORE_DECLINE|CHURN_EXCEEDS_OPEN,97.5,19.98,117.48,93.8
BRD_20210119,돈기부여,2024,6,4,1,계약·성장·구조,계약을 끝내는 가맹점이 많습니다,"2024년에 계약이 끝난 가맹점이 20개로, 연초 점포의 37.0%입니다. 기타 외식 업종 상위 15%에 해당합니다. 업종 중간값은 9.5%입니다.",CONTRACT_END_HIGH|CHURN_EXCEEDS_OPEN|STORE_DECLINE,97.43,16.18,113.617,90.2
BRD_20200856,입큰아구알곤이찜,2024,9,7,2,계약·성장·구조·매출,계약을 끝내는 가맹점이 많습니다,"2024년에 계약이 끝난 가맹점이 40개로, 연초 점포의 48.2%입니다. 한식 업종 상위 13%에 해당합니다. 업종 중간값은 4.6%입니다.",CONTRACT_END_HIGH|STORE_DECLINE|CHURN_EXCEEDS_OPEN,97.36,25.28,122.642,98.5
BRD_20212815,조타코,2024,8,6,2,계약·성장·매출·구조,중도 해지가 많습니다,계약 기간을 채우지 못하고 중도 해지한 가맹점이 18개(60.0%)입니다. 만기 종료와 달리 중도 해지는 점주가 손실을 감수하고 나가는 것이라 수익성 악화 신호로 봅니다.,CANCEL_HIGH|STORE_DECLINE|CHURN_EXCEEDS_OPEN,97.3,23.18,120.472,96.7
BRD_20230829,수라섬 장칼국수,2024,7,6,2,계약·성장·매출·구조,계약을 끝내는 가맹점이 많습니다,"2024년에 계약이 끝난 가맹점이 31개로, 연초 점포의 83.8%입니다. 한식 업종 상위 4%에 해당합니다. 업종 중간값은 4.6%입니다.",CONTRACT_END_HIGH|STORE_DECLINE|CHURN_EXCEEDS_OPEN,97.23,24.63,121.857,97.9
BRD_20215768,모두의죽,2024,6,5,1,계약·매출·구조,중도 해지가 많습니다,계약 기간을 채우지 못하고 중도 해지한 가맹점이 12개(22.2%)입니다. 만기 종료와 달리 중도 해지는 점주가 손실을 감수하고 나가는 것이라 수익성 악화 신호로 봅니다.,CANCEL_HIGH|CONTRACT_END_HIGH|SALES_DECLINE,97.16,19.23,116.389,92.7
BRD_20190838,원래는 치킨집을 할려고 했었다,2024,7,5,3,계약·성장·구조,중도 해지가 많습니다,계약 기간을 채우지 못하고 중도 해지한 가맹점이 14개(42.4%)입니다. 만기 종료와 달리 중도 해지는 점주가 손실을 감수하고 나가는 것이라 수익성 악화 신호로 봅니다.,CANCEL_HIGH|STORE_DECLINE|STORE_DECLINE_STREAK,97.09,22.1,119.19,95.6
BRD_20210937,진탱 불곱창&불닭발,2024,10,8,2,계약·성장·구조·매출,계약을 끝내는 가맹점이 많습니다,"2024년에 계약이 끝난 가맹점이 16개로, 연초 점포의 48.5%입니다. 한식 업종 상위 13%에 해당합니다. 업종 중간값은 4.6%입니다.",CONTRACT_END_HIGH|STORE_DECLINE|CHURN_EXCEEDS_OPEN,97.02,25.48,122.495,98.4
BRD_20161160,수내닭꼬치,2024,7,5,3,계약·성장·매출,계약을 끝내는 가맹점이 많습니다,"2024년에 계약이 끝난 가맹점이 48개로, 연초 점포의 43.6%입니다. 기타 외식 업종 상위 12%에 해당합니다. 업종 중간값은 9.5%입니다.",CONTRACT_END_HIGH|STORE_DECLINE|STORE_DECLINE_STREAK,96.95,23.76,120.707,97.0
BRD_20161207,커피온리,2024,6,4,2,계약·성장·구조,중도 해지가 많습니다,계약 기간을 채우지 못하고 중도 해지한 가맹점이 22개(62.9%)입니다. 만기 종료와 달리 중도 해지는 점주가 손실을 감수하고 나가는 것이라 수익성 악화 신호로 봅니다.,CANCEL_HIGH|STORE_DECLINE|CHURN_EXCEEDS_OPEN,96.88,19.98,116.856,93.1
BRD_20161308,버거앤프라이즈(Burger&Friez),2024,7,6,3,계약·성장·구조,계약을 끝내는 가맹점이 많습니다,"2024년에 계약이 끝난 가맹점이 16개로, 연초 점포의 31.4%입니다. 기타 외식 업종 상위 19%에 해당합니다. 업종 중간값은 9.5%입니다.",CONTRACT_END_HIGH|STORE_DECLINE|STORE_DECLINE_STREAK,96.81,24.01,120.825,97.1
BRD_20080100031,강정이기가막혀,2024,8,6,2,계약·성장·매출·구조,계약을 끝내는 가맹점이 많습니다,"2024년에 계약이 끝난 가맹점이 6개로, 연초 점포의 60.0%입니다. 치킨 업종 상위 5%에 해당합니다. 업종 중간값은 6.7%입니다.",CONTRACT_END_HIGH|STORE_DECLINE|CHURN_EXCEEDS_OPEN,96.74,23.72,120.462,96.7
BRD_20212274,타코아찌 타코야끼전문점,2024,8,7,3,계약·성장·구조,계약을 끝내는 가맹점이 많습니다,"2024년에 계약이 끝난 가맹점이 32개로, 연초 점포의 42.1%입니다. 일식 업종 상위 11%에 해당합니다. 업종 중간값은 0.0%입니다.",CONTRACT_END_HIGH|STORE_DECLINE|STORE_DECLINE_STREAK,96.67,24.73,121.399,97.5
BRD_20120100570,미스터보쌈5379,2024,8,6,3,계약·성장·구조,계약을 끝내는 가맹점이 많습니다,"2024년에 계약이 끝난 가맹점이 8개로, 연초 점포의 34.8%입니다. 한식 업종 상위 18%에 해당합니다. 업종 중간값은 4.6%입니다.",CONTRACT_END_HIGH|STORE_DECLINE|STORE_DECLINE_STREAK,96.6,24.01,120.617,96.9
BRD_20200553,노상치킨,2024,7,4,1,계약·매출·구조,중도 해지가 많습니다,계약 기간을 채우지 못하고 중도 해지한 가맹점이 12개(30.8%)입니다. 만기 종료와 달리 중도 해지는 점주가 손실을 감수하고 나가는 것이라 수익성 악화 신호로 봅니다.,CANCEL_HIGH|SALES_LOW_RANK|SMALL_SCALE,96.53,11.99,108.525,86.2
BRD_20212547,덮밥집이야,2024,9,7,2,계약·성장·매출·구조,중도 해지가 많습니다,계약 기간을 채우지 못하고 중도 해지한 가맹점이 9개(22.0%)입니다. 만기 종료와 달리 중도 해지는 점주가 손실을 감수하고 나가는 것이라 수익성 악화 신호로 봅니다.,CANCEL_HIGH|STORE_DECLINE|CHURN_EXCEEDS_OPEN,96.46,23.98,120.442,96.5
BRD_20180759,토스트카페마리,2024,12,11,1,성장·계약·구조·매출,가맹점이 줄었습니다,2024년 가맹점이 24개에서 17개로 7개(-29.2%) 줄었습니다. 같은 제과제빵 업종의 중간값은 +0.0%입니다.,STORE_DECLINE|CANCEL_HIGH|CHURN_EXCEEDS_OPEN,96.39,25.88,122.271,98.3
BRD_20190807,고씨네,2024,8,7,2,계약·성장·매출·구조,계약을 끝내는 가맹점이 많습니다,"2024년에 계약이 끝난 가맹점이 19개로, 연초 점포의 28.8%입니다. 일식 업종 상위 21%에 해당합니다. 업종 중간값은 0.0%입니다.",CONTRACT_END_HIGH|STORE_DECLINE|CHURN_EXCEEDS_OPEN,96.32,23.98,120.304,96.4
BRD_20161181,블럭제빵소,2024,9,7,2,계약·성장·구조,중도 해지가 많습니다,계약 기간을 채우지 못하고 중도 해지한 가맹점이 6개(14.3%)입니다. 만기 종료와 달리 중도 해지는 점주가 손실을 감수하고 나가는 것이라 수익성 악화 신호로 봅니다.,CANCEL_HIGH|STORE_DECLINE|CHURN_EXCEEDS_OPEN,96.26,24.01,120.27,96.3
BRD_20211955,삼계탕이요,2024,6,5,2,계약·성장·구조,계약을 끝내는 가맹점이 많습니다,"2024년에 계약이 끝난 가맹점이 42개로, 연초 점포의 79.2%입니다. 한식 업종 상위 4%에 해당합니다. 업종 중간값은 4.6%입니다.",CONTRACT_END_HIGH|STORE_DECLINE|CHURN_EXCEEDS_OPEN,96.19,22.33,118.514,94.9
BRD_20230812,달롱도르요거트아이스크림,2024,4,1,0,구조,가맹사업 업력이 짧습니다,"2023년에 가맹사업을 시작해 업력이 1년입니다. 초기 확장기에는 점포가 빠르게 늘지만, 첫 계약 만기가 돌아오는 시점에 이탈이 몰리는 경우가 많습니다.",YOUNG_BRAND,96.12,-5.92,90.195,70.7
BRD_20180004,조선화로집,2024,11,11,8,계약·재무·매출·성장·구조,계약을 끝내는 가맹점이 많습니다,"2024년에 계약이 끝난 가맹점이 14개로, 연초 점포의 48.3%입니다. 한식 업종 상위 13%에 해당합니다. 업종 중간값은 4.6%입니다.",CONTRACT_END_HIGH|HQ_AUDIT_OPINION|HQ_EQUITY_NEGATIVE,96.05,29.43,125.473,99.5
BRD_20231111,오름순돼국밥,2024,8,7,2,계약·성장·구조·매출,계약을 끝내는 가맹점이 많습니다,"2024년에 계약이 끝난 가맹점이 22개로, 연초 점포의 53.7%입니다. 한식 업종 상위 9%에 해당합니다. 업종 중간값은 4.6%입니다.",CONTRACT_END_HIGH|STORE_DECLINE|CHURN_EXCEEDS_OPEN,95.98,25.98,121.956,97.9
BRD_20220587,라사천마라탕,2024,6,5,1,계약·매출·성장·구조,중도 해지가 많습니다,계약 기간을 채우지 못하고 중도 해지한 가맹점이 21개(35.6%)입니다. 만기 종료와 달리 중도 해지는 점주가 손실을 감수하고 나가는 것이라 수익성 악화 신호로 봅니다.,CANCEL_HIGH|SALES_DECLINE|NAME_CHANGE_HIGH,95.91,19.17,115.082,91.5
BRD_20211973,이라이타코야끼,2024,6,5,2,계약·성장·구조,중도 해지가 많습니다,계약 기간을 채우지 못하고 중도 해지한 가맹점이 20개(31.7%)입니다. 만기 종료와 달리 중도 해지는 점주가 손실을 감수하고 나가는 것이라 수익성 악화 신호로 봅니다.,CANCEL_HIGH|STORE_DECLINE|CHURN_EXCEEDS_OPEN,95.84,22.33,118.167,94.7
BRD_20171051,"오늘,와인한잔",2024,8,7,3,계약·매출·성장·구조,계약을 끝내는 가맹점이 많습니다,"2024년에 계약이 끝난 가맹점이 47개로, 연초 점포의 49.0%입니다. 주점 업종 상위 14%에 해당합니다. 업종 중간값은 10.0%입니다.",CONTRACT_END_HIGH|SALES_DECLINE_STREAK|STORE_DECLINE,95.77,27.69,123.465,98.8
BRD_20211217,당신은지금치킨이땡긴다,2024,11,9,3,계약·성장·구조,중도 해지가 많습니다,계약 기간을 채우지 못하고 중도 해지한 가맹점이 16개(28.6%)입니다. 만기 종료와 달리 중도 해지는 점주가 손실을 감수하고 나가는 것이라 수익성 악화 신호로 봅니다.,CANCEL_HIGH|CONTRACT_END_HIGH|STORE_DECLINE,95.7,25.16,120.86,97.2
BRD_20221283,이게볶음밥,2024,8,6,2,계약·성장·구조,계약을 끝내는 가맹점이 많습니다,"2024년에 계약이 끝난 가맹점이 13개로, 연초 점포의 29.5%입니다. 한식 업종 상위 22%에 해당합니다. 업종 중간값은 4.6%입니다.",CONTRACT_END_HIGH|STORE_DECLINE|CHURN_EXCEEDS_OPEN,95.63,20.73,116.363,92.6
BRD_20170305,꽃찬찜닭,2024,6,5,2,성장·계약·구조,가맹점이 줄었습니다,2024년 가맹점이 8개에서 4개로 4개(-50.0%) 줄었습니다. 같은 기타 외식 업종의 중간값은 +0.0%입니다.,STORE_DECLINE|STORE_DECLINE_STREAK|CHURN_EXCEEDS_OPEN,95.56,22.37,117.935,94.5
BRD_20171544,분식이더치킨,2024,8,7,3,계약·성장·구조·매출,중도 해지가 많습니다,계약 기간을 채우지 못하고 중도 해지한 가맹점이 7개(36.8%)입니다. 만기 종료와 달리 중도 해지는 점주가 손실을 감수하고 나가는 것이라 수익성 악화 신호로 봅니다.,CANCEL_HIGH|STORE_DECLINE|STORE_DECLINE_STREAK,95.49,26.77,122.263,98.3
BRD_20211329,옐로우스푼,2024,9,7,3,계약·성장·매출·구조,중도 해지가 많습니다,계약 기간을 채우지 못하고 중도 해지한 가맹점이 11개(55.0%)입니다. 만기 종료와 달리 중도 해지는 점주가 손실을 감수하고 나가는 것이라 수익성 악화 신호로 봅니다.,CANCEL_HIGH|STORE_DECLINE|STORE_DECLINE_STREAK,95.42,24.7,120.119,96.2
BRD_20231291,맛찜랭킹,2024,5,3,1,매출·구조,가맹점 평균매출이 떨어졌습니다,점포당 연매출이 8.2억원에서 4.1억원으로 -50.2% 줄었습니다. 같은 업종 중간값은 -3.5%입니다. 매출이 줄면 점주의 대출 상환 여력이 먼저 나빠집니다.,SALES_DECLINE|SMALL_SCALE|YOUNG_BRAND,95.35,10.27,105.622,83.8
BRD_20210365,꾸꾸삼겹,2024,9,8,2,계약·성장·구조·매출,계약을 끝내는 가맹점이 많습니다,"2024년에 계약이 끝난 가맹점이 27개로, 연초 점포의 55.1%입니다. 한식 업종 상위 9%에 해당합니다. 업종 중간값은 4.6%입니다.",CONTRACT_END_HIGH|STORE_DECLINE|CHURN_EXCEEDS_OPEN,95.28,26.47,121.757,97.8
BRD_20211569,피자웨이브,2024,9,8,3,계약·성장·구조,계약을 끝내는 가맹점이 많습니다,"2024년에 계약이 끝난 가맹점이 12개로, 연초 점포의 38.7%입니다. 피자 업종 상위 11%에 해당합니다. 업종 중간값은 6.9%입니다.",CONTRACT_END_HIGH|STORE_DECLINE|STORE_DECLINE_STREAK,95.21,26.05,121.268,97.4
BRD_20211123,스참,2024,8,7,2,계약·성장·구조,중도 해지가 많습니다,계약 기간을 채우지 못하고 중도 해지한 가맹점이 6개(31.6%)입니다. 만기 종료와 달리 중도 해지는 점주가 손실을 감수하고 나가는 것이라 수익성 악화 신호로 봅니다.,CANCEL_HIGH|STORE_DECLINE|CHURN_EXCEEDS_OPEN,95.15,24.89,120.032,96.0
BRD_20200417,한끼삼계탕,2024,8,7,3,계약·성장·구조,중도 해지가 많습니다,계약 기간을 채우지 못하고 중도 해지한 가맹점이 8개(42.1%)입니다. 만기 종료와 달리 중도 해지는 점주가 손실을 감수하고 나가는 것이라 수익성 악화 신호로 봅니다.,CANCEL_HIGH|STORE_DECLINE|STORE_DECLINE_STREAK,95.08,25.5,120.581,96.8
BRD_20210990,통통회,2024,11,9,2,계약·성장·구조·매출,중도 해지가 많습니다,계약 기간을 채우지 못하고 중도 해지한 가맹점이 7개(29.2%)입니다. 만기 종료와 달리 중도 해지는 점주가 손실을 감수하고 나가는 것이라 수익성 악화 신호로 봅니다.,CANCEL_HIGH|STORE_DECLINE|CHURN_EXCEEDS_OPEN,95.01,26.03,121.035,97.3
BRD_20211074,태리로제떡볶이&닭강정,2024,10,9,2,성장·계약·매출·구조,가맹점이 줄었습니다,2024년 가맹점이 108개에서 84개로 24개(-22.2%) 줄었습니다. 같은 분식 업종의 중간값은 +0.0%입니다.,STORE_DECLINE|STORE_DECLINE_STREAK|CANCEL_HIGH,94.94,24.95,119.886,95.9
BRD_20220521,대한마라,2024,7,6,1,성장·계약·구조,가맹점이 줄었습니다,2024년 가맹점이 8개에서 0개로 8개(-100.0%) 줄었습니다. 같은 중식 업종의 중간값은 +0.0%입니다.,STORE_DECLINE|CHURN_EXCEEDS_OPEN|NEW_OPEN_STALL,94.87,20.41,115.283,91.6
BRD_20180240,스푼필라프,2024,8,7,4,계약·매출·성장·구조,계약을 끝내는 가맹점이 많습니다,"2024년에 계약이 끝난 가맹점이 8개로, 연초 점포의 53.3%입니다. 서양식 업종 상위 10%에 해당합니다. 업종 중간값은 5.9%입니다.",CONTRACT_END_HIGH|SALES_DECLINE|STORE_DECLINE,94.8,27.4,122.196,98.1
BRD_20170468,쌀똑핫도그,2024,7,5,2,계약·성장·매출·구조,중도 해지가 많습니다,계약 기간을 채우지 못하고 중도 해지한 가맹점이 11개(45.8%)입니다. 만기 종료와 달리 중도 해지는 점주가 손실을 감수하고 나가는 것이라 수익성 악화 신호로 봅니다.,CANCEL_HIGH|STORE_DECLINE|CHURN_EXCEEDS_OPEN,94.73,22.89,117.619,94.1
BRD_20212154,부뚜막김치찜,2024,7,6,3,계약·성장·매출·구조,중도 해지가 많습니다,계약 기간을 채우지 못하고 중도 해지한 가맹점이 12개(15.8%)입니다. 만기 종료와 달리 중도 해지는 점주가 손실을 감수하고 나가는 것이라 수익성 악화 신호로 봅니다.,CANCEL_HIGH|CONTRACT_END_HIGH|STORE_DECLINE,94.66,25.67,120.328,96.5
BRD_20140974,미술관,2024,6,5,3,계약·성장·구조,중도 해지가 많습니다,계약 기간을 채우지 못하고 중도 해지한 가맹점이 4개(28.6%)입니다. 만기 종료와 달리 중도 해지는 점주가 손실을 감수하고 나가는 것이라 수익성 악화 신호로 봅니다.,CANCEL_HIGH|STORE_DECLINE|STORE_DECLINE_STREAK,94.59,23.76,118.35,94.8
BRD_20200997,피자플래넷,2024,10,9,3,계약·매출·성장·구조,계약을 끝내는 가맹점이 많습니다,"2024년에 계약이 끝난 가맹점이 22개로, 연초 점포의 59.5%입니다. 서양식 업종 상위 8%에 해당합니다. 업종 중간값은 5.9%입니다.",CONTRACT_END_HIGH|SALES_DECLINE_STREAK|STORE_DECLINE,94.52,27.69,122.216,98.1
BRD_20230146,국밥은이거지,2024,4,2,1,계약·구조,계약을 끝내는 가맹점이 많습니다,"2024년에 계약이 끝난 가맹점이 31개로, 연초 점포의 73.8%입니다. 한식 업종 상위 5%에 해당합니다. 업종 중간값은 4.6%입니다.",CONTRACT_END_HIGH|YOUNG_BRAND,94.45,9.65,104.098,82.2
BRD_20230132,배무치숯불두마리치킨,2024,5,3,1,계약·매출·구조,중도 해지가 많습니다,계약 기간을 채우지 못하고 중도 해지한 가맹점이 6개(28.6%)입니다. 만기 종료와 달리 중도 해지는 점주가 손실을 감수하고 나가는 것이라 수익성 악화 신호로 봅니다.,CANCEL_HIGH|SALES_LOW_RANK|YOUNG_BRAND,94.38,14.64,109.021,86.8
BRD_20201348,"떡볶이 참 잘하는 집, 떡참",2024,9,8,3,계약·재무·성장·구조,계약을 끝내는 가맹점이 많습니다,"2024년에 계약이 끝난 가맹점이 40개로, 연초 점포의 33.6%입니다. 분식 업종 상위 16%에 해당합니다. 업종 중간값은 5.3%입니다.",CONTRACT_END_HIGH|HQ_AUDIT_OPINION|STORE_DECLINE,94.31,26.34,120.651,96.9
BRD_20181139,SSOJA(쏘자),2024,6,5,2,계약·성장·매출·구조,계약을 끝내는 가맹점이 많습니다,"2024년에 계약이 끝난 가맹점이 21개로, 연초 점포의 45.7%입니다. 패스트푸드 업종 상위 14%에 해당합니다. 업종 중간값은 11.8%입니다.",CONTRACT_END_HIGH|STORE_DECLINE|CHURN_EXCEEDS_OPEN,94.24,24.4,118.643,95.0
BRD_20160217,어머나생고기,2024,3,2,1,성장·구조,가맹점이 줄었습니다,2024년 가맹점이 1개에서 0개로 1개(-100.0%) 줄었습니다. 같은 한식 업종의 중간값은 +0.0%입니다.,STORE_DECLINE|SMALL_SCALE,94.17,13.07,107.24,85.4
BRD_20210019,볶찜,2024,10,8,2,계약·성장·매출·구조,계약을 끝내는 가맹점이 많습니다,"2024년에 계약이 끝난 가맹점이 41개로, 연초 점포의 61.2%입니다. 한식 업종 상위 7%에 해당합니다. 업종 중간값은 4.6%입니다.",CONTRACT_END_HIGH|STORE_DECLINE|CHURN_EXCEEDS_OPEN,94.11,24.7,118.801,95.1
BRD_20080100666,석봉토스트,2024,6,5,3,계약·성장·구조,계약을 끝내는 가맹점이 많습니다,"2024년에 계약이 끝난 가맹점이 12개로, 연초 점포의 25.0%입니다. 패스트푸드 업종 상위 25%에 해당합니다. 업종 중간값은 11.8%입니다.",CONTRACT_END_HIGH|STORE_DECLINE|STORE_DECLINE_STREAK,94.04,23.76,117.795,94.3
BRD_20171018,직화삼겹살직구삼,2024,7,6,3,계약·성장·구조,중도 해지가 많습니다,계약 기간을 채우지 못하고 중도 해지한 가맹점이 24개(72.7%)입니다. 만기 종료와 달리 중도 해지는 점주가 손실을 감수하고 나가는 것이라 수익성 악화 신호로 봅니다.,CANCEL_HIGH|STORE_DECLINE|STORE_DECLINE_STREAK,93.97,25.31,119.273,95.6
BRD_20220789,우이락,2024,7,5,2,계약·매출·구조,계약을 끝내는 가맹점이 많습니다,"2024년에 계약이 끝난 가맹점이 8개로, 연초 점포의 25.8%입니다. 한식 업종 상위 25%에 해당합니다. 업종 중간값은 4.6%입니다.",CONTRACT_END_HIGH|SALES_DECLINE|SALES_PER_AREA_DECLINE,93.9,19.58,113.479,89.9
BRD_20190092,샐러데이즈(Salad Days),2024,8,7,2,계약·성장·매출·구조,중도 해지가 많습니다,계약 기간을 채우지 못하고 중도 해지한 가맹점이 10개(27.8%)입니다. 만기 종료와 달리 중도 해지는 점주가 손실을 감수하고 나가는 것이라 수익성 악화 신호로 봅니다.,CANCEL_HIGH|STORE_DECLINE|CHURN_EXCEEDS_OPEN,93.83,25.28,119.105,95.3
BRD_20211504,과일에반하다.프루타,2024,7,6,2,계약·성장·구조,계약을 끝내는 가맹점이 많습니다,"2024년에 계약이 끝난 가맹점이 22개로, 연초 점포의 34.9%입니다. 음료 (커피 외) 업종 상위 21%에 해당합니다. 업종 중간값은 8.5%입니다.",CONTRACT_END_HIGH|STORE_DECLINE|CHURN_EXCEEDS_OPEN,93.76,22.64,116.394,92.8
BRD_20210428,덮밥.ZIP,2024,10,8,2,계약·성장·구조·매출,계약을 끝내는 가맹점이 많습니다,"2024년에 계약이 끝난 가맹점이 33개로, 연초 점포의 67.3%입니다. 한식 업종 상위 6%에 해당합니다. 업종 중간값은 4.6%입니다.",CONTRACT_END_HIGH|STORE_DECLINE|CHURN_EXCEEDS_OPEN,93.69,25.48,119.166,95.4
BRD_20211764,국물에빠진두루치기,2024,4,3,2,계약·성장,계약을 끝내는 가맹점이 많습니다,"2024년에 계약이 끝난 가맹점이 50개로, 연초 점포의 37.6%입니다. 한식 업종 상위 17%에 해당합니다. 업종 중간값은 4.6%입니다.",CONTRACT_END_HIGH|STORE_DECLINE|CHURN_EXCEEDS_OPEN,93.62,21.04,114.661,91.2
BRD_20200110,일계양득,2024,8,7,2,성장·매출·구조,가맹점이 줄었습니다,2024년 가맹점이 2개에서 1개로 1개(-50.0%) 줄었습니다. 같은 기타 외식 업종의 중간값은 +0.0%입니다.,STORE_DECLINE|STORE_DECLINE_STREAK|SALES_DECLINE,93.55,21.82,115.375,91.7
BRD_20190063,One&Two깻잎두마리치킨,2024,7,5,3,계약·성장·구조,중도 해지가 많습니다,계약 기간을 채우지 못하고 중도 해지한 가맹점이 6개(35.3%)입니다. 만기 종료와 달리 중도 해지는 점주가 손실을 감수하고 나가는 것이라 수익성 악화 신호로 봅니다.,CANCEL_HIGH|STORE_DECLINE|STORE_DECLINE_STREAK,93.48,22.1,115.584,92.0
BRD_20161178,리틀하노이(LittleHANOI),2024,8,6,2,계약·성장·구조,중도 해지가 많습니다,계약 기간을 채우지 못하고 중도 해지한 가맹점이 4개(12.9%)입니다. 만기 종료와 달리 중도 해지는 점주가 손실을 감수하고 나가는 것이라 수익성 악화 신호로 봅니다.,CANCEL_HIGH|STORE_DECLINE|CHURN_EXCEEDS_OPEN,93.41,22.1,115.514,91.7
BRD_20200326,666 BURGER,2024,9,8,2,계약·성장·구조,중도 해지가 많습니다,계약 기간을 채우지 못하고 중도 해지한 가맹점이 11개(28.9%)입니다. 만기 종료와 달리 중도 해지는 점주가 손실을 감수하고 나가는 것이라 수익성 악화 신호로 봅니다.,CANCEL_HIGH|STORE_DECLINE|CHURN_EXCEEDS_OPEN,93.34,24.73,118.071,94.5
BRD_20212607,샐러디아,2024,6,4,1,계약·성장·구조,계약을 끝내는 가맹점이 많습니다,"2024년에 계약이 끝난 가맹점이 24개로, 연초 점포의 32.0%입니다. 한식 업종 상위 21%에 해당합니다. 업종 중간값은 4.6%입니다.",CONTRACT_END_HIGH|CHURN_EXCEEDS_OPEN|STORE_DECLINE,93.27,13.15,106.419,84.4
BRD_20230542,미친피자,2024,6,3,0,계약·구조,점주 교체가 잦습니다,"명의변경이 4건(16.0%)입니다. 점포는 유지되지만 운영자가 바뀌는 것으로, 폐점 직전 단계에서 자주 나타납니다.",NAME_CHANGE_HIGH|SMALL_SCALE|YOUNG_BRAND,93.2,-3.29,89.917,70.5
BRD_20212321,대박삼겹김치찜&초대박등갈비김치찜,2024,7,6,3,계약·성장·평판·구조,중도 해지가 많습니다,계약 기간을 채우지 못하고 중도 해지한 가맹점이 51개(20.6%)입니다. 만기 종료와 달리 중도 해지는 점주가 손실을 감수하고 나가는 것이라 수익성 악화 신호로 봅니다.,CANCEL_HIGH|CONTRACT_END_HIGH|STORE_DECLINE,93.13,24.47,117.601,94.0
BRD_20211406,육회왕자연어공주,2024,6,5,1,계약·매출·성장·구조,계약을 끝내는 가맹점이 많습니다,"2024년에 계약이 끝난 가맹점이 26개로, 연초 점포의 30.2%입니다. 한식 업종 상위 22%에 해당합니다. 업종 중간값은 4.6%입니다.",CONTRACT_END_HIGH|CHURN_EXCEEDS_OPEN|SALES_DECLINE,93.07,17.55,110.615,88.0
BRD_20181212,이동규인왔따쪽갈비,2024,7,6,3,계약·매출·성장,계약을 끝내는 가맹점이 많습니다,"2024년에 계약이 끝난 가맹점이 36개로, 연초 점포의 40.9%입니다. 한식 업종 상위 16%에 해당합니다. 업종 중간값은 4.6%입니다.",CONTRACT_END_HIGH|SALES_DECLINE_STREAK|STORE_DECLINE,93.0,26.31,119.311,95.7
BRD_20215837,돈까스튀기는형,2024,7,6,2,계약·성장·구조,계약을 끝내는 가맹점이 많습니다,"2024년에 계약이 끝난 가맹점이 20개로, 연초 점포의 58.8%입니다. 일식 업종 상위 6%에 해당합니다. 업종 중간값은 0.0%입니다.",CONTRACT_END_HIGH|STORE_DECLINE|CHURN_EXCEEDS_OPEN,92.93,22.64,115.562,91.9
BRD_20191330,광명대창집,2024,8,7,2,계약·성장·매출·구조,계약을 끝내는 가맹점이 많습니다,"2024년에 계약이 끝난 가맹점이 18개로, 연초 점포의 36.0%입니다. 기타 외식 업종 상위 15%에 해당합니다. 업종 중간값은 9.5%입니다.",CONTRACT_END_HIGH|STORE_DECLINE|CHURN_EXCEEDS_OPEN,92.86,25.28,118.135,94.6
BRD_20191447,베스트생갈비찜&찜닭,2024,8,7,2,계약·성장·구조,중도 해지가 많습니다,계약 기간을 채우지 못하고 중도 해지한 가맹점이 29개(53.7%)입니다. 만기 종료와 달리 중도 해지는 점주가 손실을 감수하고 나가는 것이라 수익성 악화 신호로 봅니다.,CANCEL_HIGH|STORE_DECLINE|CHURN_EXCEEDS_OPEN,92.79,24.89,117.674,94.2
BRD_20160097,램플러스,2024,6,4,2,계약·성장·구조,계약을 끝내는 가맹점이 많습니다,"2024년에 계약이 끝난 가맹점이 3개로, 연초 점포의 30.0%입니다. 기타 외국식 업종 상위 17%에 해당합니다. 업종 중간값은 0.0%입니다.",CONTRACT_END_HIGH|STORE_DECLINE|CHURN_EXCEEDS_OPEN,92.72,19.98,112.695,89.5
BRD_20221216,카레세끼 매운숙성카레,2024,7,5,2,계약·성장·매출·구조,계약을 끝내는 가맹점이 많습니다,"2024년에 계약이 끝난 가맹점이 15개로, 연초 점포의 28.3%입니다. 일식 업종 상위 22%에 해당합니다. 업종 중간값은 0.0%입니다.",CONTRACT_END_HIGH|STORE_DECLINE|SALES_LOW_RANK,92.65,22.28,114.933,91.3
BRD_20201620,포슈아,2024,8,7,2,계약·성장·매출·구조,계약을 끝내는 가맹점이 많습니다,"2024년에 계약이 끝난 가맹점이 16개로, 연초 점포의 35.6%입니다. 기타 외국식 업종 상위 13%에 해당합니다. 업종 중간값은 0.0%입니다.",CONTRACT_END_HIGH|STORE_DECLINE|CHURN_EXCEEDS_OPEN,92.58,24.85,117.435,93.7
BRD_20211286,점프(JUMP),2024,9,8,3,계약·매출·성장·구조,중도 해지가 많습니다,계약 기간을 채우지 못하고 중도 해지한 가맹점이 13개(41.9%)입니다. 만기 종료와 달리 중도 해지는 점주가 손실을 감수하고 나가는 것이라 수익성 악화 신호로 봅니다.,CANCEL_HIGH|SALES_DECLINE_STREAK|STORE_DECLINE,92.51,27.36,119.874,95.8
NAME:국밥상회냉면@외식,국밥상회&냉면,2024,9,7,3,계약·구조·성장·매출,계약을 끝내는 가맹점이 많습니다,"2024년에 계약이 끝난 가맹점이 33개로, 연초 점포의 82.5%입니다. 한식 업종 상위 4%에 해당합니다. 업종 중간값은 4.6%입니다.",CONTRACT_END_HIGH|REGISTRATION_CANCELLED|STORE_DECLINE,92.44,26.45,118.892,95.1
BRD_20201212,푸드모바일,2024,12,11,3,계약·매출·성장·구조,계약을 끝내는 가맹점이 많습니다,"2024년에 계약이 끝난 가맹점이 16개로, 연초 점포의 34.8%입니다. 한식 업종 상위 18%에 해당합니다. 업종 중간값은 4.6%입니다.",CONTRACT_END_HIGH|SALES_DECLINE_STREAK|STORE_DECLINE,92.37,28.07,120.446,96.6
BRD_20230118,찐하오 마라탕,2024,6,4,0,계약·매출·구조,계약을 끝내는 가맹점이 많습니다,"2024년에 계약이 끝난 가맹점이 6개로, 연초 점포의 12.0%입니다. 중식 업종 상위 42%에 해당합니다. 업종 중간값은 7.2%입니다.",CONTRACT_END_HIGH|SALES_DECLINE|SALES_PER_AREA_DECLINE,92.3,10.27,102.571,81.4
BRD_20213713,앗뜨죽,2024,3,2,1,계약·구조,계약을 끝내는 가맹점이 많습니다,"2024년에 계약이 끝난 가맹점이 16개로, 연초 점포의 29.1%입니다. 한식 업종 상위 23%에 해당합니다. 업종 중간값은 4.6%입니다.",CONTRACT_END_HIGH|YOUNG_BRAND,92.23,13.07,105.298,83.3
BRD_20191167,이백장 돈가스,2024,10,9,4,계약·매출·성장,계약을 끝내는 가맹점이 많습니다,"2024년에 계약이 끝난 가맹점이 40개로, 연초 점포의 29.6%입니다. 분식 업종 상위 18%에 해당합니다. 업종 중간값은 5.3%입니다.",CONTRACT_END_HIGH|SALES_DECLINE_STREAK|STORE_DECLINE,92.16,27.84,120.002,96.0
BRD_20213018,인생김치찌개,2024,9,7,2,계약·성장·구조·매출,계약을 끝내는 가맹점이 많습니다,"2024년에 계약이 끝난 가맹점이 105개로, 연초 점포의 84.7%입니다. 한식 업종 상위 4%에 해당합니다. 업종 중간값은 4.6%입니다.",CONTRACT_END_HIGH|STORE_DECLINE|CHURN_EXCEEDS_OPEN,92.09,24.85,116.949,93.3
BRD_20212385,계계속속,2024,5,4,1,계약·성장·구조,계약을 끝내는 가맹점이 많습니다,"2024년에 계약이 끝난 가맹점이 30개로, 연초 점포의 48.4%입니다. 한식 업종 상위 13%에 해당합니다. 업종 중간값은 4.6%입니다.",CONTRACT_END_HIGH|CHURN_EXCEEDS_OPEN|STORE_DECLINE,92.02,18.81,110.839,88.1
BRD_20200878,구삼짜글이,2024,8,7,3,계약·성장·구조,중도 해지가 많습니다,계약 기간을 채우지 못하고 중도 해지한 가맹점이 13개(23.6%)입니다. 만기 종료와 달리 중도 해지는 점주가 손실을 감수하고 나가는 것이라 수익성 악화 신호로 봅니다.,CANCEL_HIGH|CONTRACT_END_HIGH|STORE_DECLINE,91.96,24.73,116.684,92.9
BRD_20190308,타이거슈가(TIGER SUGAR),2024,5,4,2,성장·계약·구조,가맹점이 줄었습니다,2024년 가맹점이 6개에서 3개로 3개(-50.0%) 줄었습니다. 같은 음료 (커피 외) 업종의 중간값은 +0.0%입니다.,STORE_DECLINE|STORE_DECLINE_STREAK|CHURN_EXCEEDS_OPEN,91.89,20.03,111.919,89.1
BRD_20220096,경아식당,2024,9,8,3,계약·매출·성장·구조,중도 해지가 많습니다,계약 기간을 채우지 못하고 중도 해지한 가맹점이 13개(37.1%)입니다. 만기 종료와 달리 중도 해지는 점주가 손실을 감수하고 나가는 것이라 수익성 악화 신호로 봅니다.,CANCEL_HIGH|SALES_DECLINE_STREAK|STORE_DECLINE,91.82,27.36,119.181,95.4
BRD_20220436,타코이찌 타코야끼 전문점,2024,9,7,2,계약·성장·매출·구조,계약을 끝내는 가맹점이 많습니다,"2024년에 계약이 끝난 가맹점이 40개로, 연초 점포의 49.4%입니다. 일식 업종 상위 10%에 해당합니다. 업종 중간값은 0.0%입니다.",CONTRACT_END_HIGH|STORE_DECLINE|CHURN_EXCEEDS_OPEN,91.75,23.98,115.727,92.1
BRD_20180308,서래왕차돌,2024,7,6,3,계약·성장·구조,계약을 끝내는 가맹점이 많습니다,"2024년에 계약이 끝난 가맹점이 5개로, 연초 점포의 33.3%입니다. 한식 업종 상위 19%에 해당합니다. 업종 중간값은 4.6%입니다.",CONTRACT_END_HIGH|STORE_DECLINE|STORE_DECLINE_STREAK,91.68,25.31,116.985,93.4
BRD_20180229,캠토토스트,2024,5,4,1,성장·계약,3년 연속 감소,가맹점 수가 2021년 124개에서 2024년 73개까지 3년 내리 줄었습니다(누적 -41.1%). 한 해 부진이 아니라 추세로 굳어진 상태입니다.,STORE_DECLINE_STREAK|CHURN_EXCEEDS_OPEN|CONTRACT_END_HIGH,91.61,18.87,110.483,87.8
BRD_20140398,슈퍼커피,2024,7,6,3,계약·성장·매출·구조,중도 해지가 많습니다,계약 기간을 채우지 못하고 중도 해지한 가맹점이 4개(28.6%)입니다. 만기 종료와 달리 중도 해지는 점주가 손실을 감수하고 나가는 것이라 수익성 악화 신호로 봅니다.,CANCEL_HIGH|STORE_DECLINE|STORE_DECLINE_STREAK,91.54,25.67,117.207,93.5
BRD_20210819,마몽로제떡볶이,2024,9,8,3,계약·성장·구조,계약을 끝내는 가맹점이 많습니다,"2024년에 계약이 끝난 가맹점이 12개로, 연초 점포의 25.0%입니다. 분식 업종 상위 21%에 해당합니다. 업종 중간값은 5.3%입니다.",CONTRACT_END_HIGH|STORE_DECLINE|STORE_DECLINE_STREAK,91.47,26.05,117.523,93.9
BRD_20221034,토리키치,2024,4,2,0,구조,직영점을 줄이고 있습니다,직영점 비중이 50.0%에서 8.1%로 낮아졌습니다(8개 → 5개). 본부가 직접 운영하던 점포를 정리하는 것은 현금이 급할 때 나타나는 움직임입니다.,DIRECT_RATIO_DROP|YOUNG_BRAND,91.4,-1.3,90.102,70.6
NAME:인정국물떡볶이@외식,인정국물떡볶이,2024,8,6,3,계약·성장·매출·구조,계약을 끝내는 가맹점이 많습니다,"2024년에 계약이 끝난 가맹점이 7개로, 연초 점포의 46.7%입니다. 기타 외식 업종 상위 11%에 해당합니다. 업종 중간값은 9.5%입니다.",CONTRACT_END_HIGH|STORE_DECLINE|STORE_DECLINE_STREAK,91.33,24.47,115.797,92.3
BRD_20221027,정우의 도시락,2024,6,5,2,계약·성장·구조,계약을 끝내는 가맹점이 많습니다,"2024년에 계약이 끝난 가맹점이 24개로, 연초 점포의 72.7%입니다. 기타 외식 업종 상위 5%에 해당합니다. 업종 중간값은 9.5%입니다.",CONTRACT_END_HIGH|STORE_DECLINE|CHURN_EXCEEDS_OPEN,91.26,22.33,113.59,90.2
BRD_20140262,신불떡볶이,2024,6,5,3,계약·성장·구조,중도 해지가 많습니다,계약 기간을 채우지 못하고 중도 해지한 가맹점이 12개(27.9%)입니다. 만기 종료와 달리 중도 해지는 점주가 손실을 감수하고 나가는 것이라 수익성 악화 신호로 봅니다.,CANCEL_HIGH|STORE_DECLINE|STORE_DECLINE_STREAK,91.19,23.76,114.952,91.4
BRD_20120100526,공수간,2024,9,8,4,계약·재무·성장·구조·매출,계약을 끝내는 가맹점이 많습니다,"2024년에 계약이 끝난 가맹점이 16개로, 연초 점포의 64.0%입니다. 분식 업종 상위 3%에 해당합니다. 업종 중간값은 5.3%입니다.",CONTRACT_END_HIGH|HQ_CAPITAL_IMPAIRED|STORE_DECLINE,91.12,28.06,119.186,95.5
BRD_20190883,닭갈비클라쓰,2024,9,7,3,계약·성장·구조,중도 해지가 많습니다,계약 기간을 채우지 못하고 중도 해지한 가맹점이 5개(50.0%)입니다. 만기 종료와 달리 중도 해지는 점주가 손실을 감수하고 나가는 것이라 수익성 악화 신호로 봅니다.,CANCEL_HIGH|STORE_DECLINE|STORE_DECLINE_STREAK,91.05,24.73,115.782,92.2
BRD_20190950,일백집 서울포장마차,2024,6,5,3,계약·성장·구조,계약을 끝내는 가맹점이 많습니다,"2024년에 계약이 끝난 가맹점이 7개로, 연초 점포의 63.6%입니다. 주점 업종 상위 7%에 해당합니다. 업종 중간값은 10.0%입니다.",CONTRACT_END_HIGH|STORE_DECLINE|STORE_DECLINE_STREAK,90.98,23.76,114.744,91.3
BRD_20170579,우주라이크(WOULDULIKE),2024,9,8,3,매출·성장·계약,매출이 6년 연속 하락,"점포당 매출이 2018년 1.3억원에서 2024년 6,524만원까지 6년 내리 줄었습니다(누적 -48.7%).",SALES_DECLINE_STREAK|STORE_DECLINE|STORE_DECLINE_STREAK,90.92,26.38,117.299,93.6
BRD_20212743,카츠루와,2024,9,8,2,계약·성장·구조,계약을 끝내는 가맹점이 많습니다,"2024년에 계약이 끝난 가맹점이 26개로, 연초 점포의 44.1%입니다. 일식 업종 상위 10%에 해당합니다. 업종 중간값은 0.0%입니다.",CONTRACT_END_HIGH|STORE_DECLINE|CHURN_EXCEEDS_OPEN,90.85,25.5,116.35,92.6
BRD_20180889,엘에이치씨피자탑(LHC PIZZA TOP),2024,8,7,3,계약·매출·성장·구조,중도 해지가 많습니다,계약 기간을 채우지 못하고 중도 해지한 가맹점이 10개(28.6%)입니다. 만기 종료와 달리 중도 해지는 점주가 손실을 감수하고 나가는 것이라 수익성 악화 신호로 봅니다.,CANCEL_HIGH|SALES_DECLINE_STREAK|STORE_DECLINE,90.78,26.75,117.527,94.0
BRD_20210758,보글지글,2024,6,5,2,성장·계약·구조,가맹점이 줄었습니다,2024년 가맹점이 8개에서 0개로 8개(-100.0%) 줄었습니다. 같은 기타 외식 업종의 중간값은 +0.0%입니다.,STORE_DECLINE|STORE_DECLINE_STREAK|CHURN_EXCEEDS_OPEN,90.71,20.41,111.122,88.5
BRD_20200743,탕수육주는육군짬뽕,2024,9,8,2,계약·성장·구조,계약을 끝내는 가맹점이 많습니다,"2024년에 계약이 끝난 가맹점이 13개로, 연초 점포의 37.1%입니다. 중식 업종 상위 14%에 해당합니다. 업종 중간값은 7.2%입니다.",CONTRACT_END_HIGH|STORE_DECLINE|CHURN_EXCEEDS_OPEN,90.64,25.1,115.738,92.2
BRD_20200598,사랑관,2024,10,9,3,계약·매출·성장·구조,계약을 끝내는 가맹점이 많습니다,"2024년에 계약이 끝난 가맹점이 13개로, 연초 점포의 59.1%입니다. 주점 업종 상위 8%에 해당합니다. 업종 중간값은 10.0%입니다.",CONTRACT_END_HIGH|SALES_DECLINE_STREAK|STORE_DECLINE,90.57,27.69,118.263,94.7
BRD_20211363,퍼스트커피,2024,8,7,3,계약·재무·성장·구조,계약을 끝내는 가맹점이 많습니다,"2024년에 계약이 끝난 가맹점이 12개로, 연초 점포의 30.0%입니다. 커피 업종 상위 13%에 해당합니다. 업종 중간값은 0.0%입니다.",CONTRACT_END_HIGH|HQ_OPERATING_LOSS|STORE_DECLINE,90.5,25.83,116.325,92.5
BRD_20201043,꼬치의품격,2024,10,9,3,계약·매출·성장·구조,중도 해지가 많습니다,계약 기간을 채우지 못하고 중도 해지한 가맹점이 30개(38.5%)입니다. 만기 종료와 달리 중도 해지는 점주가 손실을 감수하고 나가는 것이라 수익성 악화 신호로 봅니다.,CANCEL_HIGH|SALES_DECLINE_STREAK|STORE_DECLINE,90.43,27.28,117.708,94.2
BRD_20214596,물회&회덮밥9900원,2024,9,8,3,계약·매출·성장·구조,중도 해지가 많습니다,계약 기간을 채우지 못하고 중도 해지한 가맹점이 16개(16.7%)입니다. 만기 종료와 달리 중도 해지는 점주가 손실을 감수하고 나가는 것이라 수익성 악화 신호로 봅니다.,CANCEL_HIGH|SALES_DECLINE_STREAK|STORE_DECLINE,90.36,27.15,117.515,93.8
BRD_20180162,사계진미 숯불닭갈비,2024,9,8,2,계약·성장·구조·매출,계약을 끝내는 가맹점이 많습니다,"2024년에 계약이 끝난 가맹점이 9개로, 연초 점포의 32.1%입니다. 한식 업종 상위 21%에 해당합니다. 업종 중간값은 4.6%입니다.",CONTRACT_END_HIGH|STORE_DECLINE|CHURN_EXCEEDS_OPEN,90.29,26.47,116.764,93.0
BRD_20211645,맘마찬,2024,7,5,1,계약·성장·구조,중도 해지가 많습니다,계약 기간을 채우지 못하고 중도 해지한 가맹점이 9개(21.4%)입니다. 만기 종료와 달리 중도 해지는 점주가 손실을 감수하고 나가는 것이라 수익성 악화 신호로 봅니다.,CANCEL_HIGH|CHURN_EXCEEDS_OPEN|STORE_DECLINE,90.22,16.67,106.894,84.9
BRD_20171421,연안식당,2024,11,11,7,계약·재무·매출·성장·구조,계약을 끝내는 가맹점이 많습니다,"2024년에 계약이 끝난 가맹점이 19개로, 연초 점포의 57.6%입니다. 한식 업종 상위 8%에 해당합니다. 업종 중간값은 4.6%입니다.",CONTRACT_END_HIGH|HQ_CAPITAL_IMPAIRED|HQ_HIGH_LEVERAGE,90.15,29.34,119.493,95.8
BRD_20191432,마선생마약국밥,2024,6,4,1,계약·성장,계약을 끝내는 가맹점이 많습니다,"2024년에 계약이 끝난 가맹점이 23개로, 연초 점포의 31.5%입니다. 한식 업종 상위 21%에 해당합니다. 업종 중간값은 4.6%입니다.",CONTRACT_END_HIGH|CHURN_EXCEEDS_OPEN|NAME_CHANGE_HIGH,90.08,12.08,102.159,81.2
BRD_20181091,요녀석,2024,8,7,4,계약·매출·성장·구조,계약을 끝내는 가맹점이 많습니다,"2024년에 계약이 끝난 가맹점이 25개로, 연초 점포의 37.9%입니다. 서양식 업종 상위 17%에 해당합니다. 업종 중간값은 5.9%입니다.",CONTRACT_END_HIGH|SALES_DECLINE_STREAK|STORE_DECLINE,90.01,27.4,117.411,93.6
BRD_20210593,크로앙쥬,2024,13,12,3,계약·매출·성장·구조,중도 해지가 많습니다,계약 기간을 채우지 못하고 중도 해지한 가맹점이 10개(26.3%)입니다. 만기 종료와 달리 중도 해지는 점주가 손실을 감수하고 나가는 것이라 수익성 악화 신호로 봅니다.,CANCEL_HIGH|SALES_DECLINE_STREAK|STORE_DECLINE,89.94,28.47,118.41,94.9
BRD_20201240,오늘은카레,2024,10,8,3,계약·성장·구조·매출,중도 해지가 많습니다,계약 기간을 채우지 못하고 중도 해지한 가맹점이 13개(39.4%)입니다. 만기 종료와 달리 중도 해지는 점주가 손실을 감수하고 나가는 것이라 수익성 악화 신호로 봅니다.,CANCEL_HIGH|STORE_DECLINE|STORE_DECLINE_STREAK,89.88,26.03,115.903,92.4
BRD_20211783,국밥생각,2024,6,4,1,계약·매출·구조,계약을 끝내는 가맹점이 많습니다,"2024년에 계약이 끝난 가맹점이 6개로, 연초 점포의 27.3%입니다. 한식 업종 상위 24%에 해당합니다. 업종 중간값은 4.6%입니다.",CONTRACT_END_HIGH|SALES_DECLINE|SALES_PER_AREA_DECLINE,89.81,15.17,104.971,82.9
BRD_20171503,샌드리아,2024,10,9,4,계약·매출·성장·구조,중도 해지가 많습니다,계약 기간을 채우지 못하고 중도 해지한 가맹점이 15개(34.9%)입니다. 만기 종료와 달리 중도 해지는 점주가 손실을 감수하고 나가는 것이라 수익성 악화 신호로 봅니다.,CANCEL_HIGH|SALES_DECLINE_STREAK|STORE_DECLINE,89.74,28.16,117.896,94.4
NAME:생고기제작소@외식,생고기제작소,2024,7,6,4,계약·매출·성장·구조,계약을 끝내는 가맹점이 많습니다,"2024년에 계약이 끝난 가맹점이 13개로, 연초 점포의 68.4%입니다. 한식 업종 상위 6%에 해당합니다. 업종 중간값은 4.6%입니다.",CONTRACT_END_HIGH|SALES_DECLINE|STORE_DECLINE,89.67,27.03,116.692,92.9
BRD_20201644,에그벅,2024,9,7,2,계약·성장·매출·구조,계약을 끝내는 가맹점이 많습니다,"2024년에 계약이 끝난 가맹점이 9개로, 연초 점포의 40.9%입니다. 기타 외식 업종 상위 13%에 해당합니다. 업종 중간값은 9.5%입니다.",CONTRACT_END_HIGH|STORE_DECLINE|CHURN_EXCEEDS_OPEN,89.6,23.98,113.577,90.1
BRD_20150064,김진철동래통닭,2024,7,5,3,계약·성장·구조,계약을 끝내는 가맹점이 많습니다,"2024년에 계약이 끝난 가맹점이 3개로, 연초 점포의 30.0%입니다. 치킨 업종 상위 19%에 해당합니다. 업종 중간값은 6.7%입니다.",CONTRACT_END_HIGH|STORE_DECLINE|STORE_DECLINE_STREAK,89.53,22.1,111.631,88.8
BRD_20180011,통불,2024,9,8,2,계약·성장·구조,계약을 끝내는 가맹점이 많습니다,"2024년에 계약이 끝난 가맹점이 10개로, 연초 점포의 33.3%입니다. 기타 외식 업종 상위 16%에 해당합니다. 업종 중간값은 9.5%입니다.",CONTRACT_END_HIGH|STORE_DECLINE|CHURN_EXCEEDS_OPEN,89.46,25.5,114.963,91.5
BRD_20220322,한식밥상,2024,9,8,3,계약·매출·성장·구조,중도 해지가 많습니다,계약 기간을 채우지 못하고 중도 해지한 가맹점이 37개(56.1%)입니다. 만기 종료와 달리 중도 해지는 점주가 손실을 감수하고 나가는 것이라 수익성 악화 신호로 봅니다.,CANCEL_HIGH|SALES_DECLINE_STREAK|STORE_DECLINE,89.39,27.59,116.979,93.3
BRD_20190156,gre P&T,2024,7,6,3,계약·성장·구조,계약을 끝내는 가맹점이 많습니다,"2024년에 계약이 끝난 가맹점이 6개로, 연초 점포의 35.3%입니다. 분식 업종 상위 15%에 해당합니다. 업종 중간값은 5.3%입니다.",CONTRACT_END_HIGH|STORE_DECLINE|STORE_DECLINE_STREAK,89.32,25.31,114.627,91.1
BRD_20212528,후토루,2024,5,3,0,매출·구조,업종 안에서 매출이 낮습니다,점포당 매출 1.1억원은 일식 업종 하위 7% 수준입니다 (업종 중간값 3.3억원).,SALES_LOW_RANK|SMALL_SCALE|YOUNG_BRAND,89.25,4.66,93.913,73.7
BRD_20211608,카페미뇽,2024,9,7,3,계약·성장·구조,계약을 끝내는 가맹점이 많습니다,"2024년에 계약이 끝난 가맹점이 10개로, 연초 점포의 40.0%입니다. 제과제빵 업종 상위 13%에 해당합니다. 업종 중간값은 1.8%입니다.",CONTRACT_END_HIGH|STORE_DECLINE|STORE_DECLINE_STREAK,89.18,22.72,111.903,89.0
BRD_20211133,효자동설렁탕,2024,8,6,2,계약·성장·구조,계약을 끝내는 가맹점이 많습니다,"2024년에 계약이 끝난 가맹점이 20개로, 연초 점포의 50.0%입니다. 한식 업종 상위 10%에 해당합니다. 업종 중간값은 4.6%입니다.",CONTRACT_END_HIGH|STORE_DECLINE|CHURN_EXCEEDS_OPEN,89.11,22.64,111.748,88.8
BRD_20210454,청담곱떡,2024,9,8,2,계약·성장·구조·매출,계약을 끝내는 가맹점이 많습니다,"2024년에 계약이 끝난 가맹점이 28개로, 연초 점포의 35.0%입니다. 기타 외식 업종 상위 15%에 해당합니다. 업종 중간값은 9.5%입니다.",CONTRACT_END_HIGH|STORE_DECLINE|CANCEL_HIGH,89.04,26.47,115.516,91.8
BRD_20171201,치킨과 바람피자,2024,9,7,3,계약·성장·구조,계약을 끝내는 가맹점이 많습니다,"2024년에 계약이 끝난 가맹점이 8개로, 연초 점포의 32.0%입니다. 치킨 업종 상위 18%에 해당합니다. 업종 중간값은 6.7%입니다.",CONTRACT_END_HIGH|STORE_DECLINE|STORE_DECLINE_STREAK,88.97,23.3,112.271,89.3
BRD_20181303,투가이즈(TWO GUYS),2024,8,6,2,계약·성장·구조,중도 해지가 많습니다,계약 기간을 채우지 못하고 중도 해지한 가맹점이 9개(26.5%)입니다. 만기 종료와 달리 중도 해지는 점주가 손실을 감수하고 나가는 것이라 수익성 악화 신호로 봅니다.,CANCEL_HIGH|STORE_DECLINE|CHURN_EXCEEDS_OPEN,88.9,23.22,112.122,89.2
BRD_20200700,죽~이요,2024,5,4,2,계약·성장·구조,계약을 끝내는 가맹점이 많습니다,"2024년에 계약이 끝난 가맹점이 88개로, 연초 점포의 59.5%입니다. 한식 업종 상위 8%에 해당합니다. 업종 중간값은 4.6%입니다.",CONTRACT_END_HIGH|STORE_DECLINE|CHURN_EXCEEDS_OPEN,88.83,22.01,110.846,88.2
BRD_20150477,철인7호,2024,7,6,3,계약·성장·구조,계약을 끝내는 가맹점이 많습니다,"2024년에 계약이 끝난 가맹점이 19개로, 연초 점포의 38.0%입니다. 치킨 업종 상위 13%에 해당합니다. 업종 중간값은 6.7%입니다.",CONTRACT_END_HIGH|STORE_DECLINE|STORE_DECLINE_STREAK,88.77,24.01,112.781,89.6
BRD_20200516,연남물갈비,2024,10,9,2,계약·성장·구조·매출,계약을 끝내는 가맹점이 많습니다,"2024년에 계약이 끝난 가맹점이 18개로, 연초 점포의 35.3%입니다. 한식 업종 상위 18%에 해당합니다. 업종 중간값은 4.6%입니다.",CONTRACT_END_HIGH|STORE_DECLINE|CHURN_EXCEEDS_OPEN,88.7,26.91,115.606,92.0
BRD_20221056,담아내다,2024,7,6,2,계약·성장·구조·매출,계약을 끝내는 가맹점이 많습니다,"2024년에 계약이 끝난 가맹점이 50개로, 연초 점포의 48.1%입니다. 한식 업종 상위 14%에 해당합니다. 업종 중간값은 4.6%입니다.",CONTRACT_END_HIGH|STORE_DECLINE|CHURN_EXCEEDS_OPEN,88.63,25.8,114.427,91.0
BRD_20201407,권사부 순대국,2024,10,9,3,계약·매출·성장·구조,중도 해지가 많습니다,계약 기간을 채우지 못하고 중도 해지한 가맹점이 22개(68.8%)입니다. 만기 종료와 달리 중도 해지는 점주가 손실을 감수하고 나가는 것이라 수익성 악화 신호로 봅니다.,CANCEL_HIGH|SALES_DECLINE_STREAK|STORE_DECLINE,88.56,27.69,116.252,92.4
BRD_20210552,육만사,2024,6,4,2,계약·매출·구조,계약을 끝내는 가맹점이 많습니다,"2024년에 계약이 끝난 가맹점이 26개로, 연초 점포의 34.2%입니다. 한식 업종 상위 18%에 해당합니다. 업종 중간값은 4.6%입니다.",CONTRACT_END_HIGH|SALES_DECLINE_STREAK|SALES_LOW_RANK,88.49,19.98,108.465,86.1
BRD_20210532,범맥주,2024,12,11,4,계약·매출·성장·구조,중도 해지가 많습니다,계약 기간을 채우지 못하고 중도 해지한 가맹점이 7개(12.1%)입니다. 만기 종료와 달리 중도 해지는 점주가 손실을 감수하고 나가는 것이라 수익성 악화 신호로 봅니다.,CANCEL_HIGH|CONTRACT_END_HIGH|SALES_DECLINE_STREAK,88.42,28.47,116.884,93.2
BRD_20201202,오태식해바라기치킨,2024,7,6,3,계약·성장·구조,계약을 끝내는 가맹점이 많습니다,"2024년에 계약이 끝난 가맹점이 15개로, 연초 점포의 25.9%입니다. 치킨 업종 상위 23%에 해당합니다. 업종 중간값은 6.7%입니다.",CONTRACT_END_HIGH|STORE_DECLINE|STORE_DECLINE_STREAK,88.35,25.31,113.656,90.3
BRD_20213522,국밥도감,2024,6,5,2,계약·성장·구조,계약을 끝내는 가맹점이 많습니다,"2024년에 계약이 끝난 가맹점이 24개로, 연초 점포의 57.1%입니다. 한식 업종 상위 8%에 해당합니다. 업종 중간값은 4.6%입니다.",CONTRACT_END_HIGH|STORE_DECLINE|CHURN_EXCEEDS_OPEN,88.28,22.33,110.608,87.9
BRD_20220427,월미당,2024,5,3,1,계약·구조,계약을 끝내는 가맹점이 많습니다,"2024년에 계약이 끝난 가맹점이 10개로, 연초 점포의 25.6%입니다. 기타 외국식 업종 상위 21%에 해당합니다. 업종 중간값은 0.0%입니다.",CONTRACT_END_HIGH|SMALL_SCALE|YOUNG_BRAND,88.21,10.27,98.479,77.5
BRD_20110100578,군산오징어&군오부대찌개,2024,8,6,3,계약·성장·구조,계약을 끝내는 가맹점이 많습니다,"2024년에 계약이 끝난 가맹점이 4개로, 연초 점포의 30.8%입니다. 한식 업종 상위 22%에 해당합니다. 업종 중간값은 4.6%입니다.",CONTRACT_END_HIGH|STORE_DECLINE|STORE_DECLINE_STREAK,88.14,23.01,111.156,88.6
BRD_20220467,내가닭도리탕이다,2024,6,5,0,계약·매출·구조,계약을 끝내는 가맹점이 많습니다,"2024년에 계약이 끝난 가맹점이 11개로, 연초 점포의 14.1%입니다. 한식 업종 상위 39%에 해당합니다. 업종 중간값은 4.6%입니다.",CONTRACT_END_HIGH|SALES_DECLINE|SALES_LOW_RANK,88.07,15.24,103.311,81.8
BRD_20180986,김형제고기의철학,2024,7,6,3,계약·매출·성장·구조,계약을 끝내는 가맹점이 많습니다,"2024년에 계약이 끝난 가맹점이 25개로, 연초 점포의 36.8%입니다. 한식 업종 상위 18%에 해당합니다. 업종 중간값은 4.6%입니다.",CONTRACT_END_HIGH|SALES_DECLINE_STREAK|STORE_DECLINE,88.0,26.6,114.606,91.1
BRD_20150989,아딸,2024,5,3,1,계약·매출·구조,계약을 끝내는 가맹점이 많습니다,"2024년에 계약이 끝난 가맹점이 8개로, 연초 점포의 44.4%입니다. 분식 업종 상위 11%에 해당합니다. 업종 중간값은 5.3%입니다.",CONTRACT_END_HIGH|SALES_LOW_RANK|SMALL_SCALE,87.93,14.64,102.571,81.5
BRD_20230261,샤브올데이,2024,4,2,0,구조,규모가 작습니다,"가맹점이 49개로, 점포 몇 곳만 이탈해도 브랜드 지표가 크게 흔들립니다. 충격을 흡수할 여력이 얇습니다.",SMALL_SCALE|YOUNG_BRAND,87.86,-1.3,86.565,67.7
BRD_20230145,참맛죽,2024,3,2,1,계약·구조,계약을 끝내는 가맹점이 많습니다,"2024년에 계약이 끝난 가맹점이 30개로, 연초 점포의 56.6%입니다. 한식 업종 상위 8%에 해당합니다. 업종 중간값은 4.6%입니다.",CONTRACT_END_HIGH|YOUNG_BRAND,87.79,13.07,100.86,80.0
BRD_20214020,Egg2000,2024,9,7,2,계약·매출·구조,계약을 끝내는 가맹점이 많습니다,"2024년에 계약이 끝난 가맹점이 15개로, 연초 점포의 30.0%입니다. 기타 외식 업종 상위 20%에 해당합니다. 업종 중간값은 9.5%입니다.",CONTRACT_END_HIGH|SALES_DECLINE_STREAK|CANCEL_HIGH,87.73,21.78,109.502,87.2
BRD_20210908,이것이국밥이다,2024,7,6,3,계약·매출·성장·구조,계약을 끝내는 가맹점이 많습니다,"2024년에 계약이 끝난 가맹점이 51개로, 연초 점포의 40.8%입니다. 한식 업종 상위 16%에 해당합니다. 업종 중간값은 4.6%입니다.",CONTRACT_END_HIGH|SALES_DECLINE_STREAK|STORE_DECLINE,87.66,26.6,114.26,90.8
BRD_20210527,1인삼겹 오빠삼,2024,10,8,2,계약·성장·구조,중도 해지가 많습니다,계약 기간을 채우지 못하고 중도 해지한 가맹점이 9개(50.0%)입니다. 만기 종료와 달리 중도 해지는 점주가 손실을 감수하고 나가는 것이라 수익성 악화 신호로 봅니다.,CANCEL_HIGH|STORE_DECLINE|CHURN_EXCEEDS_OPEN,87.59,24.26,111.848,89.0
BRD_20181300,가락동리어카포차,2024,8,6,2,성장·계약·구조·매출,가맹점이 줄었습니다,2024년 가맹점이 7개에서 3개로 4개(-57.1%) 줄었습니다. 같은 주점 업종의 중간값은 +0.0%입니다.,STORE_DECLINE|STORE_DECLINE_STREAK|CHURN_EXCEEDS_OPEN,87.52,23.22,110.735,88.1
BRD_20140400,본래순대,2024,7,7,2,계약·성장·재무·매출,계약을 끝내는 가맹점이 많습니다,"2024년에 계약이 끝난 가맹점이 22개로, 연초 점포의 31.9%입니다. 한식 업종 상위 21%에 해당합니다. 업종 중간값은 4.6%입니다.",CONTRACT_END_HIGH|STORE_DECLINE|CHURN_EXCEEDS_OPEN,87.45,26.62,114.073,90.6
BRD_20190345,봉자막창,2024,5,2,1,계약,계약을 끝내는 가맹점이 많습니다,"2024년에 계약이 끝난 가맹점이 17개로, 연초 점포의 28.3%입니다. 한식 업종 상위 24%에 해당합니다. 업종 중간값은 4.6%입니다.",CONTRACT_END_HIGH|NAME_CHANGE_HIGH,87.38,4.66,92.041,72.5
BRD_20215860,돼지팥빙수,2024,5,3,0,성장·계약·구조,신규 출점이 멈췄습니다,신규 개점이 전년 10개에서 1개로 줄었습니다(기존 점포 대비 4.0%). 새로 들어오려는 점주가 끊기면 기존 점포의 이탈을 메울 방법이 없습니다.,NEW_OPEN_STALL|NAME_CHANGE_HIGH|SMALL_SCALE,87.31,5.92,93.231,73.4
BRD_20160575,도쿄스테이크,2024,6,5,2,성장·계약·구조,가맹점이 줄었습니다,2024년 가맹점이 8개에서 4개로 4개(-50.0%) 줄었습니다. 같은 기타 외식 업종의 중간값은 +0.0%입니다.,STORE_DECLINE|STORE_DECLINE_STREAK|CHURN_EXCEEDS_OPEN,87.24,22.37,109.613,87.4
NAME:보고싶다@외식,보고싶다,2024,8,7,3,계약·매출·성장·구조,계약을 끝내는 가맹점이 많습니다,"2024년에 계약이 끝난 가맹점이 19개로, 연초 점포의 39.6%입니다. 기타 외식 업종 상위 14%에 해당합니다. 업종 중간값은 9.5%입니다.",CONTRACT_END_HIGH|SALES_DECLINE_STREAK|STORE_DECLINE,87.17,27.03,114.196,90.8
BRD_20221260,한양화로,2024,6,5,2,계약·매출·구조,계약을 끝내는 가맹점이 많습니다,"2024년에 계약이 끝난 가맹점이 32개로, 연초 점포의 52.5%입니다. 한식 업종 상위 10%에 해당합니다. 업종 중간값은 4.6%입니다.",CONTRACT_END_HIGH|SALES_DECLINE|DIRECT_RATIO_DROP,87.1,21.68,108.783,86.4
BRD_20190618,떡군이네떡볶이,2024,8,6,3,계약·성장·구조,중도 해지가 많습니다,계약 기간을 채우지 못하고 중도 해지한 가맹점이 21개(21.2%)입니다. 만기 종료와 달리 중도 해지는 점주가 손실을 감수하고 나가는 것이라 수익성 악화 신호로 봅니다.,CANCEL_HIGH|CONTRACT_END_HIGH|STORE_DECLINE,87.03,24.01,111.047,88.3
BRD_20212322,와우당 냉면,2024,3,2,1,계약·구조,계약을 끝내는 가맹점이 많습니다,"2024년에 계약이 끝난 가맹점이 42개로, 연초 점포의 55.3%입니다. 한식 업종 상위 9%에 해당합니다. 업종 중간값은 4.6%입니다.",CONTRACT_END_HIGH|YOUNG_BRAND,86.96,13.07,100.028,79.1
BRD_20190332,홍베이팡,2024,5,4,2,성장·계약·구조,가맹점이 줄었습니다,2024년 가맹점이 4개에서 1개로 3개(-75.0%) 줄었습니다. 같은 제과제빵 업종의 중간값은 +0.0%입니다.,STORE_DECLINE|STORE_DECLINE_STREAK|CHURN_EXCEEDS_OPEN,86.89,20.03,106.926,85.0
BRD_20080100738,엉터리생고기,2024,7,5,3,계약·성장·구조,계약을 끝내는 가맹점이 많습니다,"2024년에 계약이 끝난 가맹점이 5개로, 연초 점포의 25.0%입니다. 기타 외식 업종 상위 25%에 해당합니다. 업종 중간값은 9.5%입니다.",CONTRACT_END_HIGH|STORE_DECLINE|STORE_DECLINE_STREAK,86.82,22.1,108.926,86.6
BRD_20200673,저스트텐동,2024,11,10,2,매출·성장·계약·구조,매출이 2년 연속 하락,점포당 매출이 2022년 3.6억원에서 2024년 3.0억원까지 2년 내리 줄었습니다(누적 -15.8%).,SALES_DECLINE_STREAK|STORE_DECLINE|CHURN_EXCEEDS_OPEN,86.75,26.77,113.525,90.0
BRD_20221273,정동진칼국수,2024,7,6,2,계약·성장·구조,계약을 끝내는 가맹점이 많습니다,"2024년에 계약이 끝난 가맹점이 20개로, 연초 점포의 40.0%입니다. 기타 외식 업종 상위 13%에 해당합니다. 업종 중간값은 9.5%입니다.",CONTRACT_END_HIGH|STORE_DECLINE|CHURN_EXCEEDS_OPEN,86.69,24.19,110.877,88.3
BRD_20201148,힘난다버거,2024,3,2,0,구조,규모가 작습니다,"가맹점이 26개로, 점포 몇 곳만 이탈해도 브랜드 지표가 크게 흔들립니다. 충격을 흡수할 여력이 얇습니다.",SMALL_SCALE|YOUNG_BRAND,86.62,2.69,89.309,69.9
BRD_20211155,인생냉면,2024,7,5,2,계약·성장·매출·구조,계약을 끝내는 가맹점이 많습니다,"2024년에 계약이 끝난 가맹점이 82개로, 연초 점포의 58.6%입니다. 한식 업종 상위 8%에 해당합니다. 업종 중간값은 4.6%입니다.",CONTRACT_END_HIGH|STORE_DECLINE|CHURN_EXCEEDS_OPEN,86.55,22.89,109.436,87.1
BRD_20200624,찜꽁찜닭,2024,8,7,2,계약·성장·매출·구조,중도 해지가 많습니다,계약 기간을 채우지 못하고 중도 해지한 가맹점이 14개(29.2%)입니다. 만기 종료와 달리 중도 해지는 점주가 손실을 감수하고 나가는 것이라 수익성 악화 신호로 봅니다.,CANCEL_HIGH|STORE_DECLINE|CHURN_EXCEEDS_OPEN,86.48,25.28,111.754,88.9
BRD_20230482,밥스틸러 김치찜,2024,9,8,3,계약·매출·성장·구조,계약을 끝내는 가맹점이 많습니다,"2024년에 계약이 끝난 가맹점이 52개로, 연초 점포의 65.8%입니다. 한식 업종 상위 7%에 해당합니다. 업종 중간값은 4.6%입니다.",CONTRACT_END_HIGH|SALES_DECLINE|STORE_DECLINE,86.41,26.89,113.298,89.7
BRD_20200398,오늘술집 주다방,2024,7,6,2,성장·계약·구조,가맹점이 줄었습니다,2024년 가맹점이 8개에서 4개로 4개(-50.0%) 줄었습니다. 같은 주점 업종의 중간값은 +0.0%입니다.,STORE_DECLINE|STORE_DECLINE_STREAK|CHURN_EXCEEDS_OPEN,86.34,22.68,109.017,86.8
BRD_20151089,떼루와,2024,9,8,4,계약·매출·성장·구조,계약을 끝내는 가맹점이 많습니다,"2024년에 계약이 끝난 가맹점이 7개로, 연초 점포의 43.8%입니다. 커피 업종 상위 9%에 해당합니다. 업종 중간값은 0.0%입니다.",CONTRACT_END_HIGH|SALES_DECLINE_STREAK|STORE_DECLINE,86.27,27.51,113.78,90.4
BRD_20190861,달토끼의 떡볶이 흡입구역,2024,9,8,4,계약·매출·성장·구조,중도 해지가 많습니다,계약 기간을 채우지 못하고 중도 해지한 가맹점이 10개(16.7%)입니다. 만기 종료와 달리 중도 해지는 점주가 손실을 감수하고 나가는 것이라 수익성 악화 신호로 봅니다.,CANCEL_HIGH|SALES_DECLINE_STREAK|STORE_DECLINE,86.2,27.72,113.924,90.5
BRD_20201537,구도로통닭,2024,7,6,3,계약·매출·성장·구조,계약을 끝내는 가맹점이 많습니다,"2024년에 계약이 끝난 가맹점이 28개로, 연초 점포의 29.2%입니다. 치킨 업종 상위 20%에 해당합니다. 업종 중간값은 6.7%입니다.",CONTRACT_END_HIGH|SALES_DECLINE_STREAK|STORE_DECLINE,86.13,26.29,112.422,89.4
BRD_20130100409,깨순이김밥,2024,7,5,2,계약·성장·매출·구조,중도 해지가 많습니다,계약 기간을 채우지 못하고 중도 해지한 가맹점이 5개(25.0%)입니다. 만기 종료와 달리 중도 해지는 점주가 손실을 감수하고 나가는 것이라 수익성 악화 신호로 봅니다.,CANCEL_HIGH|STORE_DECLINE|CHURN_EXCEEDS_OPEN,86.06,22.89,108.951,86.7
BRD_20214457,스트릿 1988,2024,7,6,0,계약·매출·구조,계약을 끝내는 가맹점이 많습니다,"2024년에 계약이 끝난 가맹점이 7개로, 연초 점포의 23.3%입니다. 커피 업종 상위 17%에 해당합니다. 업종 중간값은 0.0%입니다.",CONTRACT_END_HIGH|SALES_DECLINE|SALES_LOW_RANK,85.99,15.75,101.744,81.0
BRD_20210847,찐곱도리식당,2024,11,10,4,계약·매출·성장·구조,계약을 끝내는 가맹점이 많습니다,"2024년에 계약이 끝난 가맹점이 6개로, 연초 점포의 40.0%입니다. 한식 업종 상위 16%에 해당합니다. 업종 중간값은 4.6%입니다.",CONTRACT_END_HIGH|SALES_DECLINE|STORE_DECLINE,85.92,28.24,114.164,90.7
BRD_20160392,베트남노상식당,2024,8,6,2,계약·성장·구조,계약을 끝내는 가맹점이 많습니다,"2024년에 계약이 끝난 가맹점이 17개로, 연초 점포의 30.9%입니다. 기타 외국식 업종 상위 16%에 해당합니다. 업종 중간값은 0.0%입니다.",CONTRACT_END_HIGH|STORE_DECLINE|CHURN_EXCEEDS_OPEN,85.85,23.22,109.07,86.9
BRD_20191403,와플칸,2024,10,9,3,계약·성장·구조·매출,중도 해지가 많습니다,계약 기간을 채우지 못하고 중도 해지한 가맹점이 37개(32.2%)입니다. 만기 종료와 달리 중도 해지는 점주가 손실을 감수하고 나가는 것이라 수익성 악화 신호로 봅니다.,CANCEL_HIGH|STORE_DECLINE|STORE_DECLINE_STREAK,85.78,27.04,112.828,89.7
BRD_20110100167,커피홀(coffee hole),2024,9,7,2,계약·성장·구조,중도 해지가 많습니다,계약 기간을 채우지 못하고 중도 해지한 가맹점이 6개(25.0%)입니다. 만기 종료와 달리 중도 해지는 점주가 손실을 감수하고 나가는 것이라 수익성 악화 신호로 봅니다.,CANCEL_HIGH|STORE_DECLINE|CHURN_EXCEEDS_OPEN,85.71,22.42,108.131,85.9
BRD_20214151,빙수를품은달인(빙품달),2024,6,4,0,계약·구조,중도 해지가 많습니다,계약 기간을 채우지 못하고 중도 해지한 가맹점이 3개(8.3%)입니다. 만기 종료와 달리 중도 해지는 점주가 손실을 감수하고 나가는 것이라 수익성 악화 신호로 봅니다.,CANCEL_HIGH|NAME_CHANGE_HIGH|SMALL_SCALE,85.64,5.34,90.987,71.2
BRD_20200056,동춘돌곱창,2024,6,4,2,계약·성장·구조,계약을 끝내는 가맹점이 많습니다,"2024년에 계약이 끝난 가맹점이 16개로, 연초 점포의 42.1%입니다. 한식 업종 상위 15%에 해당합니다. 업종 중간값은 4.6%입니다.",CONTRACT_END_HIGH|STORE_DECLINE|CHURN_EXCEEDS_OPEN,85.58,19.98,105.552,83.7
BRD_20201249,수유리혼밥왕,2024,8,6,1,계약·매출·성장·구조,계약을 끝내는 가맹점이 많습니다,"2024년에 계약이 끝난 가맹점이 58개로, 연초 점포의 58.0%입니다. 한식 업종 상위 8%에 해당합니다. 업종 중간값은 4.6%입니다.",CONTRACT_END_HIGH|CHURN_EXCEEDS_OPEN|SALES_LOW_RANK,85.51,21.09,106.598,84.6
BRD_20130100132,국사랑,2024,8,6,2,계약·성장·구조,중도 해지가 많습니다,계약 기간을 채우지 못하고 중도 해지한 가맹점이 10개(34.5%)입니다. 만기 종료와 달리 중도 해지는 점주가 손실을 감수하고 나가는 것이라 수익성 악화 신호로 봅니다.,CANCEL_HIGH|STORE_DECLINE|CHURN_EXCEEDS_OPEN,85.44,23.22,108.654,86.3
BRD_20180953,파파도나스,2024,6,5,2,계약·성장·구조,계약을 끝내는 가맹점이 많습니다,"2024년에 계약이 끝난 가맹점이 7개로, 연초 점포의 46.7%입니다. 제과제빵 업종 상위 11%에 해당합니다. 업종 중간값은 1.8%입니다.",CONTRACT_END_HIGH|STORE_DECLINE|CHURN_EXCEEDS_OPEN,85.37,22.93,108.299,86.1
BRD_20230971,화평댁닭구이,2024,4,3,1,계약·매출·구조,계약을 끝내는 가맹점이 많습니다,"2024년에 계약이 끝난 가맹점이 44개로, 연초 점포의 55.7%입니다. 치킨 업종 상위 7%에 해당합니다. 업종 중간값은 6.7%입니다.",CONTRACT_END_HIGH|SALES_LOW_RANK|YOUNG_BRAND,85.3,17.48,102.782,81.6
BRD_20200320,빵위에 치즈 피자앰플러,2024,7,6,1,계약·구조·성장,중도 해지가 많습니다,계약 기간을 채우지 못하고 중도 해지한 가맹점이 7개(14.0%)입니다. 만기 종료와 달리 중도 해지는 점주가 손실을 감수하고 나가는 것이라 수익성 악화 신호로 봅니다.,CANCEL_HIGH|CHURN_EXCEEDS_OPEN|NAME_CHANGE_HIGH,85.23,17.15,102.379,81.3
BRD_20200756,청년순대국,2024,8,6,2,계약·성장·구조,중도 해지가 많습니다,계약 기간을 채우지 못하고 중도 해지한 가맹점이 11개(36.7%)입니다. 만기 종료와 달리 중도 해지는 점주가 손실을 감수하고 나가는 것이라 수익성 악화 신호로 봅니다.,CANCEL_HIGH|STORE_DECLINE_STREAK|CONTRACT_END_HIGH,85.16,21.44,106.6,84.7
BRD_20110100228,아리가또맘마,2024,11,10,4,계약·매출·성장·구조,중도 해지가 많습니다,계약 기간을 채우지 못하고 중도 해지한 가맹점이 6개(31.6%)입니다. 만기 종료와 달리 중도 해지는 점주가 손실을 감수하고 나가는 것이라 수익성 악화 신호로 봅니다.,CANCEL_HIGH|SALES_DECLINE_STREAK|STORE_DECLINE,85.09,28.24,113.331,89.8
BRD_20151034,3883 팔도실비집,2024,11,10,4,계약·매출·성장·구조,중도 해지가 많습니다,계약 기간을 채우지 못하고 중도 해지한 가맹점이 4개(19.0%)입니다. 만기 종료와 달리 중도 해지는 점주가 손실을 감수하고 나가는 것이라 수익성 악화 신호로 봅니다.,CANCEL_HIGH|SALES_DECLINE_STREAK|STORE_DECLINE,85.02,28.39,113.415,89.9
BRD_20181179,곱깨비,2024,9,8,4,계약·매출·성장·구조,중도 해지가 많습니다,계약 기간을 채우지 못하고 중도 해지한 가맹점이 11개(27.5%)입니다. 만기 종료와 달리 중도 해지는 점주가 손실을 감수하고 나가는 것이라 수익성 악화 신호로 봅니다.,CANCEL_HIGH|SALES_DECLINE_STREAK|STORE_DECLINE,84.95,27.51,112.462,89.5
BRD_20230023,프랭크커핀바,2024,6,4,1,매출·구조,매출이 2년 연속 하락,점포당 매출이 2022년 3.2억원에서 2024년 2.3억원까지 2년 내리 줄었습니다(누적 -27.2%).,SALES_DECLINE_STREAK|SALES_PER_AREA_DECLINE|SMALL_SCALE,84.88,10.88,95.763,75.3
BRD_20171553,숙달돼지,2024,10,10,6,계약·재무·매출·성장·구조,계약을 끝내는 가맹점이 많습니다,"2024년에 계약이 끝난 가맹점이 8개로, 연초 점포의 57.1%입니다. 기타 외식 업종 상위 7%에 해당합니다. 업종 중간값은 9.5%입니다.",CONTRACT_END_HIGH|HQ_AUDIT_OPINION|HQ_EQUITY_NEGATIVE,84.81,29.33,114.145,90.6
BRD_20211247,아이엠도넛(IamDonut),2024,7,5,2,계약·매출·구조,계약을 끝내는 가맹점이 많습니다,"2024년에 계약이 끝난 가맹점이 24개로, 연초 점포의 60.0%입니다. 제과제빵 업종 상위 5%에 해당합니다. 업종 중간값은 1.8%입니다.",CONTRACT_END_HIGH|SALES_DECLINE_STREAK|SALES_LOW_RANK,84.74,20.36,105.104,83.0
BRD_20210931,기대만족,2024,6,5,1,매출·계약·구조,가맹점 평균매출이 떨어졌습니다,점포당 연매출이 3.8억원에서 2.5억원으로 -33.8% 줄었습니다. 같은 업종 중간값은 -3.5%입니다. 매출이 줄면 점주의 대출 상환 여력이 먼저 나빠집니다.,SALES_DECLINE|CANCEL_HIGH|CONTRACT_END_HIGH,84.67,19.23,103.906,82.0
BRD_20180948,감동까스,2024,3,2,0,계약·매출,나가는 점포가 들어오는 점포보다 많습니다,2024년 신규 개점 22개에 견줘 계약종료·해지가 37개로 15개 더 많습니다. 순유출 상태입니다.,CHURN_EXCEEDS_OPEN|SALES_LOW_RANK,84.6,11.4,96.003,75.6
BRD_20230652,요하마라21,2024,4,3,0,매출·구조,업종 안에서 매출이 낮습니다,점포당 매출 1.1억원은 중식 업종 하위 7% 수준입니다 (업종 중간값 4.0억원).,SALES_LOW_RANK|SMALL_SCALE|YOUNG_BRAND,84.54,8.46,92.999,73.3
BRD_20200686,치교치밥&치킨,2024,12,12,6,계약·재무·매출·성장·구조,계약을 끝내는 가맹점이 많습니다,"2024년에 계약이 끝난 가맹점이 27개로, 연초 점포의 30.3%입니다. 기타 외식 업종 상위 20%에 해당합니다. 업종 중간값은 9.5%입니다.",CONTRACT_END_HIGH|HQ_AUDIT_OPINION|HQ_EQUITY_NEGATIVE,84.47,29.34,113.807,90.4
BRD_20170850,꿀스커피GGUL'S COFFEE,2024,7,6,3,계약·성장·매출·구조,중도 해지가 많습니다,계약 기간을 채우지 못하고 중도 해지한 가맹점이 6개(37.5%)입니다. 만기 종료와 달리 중도 해지는 점주가 손실을 감수하고 나가는 것이라 수익성 악화 신호로 봅니다.,CANCEL_HIGH|STORE_DECLINE|STORE_DECLINE_STREAK,84.4,25.67,110.064,87.6
BRD_20110100100,대칠성포차,2024,7,6,4,계약·매출·성장·구조,계약을 끝내는 가맹점이 많습니다,"2024년에 계약이 끝난 가맹점이 5개로, 연초 점포의 25.0%입니다. 주점 업종 상위 27%에 해당합니다. 업종 중간값은 10.0%입니다.",CONTRACT_END_HIGH|SALES_DECLINE_STREAK|STORE_DECLINE,84.33,27.03,111.353,88.6
BRD_20210097,치밥대장숯불양념92치킨,2024,8,6,1,계약·매출·구조,계약을 끝내는 가맹점이 많습니다,"2024년에 계약이 끝난 가맹점이 8개로, 연초 점포의 28.6%입니다. 치킨 업종 상위 21%에 해당합니다. 업종 중간값은 6.7%입니다.",CONTRACT_END_HIGH|SALES_DECLINE|NAME_CHANGE_HIGH,84.26,16.18,100.44,79.5
BRD_20200675,돈카춘,2024,6,3,1,계약·구조,계약을 끝내는 가맹점이 많습니다,"2024년에 계약이 끝난 가맹점이 7개로, 연초 점포의 25.9%입니다. 일식 업종 상위 23%에 해당합니다. 업종 중간값은 0.0%입니다.",CONTRACT_END_HIGH|SMALL_SCALE|YOUNG_BRAND,84.19,6.59,90.779,71.2
BRD_20151217,싸움의고수,2024,7,5,2,계약·성장·구조,계약을 끝내는 가맹점이 많습니다,"2024년에 계약이 끝난 가맹점이 31개로, 연초 점포의 31.3%입니다. 기타 외식 업종 상위 19%에 해당합니다. 업종 중간값은 9.5%입니다.",CONTRACT_END_HIGH|STORE_DECLINE|CHURN_EXCEEDS_OPEN,84.12,22.93,107.051,85.2
BRD_20180171,달리는커피,2024,7,5,0,계약·성장,중도 해지가 많습니다,계약 기간을 채우지 못하고 중도 해지한 가맹점이 29개(10.7%)입니다. 만기 종료와 달리 중도 해지는 점주가 손실을 감수하고 나가는 것이라 수익성 악화 신호로 봅니다.,CANCEL_HIGH|CHURN_EXCEEDS_OPEN|STORE_DECLINE,84.05,12.16,96.21,75.7
BRD_20140942,짝태&노가리,2024,8,6,1,성장·계약·매출,4년 연속 감소,가맹점 수가 2020년 138개에서 2024년 69개까지 4년 내리 줄었습니다(누적 -50.0%). 한 해 부진이 아니라 추세로 굳어진 상태입니다.,STORE_DECLINE_STREAK|CHURN_EXCEEDS_OPEN|CONTRACT_END_HIGH,83.98,21.14,105.123,83.1
BRD_20210315,소림마라,2024,8,6,2,계약·성장·구조,계약을 끝내는 가맹점이 많습니다,"2024년에 계약이 끝난 가맹점이 53개로, 연초 점포의 29.0%입니다. 중식 업종 상위 20%에 해당합니다. 업종 중간값은 7.2%입니다.",CONTRACT_END_HIGH|STORE_DECLINE|CHURN_EXCEEDS_OPEN,83.91,21.44,105.351,83.4
BRD_20191214,샐러드박스(SaladBox),2024,7,5,2,계약·성장·구조,계약을 끝내는 가맹점이 많습니다,"2024년에 계약이 끝난 가맹점이 15개로, 연초 점포의 27.8%입니다. 기타 외식 업종 상위 23%에 해당합니다. 업종 중간값은 9.5%입니다.",CONTRACT_END_HIGH|STORE_DECLINE|CHURN_EXCEEDS_OPEN,83.84,21.09,104.934,82.8
BRD_20180941,동명 카츠,2024,9,8,3,계약·성장·매출·구조,계약을 끝내는 가맹점이 많습니다,"2024년에 계약이 끝난 가맹점이 18개로, 연초 점포의 32.1%입니다. 일식 업종 상위 19%에 해당합니다. 업종 중간값은 0.0%입니다.",CONTRACT_END_HIGH|STORE_DECLINE|STORE_DECLINE_STREAK,83.77,26.36,110.133,87.7
BRD_20171075,팔공티,2024,6,5,3,계약·성장·매출,계약을 끝내는 가맹점이 많습니다,"2024년에 계약이 끝난 가맹점이 53개로, 연초 점포의 37.3%입니다. 음료 (커피 외) 업종 상위 17%에 해당합니다. 업종 중간값은 8.5%입니다.",CONTRACT_END_HIGH|STORE_DECLINE|STORE_DECLINE_STREAK,83.7,25.1,108.804,86.5
BRD_20190878,몬떡,2024,4,3,2,성장·구조,가맹점이 줄었습니다,2024년 가맹점이 2개에서 1개로 1개(-50.0%) 줄었습니다. 같은 분식 업종의 중간값은 +0.0%입니다.,STORE_DECLINE|STORE_DECLINE_STREAK|SMALL_SCALE,83.63,16.25,99.887,79.0
BRD_20201106,뜸들이다,2024,7,6,2,계약·성장·구조,계약을 끝내는 가맹점이 많습니다,"2024년에 계약이 끝난 가맹점이 19개로, 연초 점포의 25.3%입니다. 한식 업종 상위 25%에 해당합니다. 업종 중간값은 4.6%입니다.",CONTRACT_END_HIGH|STORE_DECLINE|CHURN_EXCEEDS_OPEN,83.56,23.76,107.323,85.5
BRD_20180737,멘야마쯔리,2024,6,5,2,계약·성장·구조,중도 해지가 많습니다,계약 기간을 채우지 못하고 중도 해지한 가맹점이 10개(25.0%)입니다. 만기 종료와 달리 중도 해지는 점주가 손실을 감수하고 나가는 것이라 수익성 악화 신호로 봅니다.,CANCEL_HIGH|STORE_DECLINE|CHURN_EXCEEDS_OPEN,83.5,22.93,106.427,84.5
BRD_20180715,카페보스(CAFE BOSS),2024,4,3,1,계약·구조,계약을 끝내는 가맹점이 많습니다,"2024년에 계약이 끝난 가맹점이 18개로, 연초 점포의 42.9%입니다. 커피 업종 상위 9%에 해당합니다. 업종 중간값은 0.0%입니다.",CONTRACT_END_HIGH|NAME_CHANGE_HIGH|SMALL_SCALE,83.43,13.63,97.052,76.2
BRD_20140920,옥탑방오봉자싸롱,2024,8,6,3,계약·성장·매출·구조,중도 해지가 많습니다,계약 기간을 채우지 못하고 중도 해지한 가맹점이 18개(56.2%)입니다. 만기 종료와 달리 중도 해지는 점주가 손실을 감수하고 나가는 것이라 수익성 악화 신호로 봅니다.,CANCEL_HIGH|STORE_DECLINE|STORE_DECLINE_STREAK,83.36,24.47,107.822,85.9
BRD_20190404,신떡순 신천할매떡볶이,2024,5,4,2,계약·성장·구조,중도 해지가 많습니다,계약 기간을 채우지 못하고 중도 해지한 가맹점이 26개(32.5%)입니다. 만기 종료와 달리 중도 해지는 점주가 손실을 감수하고 나가는 것이라 수익성 악화 신호로 봅니다.,CANCEL_HIGH|STORE_DECLINE|CHURN_EXCEEDS_OPEN,83.29,23.68,106.971,85.0
BRD_20211187,파스타를 부탁해,2024,11,10,4,계약·매출·성장·구조,중도 해지가 많습니다,계약 기간을 채우지 못하고 중도 해지한 가맹점이 11개(27.5%)입니다. 만기 종료와 달리 중도 해지는 점주가 손실을 감수하고 나가는 것이라 수익성 악화 신호로 봅니다.,CANCEL_HIGH|CONTRACT_END_HIGH|SALES_DECLINE_STREAK,83.22,28.24,111.459,88.7
BRD_20141293,크레이저커피(C.Razer Coffee),2024,6,5,1,계약·성장·매출·구조,중도 해지가 많습니다,계약 기간을 채우지 못하고 중도 해지한 가맹점이 7개(21.2%)입니다. 만기 종료와 달리 중도 해지는 점주가 손실을 감수하고 나가는 것이라 수익성 악화 신호로 봅니다.,CANCEL_HIGH|CHURN_EXCEEDS_OPEN|STORE_DECLINE,83.15,19.98,103.125,81.6
BRD_20210023,돈쫄돈,2024,11,10,3,계약·매출·성장·구조,계약을 끝내는 가맹점이 많습니다,"2024년에 계약이 끝난 가맹점이 26개로, 연초 점포의 46.4%입니다. 기타 외식 업종 상위 11%에 해당합니다. 업종 중간값은 9.5%입니다.",CONTRACT_END_HIGH|SALES_DECLINE_STREAK|STORE_DECLINE,83.08,27.99,111.065,88.4
BRD_20160153,오복미역,2024,9,8,3,계약·성장·구조·매출,계약을 끝내는 가맹점이 많습니다,"2024년에 계약이 끝난 가맹점이 8개로, 연초 점포의 25.8%입니다. 한식 업종 상위 25%에 해당합니다. 업종 중간값은 4.6%입니다.",CONTRACT_END_HIGH|STORE_DECLINE|STORE_DECLINE_STREAK,83.01,26.91,109.92,87.5
BRD_20190954,이태리면가게,2024,7,6,3,계약·매출·성장·구조,중도 해지가 많습니다,계약 기간을 채우지 못하고 중도 해지한 가맹점이 11개(44.0%)입니다. 만기 종료와 달리 중도 해지는 점주가 손실을 감수하고 나가는 것이라 수익성 악화 신호로 봅니다.,CANCEL_HIGH|SALES_DECLINE_STREAK|STORE_DECLINE,82.94,26.29,109.232,87.0
BRD_20170357,어벤더치커피,2024,7,6,4,계약·매출·성장·구조,중도 해지가 많습니다,계약 기간을 채우지 못하고 중도 해지한 가맹점이 7개(16.3%)입니다. 만기 종료와 달리 중도 해지는 점주가 손실을 감수하고 나가는 것이라 수익성 악화 신호로 봅니다.,CANCEL_HIGH|SALES_DECLINE_STREAK|STORE_DECLINE,82.87,27.03,109.896,87.4
BRD_20214795,2피자1치킨상회,2024,9,8,2,계약·매출·성장·구조,중도 해지가 많습니다,계약 기간을 채우지 못하고 중도 해지한 가맹점이 7개(13.0%)입니다. 만기 종료와 달리 중도 해지는 점주가 손실을 감수하고 나가는 것이라 수익성 악화 신호로 봅니다.,CANCEL_HIGH|SALES_DECLINE|CHURN_EXCEEDS_OPEN,82.8,24.23,107.029,85.2
BRD_20100100419,오봉도시락,2024,6,4,1,성장·계약·구조,가맹점이 줄었습니다,2024년 가맹점이 53개에서 43개로 10개(-18.9%) 줄었습니다. 같은 한식 업종의 중간값은 +0.0%입니다.,STORE_DECLINE|CHURN_EXCEEDS_OPEN|CONTRACT_END_HIGH,82.73,16.18,98.915,77.9
BRD_20210891,가든쿡,2024,10,8,3,계약·성장·구조·매출,중도 해지가 많습니다,계약 기간을 채우지 못하고 중도 해지한 가맹점이 7개(46.7%)입니다. 만기 종료와 달리 중도 해지는 점주가 손실을 감수하고 나가는 것이라 수익성 악화 신호로 봅니다.,CANCEL_HIGH|STORE_DECLINE|STORE_DECLINE_STREAK,82.66,26.03,108.691,86.3
BRD_20214138,와드커피(WAD COFFEE),2024,9,7,0,계약·매출·구조,중도 해지가 많습니다,계약 기간을 채우지 못하고 중도 해지한 가맹점이 3개(8.8%)입니다. 만기 종료와 달리 중도 해지는 점주가 손실을 감수하고 나가는 것이라 수익성 악화 신호로 봅니다.,CANCEL_HIGH|CONTRACT_END_HIGH|SALES_DECLINE,82.59,13.23,95.82,75.4
BRD_20210436,필라프에빠지다,2024,4,3,0,계약·구조,나가는 점포가 들어오는 점포보다 많습니다,2024년 신규 개점 16개에 견줘 계약종료·해지가 19개로 3개 더 많습니다. 순유출 상태입니다.,CHURN_EXCEEDS_OPEN|SMALL_SCALE|YOUNG_BRAND,82.52,8.46,90.988,71.3
BRD_20180070,감성커피,2024,4,3,0,계약·성장,나가는 점포가 들어오는 점포보다 많습니다,2024년 신규 개점 33개에 견줘 계약종료·해지가 61개로 28개 더 많습니다. 순유출 상태입니다.,CHURN_EXCEEDS_OPEN|CONTRACT_END_HIGH|STORE_DECLINE,82.45,13.15,95.601,75.2
BRD_20180793,허갈닭강정,2024,6,4,1,성장·매출·구조,6년 연속 감소,가맹점 수가 2018년 59개에서 2024년 28개까지 6년 내리 줄었습니다(누적 -52.5%). 한 해 부진이 아니라 추세로 굳어진 상태입니다.,STORE_DECLINE_STREAK|SALES_LOW_RANK|SMALL_SCALE,82.39,15.17,97.551,76.7
BRD_20191246,최가네크레이지떡볶이,2024,2,1,0,구조,규모가 작습니다,"가맹점이 45개로, 점포 몇 곳만 이탈해도 브랜드 지표가 크게 흔들립니다. 충격을 흡수할 여력이 얇습니다.",SMALL_SCALE,82.32,2.0,84.313,65.9
BRD_20180318,리춘시장,2024,8,6,3,계약·성장·구조,계약을 끝내는 가맹점이 많습니다,"2024년에 계약이 끝난 가맹점이 7개로, 연초 점포의 36.8%입니다. 중식 업종 상위 15%에 해당합니다. 업종 중간값은 7.2%입니다.",CONTRACT_END_HIGH|STORE_DECLINE|STORE_DECLINE_STREAK,82.25,22.42,104.664,82.6
BRD_20201827,양가네고기듬뿍김치찜,2024,11,10,3,계약·매출·성장·구조,중도 해지가 많습니다,계약 기간을 채우지 못하고 중도 해지한 가맹점이 17개(60.7%)입니다. 만기 종료와 달리 중도 해지는 점주가 손실을 감수하고 나가는 것이라 수익성 악화 신호로 봅니다.,CANCEL_HIGH|SALES_DECLINE_STREAK|STORE_DECLINE,82.18,27.99,110.163,87.7
BRD_20213991,최강곱도리,2024,3,2,1,계약·구조,계약을 끝내는 가맹점이 많습니다,"2024년에 계약이 끝난 가맹점이 37개로, 연초 점포의 37.4%입니다. 한식 업종 상위 17%에 해당합니다. 업종 중간값은 4.6%입니다.",CONTRACT_END_HIGH|YOUNG_BRAND,82.11,13.07,95.173,74.6
BRD_20190945,고품격커피공장,2024,8,7,3,계약·매출·성장·구조,계약을 끝내는 가맹점이 많습니다,"2024년에 계약이 끝난 가맹점이 12개로, 연초 점포의 37.5%입니다. 커피 업종 상위 11%에 해당합니다. 업종 중간값은 0.0%입니다.",CONTRACT_END_HIGH|SALES_DECLINE_STREAK|STORE_DECLINE,82.04,26.75,108.789,86.5
BRD_20201840,히츠지야,2024,9,8,3,계약·매출·성장·구조,중도 해지가 많습니다,계약 기간을 채우지 못하고 중도 해지한 가맹점이 13개(37.1%)입니다. 만기 종료와 달리 중도 해지는 점주가 손실을 감수하고 나가는 것이라 수익성 악화 신호로 봅니다.,CANCEL_HIGH|SALES_DECLINE_STREAK|STORE_DECLINE,81.97,27.59,109.559,87.2
BRD_20200396,성윤국가대표아구찜앤알곤이찜,2024,3,2,0,구조,규모가 작습니다,"가맹점이 11개로, 점포 몇 곳만 이탈해도 브랜드 지표가 크게 흔들립니다. 충격을 흡수할 여력이 얇습니다.",SMALL_SCALE|YOUNG_BRAND,81.9,2.69,84.593,66.3
BRD_20212359,아라치,2024,5,3,2,계약·구조,중도 해지가 많습니다,계약 기간을 채우지 못하고 중도 해지한 가맹점이 20개(13.7%)입니다. 만기 종료와 달리 중도 해지는 점주가 손실을 감수하고 나가는 것이라 수익성 악화 신호로 봅니다.,CANCEL_HIGH|CONTRACT_END_HIGH|YOUNG_BRAND,81.83,13.23,95.057,74.5
BRD_20171241,엉터리 해장국,2024,8,7,3,계약·매출·성장·구조,계약을 끝내는 가맹점이 많습니다,"2024년에 계약이 끝난 가맹점이 19개로, 연초 점포의 45.2%입니다. 한식 업종 상위 14%에 해당합니다. 업종 중간값은 4.6%입니다.",CONTRACT_END_HIGH|SALES_DECLINE_STREAK|STORE_DECLINE,81.76,27.48,109.24,87.0
BRD_20220154,달래해장,2024,8,7,3,계약·매출·성장·구조,계약을 끝내는 가맹점이 많습니다,"2024년에 계약이 끝난 가맹점이 26개로, 연초 점포의 53.1%입니다. 한식 업종 상위 10%에 해당합니다. 업종 중간값은 4.6%입니다.",CONTRACT_END_HIGH|SALES_DECLINE|STORE_DECLINE,81.69,26.45,108.143,86.0
BRD_20220261,과일담은 요거트 맛집 요맛,2024,5,2,1,계약·구조,계약을 끝내는 가맹점이 많습니다,"2024년에 계약이 끝난 가맹점이 7개로, 연초 점포의 26.9%입니다. 아이스크림/빙수 업종 상위 9%에 해당합니다. 업종 중간값은 0.0%입니다.",CONTRACT_END_HIGH|YOUNG_BRAND,81.62,5.92,87.544,68.4
BRD_20190198,무쏘,2024,8,7,3,계약·성장·매출·구조,계약을 끝내는 가맹점이 많습니다,"2024년에 계약이 끝난 가맹점이 8개로, 연초 점포의 42.1%입니다. 한식 업종 상위 15%에 해당합니다. 업종 중간값은 4.6%입니다.",CONTRACT_END_HIGH|STORE_DECLINE|STORE_DECLINE_STREAK,81.55,25.85,107.405,85.6
BRD_20211453,GLOER,2024,11,11,4,계약·재무·매출·성장·구조,계약을 끝내는 가맹점이 많습니다,"2024년에 계약이 끝난 가맹점이 13개로, 연초 점포의 50.0%입니다. 제과제빵 업종 상위 6%에 해당합니다. 업종 중간값은 1.8%입니다.",CONTRACT_END_HIGH|HQ_AUDIT_OPINION|SALES_DECLINE_STREAK,81.48,29.08,110.562,87.9
BRD_20160760,천사곱창,2024,3,2,0,성장·구조,가맹점이 줄었습니다,2024년 가맹점이 27개에서 25개로 2개(-7.4%) 줄었습니다. 같은 한식 업종의 중간값은 +0.0%입니다.,STORE_DECLINE|SMALL_SCALE,81.41,7.82,89.23,69.8
BRD_20160577,커피코트,2024,5,4,1,성장·계약·구조,가맹점이 줄었습니다,2024년 가맹점이 8개에서 5개로 3개(-37.5%) 줄었습니다. 같은 커피 업종의 중간값은 +0.0%입니다.,STORE_DECLINE|CHURN_EXCEEDS_OPEN|STORE_DECLINE_STREAK,81.35,18.81,100.159,79.2
BRD_20090100545,영구스피자,2024,3,2,0,매출·구조,업종 안에서 매출이 낮습니다,점포당 매출 1.2억원은 피자 업종 하위 15% 수준입니다 (업종 중간값 2.2억원).,SALES_LOW_RANK|SMALL_SCALE,81.28,7.82,89.092,69.6
BRD_20130325,인생극장,2024,6,4,1,성장·계약,가맹점이 줄었습니다,2024년 가맹점이 145개에서 99개로 46개(-31.7%) 줄었습니다. 같은 한식 업종의 중간값은 +0.0%입니다.,STORE_DECLINE|CHURN_EXCEEDS_OPEN|CONTRACT_END_HIGH,81.21,16.25,97.46,76.6
BRD_20171511,차돌풍,2024,7,6,2,계약·성장·매출·구조,계약을 끝내는 가맹점이 많습니다,"2024년에 계약이 끝난 가맹점이 11개로, 연초 점포의 27.5%입니다. 한식 업종 상위 24%에 해당합니다. 업종 중간값은 4.6%입니다.",CONTRACT_END_HIGH|STORE_DECLINE|CHURN_EXCEEDS_OPEN,81.14,23.18,104.314,82.5
BRD_20180804,미스터빠삭,2024,6,5,3,계약·성장·구조,계약을 끝내는 가맹점이 많습니다,"2024년에 계약이 끝난 가맹점이 23개로, 연초 점포의 30.7%입니다. 기타 외식 업종 상위 20%에 해당합니다. 업종 중간값은 9.5%입니다.",CONTRACT_END_HIGH|STORE_DECLINE|STORE_DECLINE_STREAK,81.07,25.1,106.168,84.3
BRD_20160521,심봉사도로케,2024,3,1,1,계약,중도 해지가 많습니다,계약 기간을 채우지 못하고 중도 해지한 가맹점이 12개(25.5%)입니다. 만기 종료와 달리 중도 해지는 점주가 손실을 감수하고 나가는 것이라 수익성 악화 신호로 봅니다.,CANCEL_HIGH,81.0,7.82,88.814,69.3
BRD_20200704,홍콩할매닭발명가,2024,4,3,1,계약·매출·구조,계약을 끝내는 가맹점이 많습니다,"2024년에 계약이 끝난 가맹점이 44개로, 연초 점포의 53.7%입니다. 한식 업종 상위 9%에 해당합니다. 업종 중간값은 4.6%입니다.",CONTRACT_END_HIGH|SALES_LOW_RANK|YOUNG_BRAND,80.93,17.48,98.413,77.5
BRD_20170711,착한쭝식,2024,7,6,3,계약·성장·구조,중도 해지가 많습니다,계약 기간을 채우지 못하고 중도 해지한 가맹점이 8개(42.1%)입니다. 만기 종료와 달리 중도 해지는 점주가 손실을 감수하고 나가는 것이라 수익성 악화 신호로 봅니다.,CANCEL_HIGH|STORE_DECLINE|STORE_DECLINE_STREAK,80.86,25.31,106.166,84.2
BRD_20180600,곱분이곱창,2024,5,4,0,계약·성장,나가는 점포가 들어오는 점포보다 많습니다,2024년 신규 개점 9개에 견줘 계약종료·해지가 22개로 13개 더 많습니다. 순유출 상태입니다.,CHURN_EXCEEDS_OPEN|CONTRACT_END_HIGH|STORE_DECLINE,80.79,14.79,95.58,75.1
BRD_20160534,킹콩쥬스엔커피,2024,9,7,2,계약·성장·구조·매출,계약을 끝내는 가맹점이 많습니다,"2024년에 계약이 끝난 가맹점이 8개로, 연초 점포의 38.1%입니다. 음료 (커피 외) 업종 상위 15%에 해당합니다. 업종 중간값은 8.5%입니다.",CONTRACT_END_HIGH|STORE_DECLINE|CHURN_EXCEEDS_OPEN,80.72,25.28,105.999,84.0
BRD_20171384,커피홀 베이커리,2024,9,8,3,계약·성장·매출·구조,중도 해지가 많습니다,계약 기간을 채우지 못하고 중도 해지한 가맹점이 4개(16.7%)입니다. 만기 종료와 달리 중도 해지는 점주가 손실을 감수하고 나가는 것이라 수익성 악화 신호로 봅니다.,CANCEL_HIGH|STORE_DECLINE|STORE_DECLINE_STREAK,80.65,26.36,107.013,85.1
BRD_20211709,히포슈가 (HIPPO SUGAR),2024,5,5,2,재무·구조,감사의견 '의견거절',(주)아이언가이즈의 2023년 감사의견이 '의견거절'입니다. 적정의견이 아니라는 것은 재무제표 자체를 그대로 믿기 어렵다는 뜻입니다.,HQ_AUDIT_OPINION|HQ_EQUITY_NEGATIVE|HQ_OPERATING_LOSS,80.58,18.13,98.714,77.8
BRD_20221028,차차커피코,2024,7,6,2,계약·매출·구조,계약을 끝내는 가맹점이 많습니다,"2024년에 계약이 끝난 가맹점이 15개로, 연초 점포의 30.0%입니다. 커피 업종 상위 13%에 해당합니다. 업종 중간값은 0.0%입니다.",CONTRACT_END_HIGH|SALES_DECLINE|CANCEL_HIGH,80.51,22.64,103.148,81.7
BRD_20190889,테그42(TEgg.42),2024,10,9,3,계약·매출·성장·구조,계약을 끝내는 가맹점이 많습니다,"2024년에 계약이 끝난 가맹점이 19개로, 연초 점포의 37.3%입니다. 기타 외식 업종 상위 15%에 해당합니다. 업종 중간값은 9.5%입니다.",CONTRACT_END_HIGH|SALES_DECLINE_STREAK|STORE_DECLINE,80.44,27.28,107.722,85.7
BRD_20214650,순수빙떡,2024,12,11,2,계약·매출·구조·성장,중도 해지가 많습니다,계약 기간을 채우지 못하고 중도 해지한 가맹점이 8개(22.2%)입니다. 만기 종료와 달리 중도 해지는 점주가 손실을 감수하고 나가는 것이라 수익성 악화 신호로 봅니다.,CANCEL_HIGH|SALES_DECLINE|CHURN_EXCEEDS_OPEN,80.37,27.41,107.788,85.8
BRD_20180630,문토스트,2024,8,7,2,매출·성장·계약·구조,매출이 5년 연속 하락,점포당 매출이 2019년 3.6억원에서 2024년 1.6억원까지 5년 내리 줄었습니다(누적 -54.5%).,SALES_DECLINE_STREAK|STORE_DECLINE_STREAK|CANCEL_HIGH,80.31,25.67,105.973,84.0
BRD_20090100465,커핀그루나루,2024,7,6,3,매출·성장·구조,매출이 2년 연속 하락,"점포당 매출이 2022년 3.1억원에서 2024년 5,560만원까지 2년 내리 줄었습니다(누적 -81.8%).",SALES_DECLINE_STREAK|STORE_DECLINE|STORE_DECLINE_STREAK,80.24,24.01,104.251,82.3
BRD_20160571,경성주막1929,2024,7,6,3,계약·성장·구조,계약을 끝내는 가맹점이 많습니다,"2024년에 계약이 끝난 가맹점이 7개로, 연초 점포의 41.2%입니다. 주점 업종 상위 15%에 해당합니다. 업종 중간값은 10.0%입니다.",CONTRACT_END_HIGH|STORE_DECLINE|STORE_DECLINE_STREAK,80.17,25.31,105.473,83.5
BRD_20220257,이십센치,2024,10,8,2,계약·성장·구조·매출,중도 해지가 많습니다,계약 기간을 채우지 못하고 중도 해지한 가맹점이 17개(58.6%)입니다. 만기 종료와 달리 중도 해지는 점주가 손실을 감수하고 나가는 것이라 수익성 악화 신호로 봅니다.,CANCEL_HIGH|STORE_DECLINE|CHURN_EXCEEDS_OPEN,80.1,25.48,105.574,83.8
BRD_20211040,하륜일만족발,2024,5,2,1,계약,계약을 끝내는 가맹점이 많습니다,"2024년에 계약이 끝난 가맹점이 21개로, 연초 점포의 55.3%입니다. 한식 업종 상위 9%에 해당합니다. 업종 중간값은 4.6%입니다.",CONTRACT_END_HIGH|NAME_CHANGE_HIGH,80.03,4.66,84.69,66.5
BRD_20180650,열정분식소,2024,7,7,4,재무·매출·성장·구조,감사의견 '한정',농업회사법인(주)대경푸드빌의 2023년 감사의견이 '한정'입니다. 적정의견이 아니라는 것은 재무제표 자체를 그대로 믿기 어렵다는 뜻입니다.,HQ_AUDIT_OPINION|SALES_DECLINE|STORE_DECLINE,79.96,27.15,107.113,85.3
BRD_20110600030,신참떡볶이,2024,7,5,3,계약·성장·구조,중도 해지가 많습니다,계약 기간을 채우지 못하고 중도 해지한 가맹점이 49개(34.0%)입니다. 만기 종료와 달리 중도 해지는 점주가 손실을 감수하고 나가는 것이라 수익성 악화 신호로 봅니다.,CANCEL_HIGH|STORE_DECLINE|STORE_DECLINE_STREAK,79.89,23.76,103.648,81.9
BRD_20214653,효자동솥뚜껑삼겹살감자탕순대국,2024,7,5,2,계약·매출·구조,중도 해지가 많습니다,계약 기간을 채우지 못하고 중도 해지한 가맹점이 8개(18.6%)입니다. 만기 종료와 달리 중도 해지는 점주가 손실을 감수하고 나가는 것이라 수익성 악화 신호로 봅니다.,CANCEL_HIGH|SALES_DECLINE|CONTRACT_END_HIGH,79.82,20.36,100.18,79.3
BRD_20171110,유달리,2024,9,7,2,계약·성장·구조·매출,계약을 끝내는 가맹점이 많습니다,"2024년에 계약이 끝난 가맹점이 5개로, 연초 점포의 25.0%입니다. 기타 외식 업종 상위 25%에 해당합니다. 업종 중간값은 9.5%입니다.",CONTRACT_END_HIGH|STORE_DECLINE|CHURN_EXCEEDS_OPEN,79.75,25.28,105.028,82.9
BRD_20210160,쿼드커피(QUAD COFFEE),2024,5,3,0,계약·구조,계약을 끝내는 가맹점이 많습니다,"2024년에 계약이 끝난 가맹점이 5개로, 연초 점포의 18.5%입니다. 커피 업종 상위 22%에 해당합니다. 업종 중간값은 0.0%입니다.",CONTRACT_END_HIGH|SMALL_SCALE|YOUNG_BRAND,79.68,4.66,84.343,66.1
BRD_20211160,을찌로국물떡볶이,2024,8,6,3,계약·성장·매출·구조,계약을 끝내는 가맹점이 많습니다,"2024년에 계약이 끝난 가맹점이 38개로, 연초 점포의 45.8%입니다. 분식 업종 상위 10%에 해당합니다. 업종 중간값은 5.3%입니다.",CONTRACT_END_HIGH|STORE_DECLINE|STORE_DECLINE_STREAK,79.61,24.47,104.078,82.2
BRD_20200130,롱쓰부대찌개,2024,4,3,1,계약·성장,계약을 끝내는 가맹점이 많습니다,"2024년에 계약이 끝난 가맹점이 27개로, 연초 점포의 30.3%입니다. 한식 업종 상위 22%에 해당합니다. 업종 중간값은 4.6%입니다.",CONTRACT_END_HIGH|CHURN_EXCEEDS_OPEN|STORE_DECLINE,79.54,17.55,97.092,76.3
BRD_20150087,선굼터,2024,6,5,2,성장·계약·구조,가맹점이 줄었습니다,2024년 가맹점이 23개에서 19개로 4개(-17.4%) 줄었습니다. 같은 기타 외식 업종의 중간값은 +0.0%입니다.,STORE_DECLINE|STORE_DECLINE_STREAK|CHURN_EXCEEDS_OPEN,79.47,21.14,100.615,79.8
BRD_20160063,엉터리생고기 두번째이야기 무한삼겹,2024,6,5,2,성장·계약·구조,가맹점이 줄었습니다,2024년 가맹점이 33개에서 25개로 8개(-24.2%) 줄었습니다. 같은 기타 외식 업종의 중간값은 +0.0%입니다.,STORE_DECLINE|STORE_DECLINE_STREAK|CHURN_EXCEEDS_OPEN,79.4,21.14,100.546,79.7
BRD_20221447,이바우국밥,2024,6,5,1,계약·매출·구조,계약을 끝내는 가맹점이 많습니다,"2024년에 계약이 끝난 가맹점이 23개로, 연초 점포의 42.6%입니다. 한식 업종 상위 15%에 해당합니다. 업종 중간값은 4.6%입니다.",CONTRACT_END_HIGH|SALES_DECLINE|SALES_LOW_RANK,79.33,19.23,98.567,77.7
BRD_20170560,이춘봉치킨,2024,8,7,4,계약·매출·성장,계약을 끝내는 가맹점이 많습니다,"2024년에 계약이 끝난 가맹점이 28개로, 연초 점포의 33.3%입니다. 치킨 업종 상위 15%에 해당합니다. 업종 중간값은 6.7%입니다.",CONTRACT_END_HIGH|SALES_DECLINE_STREAK|STORE_DECLINE,79.26,27.17,106.437,84.5
BRD_20160737,스탠딩스테이크,2024,10,9,4,계약·매출·성장·구조,계약을 끝내는 가맹점이 많습니다,"2024년에 계약이 끝난 가맹점이 4개로, 연초 점포의 40.0%입니다. 서양식 업종 상위 15%에 해당합니다. 업종 중간값은 5.9%입니다.",CONTRACT_END_HIGH|SALES_DECLINE_STREAK|STORE_DECLINE,79.2,28.16,107.355,85.6
BRD_20140558,육풍,2024,3,2,1,매출·구조,매출이 5년 연속 하락,점포당 매출이 2019년 7.2억원에서 2024년 3.4억원까지 5년 내리 줄었습니다(누적 -52.7%).,SALES_DECLINE_STREAK|SMALL_SCALE,79.13,13.07,92.191,72.5
BRD_20150487,만나고쪽갈비가,2024,8,6,2,계약·성장·구조,계약을 끝내는 가맹점이 많습니다,"2024년에 계약이 끝난 가맹점이 7개로, 연초 점포의 29.2%입니다. 한식 업종 상위 23%에 해당합니다. 업종 중간값은 4.6%입니다.",CONTRACT_END_HIGH|STORE_DECLINE|CHURN_EXCEEDS_OPEN,79.06,23.22,102.274,81.3
BRD_20170227,오르새피자,2024,7,6,2,계약·성장·구조,계약을 끝내는 가맹점이 많습니다,"2024년에 계약이 끝난 가맹점이 13개로, 연초 점포의 29.5%입니다. 피자 업종 상위 18%에 해당합니다. 업종 중간값은 6.9%입니다.",CONTRACT_END_HIGH|STORE_DECLINE|CHURN_EXCEEDS_OPEN,78.99,24.66,103.651,82.0
BRD_20230555,꽃피는곱도리탕,2024,5,3,1,계약·구조,계약을 끝내는 가맹점이 많습니다,"2024년에 계약이 끝난 가맹점이 7개로, 연초 점포의 46.7%입니다. 한식 업종 상위 14%에 해당합니다. 업종 중간값은 4.6%입니다.",CONTRACT_END_HIGH|SMALL_SCALE|YOUNG_BRAND,78.92,10.27,89.186,69.7
BRD_20210738,짐키친(GYM KITCHEN),2024,9,8,3,계약·매출·성장·구조,중도 해지가 많습니다,계약 기간을 채우지 못하고 중도 해지한 가맹점이 21개(40.4%)입니다. 만기 종료와 달리 중도 해지는 점주가 손실을 감수하고 나가는 것이라 수익성 악화 신호로 봅니다.,CANCEL_HIGH|SALES_DECLINE_STREAK|STORE_DECLINE,78.85,27.36,106.212,84.3
BRD_20213136,유떡,2024,11,10,3,계약·매출·성장·구조,중도 해지가 많습니다,계약 기간을 채우지 못하고 중도 해지한 가맹점이 18개(56.2%)입니다. 만기 종료와 달리 중도 해지는 점주가 손실을 감수하고 나가는 것이라 수익성 악화 신호로 봅니다.,CANCEL_HIGH|SALES_DECLINE_STREAK|STORE_DECLINE,78.78,27.99,106.765,84.8
BRD_20170833,빵사부식빵공방,2024,3,1,0,구조,규모가 작습니다,"가맹점이 10개로, 점포 몇 곳만 이탈해도 브랜드 지표가 크게 흔들립니다. 충격을 흡수할 여력이 얇습니다.",SMALL_SCALE,78.71,-2.0,76.713,60.5
BRD_20130417,땡초우동,2024,7,5,2,계약·성장·구조,중도 해지가 많습니다,계약 기간을 채우지 못하고 중도 해지한 가맹점이 13개(41.9%)입니다. 만기 종료와 달리 중도 해지는 점주가 손실을 감수하고 나가는 것이라 수익성 악화 신호로 봅니다.,CANCEL_HIGH|STORE_DECLINE|CHURN_EXCEEDS_OPEN,78.64,21.09,99.733,78.8
BRD_20214278,만타스시31,2024,11,10,2,매출·성장·계약·구조,매출이 2년 연속 하락,점포당 매출이 2022년 2.5억원에서 2024년 1.7억원까지 2년 내리 줄었습니다(누적 -31.6%).,SALES_DECLINE_STREAK|STORE_DECLINE|CHURN_EXCEEDS_OPEN,78.57,27.3,105.867,83.9
BRD_20160116,만랩커피,2024,7,6,2,성장·계약,가맹점이 줄었습니다,2024년 가맹점이 107개에서 84개로 23개(-21.5%) 줄었습니다. 같은 커피 업종의 중간값은 +0.0%입니다.,STORE_DECLINE|STORE_DECLINE_STREAK|CHURN_EXCEEDS_OPEN,78.5,21.54,100.04,79.1
BRD_20180834,달빛경성술집,2024,1,0,0,,특이 소견 없음,공시 지표에서 눈에 띄는 악화 신호가 확인되지 않았습니다.,,78.43,0.0,78.433,61.9
BRD_20190328,1943,2024,10,10,4,계약·재무·매출·성장·구조,계약을 끝내는 가맹점이 많습니다,"2024년에 계약이 끝난 가맹점이 29개로, 연초 점포의 46.0%입니다. 기타 외식 업종 상위 12%에 해당합니다. 업종 중간값은 9.5%입니다.",CONTRACT_END_HIGH|HQ_AUDIT_OPINION|SALES_DECLINE_STREAK,78.36,28.94,107.305,85.4
BRD_20214246,뽁당,2024,3,1,0,구조,가맹사업 업력이 짧습니다,"2023년에 가맹사업을 시작해 업력이 1년입니다. 초기 확장기에는 점포가 빠르게 늘지만, 첫 계약 만기가 돌아오는 시점에 이탈이 몰리는 경우가 많습니다.",YOUNG_BRAND,78.29,-2.0,76.297,59.8
BRD_20214326,대한국밥만세,2024,4,3,0,매출·구조,업종 안에서 매출이 낮습니다,점포당 매출 1.0억원은 한식 업종 하위 14% 수준입니다 (업종 중간값 3.5억원).,SALES_LOW_RANK|SMALL_SCALE|YOUNG_BRAND,78.22,8.46,86.689,67.9
BRD_20220090,꺼꾸잽이 초장집,2024,8,6,2,계약·매출·구조,계약을 끝내는 가맹점이 많습니다,"2024년에 계약이 끝난 가맹점이 10개로, 연초 점포의 34.5%입니다. 기타 외식 업종 상위 16%에 해당합니다. 업종 중간값은 9.5%입니다.",CONTRACT_END_HIGH|SALES_DECLINE|NAME_CHANGE_HIGH,78.16,19.98,98.132,77.3
BRD_20191199,윤검푸드 봉수아피자,2024,8,6,0,계약·구조·성장,중도 해지가 많습니다,계약 기간을 채우지 못하고 중도 해지한 가맹점이 6개(10.3%)입니다. 만기 종료와 달리 중도 해지는 점주가 손실을 감수하고 나가는 것이라 수익성 악화 신호로 봅니다.,CANCEL_HIGH|CHURN_EXCEEDS_OPEN|CONTRACT_END_HIGH,78.09,16.74,94.828,74.2
BRD_20190620,소소떡볶이,2024,8,7,2,계약·매출·구조·성장,중도 해지가 많습니다,계약 기간을 채우지 못하고 중도 해지한 가맹점이 6개(13.0%)입니다. 만기 종료와 달리 중도 해지는 점주가 손실을 감수하고 나가는 것이라 수익성 악화 신호로 봅니다.,CANCEL_HIGH|SALES_DECLINE|CONTRACT_END_HIGH,78.02,23.45,101.471,80.4
BRD_20180639,정성찬,2024,8,7,3,계약·성장·구조,계약을 끝내는 가맹점이 많습니다,"2024년에 계약이 끝난 가맹점이 7개로, 연초 점포의 58.3%입니다. 기타 외식 업종 상위 7%에 해당합니다. 업종 중간값은 9.5%입니다.",CONTRACT_END_HIGH|STORE_DECLINE|STORE_DECLINE_STREAK,77.95,25.5,103.452,81.8
BRD_20170765,비엔나커피하우스,2024,6,5,3,계약·성장·구조,계약을 끝내는 가맹점이 많습니다,"2024년에 계약이 끝난 가맹점이 7개로, 연초 점포의 29.2%입니다. 커피 업종 상위 14%에 해당합니다. 업종 중간값은 0.0%입니다.",CONTRACT_END_HIGH|STORE_DECLINE|STORE_DECLINE_STREAK,77.88,23.76,101.637,80.8
BRD_20220797,타타스베이글,2024,10,9,3,계약·매출·성장·구조,계약을 끝내는 가맹점이 많습니다,"2024년에 계약이 끝난 가맹점이 16개로, 연초 점포의 44.4%입니다. 제과제빵 업종 상위 11%에 해당합니다. 업종 중간값은 1.8%입니다.",CONTRACT_END_HIGH|SALES_DECLINE_STREAK|STORE_DECLINE,77.81,27.69,105.503,83.6
BRD_20180922,삼겹본능,2024,8,7,4,계약·재무·성장·매출,계약을 끝내는 가맹점이 많습니다,"2024년에 계약이 끝난 가맹점이 49개로, 연초 점포의 43.8%입니다. 한식 업종 상위 14%에 해당합니다. 업종 중간값은 4.6%입니다.",CONTRACT_END_HIGH|HQ_CAPITAL_IMPAIRED|STORE_DECLINE,77.74,27.4,105.136,83.1
BRD_20231723,다다하다,2024,3,2,0,구조,규모가 작습니다,"가맹점이 35개로, 점포 몇 곳만 이탈해도 브랜드 지표가 크게 흔들립니다. 충격을 흡수할 여력이 얇습니다.",SMALL_SCALE|YOUNG_BRAND,77.67,2.69,80.363,63.2
BRD_20130100431,그램그램,2024,5,4,1,계약·재무·구조,중도 해지가 많습니다,계약 기간을 채우지 못하고 중도 해지한 가맹점이 6개(33.3%)입니다. 만기 종료와 달리 중도 해지는 점주가 손실을 감수하고 나가는 것이라 수익성 악화 신호로 봅니다.,CANCEL_HIGH|CHURN_EXCEEDS_OPEN|HQ_REVENUE_DECLINE,77.6,16.18,93.783,73.6
BRD_20190495,밀회관,2024,10,9,3,계약·매출·성장·구조,중도 해지가 많습니다,계약 기간을 채우지 못하고 중도 해지한 가맹점이 19개(47.5%)입니다. 만기 종료와 달리 중도 해지는 점주가 손실을 감수하고 나가는 것이라 수익성 악화 신호로 봅니다.,CANCEL_HIGH|SALES_DECLINE_STREAK|STORE_DECLINE,77.53,27.89,105.424,83.4
BRD_20170868,DDC치킨,2024,5,4,1,매출·구조,매출이 2년 연속 하락,"점포당 매출이 2022년 8,469만원에서 2024년 7,579만원까지 2년 내리 줄었습니다(누적 -10.5%).",SALES_DECLINE_STREAK|SALES_LOW_RANK|SALES_PER_AREA_DECLINE,77.46,15.24,92.701,72.9
BRD_20190352,군자대한곱창,2024,11,11,4,계약·재무·매출·성장·구조,중도 해지가 많습니다,계약 기간을 채우지 못하고 중도 해지한 가맹점이 20개(26.3%)입니다. 만기 종료와 달리 중도 해지는 점주가 손실을 감수하고 나가는 것이라 수익성 악화 신호로 봅니다.,CANCEL_HIGH|HQ_AUDIT_OPINION|SALES_DECLINE_STREAK,77.39,29.23,106.625,84.7
BRD_20190967,별난아재맥주,2024,4,3,1,계약·매출,계약을 끝내는 가맹점이 많습니다,"2024년에 계약이 끝난 가맹점이 25개로, 연초 점포의 38.5%입니다. 주점 업종 상위 16%에 해당합니다. 업종 중간값은 10.0%입니다.",CONTRACT_END_HIGH|CHURN_EXCEEDS_OPEN|SALES_LOW_RANK,77.32,17.55,94.873,74.3
BRD_20190926,놀부김치찜,2024,9,9,5,계약·재무·매출·성장·구조,계약을 끝내는 가맹점이 많습니다,"2024년에 계약이 끝난 가맹점이 21개로, 연초 점포의 47.7%입니다. 한식 업종 상위 14%에 해당합니다. 업종 중간값은 4.6%입니다.",CONTRACT_END_HIGH|HQ_CAPITAL_IMPAIRED|SALES_DECLINE_STREAK,77.25,28.86,106.109,84.1
BRD_20130100417,본초불닭발,2024,9,8,4,계약·매출·성장·구조,계약을 끝내는 가맹점이 많습니다,"2024년에 계약이 끝난 가맹점이 11개로, 연초 점포의 30.6%입니다. 한식 업종 상위 22%에 해당합니다. 업종 중간값은 4.6%입니다.",CONTRACT_END_HIGH|SALES_DECLINE_STREAK|STORE_DECLINE,77.18,27.51,104.695,82.7
BRD_20231326,피자닭터,2024,8,6,1,매출·계약·구조,가맹점 평균매출이 떨어졌습니다,점포당 연매출이 4.2억원에서 3.1억원으로 -26.1% 줄었습니다. 같은 업종 중간값은 -6.2%입니다. 매출이 줄면 점주의 대출 상환 여력이 먼저 나빠집니다.,SALES_DECLINE|CANCEL_HIGH|NAME_CHANGE_HIGH,77.12,16.18,93.298,73.4
BRD_20120100250,육봉달,2024,6,5,3,매출·성장·구조,매출이 2년 연속 하락,점포당 매출이 2022년 3.9억원에서 2024년 2.4억원까지 2년 내리 줄었습니다(누적 -38.5%).,SALES_DECLINE_STREAK|STORE_DECLINE|STORE_DECLINE_STREAK,77.05,23.22,100.263,79.4
BRD_20231796,뽁떡떡볶이,2024,2,1,0,구조,가맹사업 업력이 짧습니다,"2024년에 가맹사업을 시작해 업력이 0년입니다. 초기 확장기에는 점포가 빠르게 늘지만, 첫 계약 만기가 돌아오는 시점에 이탈이 몰리는 경우가 많습니다.",YOUNG_BRAND,76.98,2.0,78.973,62.2
BRD_20130100234,곱창이야기,2024,8,6,3,계약·성장·구조,계약을 끝내는 가맹점이 많습니다,"2024년에 계약이 끝난 가맹점이 18개로, 연초 점포의 51.4%입니다. 한식 업종 상위 10%에 해당합니다. 업종 중간값은 4.6%입니다.",CONTRACT_END_HIGH|STORE_DECLINE|STORE_DECLINE_STREAK,76.91,24.01,100.922,80.0
BRD_20151193,아빠곰탕,2024,7,5,3,계약·성장·구조,중도 해지가 많습니다,계약 기간을 채우지 못하고 중도 해지한 가맹점이 5개(50.0%)입니다. 만기 종료와 달리 중도 해지는 점주가 손실을 감수하고 나가는 것이라 수익성 악화 신호로 봅니다.,CANCEL_HIGH|STORE_DECLINE|STORE_DECLINE_STREAK,76.84,22.1,98.94,78.2
BRD_20130100320,쿡1015,2024,9,8,4,계약·매출·성장·구조,계약을 끝내는 가맹점이 많습니다,"2024년에 계약이 끝난 가맹점이 20개로, 연초 점포의 37.7%입니다. 기타 외식 업종 상위 14%에 해당합니다. 업종 중간값은 9.5%입니다.",CONTRACT_END_HIGH|SALES_DECLINE_STREAK|STORE_DECLINE,76.77,27.89,104.661,82.5
BRD_20190707,웰돈까츠,2024,10,9,4,계약·매출·성장·구조,계약을 끝내는 가맹점이 많습니다,"2024년에 계약이 끝난 가맹점이 24개로, 연초 점포의 58.5%입니다. 서양식 업종 상위 9%에 해당합니다. 업종 중간값은 5.9%입니다.",CONTRACT_END_HIGH|SALES_DECLINE|STORE_DECLINE,76.7,28.16,104.859,82.7
BRD_20210237,밥꼬찜닭,2024,5,3,1,계약·구조,중도 해지가 많습니다,계약 기간을 채우지 못하고 중도 해지한 가맹점이 6개(20.7%)입니다. 만기 종료와 달리 중도 해지는 점주가 손실을 감수하고 나가는 것이라 수익성 악화 신호로 봅니다.,CANCEL_HIGH|SMALL_SCALE|YOUNG_BRAND,76.63,10.27,86.898,68.1
BRD_20200209,인생닭강정,2024,7,6,3,계약·성장·구조,계약을 끝내는 가맹점이 많습니다,"2024년에 계약이 끝난 가맹점이 46개로, 연초 점포의 35.9%입니다. 치킨 업종 상위 14%에 해당합니다. 업종 중간값은 6.7%입니다.",CONTRACT_END_HIGH|STORE_DECLINE|STORE_DECLINE_STREAK,76.56,25.31,101.867,81.1
BRD_20230863,진교동찜닭,2024,4,2,0,계약·구조,점주 교체가 잦습니다,"명의변경이 6건(26.1%)입니다. 점포는 유지되지만 운영자가 바뀌는 것으로, 폐점 직전 단계에서 자주 나타납니다.",NAME_CHANGE_HIGH|YOUNG_BRAND,76.49,0.0,76.491,59.9
BRD_20220555,더담덮밥,2024,14,13,4,계약·매출·성장·구조,중도 해지가 많습니다,계약 기간을 채우지 못하고 중도 해지한 가맹점이 7개(14.0%)입니다. 만기 종료와 달리 중도 해지는 점주가 손실을 감수하고 나가는 것이라 수익성 악화 신호로 봅니다.,CANCEL_HIGH|CONTRACT_END_HIGH|SALES_DECLINE,76.42,28.72,105.143,83.2
BRD_20190202,흥부찜닭,2024,10,10,5,계약·재무·매출·성장·구조,계약을 끝내는 가맹점이 많습니다,"2024년에 계약이 끝난 가맹점이 11개로, 연초 점포의 36.7%입니다. 한식 업종 상위 18%에 해당합니다. 업종 중간값은 4.6%입니다.",CONTRACT_END_HIGH|HQ_CAPITAL_IMPAIRED|SALES_DECLINE_STREAK,76.35,29.16,105.511,83.6
BRD_20200872,행진푸드,2024,11,10,4,계약·매출·성장·구조,중도 해지가 많습니다,계약 기간을 채우지 못하고 중도 해지한 가맹점이 7개(28.0%)입니다. 만기 종료와 달리 중도 해지는 점주가 손실을 감수하고 나가는 것이라 수익성 악화 신호로 봅니다.,CANCEL_HIGH|SALES_DECLINE_STREAK|STORE_DECLINE,76.28,27.72,104.007,82.1
BRD_20230460,토핑폭탄김치찜&김치찌개,2024,8,6,1,매출·계약·구조,가맹점 평균매출이 떨어졌습니다,점포당 연매출이 3.5억원에서 2.5억원으로 -28.3% 줄었습니다. 같은 업종 중간값은 -3.5%입니다. 매출이 줄면 점주의 대출 상환 여력이 먼저 나빠집니다.,SALES_DECLINE|CONTRACT_END_HIGH|NAME_CHANGE_HIGH,76.21,16.18,92.396,72.7
BRD_20220177,수백당,2024,6,5,0,계약·성장·구조,중도 해지가 많습니다,계약 기간을 채우지 못하고 중도 해지한 가맹점이 8개(10.4%)입니다. 만기 종료와 달리 중도 해지는 점주가 손실을 감수하고 나가는 것이라 수익성 악화 신호로 봅니다.,CANCEL_HIGH|CHURN_EXCEEDS_OPEN|CONTRACT_END_HIGH,76.14,16.25,92.398,72.7
BRD_20220745,불아더 숯불바베큐,2024,7,5,1,매출·계약·구조,가맹점 평균매출이 떨어졌습니다,점포당 연매출이 2.9억원에서 1.1억원으로 -60.4% 줄었습니다. 같은 업종 중간값은 -1.3%입니다. 매출이 줄면 점주의 대출 상환 여력이 먼저 나빠집니다.,SALES_DECLINE|NAME_CHANGE_HIGH|SALES_PER_AREA_DECLINE,76.07,12.57,88.65,69.1
BRD_20212985,파스타에반하다,2024,9,8,2,계약·매출·성장·구조,계약을 끝내는 가맹점이 많습니다,"2024년에 계약이 끝난 가맹점이 22개로, 연초 점포의 29.3%입니다. 서양식 업종 상위 26%에 해당합니다. 업종 중간값은 5.9%입니다.",CONTRACT_END_HIGH|SALES_DECLINE_STREAK|CHURN_EXCEEDS_OPEN,76.01,25.48,101.482,80.6
BRD_20170854,갈통삼,2024,7,6,2,성장·계약·구조·매출,가맹점이 줄었습니다,2024년 가맹점이 6개에서 1개로 5개(-83.3%) 줄었습니다. 같은 한식 업종의 중간값은 +0.0%입니다.,STORE_DECLINE|STORE_DECLINE_STREAK|CHURN_EXCEEDS_OPEN,75.94,24.66,100.6,79.8
BRD_20160531,맛나슈퍼,2024,6,5,2,성장·매출·구조,가맹점이 줄었습니다,2024년 가맹점이 4개에서 3개로 1개(-25.0%) 줄었습니다. 같은 주점 업종의 중간값은 +0.0%입니다.,STORE_DECLINE|STORE_DECLINE_STREAK|SALES_LOW_RANK,75.87,20.41,96.281,75.7
BRD_20160714,안심치킨,2024,6,5,2,매출·성장·구조,매출이 2년 연속 하락,"점포당 매출이 2022년 1.2억원에서 2024년 9,435만원까지 2년 내리 줄었습니다(누적 -20.6%).",SALES_DECLINE_STREAK|STORE_DECLINE_STREAK|SALES_LOW_RANK,75.8,22.93,98.729,77.9
BRD_20210465,죽선생,2024,10,8,3,계약·성장·구조,중도 해지가 많습니다,계약 기간을 채우지 못하고 중도 해지한 가맹점이 8개(44.4%)입니다. 만기 종료와 달리 중도 해지는 점주가 손실을 감수하고 나가는 것이라 수익성 악화 신호로 봅니다.,CANCEL_HIGH|STORE_DECLINE|STORE_DECLINE_STREAK,75.73,24.95,100.676,79.9
BRD_20231530,또띠아그램,2024,3,2,0,성장·구조,신규 출점이 멈췄습니다,신규 개점이 전년 60개에서 0개로 줄었습니다(기존 점포 대비 0.0%). 새로 들어오려는 점주가 끊기면 기존 점포의 이탈을 메울 방법이 없습니다.,NEW_OPEN_STALL|YOUNG_BRAND,75.66,7.82,83.474,65.5
BRD_20214917,봉명가닭도리탕,2024,9,7,3,계약·매출·구조,중도 해지가 많습니다,계약 기간을 채우지 못하고 중도 해지한 가맹점이 4개(21.1%)입니다. 만기 종료와 달리 중도 해지는 점주가 손실을 감수하고 나가는 것이라 수익성 악화 신호로 봅니다.,CANCEL_HIGH|CONTRACT_END_HIGH|SALES_DECLINE,75.59,22.72,98.31,77.3
BRD_20212450,취향마라,2024,7,6,1,성장·계약·구조,가맹점이 줄었습니다,2024년 가맹점이 31개에서 26개로 5개(-16.1%) 줄었습니다. 같은 중식 업종의 중간값은 +0.0%입니다.,STORE_DECLINE|CHURN_EXCEEDS_OPEN|CONTRACT_END_HIGH,75.52,20.41,95.934,75.5
BRD_20210248,박봉구가래떡볶이,2024,9,8,3,계약·성장·구조·매출,중도 해지가 많습니다,계약 기간을 채우지 못하고 중도 해지한 가맹점이 7개(30.4%)입니다. 만기 종료와 달리 중도 해지는 점주가 손실을 감수하고 나가는 것이라 수익성 악화 신호로 봅니다.,CANCEL_HIGH|STORE_DECLINE|STORE_DECLINE_STREAK,75.45,26.03,101.479,80.5
BRD_20180917,피치랑,2024,6,5,3,계약·성장·구조,중도 해지가 많습니다,계약 기간을 채우지 못하고 중도 해지한 가맹점이 10개(32.3%)입니다. 만기 종료와 달리 중도 해지는 점주가 손실을 감수하고 나가는 것이라 수익성 악화 신호로 봅니다.,CANCEL_HIGH|STORE_DECLINE|STORE_DECLINE_STREAK,75.38,23.76,99.14,78.6
BRD_20191129,두뽂스,2024,8,7,3,매출·성장·계약·구조,매출이 2년 연속 하락,"점포당 매출이 2022년 3,061만원에서 2024년 1,647만원까지 2년 내리 줄었습니다(누적 -46.2%).",SALES_DECLINE_STREAK|STORE_DECLINE|STORE_DECLINE_STREAK,75.31,26.77,102.082,81.1
BRD_20211990,랑데자뷰(RENDEJAVOUS),2024,7,6,1,성장·계약·구조,3년 연속 감소,가맹점 수가 2021년 40개에서 2024년 25개까지 3년 내리 줄었습니다(누적 -37.5%). 한 해 부진이 아니라 추세로 굳어진 상태입니다.,STORE_DECLINE_STREAK|CHURN_EXCEEDS_OPEN|CONTRACT_END_HIGH,75.24,20.41,95.657,75.2
BRD_20100400012,미스터파파임실치즈피자,2024,6,5,2,계약·성장·구조,계약을 끝내는 가맹점이 많습니다,"2024년에 계약이 끝난 가맹점이 5개로, 연초 점포의 35.7%입니다. 피자 업종 상위 13%에 해당합니다. 업종 중간값은 6.9%입니다.",CONTRACT_END_HIGH|STORE_DECLINE|CHURN_EXCEEDS_OPEN,75.17,23.94,99.116,78.5
BRD_20212320,밥깨비,2024,3,2,0,구조,규모가 작습니다,"가맹점이 39개로, 점포 몇 곳만 이탈해도 브랜드 지표가 크게 흔들립니다. 충격을 흡수할 여력이 얇습니다.",SMALL_SCALE|YOUNG_BRAND,75.1,2.69,77.797,61.2
BRD_20170626,진1926,2024,7,6,3,계약·매출·성장·구조,계약을 끝내는 가맹점이 많습니다,"2024년에 계약이 끝난 가맹점이 16개로, 연초 점포의 31.4%입니다. 기타 외식 업종 상위 19%에 해당합니다. 업종 중간값은 9.5%입니다.",CONTRACT_END_HIGH|SALES_DECLINE_STREAK|STORE_DECLINE,75.03,26.29,101.326,80.4
BRD_20160469,뿅가야채곱창,2024,8,6,1,계약·구조·매출·성장,계약을 끝내는 가맹점이 많습니다,"2024년에 계약이 끝난 가맹점이 22개로, 연초 점포의 25.9%입니다. 기타 외식 업종 상위 25%에 해당합니다. 업종 중간값은 9.5%입니다.",CONTRACT_END_HIGH|CANCEL_HIGH|CHURN_EXCEEDS_OPEN,74.97,22.93,97.897,77.0
BRD_20171288,명랑한찜닭,2024,6,4,2,성장·구조,가맹점이 줄었습니다,2024년 가맹점이 5개에서 3개로 2개(-40.0%) 줄었습니다. 같은 치킨 업종의 중간값은 +0.0%입니다.,STORE_DECLINE|STORE_DECLINE_STREAK|REGION_SHRINK,74.9,16.74,91.638,71.9
BRD_20215410,모락떡볶이,2024,7,5,2,계약·매출·구조,계약을 끝내는 가맹점이 많습니다,"2024년에 계약이 끝난 가맹점이 11개로, 연초 점포의 28.2%입니다. 분식 업종 상위 20%에 해당합니다. 업종 중간값은 5.3%입니다.",CONTRACT_END_HIGH|SALES_DECLINE|SALES_LOW_RANK,74.83,20.36,95.187,74.7
BRD_20200470,김태연국민동태탕찜,2024,3,2,0,구조,규모가 작습니다,"가맹점이 32개로, 점포 몇 곳만 이탈해도 브랜드 지표가 크게 흔들립니다. 충격을 흡수할 여력이 얇습니다.",SMALL_SCALE|YOUNG_BRAND,74.76,2.69,77.45,61.0
BRD_20210827,조선화로닭발,2024,4,2,1,계약·구조,중도 해지가 많습니다,계약 기간을 채우지 못하고 중도 해지한 가맹점이 12개(14.8%)입니다. 만기 종료와 달리 중도 해지는 점주가 손실을 감수하고 나가는 것이라 수익성 악화 신호로 봅니다.,CANCEL_HIGH|YOUNG_BRAND,74.69,9.65,84.333,66.0
BRD_20190499,용범이네인계동껍데기,2024,6,5,3,매출·성장·구조,매출이 2년 연속 하락,점포당 매출이 2022년 2.9억원에서 2024년 1.3억원까지 2년 내리 줄었습니다(누적 -53.4%).,SALES_DECLINE_STREAK|STORE_DECLINE|STORE_DECLINE_STREAK,74.62,23.22,97.836,77.0
BRD_20080200265,멘무샤,2024,8,7,2,성장·계약·매출·구조,가맹점이 줄었습니다,2024년 가맹점이 18개에서 15개로 3개(-16.7%) 줄었습니다. 같은 기타 외식 업종의 중간값은 +0.0%입니다.,STORE_DECLINE|STORE_DECLINE_STREAK|CHURN_EXCEEDS_OPEN,74.55,22.42,96.966,76.1
BRD_20100100456,알촌,2024,8,7,3,매출·성장·계약·구조,매출이 2년 연속 하락,점포당 매출이 2022년 2.7억원에서 2024년 2.2억원까지 2년 내리 줄었습니다(누적 -18.4%).,SALES_DECLINE_STREAK|STORE_DECLINE|STORE_DECLINE_STREAK,74.48,25.85,100.332,79.5
BRD_20190267,흑화당,2024,6,4,2,성장·계약·구조,가맹점이 줄었습니다,2024년 가맹점이 5개에서 2개로 3개(-60.0%) 줄었습니다. 같은 음료 (커피 외) 업종의 중간값은 +0.0%입니다.,STORE_DECLINE|STORE_DECLINE_STREAK|CHURN_EXCEEDS_OPEN,74.41,17.62,92.026,72.4
BRD_20211235,샤오바오우육면,2024,9,8,3,계약·매출·성장·구조,계약을 끝내는 가맹점이 많습니다,"2024년에 계약이 끝난 가맹점이 19개로, 연초 점포의 51.4%입니다. 중식 업종 상위 6%에 해당합니다. 업종 중간값은 7.2%입니다.",CONTRACT_END_HIGH|SALES_DECLINE_STREAK|STORE_DECLINE,74.34,27.36,101.705,80.9
BRD_20150146,걸작떡볶이치킨,2024,8,7,3,매출·성장·계약·구조,매출이 3년 연속 하락,점포당 매출이 2021년 3.4억원에서 2024년 1.8억원까지 3년 내리 줄었습니다(누적 -45.7%).,SALES_DECLINE_STREAK|STORE_DECLINE|STORE_DECLINE_STREAK,74.27,27.04,101.316,80.3
BRD_20231893,돈돈김치찌개&찜,2024,3,2,0,구조,규모가 작습니다,"가맹점이 40개로, 점포 몇 곳만 이탈해도 브랜드 지표가 크게 흔들립니다. 충격을 흡수할 여력이 얇습니다.",SMALL_SCALE|YOUNG_BRAND,74.2,2.69,76.895,60.6
BRD_20210606,거진어부네 코다리,2024,7,6,0,계약·성장·구조,나가는 점포가 들어오는 점포보다 많습니다,2024년 신규 개점 1개에 견줘 계약종료·해지가 4개로 3개 더 많습니다. 순유출 상태입니다.,CHURN_EXCEEDS_OPEN|NEW_OPEN_STALL|NAME_CHANGE_HIGH,74.13,14.71,88.847,69.3
BRD_20151007,동경야시장,2024,6,4,2,성장·계약·구조,가맹점이 줄었습니다,2024년 가맹점이 7개에서 2개로 5개(-71.4%) 줄었습니다. 같은 주점 업종의 중간값은 +0.0%입니다.,STORE_DECLINE|STORE_DECLINE_STREAK|CHURN_EXCEEDS_OPEN,74.06,17.62,91.679,72.1
BRD_20211707,순살만공격,2024,10,9,3,계약·매출·성장·구조,계약을 끝내는 가맹점이 많습니다,"2024년에 계약이 끝난 가맹점이 58개로, 연초 점포의 29.0%입니다. 치킨 업종 상위 21%에 해당합니다. 업종 중간값은 6.7%입니다.",CONTRACT_END_HIGH|SALES_DECLINE_STREAK|STORE_DECLINE,73.99,27.51,101.505,80.7
BRD_20171319,테트리스찜닭,2024,9,8,2,성장·계약·매출·구조,가맹점이 줄었습니다,2024년 가맹점이 62개에서 49개로 13개(-21.0%) 줄었습니다. 같은 치킨 업종의 중간값은 +0.0%입니다.,STORE_DECLINE|STORE_DECLINE_STREAK|CANCEL_HIGH,73.93,23.3,97.222,76.4
BRD_20200176,달콤왕가탕후루,2024,9,8,3,계약·매출·성장·평판·구조,계약을 끝내는 가맹점이 많습니다,"2024년에 계약이 끝난 가맹점이 381개로, 연초 점포의 71.8%입니다. 기타 외국식 업종 상위 4%에 해당합니다. 업종 중간값은 0.0%입니다.",CONTRACT_END_HIGH|SALES_DECLINE|STORE_DECLINE,73.86,27.14,100.992,80.1
BRD_20230891,마포냉면 숯불구이,2024,4,3,1,계약·매출·구조,계약을 끝내는 가맹점이 많습니다,"2024년에 계약이 끝난 가맹점이 15개로, 연초 점포의 25.0%입니다. 한식 업종 상위 25%에 해당합니다. 업종 중간값은 4.6%입니다.",CONTRACT_END_HIGH|SALES_LOW_RANK|YOUNG_BRAND,73.79,17.48,91.27,71.6
BRD_20171409,바우네 나주곰탕,2024,6,4,1,성장·계약·구조,5년 연속 감소,가맹점 수가 2019년 53개에서 2024년 13개까지 5년 내리 줄었습니다(누적 -75.5%). 한 해 부진이 아니라 추세로 굳어진 상태입니다.,STORE_DECLINE_STREAK|CONTRACT_END_HIGH|STORE_DECLINE,73.72,16.18,89.9,70.4
BRD_20210564,피자스웨그,2024,4,3,0,계약·구조,나가는 점포가 들어오는 점포보다 많습니다,2024년 신규 개점 3개에 견줘 계약종료·해지가 12개로 9개 더 많습니다. 순유출 상태입니다.,CHURN_EXCEEDS_OPEN|SMALL_SCALE|YOUNG_BRAND,73.65,8.46,82.112,64.4
BRD_20191218,은하별,2024,9,8,4,계약·매출·성장·구조,계약을 끝내는 가맹점이 많습니다,"2024년에 계약이 끝난 가맹점이 9개로, 연초 점포의 36.0%입니다. 서양식 업종 상위 18%에 해당합니다. 업종 중간값은 5.9%입니다.",CONTRACT_END_HIGH|SALES_DECLINE_STREAK|STORE_DECLINE,73.58,27.51,101.089,80.2
BRD_20200731,꼬기만땅 점보비빔밥,2024,6,5,2,계약·성장·구조,중도 해지가 많습니다,계약 기간을 채우지 못하고 중도 해지한 가맹점이 7개(24.1%)입니다. 만기 종료와 달리 중도 해지는 점주가 손실을 감수하고 나가는 것이라 수익성 악화 신호로 봅니다.,CANCEL_HIGH|STORE_DECLINE|CHURN_EXCEEDS_OPEN,73.51,22.93,96.44,75.9
BRD_20200206,깨봉이국물떡볶이,2024,4,3,1,계약·구조,중도 해지가 많습니다,계약 기간을 채우지 못하고 중도 해지한 가맹점이 14개(50.0%)입니다. 만기 종료와 달리 중도 해지는 점주가 손실을 감수하고 나가는 것이라 수익성 악화 신호로 봅니다.,CANCEL_HIGH|SMALL_SCALE|YOUNG_BRAND,73.44,13.63,87.066,68.2
BRD_20200586,오유미당,2024,11,10,3,계약·매출·성장·구조,중도 해지가 많습니다,계약 기간을 채우지 못하고 중도 해지한 가맹점이 12개(26.1%)입니다. 만기 종료와 달리 중도 해지는 점주가 손실을 감수하고 나가는 것이라 수익성 악화 신호로 봅니다.,CANCEL_HIGH|SALES_DECLINE_STREAK|STORE_DECLINE,73.37,27.8,101.166,80.2
BRD_20170828,리얼안심탕수육,2024,9,8,2,성장·계약·매출·구조,가맹점이 줄었습니다,2024년 가맹점이 53개에서 41개로 12개(-22.6%) 줄었습니다. 같은 기타 외식 업종의 중간값은 +0.0%입니다.,STORE_DECLINE|STORE_DECLINE_STREAK|CHURN_EXCEEDS_OPEN,73.3,24.73,98.029,77.2
BRD_20214931,탕참탕수육참잘하는집,2024,7,6,3,계약·매출·성장·구조,계약을 끝내는 가맹점이 많습니다,"2024년에 계약이 끝난 가맹점이 95개로, 연초 점포의 42.6%입니다. 중식 업종 상위 13%에 해당합니다. 업종 중간값은 7.2%입니다.",CONTRACT_END_HIGH|SALES_DECLINE_STREAK|STORE_DECLINE,73.23,26.6,99.835,78.8
BRD_20190884,COFFEE COOK (커피쿡),2024,2,0,0,,특이 소견 없음,공시 지표에서 눈에 띄는 악화 신호가 확인되지 않았습니다.,,73.16,-3.98,69.186,53.7
BRD_20200879,막이오름,2024,8,7,3,계약·매출·성장·구조,계약을 끝내는 가맹점이 많습니다,"2024년에 계약이 끝난 가맹점이 11개로, 연초 점포의 37.9%입니다. 주점 업종 상위 16%에 해당합니다. 업종 중간값은 10.0%입니다.",CONTRACT_END_HIGH|SALES_DECLINE_STREAK|STORE_DECLINE,73.09,25.83,98.919,78.0
BRD_20201169,그집곱닭도리탕,2024,4,2,1,계약·구조,계약을 끝내는 가맹점이 많습니다,"2024년에 계약이 끝난 가맹점이 28개로, 연초 점포의 42.4%입니다. 한식 업종 상위 15%에 해당합니다. 업종 중간값은 4.6%입니다.",CONTRACT_END_HIGH|YOUNG_BRAND,73.02,9.65,82.669,64.8
BRD_20080100482,토프레소,2024,9,8,2,성장·계약·매출,가맹점이 줄었습니다,2024년 가맹점이 129개에서 98개로 31개(-24.0%) 줄었습니다. 같은 커피 업종의 중간값은 +0.0%입니다.,STORE_DECLINE|STORE_DECLINE_STREAK|CHURN_EXCEEDS_OPEN,72.95,24.3,97.25,76.5
BRD_20080100371,하코야,2024,9,9,5,계약·재무·매출·성장·구조,계약을 끝내는 가맹점이 많습니다,"2024년에 계약이 끝난 가맹점이 6개로, 연초 점포의 40.0%입니다. 일식 업종 상위 12%에 해당합니다. 업종 중간값은 0.0%입니다.",CONTRACT_END_HIGH|HQ_REVENUE_DECLINE|SALES_DECLINE,72.88,28.86,101.74,80.9
BRD_20201793,국제시장 돼지국밥,2024,6,4,2,계약·매출·구조,계약을 끝내는 가맹점이 많습니다,"2024년에 계약이 끝난 가맹점이 35개로, 연초 점포의 72.9%입니다. 한식 업종 상위 5%에 해당합니다. 업종 중간값은 4.6%입니다.",CONTRACT_END_HIGH|SALES_DECLINE_STREAK|SALES_LOW_RANK,72.82,19.98,92.792,73.0
BRD_20201507,돈까스회관,2024,10,9,3,계약·매출·성장·구조,계약을 끝내는 가맹점이 많습니다,"2024년에 계약이 끝난 가맹점이 21개로, 연초 점포의 50.0%입니다. 기타 외식 업종 상위 8%에 해당합니다. 업종 중간값은 9.5%입니다.",CONTRACT_END_HIGH|SALES_DECLINE_STREAK|STORE_DECLINE,72.75,27.51,100.257,79.3
BRD_20190933,봉구통닭,2024,6,5,1,성장·매출·구조,4년 연속 감소,가맹점 수가 2020년 42개에서 2024년 7개까지 4년 내리 줄었습니다(누적 -83.3%). 한 해 부진이 아니라 추세로 굳어진 상태입니다.,STORE_DECLINE_STREAK|SALES_DECLINE|STORE_DECLINE,72.68,19.23,91.909,72.2
BRD_20190659,갯벌의 조개,2024,4,2,0,구조,규모가 작습니다,"가맹점이 48개로, 점포 몇 곳만 이탈해도 브랜드 지표가 크게 흔들립니다. 충격을 흡수할 여력이 얇습니다.",SMALL_SCALE|YOUNG_BRAND,72.61,-1.3,71.308,55.8
BRD_20080100499,치킨더홈,2024,7,5,2,계약·성장·구조,중도 해지가 많습니다,계약 기간을 채우지 못하고 중도 해지한 가맹점이 16개(21.9%)입니다. 만기 종료와 달리 중도 해지는 점주가 손실을 감수하고 나가는 것이라 수익성 악화 신호로 봅니다.,CANCEL_HIGH|STORE_DECLINE|CHURN_EXCEEDS_OPEN,72.54,20.36,92.899,73.2
BRD_20210216,일일양,2024,8,7,3,계약·매출·성장·구조,계약을 끝내는 가맹점이 많습니다,"2024년에 계약이 끝난 가맹점이 9개로, 연초 점포의 25.7%입니다. 한식 업종 상위 25%에 해당합니다. 업종 중간값은 4.6%입니다.",CONTRACT_END_HIGH|SALES_DECLINE_STREAK|STORE_DECLINE,72.47,26.75,99.219,78.6
BRD_20150449,유가네한우곰탕,2024,5,3,1,계약·성장,계약을 끝내는 가맹점이 많습니다,"2024년에 계약이 끝난 가맹점이 22개로, 연초 점포의 30.6%입니다. 한식 업종 상위 22%에 해당합니다. 업종 중간값은 4.6%입니다.",CONTRACT_END_HIGH|CHURN_EXCEEDS_OPEN|STORE_DECLINE,72.4,14.71,87.113,68.2
BRD_20201592,윤이불닭발,2024,3,2,0,계약·구조,계약을 끝내는 가맹점이 많습니다,"2024년에 계약이 끝난 가맹점이 14개로, 연초 점포의 15.4%입니다. 기타 외식 업종 상위 40%에 해당합니다. 업종 중간값은 9.5%입니다.",CONTRACT_END_HIGH|YOUNG_BRAND,72.33,7.82,80.146,62.9
BRD_20191086,반미362,2024,7,6,0,매출·구조·성장,가맹점 평균매출이 떨어졌습니다,점포당 연매출이 1.9억원에서 1.6억원으로 -17.6% 줄었습니다. 같은 업종 중간값은 -3.1%입니다. 매출이 줄면 점주의 대출 상환 여력이 먼저 나빠집니다.,SALES_DECLINE|SALES_LOW_RANK|SALES_PER_AREA_DECLINE,72.26,12.66,84.918,66.6
BRD_20201121,"챙길,밥",2024,13,13,6,계약·재무·매출·성장·구조,계약을 끝내는 가맹점이 많습니다,"2024년에 계약이 끝난 가맹점이 19개로, 연초 점포의 32.8%입니다. 한식 업종 상위 21%에 해당합니다. 업종 중간값은 4.6%입니다.",CONTRACT_END_HIGH|HQ_AUDIT_OPINION|HQ_EQUITY_NEGATIVE,72.19,29.37,101.562,80.7
BRD_20140706,코리엔탈깻잎두마리치킨,2024,7,6,2,계약·성장·매출,계약을 끝내는 가맹점이 많습니다,"2024년에 계약이 끝난 가맹점이 51개로, 연초 점포의 33.1%입니다. 치킨 업종 상위 18%에 해당합니다. 업종 중간값은 6.7%입니다.",CONTRACT_END_HIGH|STORE_DECLINE_STREAK|CHURN_EXCEEDS_OPEN,72.12,24.66,96.786,76.0
BRD_20220664,전국3대춘천닭갈비,2024,9,8,3,계약·매출·성장·구조,계약을 끝내는 가맹점이 많습니다,"2024년에 계약이 끝난 가맹점이 25개로, 연초 점포의 42.4%입니다. 한식 업종 상위 15%에 해당합니다. 업종 중간값은 4.6%입니다.",CONTRACT_END_HIGH|SALES_DECLINE|STORE_DECLINE,72.05,26.89,98.943,78.2
BRD_20231209,생마차,2024,4,2,0,계약·구조,점주 교체가 잦습니다,"명의변경이 2건(14.3%)입니다. 점포는 유지되지만 운영자가 바뀌는 것으로, 폐점 직전 단계에서 자주 나타납니다.",NAME_CHANGE_HIGH|YOUNG_BRAND,71.98,0.0,71.983,56.4
BRD_20180609,유케야,2024,11,10,5,계약·매출·성장·구조,중도 해지가 많습니다,계약 기간을 채우지 못하고 중도 해지한 가맹점이 5개(25.0%)입니다. 만기 종료와 달리 중도 해지는 점주가 손실을 감수하고 나가는 것이라 수익성 악화 신호로 봅니다.,CANCEL_HIGH|CONTRACT_END_HIGH|SALES_DECLINE_STREAK,71.91,28.6,100.513,79.6
BRD_20141066,불스떡볶이,2024,10,9,4,계약·매출·성장·구조,중도 해지가 많습니다,계약 기간을 채우지 못하고 중도 해지한 가맹점이 26개(44.8%)입니다. 만기 종료와 달리 중도 해지는 점주가 손실을 감수하고 나가는 것이라 수익성 악화 신호로 봅니다.,CANCEL_HIGH|SALES_DECLINE_STREAK|STORE_DECLINE,71.84,27.62,99.464,78.7
BRD_20170998,유로코피자(EUROKO PIZZA),2024,7,6,2,계약·매출·성장,중도 해지가 많습니다,계약 기간을 채우지 못하고 중도 해지한 가맹점이 17개(24.6%)입니다. 만기 종료와 달리 중도 해지는 점주가 손실을 감수하고 나가는 것이라 수익성 악화 신호로 봅니다.,CANCEL_HIGH|SALES_DECLINE|CHURN_EXCEEDS_OPEN,71.78,24.66,96.439,75.8
BRD_20210040,악동삼겹,2024,10,9,3,계약·매출·성장·구조,중도 해지가 많습니다,계약 기간을 채우지 못하고 중도 해지한 가맹점이 11개(44.0%)입니다. 만기 종료와 달리 중도 해지는 점주가 손실을 감수하고 나가는 것이라 수익성 악화 신호로 봅니다.,CANCEL_HIGH|SALES_DECLINE_STREAK|STORE_DECLINE,71.71,27.28,98.984,78.4
BRD_20210393,덕수파스타 딜리버리,2024,6,5,0,계약·구조·매출,나가는 점포가 들어오는 점포보다 많습니다,2024년 신규 개점 0개에 견줘 계약종료·해지가 34개로 34개 더 많습니다. 순유출 상태입니다.,CHURN_EXCEEDS_OPEN|REGION_SHRINK|SALES_LOW_RANK,71.64,17.08,88.719,69.2
BRD_20170265,마린보이 코다리1번가,2024,2,1,0,구조,규모가 작습니다,"가맹점이 33개로, 점포 몇 곳만 이탈해도 브랜드 지표가 크게 흔들립니다. 충격을 흡수할 여력이 얇습니다.",SMALL_SCALE,71.57,2.0,73.564,57.4
BRD_20161278,팔팔핫도그,2024,6,4,2,성장·매출·구조,가맹점이 줄었습니다,2024년 가맹점이 6개에서 5개로 1개(-16.7%) 줄었습니다. 같은 패스트푸드 업종의 중간값은 +0.0%입니다.,STORE_DECLINE|STORE_DECLINE_STREAK|SALES_LOW_RANK,71.5,17.62,89.113,69.6
BRD_20130247,이웃집소녀떡볶이,2024,9,8,4,계약·매출·성장·구조,계약을 끝내는 가맹점이 많습니다,"2024년에 계약이 끝난 가맹점이 10개로, 연초 점포의 38.5%입니다. 분식 업종 상위 13%에 해당합니다. 업종 중간값은 5.3%입니다.",CONTRACT_END_HIGH|SALES_DECLINE|STORE_DECLINE,71.43,27.51,98.939,78.1
BRD_20211698,헤즈업,2024,4,1,0,계약,점주 교체가 잦습니다,"명의변경이 8건(24.2%)입니다. 점포는 유지되지만 운영자가 바뀌는 것으로, 폐점 직전 단계에서 자주 나타납니다.",NAME_CHANGE_HIGH,71.36,-5.92,65.438,50.3
BRD_20201258,동방축산,2024,10,9,3,계약·매출·성장·구조,중도 해지가 많습니다,계약 기간을 채우지 못하고 중도 해지한 가맹점이 23개(59.0%)입니다. 만기 종료와 달리 중도 해지는 점주가 손실을 감수하고 나가는 것이라 수익성 악화 신호로 봅니다.,CANCEL_HIGH|SALES_DECLINE|STORE_DECLINE,71.29,27.69,98.985,78.4
BRD_20200775,덮밥90도씨,2024,12,11,5,계약·매출·성장·구조,중도 해지가 많습니다,계약 기간을 채우지 못하고 중도 해지한 가맹점이 15개(30.0%)입니다. 만기 종료와 달리 중도 해지는 점주가 손실을 감수하고 나가는 것이라 수익성 악화 신호로 봅니다.,CANCEL_HIGH|CONTRACT_END_HIGH|SALES_DECLINE_STREAK,71.22,28.66,99.882,78.9
BRD_20190978,한끼한죽,2024,9,8,3,계약·매출·성장·구조,계약을 끝내는 가맹점이 많습니다,"2024년에 계약이 끝난 가맹점이 54개로, 연초 점포의 50.9%입니다. 한식 업종 상위 10%에 해당합니다. 업종 중간값은 4.6%입니다.",CONTRACT_END_HIGH|SALES_DECLINE_STREAK|STORE_DECLINE,71.15,27.8,98.947,78.3
BRD_20090500007,경아두마리치킨,2024,7,5,2,성장·계약·구조,가맹점이 줄었습니다,2024년 가맹점이 48개에서 40개로 8개(-16.7%) 줄었습니다. 같은 치킨 업종의 중간값은 +0.0%입니다.,STORE_DECLINE|STORE_DECLINE_STREAK|CHURN_EXCEEDS_OPEN,71.08,18.93,90.016,70.5
BRD_20211923,도리당,2024,4,2,0,구조,규모가 작습니다,"가맹점이 35개로, 점포 몇 곳만 이탈해도 브랜드 지표가 크게 흔들립니다. 충격을 흡수할 여력이 얇습니다.",SMALL_SCALE|YOUNG_BRAND,71.01,-1.3,69.713,54.4
BRD_20191021,돈갓,2024,8,6,2,계약·성장·구조,중도 해지가 많습니다,계약 기간을 채우지 못하고 중도 해지한 가맹점이 44개(89.8%)입니다. 만기 종료와 달리 중도 해지는 점주가 손실을 감수하고 나가는 것이라 수익성 악화 신호로 봅니다.,CANCEL_HIGH|STORE_DECLINE|CHURN_EXCEEDS_OPEN,70.94,23.22,94.16,73.8
BRD_20120100595,못말리는파닭,2024,9,8,3,계약·성장·매출·구조,중도 해지가 많습니다,계약 기간을 채우지 못하고 중도 해지한 가맹점이 9개(28.1%)입니다. 만기 종료와 달리 중도 해지는 점주가 손실을 감수하고 나가는 것이라 수익성 악화 신호로 봅니다.,CANCEL_HIGH|STORE_DECLINE|STORE_DECLINE_STREAK,70.87,26.36,97.235,76.4
BRD_20214465,볶음밥도사,2024,7,5,1,매출·계약·구조,가맹점 평균매출이 떨어졌습니다,점포당 연매출이 1.9억원에서 1.1억원으로 -39.7% 줄었습니다. 같은 업종 중간값은 -3.5%입니다. 매출이 줄면 점주의 대출 상환 여력이 먼저 나빠집니다.,SALES_DECLINE|SALES_LOW_RANK|NAME_CHANGE_HIGH,70.8,13.71,84.51,66.2
BRD_20150166,그라찌에,2024,7,6,2,계약·성장·구조·매출,중도 해지가 많습니다,계약 기간을 채우지 못하고 중도 해지한 가맹점이 10개(26.3%)입니다. 만기 종료와 달리 중도 해지는 점주가 손실을 감수하고 나가는 것이라 수익성 악화 신호로 봅니다.,CANCEL_HIGH|STORE_DECLINE|CHURN_EXCEEDS_OPEN,70.74,25.8,96.535,75.9
BRD_20200044,갓샐러드&갓요거트,2024,10,9,3,계약·성장·구조·매출,계약을 끝내는 가맹점이 많습니다,"2024년에 계약이 끝난 가맹점이 8개로, 연초 점포의 47.1%입니다. 기타 외국식 업종 상위 10%에 해당합니다. 업종 중간값은 0.0%입니다.",CONTRACT_END_HIGH|STORE_DECLINE|STORE_DECLINE_STREAK,70.67,27.3,97.961,77.1
BRD_20211458,양호실떡볶이,2024,11,10,3,계약·매출·성장·구조,계약을 끝내는 가맹점이 많습니다,"2024년에 계약이 끝난 가맹점이 8개로, 연초 점포의 44.4%입니다. 분식 업종 상위 11%에 해당합니다. 업종 중간값은 5.3%입니다.",CONTRACT_END_HIGH|SALES_DECLINE_STREAK|STORE_DECLINE,70.6,27.99,98.582,77.7
BRD_20180676,오산조은참치,2024,6,5,1,성장·계약·구조,3년 연속 감소,가맹점 수가 2021년 33개에서 2024년 17개까지 3년 내리 줄었습니다(누적 -48.5%). 한 해 부진이 아니라 추세로 굳어진 상태입니다.,STORE_DECLINE_STREAK|CONTRACT_END_HIGH|STORE_DECLINE,70.53,19.23,89.759,70.3
BRD_20191322,선식당,2024,7,6,3,계약·성장·매출·구조,중도 해지가 많습니다,계약 기간을 채우지 못하고 중도 해지한 가맹점이 7개(25.9%)입니다. 만기 종료와 달리 중도 해지는 점주가 손실을 감수하고 나가는 것이라 수익성 악화 신호로 봅니다.,CANCEL_HIGH|STORE_DECLINE|STORE_DECLINE_STREAK,70.46,24.47,94.924,74.4
BRD_20180559,밥통령,2024,10,9,2,계약·성장·구조·매출,중도 해지가 많습니다,계약 기간을 채우지 못하고 중도 해지한 가맹점이 15개(33.3%)입니다. 만기 종료와 달리 중도 해지는 점주가 손실을 감수하고 나가는 것이라 수익성 악화 신호로 봅니다.,CANCEL_HIGH|STORE_DECLINE|CHURN_EXCEEDS_OPEN,70.39,26.91,97.298,76.6
BRD_20212216,조선부뚜막,2024,9,8,3,계약·매출·성장·구조,계약을 끝내는 가맹점이 많습니다,"2024년에 계약이 끝난 가맹점이 19개로, 연초 점포의 33.3%입니다. 한식 업종 상위 19%에 해당합니다. 업종 중간값은 4.6%입니다.",CONTRACT_END_HIGH|SALES_DECLINE|STORE_DECLINE,70.32,27.36,97.683,76.9
BRD_20110100608,명동칼국수,2024,2,1,0,구조,규모가 작습니다,"가맹점이 13개로, 점포 몇 곳만 이탈해도 브랜드 지표가 크게 흔들립니다. 충격을 흡수할 여력이 얇습니다.",SMALL_SCALE,70.25,2.0,72.247,56.5
BRD_20170549,맛있는 오칠구,2024,4,3,2,성장·구조,가맹점이 줄었습니다,2024년 가맹점이 6개에서 5개로 1개(-16.7%) 줄었습니다. 같은 기타 외식 업종의 중간값은 +0.0%입니다.,STORE_DECLINE|STORE_DECLINE_STREAK|SMALL_SCALE,70.18,16.25,86.434,67.5
BRD_20110100042,치르치르,2024,5,4,1,매출·재무·구조,매출이 2년 연속 하락,점포당 매출이 2022년 9.8억원에서 2024년 3.4억원까지 2년 내리 줄었습니다(누적 -64.9%).,SALES_DECLINE_STREAK|HQ_REVENUE_DECLINE|HQ_OPERATING_LOSS,70.11,15.17,85.276,67.0
BRD_20170900,웅이네 오돌뼈,2024,7,5,2,계약·성장·구조,계약을 끝내는 가맹점이 많습니다,"2024년에 계약이 끝난 가맹점이 24개로, 연초 점포의 27.0%입니다. 기타 외식 업종 상위 24%에 해당합니다. 업종 중간값은 9.5%입니다.",CONTRACT_END_HIGH|STORE_DECLINE|CHURN_EXCEEDS_OPEN,70.04,22.93,92.973,73.2
BRD_20190853,인생건어물맥주,2024,9,8,1,매출·계약·구조·성장,가맹점 평균매출이 떨어졌습니다,점포당 연매출이 2.0억원에서 629만원으로 -96.9% 줄었습니다. 같은 업종 중간값은 -9.0%입니다. 매출이 줄면 점주의 대출 상환 여력이 먼저 나빠집니다.,SALES_DECLINE|CANCEL_HIGH|CHURN_EXCEEDS_OPEN,69.97,25.31,95.279,74.9
BRD_20090100099,신마포갈매기,2024,9,8,6,계약·재무·성장,계약을 끝내는 가맹점이 많습니다,"2024년에 계약이 끝난 가맹점이 22개로, 연초 점포의 28.9%입니다. 한식 업종 상위 23%에 해당합니다. 업종 중간값은 4.6%입니다.",CONTRACT_END_HIGH|HQ_CAPITAL_IMPAIRED|HQ_HIGH_LEVERAGE,69.9,27.77,97.67,76.8
BRD_20221304,7곡제면소,2024,3,2,0,구조,규모가 작습니다,"가맹점이 32개로, 점포 몇 곳만 이탈해도 브랜드 지표가 크게 흔들립니다. 충격을 흡수할 여력이 얇습니다.",SMALL_SCALE|YOUNG_BRAND,69.83,2.69,72.526,56.7
BRD_20210896,참다랑어 막주는 집,2024,9,8,3,계약·매출·성장·구조,중도 해지가 많습니다,계약 기간을 채우지 못하고 중도 해지한 가맹점이 6개(12.2%)입니다. 만기 종료와 달리 중도 해지는 점주가 손실을 감수하고 나가는 것이라 수익성 악화 신호로 봅니다.,CANCEL_HIGH|SALES_DECLINE_STREAK|STORE_DECLINE_STREAK,69.76,27.15,96.919,76.1
BRD_20110600016,달구지막창,2024,8,6,1,성장·계약·구조·매출,8년 연속 감소,가맹점 수가 2016년 53개에서 2024년 20개까지 8년 내리 줄었습니다(누적 -62.3%). 한 해 부진이 아니라 추세로 굳어진 상태입니다.,STORE_DECLINE_STREAK|CONTRACT_END_HIGH|REGION_SHRINK,69.69,22.33,92.023,72.3
BRD_20190005,뚱보집,2024,7,5,3,계약·성장·구조,중도 해지가 많습니다,계약 기간을 채우지 못하고 중도 해지한 가맹점이 8개(28.6%)입니다. 만기 종료와 달리 중도 해지는 점주가 손실을 감수하고 나가는 것이라 수익성 악화 신호로 봅니다.,CANCEL_HIGH|STORE_DECLINE|STORE_DECLINE_STREAK,69.63,22.1,91.728,72.1
BRD_20190842,돼지영농후계자,2024,6,5,2,계약·성장·구조,중도 해지가 많습니다,계약 기간을 채우지 못하고 중도 해지한 가맹점이 13개(38.2%)입니다. 만기 종료와 달리 중도 해지는 점주가 손실을 감수하고 나가는 것이라 수익성 악화 신호로 봅니다.,CANCEL_HIGH|STORE_DECLINE|CHURN_EXCEEDS_OPEN,69.56,22.93,92.488,72.8
BRD_20201727,남바완돈카츠,2024,4,3,0,계약·구조,나가는 점포가 들어오는 점포보다 많습니다,2024년 신규 개점 11개에 견줘 계약종료·해지가 19개로 8개 더 많습니다. 순유출 상태입니다.,CHURN_EXCEEDS_OPEN|SMALL_SCALE|YOUNG_BRAND,69.49,8.46,77.951,61.6
BRD_20180406,웰덤치킨,2024,10,9,4,계약·매출·성장·구조,계약을 끝내는 가맹점이 많습니다,"2024년에 계약이 끝난 가맹점이 13개로, 연초 점포의 36.1%입니다. 치킨 업종 상위 13%에 해당합니다. 업종 중간값은 6.7%입니다.",CONTRACT_END_HIGH|SALES_DECLINE_STREAK|STORE_DECLINE,69.42,28.16,97.577,76.8
BRD_20231554,밥구정로데오,2024,4,2,0,구조,규모가 작습니다,"가맹점이 34개로, 점포 몇 곳만 이탈해도 브랜드 지표가 크게 흔들립니다. 충격을 흡수할 여력이 얇습니다.",SMALL_SCALE|YOUNG_BRAND,69.35,-1.3,68.049,52.6
BRD_20150050,대독장,2024,6,5,2,성장·계약·구조,가맹점이 줄었습니다,2024년 가맹점이 9개에서 1개로 8개(-88.9%) 줄었습니다. 같은 한식 업종의 중간값은 +0.0%입니다.,STORE_DECLINE|STORE_DECLINE_STREAK|CHURN_EXCEEDS_OPEN,69.28,22.37,91.652,72.0
BRD_20211200,라화공방,2024,7,6,0,계약·성장·매출·구조,중도 해지가 많습니다,계약 기간을 채우지 못하고 중도 해지한 가맹점이 2개(6.7%)입니다. 만기 종료와 달리 중도 해지는 점주가 손실을 감수하고 나가는 것이라 수익성 악화 신호로 봅니다.,CANCEL_HIGH|NEW_OPEN_STALL|SALES_LOW_RANK,69.21,18.38,87.592,68.4
BRD_20200757,한결통아구찜,2024,6,5,1,계약·성장·구조,계약을 끝내는 가맹점이 많습니다,"2024년에 계약이 끝난 가맹점이 8개로, 연초 점포의 27.6%입니다. 한식 업종 상위 24%에 해당합니다. 업종 중간값은 4.6%입니다.",CONTRACT_END_HIGH|CHURN_EXCEEDS_OPEN|STORE_DECLINE,69.14,19.23,88.372,68.9
BRD_20200828,두돈까스,2024,12,12,6,계약·재무·매출·성장·구조,계약을 끝내는 가맹점이 많습니다,"2024년에 계약이 끝난 가맹점이 5개로, 연초 점포의 38.5%입니다. 한식 업종 상위 17%에 해당합니다. 업종 중간값은 4.6%입니다.",CONTRACT_END_HIGH|HQ_AUDIT_OPINION|HQ_EQUITY_NEGATIVE,69.07,29.28,98.348,77.4
BRD_20171100,어사출또,2024,3,1,0,구조,규모가 작습니다,"가맹점이 45개로, 점포 몇 곳만 이탈해도 브랜드 지표가 크게 흔들립니다. 충격을 흡수할 여력이 얇습니다.",SMALL_SCALE,69.0,-2.0,67.004,51.8
BRD_20180488,브라더탕수,2024,8,7,2,계약·성장·매출·구조,계약을 끝내는 가맹점이 많습니다,"2024년에 계약이 끝난 가맹점이 9개로, 연초 점포의 47.4%입니다. 기타 외식 업종 상위 11%에 해당합니다. 업종 중간값은 9.5%입니다.",CONTRACT_END_HIGH|STORE_DECLINE|CHURN_EXCEEDS_OPEN,68.93,25.28,94.209,73.9
BRD_20200439,에바돈가츠,2024,10,9,2,매출·성장·계약·구조,매출이 3년 연속 하락,점포당 매출이 2021년 3.1억원에서 2024년 2.1억원까지 3년 내리 줄었습니다(누적 -30.0%).,SALES_DECLINE_STREAK|STORE_DECLINE|CANCEL_HIGH,68.86,26.36,95.223,74.8
BRD_20140157,만족오향족발,2024,4,2,1,계약·구조,계약을 끝내는 가맹점이 많습니다,"2024년에 계약이 끝난 가맹점이 24개로, 연초 점포의 43.6%입니다. 한식 업종 상위 14%에 해당합니다. 업종 중간값은 4.6%입니다.",CONTRACT_END_HIGH|REGION_SHRINK,68.79,13.07,81.858,64.1
BRD_20220554,리파인,2024,9,8,2,계약·성장·구조·매출,계약을 끝내는 가맹점이 많습니다,"2024년에 계약이 끝난 가맹점이 15개로, 연초 점포의 38.5%입니다. 한식 업종 상위 17%에 해당합니다. 업종 중간값은 4.6%입니다.",CONTRACT_END_HIGH|STORE_DECLINE|CHURN_EXCEEDS_OPEN,68.72,26.15,94.874,74.3
BRD_20150845,산쪼메,2024,5,4,0,계약·성장·구조,계약을 끝내는 가맹점이 많습니다,"2024년에 계약이 끝난 가맹점이 4개로, 연초 점포의 12.9%입니다. 기타 외식 업종 상위 45%에 해당합니다. 업종 중간값은 9.5%입니다.",CONTRACT_END_HIGH|STORE_DECLINE_STREAK|SMALL_SCALE,68.65,13.63,82.281,64.4
BRD_20090100509,뽕뜨락피자,2024,5,4,1,성장·계약,8년 연속 감소,가맹점 수가 2016년 259개에서 2024년 50개까지 8년 내리 줄었습니다(누적 -80.7%). 한 해 부진이 아니라 추세로 굳어진 상태입니다.,STORE_DECLINE_STREAK|CHURN_EXCEEDS_OPEN|CONTRACT_END_HIGH,68.59,18.87,87.46,68.3
BRD_20120100376,옛날장터치킨,2024,8,7,4,계약·매출·성장·구조,중도 해지가 많습니다,계약 기간을 채우지 못하고 중도 해지한 가맹점이 4개(14.3%)입니다. 만기 종료와 달리 중도 해지는 점주가 손실을 감수하고 나가는 것이라 수익성 악화 신호로 봅니다.,CANCEL_HIGH|SALES_DECLINE_STREAK|STORE_DECLINE,68.52,27.4,95.913,75.5
BRD_20210291,3X-LARGE COFFEE,2024,3,2,0,구조,규모가 작습니다,"가맹점이 34개로, 점포 몇 곳만 이탈해도 브랜드 지표가 크게 흔들립니다. 충격을 흡수할 여력이 얇습니다.",SMALL_SCALE|YOUNG_BRAND,68.45,2.69,71.139,55.6
BRD_20201339,마요네즈 (mayonnaise),2024,8,7,2,계약·성장·매출·구조,계약을 끝내는 가맹점이 많습니다,"2024년에 계약이 끝난 가맹점이 15개로, 연초 점포의 38.5%입니다. 일식 업종 상위 13%에 해당합니다. 업종 중간값은 0.0%입니다.",CONTRACT_END_HIGH|STORE_DECLINE|CANCEL_HIGH,68.38,25.28,93.655,73.6
BRD_20212341,바나타이거,2024,6,4,0,계약·매출·구조,계약을 끝내는 가맹점이 많습니다,"2024년에 계약이 끝난 가맹점이 4개로, 연초 점포의 16.7%입니다. 커피 업종 상위 24%에 해당합니다. 업종 중간값은 0.0%입니다.",CONTRACT_END_HIGH|SALES_DECLINE|SALES_PER_AREA_DECLINE,68.31,10.27,78.576,61.9
BRD_20160395,배부장찌개,2024,2,1,0,계약,나가는 점포가 들어오는 점포보다 많습니다,2024년 신규 개점 6개에 견줘 계약종료·해지가 9개로 3개 더 많습니다. 순유출 상태입니다.,CHURN_EXCEEDS_OPEN,68.24,5.92,74.16,58.1
BRD_20180733,범프리카인생치킨,2024,8,7,4,계약·매출·성장·구조,중도 해지가 많습니다,계약 기간을 채우지 못하고 중도 해지한 가맹점이 16개(76.2%)입니다. 만기 종료와 달리 중도 해지는 점주가 손실을 감수하고 나가는 것이라 수익성 악화 신호로 봅니다.,CANCEL_HIGH|SALES_DECLINE_STREAK|STORE_DECLINE,68.17,27.15,95.324,75.0
BRD_20161120,호수꼬치,2024,8,7,3,계약·매출·성장·구조,계약을 끝내는 가맹점이 많습니다,"2024년에 계약이 끝난 가맹점이 6개로, 연초 점포의 33.3%입니다. 한식 업종 상위 19%에 해당합니다. 업종 중간값은 4.6%입니다.",CONTRACT_END_HIGH|SALES_DECLINE_STREAK|STORE_DECLINE,68.1,27.03,95.125,74.5
BRD_20150339,산카이 이자카야,2024,8,7,3,계약·매출·성장·구조,계약을 끝내는 가맹점이 많습니다,"2024년에 계약이 끝난 가맹점이 7개로, 연초 점포의 25.9%입니다. 일식 업종 상위 23%에 해당합니다. 업종 중간값은 0.0%입니다.",CONTRACT_END_HIGH|SALES_DECLINE_STREAK|STORE_DECLINE,68.03,26.75,94.781,74.1
BRD_20170147,마성떡볶이,2024,8,7,1,계약·구조·성장,중도 해지가 많습니다,계약 기간을 채우지 못하고 중도 해지한 가맹점이 7개(19.4%)입니다. 만기 종료와 달리 중도 해지는 점주가 손실을 감수하고 나가는 것이라 수익성 악화 신호로 봅니다.,CANCEL_HIGH|CHURN_EXCEEDS_OPEN|REGION_SHRINK,67.96,22.68,90.639,71.1
BRD_20190875,마라홀릭,2024,3,2,0,계약·구조,나가는 점포가 들어오는 점포보다 많습니다,2024년 신규 개점 0개에 견줘 계약종료·해지가 16개로 16개 더 많습니다. 순유출 상태입니다.,CHURN_EXCEEDS_OPEN|SMALL_SCALE,67.89,7.82,75.707,59.1
BRD_20130100171,한남동그집,2024,9,8,3,계약·매출·성장·구조,계약을 끝내는 가맹점이 많습니다,"2024년에 계약이 끝난 가맹점이 19개로, 연초 점포의 27.1%입니다. 주점 업종 상위 27%에 해당합니다. 업종 중간값은 10.0%입니다.",CONTRACT_END_HIGH|SALES_DECLINE_STREAK|STORE_DECLINE,67.75,27.8,95.549,75.0
BRD_20191444,할머니가래떡볶이,2024,7,6,2,계약·성장·매출·구조,계약을 끝내는 가맹점이 많습니다,"2024년에 계약이 끝난 가맹점이 38개로, 연초 점포의 34.9%입니다. 분식 업종 상위 16%에 해당합니다. 업종 중간값은 5.3%입니다.",CONTRACT_END_HIGH|STORE_DECLINE|CHURN_EXCEEDS_OPEN,67.82,23.72,91.544,71.8
BRD_20100100165,토마토도시락,2024,9,8,4,계약·매출·성장·구조,중도 해지가 많습니다,계약 기간을 채우지 못하고 중도 해지한 가맹점이 14개(23.0%)입니다. 만기 종료와 달리 중도 해지는 점주가 손실을 감수하고 나가는 것이라 수익성 악화 신호로 봅니다.,CANCEL_HIGH|SALES_DECLINE_STREAK|STORE_DECLINE,67.68,27.51,95.195,74.8
BRD_20211711,동네커피,2024,6,5,1,매출·성장·구조,매출이 2년 연속 하락,"점포당 매출이 2022년 1.6억원에서 2024년 6,336만원까지 2년 내리 줄었습니다(누적 -60.1%).",SALES_DECLINE_STREAK|NEW_OPEN_STALL|SALES_LOW_RANK,67.61,19.23,86.847,68.0
BRD_20090100360,육회지존,2024,6,5,2,계약·성장·구조,계약을 끝내는 가맹점이 많습니다,"2024년에 계약이 끝난 가맹점이 29개로, 연초 점포의 63.0%입니다. 기타 외식 업종 상위 6%에 해당합니다. 업종 중간값은 9.5%입니다.",CONTRACT_END_HIGH|STORE_DECLINE|CHURN_EXCEEDS_OPEN,67.55,23.94,91.488,71.7
BRD_20120100504,셀렉토커피,2024,8,6,2,계약·성장·평판,중도 해지가 많습니다,계약 기간을 채우지 못하고 중도 해지한 가맹점이 28개(17.1%)입니다. 만기 종료와 달리 중도 해지는 점주가 손실을 감수하고 나가는 것이라 수익성 악화 신호로 봅니다.,CANCEL_HIGH|STORE_DECLINE|CHURN_EXCEEDS_OPEN,67.48,22.1,89.578,70.0
BRD_20201844,샐러바웃,2024,7,6,0,계약·성장·매출·구조,나가는 점포가 들어오는 점포보다 많습니다,2024년 신규 개점 3개에 견줘 계약종료·해지가 7개로 4개 더 많습니다. 순유출 상태입니다.,CHURN_EXCEEDS_OPEN|CONTRACT_END_HIGH|STORE_DECLINE,67.41,16.67,84.079,65.7
BRD_20160785,완산골명가,2024,6,5,2,성장·계약·구조,가맹점이 줄었습니다,2024년 가맹점이 29개에서 24개로 5개(-17.2%) 줄었습니다. 같은 한식 업종의 중간값은 +0.0%입니다.,STORE_DECLINE|STORE_DECLINE_STREAK|CHURN_EXCEEDS_OPEN,67.34,21.14,88.479,69.0
BRD_20080100117,구이가,2024,5,4,2,매출·성장·구조,매출이 2년 연속 하락,점포당 매출이 2022년 3.5억원에서 2024년 3.0억원까지 2년 내리 줄었습니다(누적 -13.5%).,SALES_DECLINE_STREAK|STORE_DECLINE_STREAK|STORE_DECLINE,67.27,22.01,89.278,69.8
BRD_20211434,요거트월드,2024,5,2,0,계약·구조,계약을 끝내는 가맹점이 많습니다,"2024년에 계약이 끝난 가맹점이 17개로, 연초 점포의 17.9%입니다. 기타 외식 업종 상위 36%에 해당합니다. 업종 중간값은 9.5%입니다.",CONTRACT_END_HIGH|YOUNG_BRAND,67.2,0.0,67.198,51.9
BRD_20190606,행복한찜닭,2024,8,7,2,계약·매출·성장,계약을 끝내는 가맹점이 많습니다,"2024년에 계약이 끝난 가맹점이 30개로, 연초 점포의 35.3%입니다. 한식 업종 상위 18%에 해당합니다. 업종 중간값은 4.6%입니다.",CONTRACT_END_HIGH|SALES_DECLINE_STREAK|CHURN_EXCEEDS_OPEN,67.13,24.89,92.015,72.3
BRD_20170316,Emoi(에머이),2024,7,7,3,재무·매출·성장·계약·구조,감사의견 '한정',(주)에머이의 2023년 감사의견이 '한정'입니다. 적정의견이 아니라는 것은 재무제표 자체를 그대로 믿기 어렵다는 뜻입니다.,HQ_AUDIT_OPINION|SALES_DECLINE_STREAK|STORE_DECLINE,67.06,27.68,94.74,74.0
BRD_20180833,자가제빵 선명희피자,2024,4,3,1,매출·계약,매출이 3년 연속 하락,점포당 매출이 2021년 4.0억원에서 2024년 2.9억원까지 3년 내리 줄었습니다(누적 -27.9%).,SALES_DECLINE_STREAK|NAME_CHANGE_HIGH|SALES_PER_AREA_DECLINE,66.99,13.63,80.617,63.5
BRD_20191340,집밥e선생,2024,10,9,3,계약·매출·성장·구조,계약을 끝내는 가맹점이 많습니다,"2024년에 계약이 끝난 가맹점이 33개로, 연초 점포의 42.3%입니다. 한식 업종 상위 15%에 해당합니다. 업종 중간값은 4.6%입니다.",CONTRACT_END_HIGH|SALES_DECLINE_STREAK|STORE_DECLINE,66.92,27.89,94.814,74.1
BRD_20080100092,엘리팝,2024,10,9,4,계약·매출·성장·구조,계약을 끝내는 가맹점이 많습니다,"2024년에 계약이 끝난 가맹점이 11개로, 연초 점포의 25.0%입니다. 주점 업종 상위 27%에 해당합니다. 업종 중간값은 10.0%입니다.",CONTRACT_END_HIGH|SALES_DECLINE|STORE_DECLINE,66.85,27.82,94.676,73.9
BRD_20200969,청년고기장수,2024,5,3,1,계약·구조,계약을 끝내는 가맹점이 많습니다,"2024년에 계약이 끝난 가맹점이 17개로, 연초 점포의 38.6%입니다. 한식 업종 상위 16%에 해당합니다. 업종 중간값은 4.6%입니다.",CONTRACT_END_HIGH|SMALL_SCALE|YOUNG_BRAND,66.78,10.27,77.05,60.7
BRD_20211593,파란만잔,2024,5,3,0,계약·구조,계약을 끝내는 가맹점이 많습니다,"2024년에 계약이 끝난 가맹점이 6개로, 연초 점포의 14.3%입니다. 커피 업종 상위 27%에 해당합니다. 업종 중간값은 0.0%입니다.",CONTRACT_END_HIGH|SMALL_SCALE|YOUNG_BRAND,66.71,4.66,71.375,55.9
BRD_20080100412,피자와치킨의러브레터,2024,8,7,3,계약·성장·매출·구조,중도 해지가 많습니다,계약 기간을 채우지 못하고 중도 해지한 가맹점이 14개(26.9%)입니다. 만기 종료와 달리 중도 해지는 점주가 손실을 감수하고 나가는 것이라 수익성 악화 신호로 봅니다.,CANCEL_HIGH|STORE_DECLINE|STORE_DECLINE_STREAK,66.64,24.7,91.34,71.6
BRD_20200724,팔각도,2024,6,5,3,계약·매출·성장,계약을 끝내는 가맹점이 많습니다,"2024년에 계약이 끝난 가맹점이 46개로, 연초 점포의 25.4%입니다. 한식 업종 상위 25%에 해당합니다. 업종 중간값은 4.6%입니다.",CONTRACT_END_HIGH|SALES_DECLINE_STREAK|STORE_DECLINE,66.57,25.8,92.374,72.6
BRD_20211014,도야짬뽕,2024,5,3,0,계약·구조,중도 해지가 많습니다,계약 기간을 채우지 못하고 중도 해지한 가맹점이 5개(7.7%)입니다. 만기 종료와 달리 중도 해지는 점주가 손실을 감수하고 나가는 것이라 수익성 악화 신호로 봅니다.,CANCEL_HIGH|NAME_CHANGE_HIGH|YOUNG_BRAND,66.5,4.66,71.167,55.8
BRD_20120100560,도스마스,2024,4,1,0,구조,규모가 작습니다,"가맹점이 33개로, 점포 몇 곳만 이탈해도 브랜드 지표가 크게 흔들립니다. 충격을 흡수할 여력이 얇습니다.",SMALL_SCALE,66.44,-5.92,60.514,46.2
BRD_20180074,김충기꽃삼겹,2024,11,10,3,매출·성장·계약,매출이 2년 연속 하락,점포당 매출이 2022년 2.2억원에서 2024년 1.4억원까지 2년 내리 줄었습니다(누적 -32.7%).,SALES_DECLINE_STREAK|STORE_DECLINE|STORE_DECLINE_STREAK,66.37,26.97,93.334,73.5
BRD_20080200242,청양일초,2024,5,4,1,계약·매출·구조·성장,중도 해지가 많습니다,계약 기간을 채우지 못하고 중도 해지한 가맹점이 5개(19.2%)입니다. 만기 종료와 달리 중도 해지는 점주가 손실을 감수하고 나가는 것이라 수익성 악화 신호로 봅니다.,CANCEL_HIGH|SALES_DECLINE|SMALL_SCALE,66.3,18.75,85.05,66.7
BRD_20160807,파스토보이(pastoboy),2024,7,6,3,계약·성장·구조,중도 해지가 많습니다,계약 기간을 채우지 못하고 중도 해지한 가맹점이 18개(37.5%)입니다. 만기 종료와 달리 중도 해지는 점주가 손실을 감수하고 나가는 것이라 수익성 악화 신호로 봅니다.,CANCEL_HIGH|STORE_DECLINE|STORE_DECLINE_STREAK,66.23,24.01,90.242,70.7
BRD_20212427,고깃리88번지,2024,7,5,0,매출·계약·구조,가맹점 평균매출이 떨어졌습니다,점포당 연매출이 6.7억원에서 6.0억원으로 -11.2% 줄었습니다. 같은 업종 중간값은 -3.5%입니다. 매출이 줄면 점주의 대출 상환 여력이 먼저 나빠집니다.,SALES_DECLINE|NAME_CHANGE_HIGH|SALES_PER_AREA_DECLINE,66.16,7.25,73.412,57.3
BRD_20221036,뚜선장 쭈꾸미호,2024,7,5,0,계약·매출·구조,중도 해지가 많습니다,계약 기간을 채우지 못하고 중도 해지한 가맹점이 2개(5.4%)입니다. 만기 종료와 달리 중도 해지는 점주가 손실을 감수하고 나가는 것이라 수익성 악화 신호로 봅니다.,CANCEL_HIGH|CONTRACT_END_HIGH|SALES_LOW_RANK,66.09,12.08,78.165,61.7
BRD_20150273,쉐프의부대찌개,2024,3,2,0,계약·구조,나가는 점포가 들어오는 점포보다 많습니다,2024년 신규 개점 0개에 견줘 계약종료·해지가 3개로 3개 더 많습니다. 순유출 상태입니다.,CHURN_EXCEEDS_OPEN|SMALL_SCALE,66.02,7.82,73.835,57.8
BRD_20230924,고기듬뿍국물두루치기,2024,4,2,1,계약·구조,계약을 끝내는 가맹점이 많습니다,"2024년에 계약이 끝난 가맹점이 11개로, 연초 점포의 34.4%입니다. 한식 업종 상위 18%에 해당합니다. 업종 중간값은 4.6%입니다.",CONTRACT_END_HIGH|YOUNG_BRAND,65.95,9.65,75.595,58.9
NAME:청춘닭꼬치@외식,청춘닭꼬치,2024,7,6,1,계약·성장·매출·구조,계약을 끝내는 가맹점이 많습니다,"2024년에 계약이 끝난 가맹점이 17개로, 연초 점포의 41.5%입니다. 기타 외식 업종 상위 13%에 해당합니다. 업종 중간값은 9.5%입니다.",CONTRACT_END_HIGH|STORE_DECLINE|NAME_CHANGE_HIGH,65.88,19.58,85.462,67.2
BRD_20220831,노모어피자,2024,4,1,0,구조,가맹사업 업력이 짧습니다,"2022년에 가맹사업을 시작해 업력이 2년입니다. 초기 확장기에는 점포가 빠르게 늘지만, 첫 계약 만기가 돌아오는 시점에 이탈이 몰리는 경우가 많습니다.",YOUNG_BRAND,65.81,-5.92,59.89,45.6
BRD_20191113,1970새마을포차,2024,6,5,3,매출·성장·구조,가맹점 평균매출이 떨어졌습니다,점포당 연매출이 6.8억원에서 2.0억원으로 -70.1% 줄었습니다. 같은 업종 중간값은 -9.0%입니다. 매출이 줄면 점주의 대출 상환 여력이 먼저 나빠집니다.,SALES_DECLINE|STORE_DECLINE|STORE_DECLINE_STREAK,65.74,23.22,88.959,69.4
BRD_20221451,영삼이네우정소갈비,2024,7,5,1,계약·매출·구조,계약을 끝내는 가맹점이 많습니다,"2024년에 계약이 끝난 가맹점이 6개로, 연초 점포의 27.3%입니다. 한식 업종 상위 24%에 해당합니다. 업종 중간값은 4.6%입니다.",CONTRACT_END_HIGH|NAME_CHANGE_HIGH|SALES_DECLINE,65.67,12.57,78.247,61.7
BRD_20200463,핵밥,2024,8,6,1,계약·성장·구조,중도 해지가 많습니다,계약 기간을 채우지 못하고 중도 해지한 가맹점이 23개(20.7%)입니다. 만기 종료와 달리 중도 해지는 점주가 손실을 감수하고 나가는 것이라 수익성 악화 신호로 봅니다.,CANCEL_HIGH|CHURN_EXCEEDS_OPEN|CONTRACT_END_HIGH,65.6,18.07,83.671,65.6
BRD_20150488,개성집,2024,9,8,4,계약·매출·성장·구조,계약을 끝내는 가맹점이 많습니다,"2024년에 계약이 끝난 가맹점이 6개로, 연초 점포의 28.6%입니다. 기타 외식 업종 상위 22%에 해당합니다. 업종 중간값은 9.5%입니다.",CONTRACT_END_HIGH|SALES_DECLINE|STORE_DECLINE,65.53,27.28,92.812,73.1
BRD_20140599,마시그래이,2024,10,9,3,매출·성장·계약·구조,매출이 6년 연속 하락,점포당 매출이 2018년 1.4억원에서 2024년 1.0억원까지 6년 내리 줄었습니다(누적 -26.4%).,SALES_DECLINE_STREAK|STORE_DECLINE|STORE_DECLINE_STREAK,65.46,27.3,92.76,73.0
BRD_20230392,해탄,2024,3,1,0,구조,가맹사업 업력이 짧습니다,"2023년에 가맹사업을 시작해 업력이 1년입니다. 초기 확장기에는 점포가 빠르게 늘지만, 첫 계약 만기가 돌아오는 시점에 이탈이 몰리는 경우가 많습니다.",YOUNG_BRAND,65.4,-2.0,63.398,48.8
BRD_20150909,대독장,2024,8,7,3,계약·성장·매출·구조,계약을 끝내는 가맹점이 많습니다,"2024년에 계약이 끝난 가맹점이 3개로, 연초 점포의 25.0%입니다. 한식 업종 상위 25%에 해당합니다. 업종 중간값은 4.6%입니다.",CONTRACT_END_HIGH|STORE_DECLINE|STORE_DECLINE_STREAK,65.33,25.85,91.178,71.4
BRD_20160030,수철이네왕새우튀김,2024,6,5,3,계약·성장·구조,중도 해지가 많습니다,계약 기간을 채우지 못하고 중도 해지한 가맹점이 3개(23.1%)입니다. 만기 종료와 달리 중도 해지는 점주가 손실을 감수하고 나가는 것이라 수익성 악화 신호로 봅니다.,CANCEL_HIGH|STORE_DECLINE|STORE_DECLINE_STREAK,65.26,23.76,89.015,69.5
BRD_20110100484,마루샤브,2024,6,4,1,성장·계약·구조,가맹점이 줄었습니다,2024년 가맹점이 10개에서 8개로 2개(-20.0%) 줄었습니다. 같은 기타 외식 업종의 중간값은 +0.0%입니다.,STORE_DECLINE|CONTRACT_END_HIGH|STORE_DECLINE_STREAK,65.19,16.18,81.37,63.9
BRD_20160549,노랑강정,2024,7,5,2,계약·매출·구조,계약을 끝내는 가맹점이 많습니다,"2024년에 계약이 끝난 가맹점이 12개로, 연초 점포의 60.0%입니다. 기타 외식 업종 상위 7%에 해당합니다. 업종 중간값은 9.5%입니다.",CONTRACT_END_HIGH|SALES_DECLINE|NAME_CHANGE_HIGH,65.12,19.58,84.699,66.6
BRD_20130015,아마스빈,2024,7,6,3,계약·성장·매출,계약을 끝내는 가맹점이 많습니다,"2024년에 계약이 끝난 가맹점이 36개로, 연초 점포의 25.7%입니다. 커피 업종 상위 15%에 해당합니다. 업종 중간값은 0.0%입니다.",CONTRACT_END_HIGH|STORE_DECLINE|STORE_DECLINE_STREAK,65.05,25.31,90.355,70.9
BRD_20230962,면식당,2024,5,3,0,계약·구조,점주 교체가 잦습니다,"명의변경이 2건(15.4%)입니다. 점포는 유지되지만 운영자가 바뀌는 것으로, 폐점 직전 단계에서 자주 나타납니다.",NAME_CHANGE_HIGH|SMALL_SCALE|YOUNG_BRAND,64.98,0.7,65.679,50.6
BRD_20090100082,오늘통닭,2024,2,1,1,계약,계약을 끝내는 가맹점이 많습니다,"2024년에 계약이 끝난 가맹점이 34개로, 연초 점포의 47.2%입니다. 치킨 업종 상위 11%에 해당합니다. 업종 중간값은 6.7%입니다.",CONTRACT_END_HIGH,64.91,11.4,76.308,59.8
BRD_20080100570,쌈촌,2024,7,5,0,계약·성장·구조,나가는 점포가 들어오는 점포보다 많습니다,2024년 신규 개점 0개에 견줘 계약종료·해지가 3개로 3개 더 많습니다. 순유출 상태입니다.,CHURN_EXCEEDS_OPEN|STORE_DECLINE|STORE_DECLINE_STREAK,64.84,12.08,76.916,60.7
BRD_20214949,솥고집,2024,6,4,0,계약·매출·구조,계약을 끝내는 가맹점이 많습니다,"2024년에 계약이 끝난 가맹점이 4개로, 연초 점포의 14.3%입니다. 한식 업종 상위 38%에 해당합니다. 업종 중간값은 4.6%입니다.",CONTRACT_END_HIGH|SALES_DECLINE|SMALL_SCALE,64.77,10.27,75.039,58.7
BRD_20221261,퐁치커피익스프레스,2024,8,6,2,계약·매출·구조,계약을 끝내는 가맹점이 많습니다,"2024년에 계약이 끝난 가맹점이 3개로, 연초 점포의 25.0%입니다. 커피 업종 상위 15%에 해당합니다. 업종 중간값은 0.0%입니다.",CONTRACT_END_HIGH|SALES_DECLINE|CANCEL_HIGH,64.7,20.73,85.434,67.1
BRD_20201067,킴브로스 피자&파스타,2024,4,3,0,계약·구조,나가는 점포가 들어오는 점포보다 많습니다,2024년 신규 개점 6개에 견줘 계약종료·해지가 23개로 17개 더 많습니다. 순유출 상태입니다.,CHURN_EXCEEDS_OPEN|REGION_SHRINK|SMALL_SCALE,64.63,11.99,76.625,60.2
BRD_20110100585,폼프리츠,2024,6,5,0,매출·계약·구조,가맹점 평균매출이 떨어졌습니다,점포당 연매출이 1.3억원에서 1.2억원으로 -13.4% 줄었습니다. 같은 업종 중간값은 -9.0%입니다. 매출이 줄면 점주의 대출 상환 여력이 먼저 나빠집니다.,SALES_DECLINE|SALES_LOW_RANK|NAME_CHANGE_HIGH,64.56,12.08,76.639,60.3
BRD_20201358,담꾹,2024,9,8,2,계약·성장·매출·구조,중도 해지가 많습니다,계약 기간을 채우지 못하고 중도 해지한 가맹점이 101개(27.8%)입니다. 만기 종료와 달리 중도 해지는 점주가 손실을 감수하고 나가는 것이라 수익성 악화 신호로 봅니다.,CANCEL_HIGH|STORE_DECLINE|CHURN_EXCEEDS_OPEN,64.49,25.85,90.345,70.9
BRD_20212934,옥된장,2024,2,1,0,구조,가맹사업 업력이 짧습니다,"2023년에 가맹사업을 시작해 업력이 1년입니다. 초기 확장기에는 점포가 빠르게 늘지만, 첫 계약 만기가 돌아오는 시점에 이탈이 몰리는 경우가 많습니다.",YOUNG_BRAND,64.42,2.0,66.421,51.2
BRD_20090100001,꾼노리,2024,4,3,1,성장·구조,8년 연속 감소,가맹점 수가 2016년 67개에서 2024년 7개까지 8년 내리 줄었습니다(누적 -89.6%). 한 해 부진이 아니라 추세로 굳어진 상태입니다.,STORE_DECLINE_STREAK|STORE_DECLINE|SMALL_SCALE,64.36,14.71,79.069,62.3
NAME:시선@외식,시선,2024,5,4,2,재무·매출·구조,감사의견 '한정',(주)위벨롭먼트의 2023년 감사의견이 '한정'입니다. 적정의견이 아니라는 것은 재무제표 자체를 그대로 믿기 어렵다는 뜻입니다.,HQ_AUDIT_OPINION|SALES_DECLINE|SALES_PER_AREA_DECLINE,64.29,19.17,83.459,65.4
BRD_20201036,부라보맥주,2024,4,3,0,계약·구조,나가는 점포가 들어오는 점포보다 많습니다,2024년 신규 개점 0개에 견줘 계약종료·해지가 19개로 19개 더 많습니다. 순유출 상태입니다.,CHURN_EXCEEDS_OPEN|REGION_SHRINK|SMALL_SCALE,64.22,11.99,76.208,59.6
BRD_20212021,제주옥탑,2024,2,1,0,구조,가맹사업 업력이 짧습니다,"2021년에 가맹사업을 시작해 업력이 3년입니다. 초기 확장기에는 점포가 빠르게 늘지만, 첫 계약 만기가 돌아오는 시점에 이탈이 몰리는 경우가 많습니다.",YOUNG_BRAND,64.15,2.0,66.144,51.0
BRD_20170534,본초맘죽,2024,9,8,3,계약·매출·성장·구조,계약을 끝내는 가맹점이 많습니다,"2024년에 계약이 끝난 가맹점이 12개로, 연초 점포의 30.0%입니다. 한식 업종 상위 22%에 해당합니다. 업종 중간값은 4.6%입니다.",CONTRACT_END_HIGH|SALES_DECLINE_STREAK|STORE_DECLINE,64.08,27.15,91.232,71.4
BRD_20200187,원유로스페셜티커피,2024,8,7,0,계약·매출·성장·구조,나가는 점포가 들어오는 점포보다 많습니다,2024년 신규 개점 10개에 견줘 계약종료·해지가 18개로 8개 더 많습니다. 순유출 상태입니다.,CHURN_EXCEEDS_OPEN|CONTRACT_END_HIGH|SALES_DECLINE,64.01,20.41,84.423,66.2
BRD_20201895,무쇠김치삼겹,2024,8,6,1,계약·성장·구조,계약을 끝내는 가맹점이 많습니다,"2024년에 계약이 끝난 가맹점이 7개로, 연초 점포의 28.0%입니다. 한식 업종 상위 24%에 해당합니다. 업종 중간값은 4.6%입니다.",CONTRACT_END_HIGH|CHURN_EXCEEDS_OPEN|STORE_DECLINE,63.94,18.07,82.006,64.2
BRD_20140171,원조전통명가 통큰할매순대국,2024,5,4,0,매출·계약·구조,업종 안에서 매출이 낮습니다,점포당 매출 1.4억원은 한식 업종 하위 17% 수준입니다 (업종 중간값 3.5억원).,SALES_LOW_RANK|NAME_CHANGE_HIGH|SALES_DECLINE,63.87,10.27,74.138,58.0
BRD_20080200209,진이찬방,2024,7,6,1,계약·매출·성장,중도 해지가 많습니다,계약 기간을 채우지 못하고 중도 해지한 가맹점이 14개(13.6%)입니다. 만기 종료와 달리 중도 해지는 점주가 손실을 감수하고 나가는 것이라 수익성 악화 신호로 봅니다.,CANCEL_HIGH|CHURN_EXCEEDS_OPEN|CONTRACT_END_HIGH,63.8,22.37,86.173,67.5
BRD_20090600075,파-닭에파무쳐,2024,10,9,4,계약·매출·성장·구조,중도 해지가 많습니다,계약 기간을 채우지 못하고 중도 해지한 가맹점이 2개(12.5%)입니다. 만기 종료와 달리 중도 해지는 점주가 손실을 감수하고 나가는 것이라 수익성 악화 신호로 봅니다.,CANCEL_HIGH|SALES_DECLINE|STORE_DECLINE,63.73,27.82,91.555,71.8
BRD_20171168,커피왕,2024,9,8,2,매출·성장·계약·구조,매출이 2년 연속 하락,"점포당 매출이 2022년 1.0억원에서 2024년 8,482만원까지 2년 내리 줄었습니다(누적 -16.1%).",SALES_DECLINE_STREAK|STORE_DECLINE_STREAK|CHURN_EXCEEDS_OPEN,63.66,25.85,89.513,70.0
BRD_20201018,피자스톰,2024,8,7,1,매출·계약·성장·구조,매출이 2년 연속 하락,점포당 매출이 2022년 3.4억원에서 2024년 2.3억원까지 2년 내리 줄었습니다(누적 -32.5%).,SALES_DECLINE_STREAK|CHURN_EXCEEDS_OPEN|CONTRACT_END_HIGH,63.59,20.73,84.324,66.0
BRD_20130538,썬더치킨,2024,6,4,0,계약·매출,계약을 끝내는 가맹점이 많습니다,"2024년에 계약이 끝난 가맹점이 18개로, 연초 점포의 17.1%입니다. 치킨 업종 상위 31%에 해당합니다. 업종 중간값은 6.7%입니다.",CONTRACT_END_HIGH|SALES_DECLINE|NAME_CHANGE_HIGH,63.52,9.1,72.627,56.8
BRD_20230374,원조설악칡냉면,2024,4,2,0,구조,규모가 작습니다,"가맹점이 43개로, 점포 몇 곳만 이탈해도 브랜드 지표가 크게 흔들립니다. 충격을 흡수할 여력이 얇습니다.",SMALL_SCALE|YOUNG_BRAND,63.45,-1.3,62.154,47.6
BRD_20080400052,투사랑,2024,9,8,3,계약·성장·매출·구조,중도 해지가 많습니다,계약 기간을 채우지 못하고 중도 해지한 가맹점이 14개(27.5%)입니다. 만기 종료와 달리 중도 해지는 점주가 손실을 감수하고 나가는 것이라 수익성 악화 신호로 봅니다.,CANCEL_HIGH|STORE_DECLINE|STORE_DECLINE_STREAK,63.38,26.36,89.745,70.2
BRD_20120100380,홍탕,2024,5,4,2,계약·성장·매출,계약을 끝내는 가맹점이 많습니다,"2024년에 계약이 끝난 가맹점이 17개로, 연초 점포의 30.4%입니다. 중식 업종 상위 19%에 해당합니다. 업종 중간값은 7.2%입니다.",CONTRACT_END_HIGH|STORE_DECLINE_STREAK|SALES_LOW_RANK,63.31,23.14,86.451,67.6
BRD_20110100457,더기발한치킨(The기발한치킨),2024,5,4,1,성장·계약·구조,3년 연속 감소,가맹점 수가 2021년 20개에서 2024년 9개까지 3년 내리 줄었습니다(누적 -55.0%). 한 해 부진이 아니라 추세로 굳어진 상태입니다.,STORE_DECLINE_STREAK|STORE_DECLINE|NAME_CHANGE_HIGH,63.25,16.18,79.428,62.8
BRD_20210622,한라맥주,2024,7,6,1,매출·계약·성장·구조,매출이 3년 연속 하락,점포당 매출이 2021년 4.5억원에서 2024년 3.3억원까지 3년 내리 줄었습니다(누적 -26.3%).,SALES_DECLINE_STREAK|CHURN_EXCEEDS_OPEN|CONTRACT_END_HIGH,63.18,22.33,85.504,67.3
BRD_20110100562,전설의짬뽕,2024,6,5,3,계약·성장·구조,중도 해지가 많습니다,계약 기간을 채우지 못하고 중도 해지한 가맹점이 4개(30.8%)입니다. 만기 종료와 달리 중도 해지는 점주가 손실을 감수하고 나가는 것이라 수익성 악화 신호로 봅니다.,CANCEL_HIGH|STORE_DECLINE|STORE_DECLINE_STREAK,63.11,23.76,86.866,68.0
BRD_20211122,동백카츠,2024,7,5,1,매출·계약·구조,매출이 2년 연속 하락,점포당 매출이 2022년 7.6억원에서 2024년 4.9억원까지 2년 내리 줄었습니다(누적 -35.3%).,SALES_DECLINE_STREAK|CANCEL_HIGH|SALES_PER_AREA_DECLINE,63.04,15.68,78.717,62.1
BRD_20180608,진미대왕통닭,2024,3,2,1,계약·구조,중도 해지가 많습니다,계약 기간을 채우지 못하고 중도 해지한 가맹점이 6개(22.2%)입니다. 만기 종료와 달리 중도 해지는 점주가 손실을 감수하고 나가는 것이라 수익성 악화 신호로 봅니다.,CANCEL_HIGH|SMALL_SCALE,62.97,13.07,76.033,59.4
BRD_20220875,담솥,2024,6,4,1,매출·계약·구조,가맹점 평균매출이 떨어졌습니다,점포당 연매출이 8.4억원에서 6.3억원으로 -25.8% 줄었습니다. 같은 업종 중간값은 -3.5%입니다. 매출이 줄면 점주의 대출 상환 여력이 먼저 나빠집니다.,SALES_DECLINE|NAME_CHANGE_HIGH|SALES_PER_AREA_DECLINE,62.9,11.99,74.891,58.5
BRD_20161125,고반식당,2024,6,5,3,계약·매출·성장,계약을 끝내는 가맹점이 많습니다,"2024년에 계약이 끝난 가맹점이 35개로, 연초 점포의 29.9%입니다. 기타 외식 업종 상위 21%에 해당합니다. 업종 중간값은 9.5%입니다.",CONTRACT_END_HIGH|SALES_DECLINE_STREAK|STORE_DECLINE,62.83,25.8,88.629,69.1
BRD_20110100503,불불이족발,2024,5,4,1,성장·계약·구조,8년 연속 감소,가맹점 수가 2016년 56개에서 2024년 11개까지 8년 내리 줄었습니다(누적 -80.4%). 한 해 부진이 아니라 추세로 굳어진 상태입니다.,STORE_DECLINE_STREAK|CANCEL_HIGH|STORE_DECLINE,62.76,18.81,81.574,64.0
BRD_20160907,아리랑수제핫도그,2024,4,3,0,매출·구조,업종 안에서 매출이 낮습니다,"점포당 매출 7,437만원은 제과제빵 업종 하위 7% 수준입니다 (업종 중간값 2.0억원).",SALES_LOW_RANK|DIRECT_RATIO_DROP|SMALL_SCALE,62.69,8.46,71.155,55.7
BRD_20231726,메가혼밥,2024,2,1,0,구조,가맹사업 업력이 짧습니다,"2024년에 가맹사업을 시작해 업력이 0년입니다. 초기 확장기에는 점포가 빠르게 늘지만, 첫 계약 만기가 돌아오는 시점에 이탈이 몰리는 경우가 많습니다.",YOUNG_BRAND,62.62,2.0,64.618,49.7
BRD_20221393,김삼구,2024,10,9,3,계약·매출·성장·구조,계약을 끝내는 가맹점이 많습니다,"2024년에 계약이 끝난 가맹점이 50개로, 연초 점포의 73.5%입니다. 한식 업종 상위 5%에 해당합니다. 업종 중간값은 4.6%입니다.",CONTRACT_END_HIGH|SALES_DECLINE_STREAK|STORE_DECLINE,62.55,27.69,90.247,70.8
BRD_20161309,브라보치킨피자,2024,2,1,0,구조,규모가 작습니다,"가맹점이 1개로, 점포 몇 곳만 이탈해도 브랜드 지표가 크게 흔들립니다. 충격을 흡수할 여력이 얇습니다.",SMALL_SCALE,62.48,2.0,64.48,49.5
BRD_20130438,박군치킨,2024,5,3,1,성장·매출,7년 연속 감소,가맹점 수가 2017년 107개에서 2024년 65개까지 7년 내리 줄었습니다(누적 -39.3%). 한 해 부진이 아니라 추세로 굳어진 상태입니다.,STORE_DECLINE_STREAK|SALES_LOW_RANK|STORE_DECLINE,62.41,14.71,77.127,60.8
BRD_20150519,놀부옛날통닭,2024,8,8,4,재무·매출·성장·계약·구조,본부가 부분 자본잠식 상태입니다,(주)놀부의 2023년 자본총계 195억원이 자본금 225억원에 미달합니다(잠식률 13.2%). 누적 결손이 납입자본을 갉아먹고 있습니다.,HQ_CAPITAL_IMPAIRED|SALES_DECLINE_STREAK|STORE_DECLINE,62.34,28.06,90.406,71.0
BRD_20110300014,삼겹파티,2024,7,5,2,성장·계약·구조,가맹점이 줄었습니다,2024년 가맹점이 30개에서 23개로 7개(-23.3%) 줄었습니다. 같은 한식 업종의 중간값은 +0.0%입니다.,STORE_DECLINE|STORE_DECLINE_STREAK|CHURN_EXCEEDS_OPEN,62.27,18.93,81.209,63.7
BRD_20214600,무청감자탕,2024,5,2,0,계약·구조,계약을 끝내는 가맹점이 많습니다,"2024년에 계약이 끝난 가맹점이 10개로, 연초 점포의 20.8%입니다. 한식 업종 상위 31%에 해당합니다. 업종 중간값은 4.6%입니다.",CONTRACT_END_HIGH|YOUNG_BRAND,62.21,-3.98,58.229,43.6
BRD_20212770,김치백서,2024,13,13,4,계약·재무·매출·구조·성장,계약을 끝내는 가맹점이 많습니다,"2024년에 계약이 끝난 가맹점이 10개로, 연초 점포의 25.0%입니다. 한식 업종 상위 25%에 해당합니다. 업종 중간값은 4.6%입니다.",CONTRACT_END_HIGH|HQ_AUDIT_OPINION|HQ_EQUITY_NEGATIVE,62.14,29.1,91.232,71.5
BRD_20210996,다복향 마라탕,2024,4,3,1,매출·계약,매출이 2년 연속 하락,점포당 매출이 2022년 3.8억원에서 2024년 1.8억원까지 2년 내리 줄었습니다(누적 -53.6%).,SALES_DECLINE_STREAK|CANCEL_HIGH|SALES_PER_AREA_DECLINE,62.07,16.6,78.67,62.0
BRD_20080100047,놀부보쌈족발,2024,6,6,4,계약·재무·성장·매출,계약을 끝내는 가맹점이 많습니다,"2024년에 계약이 끝난 가맹점이 44개로, 연초 점포의 42.7%입니다. 한식 업종 상위 15%에 해당합니다. 업종 중간값은 4.6%입니다.",CONTRACT_END_HIGH|HQ_CAPITAL_IMPAIRED|STORE_DECLINE,62.0,27.69,89.692,70.1
BRD_20212508,구름계란덮밥,2024,6,5,1,매출·계약·구조,매출이 2년 연속 하락,점포당 매출이 2022년 5.6억원에서 2024년 2.4억원까지 2년 내리 줄었습니다(누적 -57.7%).,SALES_DECLINE_STREAK|CONTRACT_END_HIGH|NAME_CHANGE_HIGH,61.93,18.38,80.311,63.2
BRD_20220024,이우철한방누룽지삼계탕,2024,6,3,0,계약·구조,중도 해지가 많습니다,계약 기간을 채우지 못하고 중도 해지한 가맹점이 2개(6.1%)입니다. 만기 종료와 달리 중도 해지는 점주가 손실을 감수하고 나가는 것이라 수익성 악화 신호로 봅니다.,CANCEL_HIGH|SMALL_SCALE|YOUNG_BRAND,61.86,0.7,62.558,48.0
BRD_20141116,안동본가국밥,2024,6,5,1,매출·성장·구조,매출이 2년 연속 하락,점포당 매출이 2022년 3.1억원에서 2024년 2.4억원까지 2년 내리 줄었습니다(누적 -23.8%).,SALES_DECLINE_STREAK|STORE_DECLINE_STREAK|SALES_PER_AREA_DECLINE,61.79,18.38,80.172,63.0
BRD_20201021,피자쿠치나,2024,7,6,3,계약·성장·구조,계약을 끝내는 가맹점이 많습니다,"2024년에 계약이 끝난 가맹점이 6개로, 연초 점포의 31.6%입니다. 피자 업종 상위 16%에 해당합니다. 업종 중간값은 6.9%입니다.",CONTRACT_END_HIGH|STORE_DECLINE|STORE_DECLINE_STREAK,61.72,24.01,85.735,67.4
BRD_20201272,커피마마퀸,2024,11,10,1,매출·계약·성장·구조,매출이 3년 연속 하락,"점포당 매출이 2021년 1.4억원에서 2024년 9,120만원까지 3년 내리 줄었습니다(누적 -35.5%).",SALES_DECLINE_STREAK|CANCEL_HIGH|CHURN_EXCEEDS_OPEN,61.65,24.95,86.599,67.8
BRD_20140651,투존치킨,2024,10,9,4,계약·매출·성장·구조,계약을 끝내는 가맹점이 많습니다,"2024년에 계약이 끝난 가맹점이 29개로, 연초 점포의 56.9%입니다. 치킨 업종 상위 6%에 해당합니다. 업종 중간값은 6.7%입니다.",CONTRACT_END_HIGH|SALES_DECLINE_STREAK|STORE_DECLINE,61.58,28.16,89.741,70.2
BRD_20210534,삼산회관,2024,7,6,3,계약·매출·성장·구조,계약을 끝내는 가맹점이 많습니다,"2024년에 계약이 끝난 가맹점이 48개로, 연초 점포의 36.6%입니다. 한식 업종 상위 18%에 해당합니다. 업종 중간값은 4.6%입니다.",CONTRACT_END_HIGH|SALES_DECLINE_STREAK|STORE_DECLINE,61.51,26.29,87.804,68.6
BRD_20190662,피굽남피자,2024,8,7,3,계약·매출·성장,중도 해지가 많습니다,계약 기간을 채우지 못하고 중도 해지한 가맹점이 20개(30.8%)입니다. 만기 종료와 달리 중도 해지는 점주가 손실을 감수하고 나가는 것이라 수익성 악화 신호로 봅니다.,CANCEL_HIGH|SALES_DECLINE_STREAK|STORE_DECLINE,61.44,26.77,88.213,68.8
BRD_20230450,짜글이미식회,2024,7,5,1,매출·계약·구조,가맹점 평균매출이 떨어졌습니다,점포당 연매출이 7.4억원에서 5.2억원으로 -29.8% 줄었습니다. 같은 업종 중간값은 -3.5%입니다. 매출이 줄면 점주의 대출 상환 여력이 먼저 나빠집니다.,SALES_DECLINE|NAME_CHANGE_HIGH|SALES_PER_AREA_DECLINE,61.37,12.57,73.948,58.0
BRD_20130100343,부산아지매국밥,2024,4,3,1,계약·매출,중도 해지가 많습니다,계약 기간을 채우지 못하고 중도 해지한 가맹점이 23개(34.8%)입니다. 만기 종료와 달리 중도 해지는 점주가 손실을 감수하고 나가는 것이라 수익성 악화 신호로 봅니다.,CANCEL_HIGH|SALES_DECLINE|SALES_PER_AREA_DECLINE,61.3,16.6,77.907,61.5
BRD_20215839,88제육,2024,3,2,0,계약·구조,나가는 점포가 들어오는 점포보다 많습니다,2024년 신규 개점 21개에 견줘 계약종료·해지가 27개로 6개 더 많습니다. 순유출 상태입니다.,CHURN_EXCEEDS_OPEN|YOUNG_BRAND,61.23,7.82,69.05,53.5
BRD_20160478,툴스돈카츠,2024,5,4,0,계약·구조·매출,나가는 점포가 들어오는 점포보다 많습니다,2024년 신규 개점 1개에 견줘 계약종료·해지가 9개로 8개 더 많습니다. 순유출 상태입니다.,CHURN_EXCEEDS_OPEN|REGION_SHRINK|SALES_LOW_RANK,61.17,16.6,77.768,61.2
BRD_20180779,조커닭 (Jokerdark),2024,2,1,0,구조,규모가 작습니다,"가맹점이 8개로, 점포 몇 곳만 이탈해도 브랜드 지표가 크게 흔들립니다. 충격을 흡수할 여력이 얇습니다.",SMALL_SCALE,61.1,2.0,63.093,48.4
BRD_20200035,얼맥당,2024,2,1,0,구조,규모가 작습니다,"가맹점이 30개로, 점포 몇 곳만 이탈해도 브랜드 지표가 크게 흔들립니다. 충격을 흡수할 여력이 얇습니다.",SMALL_SCALE,61.03,2.0,63.023,48.3
BRD_20201345,에그폭탄덮밥,2024,5,3,1,계약·매출·구조,계약을 끝내는 가맹점이 많습니다,"2024년에 계약이 끝난 가맹점이 54개로, 연초 점포의 50.9%입니다. 한식 업종 상위 10%에 해당합니다. 업종 중간값은 4.6%입니다.",CONTRACT_END_HIGH|SALES_LOW_RANK|YOUNG_BRAND,60.96,14.64,75.595,58.9
BRD_20180554,대패가1900,2024,8,6,1,계약·구조·성장,중도 해지가 많습니다,계약 기간을 채우지 못하고 중도 해지한 가맹점이 12개(15.2%)입니다. 만기 종료와 달리 중도 해지는 점주가 손실을 감수하고 나가는 것이라 수익성 악화 신호로 봅니다.,CANCEL_HIGH|CHURN_EXCEEDS_OPEN|REGION_SHRINK,60.89,20.41,81.302,63.8
BRD_20190359,남도복국,2024,8,7,3,계약·매출·성장·구조,중도 해지가 많습니다,계약 기간을 채우지 못하고 중도 해지한 가맹점이 6개(22.2%)입니다. 만기 종료와 달리 중도 해지는 점주가 손실을 감수하고 나가는 것이라 수익성 악화 신호로 봅니다.,CANCEL_HIGH|SALES_DECLINE_STREAK|STORE_DECLINE_STREAK,60.82,27.48,88.297,68.9
BRD_20211849,오꼬리,2024,3,2,0,구조,규모가 작습니다,"가맹점이 0개로, 점포 몇 곳만 이탈해도 브랜드 지표가 크게 흔들립니다. 충격을 흡수할 여력이 얇습니다.",SMALL_SCALE|YOUNG_BRAND,60.75,2.69,63.442,48.9
BRD_20210459,9찬김치찌개,2024,3,2,0,구조,규모가 작습니다,"가맹점이 0개로, 점포 몇 곳만 이탈해도 브랜드 지표가 크게 흔들립니다. 충격을 흡수할 여력이 얇습니다.",SMALL_SCALE|YOUNG_BRAND,60.68,2.69,63.372,48.8
BRD_20210368,꼬육꼬밥,2024,3,2,0,구조,규모가 작습니다,"가맹점이 0개로, 점포 몇 곳만 이탈해도 브랜드 지표가 크게 흔들립니다. 충격을 흡수할 여력이 얇습니다.",SMALL_SCALE|YOUNG_BRAND,60.61,2.69,63.303,48.6
BRD_20230229,밥튜브,2024,5,4,0,계약·성장·구조,나가는 점포가 들어오는 점포보다 많습니다,2024년 신규 개점 11개에 견줘 계약종료·해지가 33개로 22개 더 많습니다. 순유출 상태입니다.,CHURN_EXCEEDS_OPEN|CONTRACT_END_HIGH|STORE_DECLINE,60.54,14.71,75.255,58.7
BRD_20210655,덮밥장사장,2024,5,4,1,매출·구조,매출이 2년 연속 하락,점포당 매출이 2022년 3.7억원에서 2024년 3.2억원까지 2년 내리 줄었습니다(누적 -13.2%).,SALES_DECLINE_STREAK|SALES_PER_AREA_DECLINE|SMALL_SCALE,60.47,14.18,74.648,58.3
BRD_20150164,응급실국물떡볶이,2024,6,5,3,계약·성장,계약을 끝내는 가맹점이 많습니다,"2024년에 계약이 끝난 가맹점이 49개로, 연초 점포의 25.9%입니다. 분식 업종 상위 21%에 해당합니다. 업종 중간값은 5.3%입니다.",CONTRACT_END_HIGH|STORE_DECLINE|STORE_DECLINE_STREAK,60.4,23.26,83.659,65.5
BRD_20170132,바푸리pho베트남쌀국수,2024,7,7,3,재무·성장·계약·구조·매출,감사의견 '한정',(주)프랭크에프앤비의 2023년 감사의견이 '한정'입니다. 적정의견이 아니라는 것은 재무제표 자체를 그대로 믿기 어렵다는 뜻입니다.,HQ_AUDIT_OPINION|STORE_DECLINE|STORE_DECLINE_STREAK,60.33,27.48,87.812,68.7
BRD_20120600029,빨봉분식,2024,8,7,2,성장·계약·매출·구조,가맹점이 줄었습니다,2024년 가맹점이 41개에서 31개로 10개(-24.4%) 줄었습니다. 같은 기타 외식 업종의 중간값은 +0.0%입니다.,STORE_DECLINE|STORE_DECLINE_STREAK|CHURN_EXCEEDS_OPEN,60.26,24.01,84.278,65.8
BRD_20210911,야미마라탕,2024,8,6,1,성장·계약·구조,가맹점이 줄었습니다,2024년 가맹점이 58개에서 41개로 17개(-29.3%) 줄었습니다. 같은 중식 업종의 중간값은 +0.0%입니다.,STORE_DECLINE|CHURN_EXCEEDS_OPEN|CONTRACT_END_HIGH,60.19,18.07,78.262,61.8
BRD_20140689,천하제일족발,2024,2,1,0,구조,규모가 작습니다,"가맹점이 0개로, 점포 몇 곳만 이탈해도 브랜드 지표가 크게 흔들립니다. 충격을 흡수할 여력이 얇습니다.",SMALL_SCALE,60.12,2.0,62.122,47.6
BRD_20211037,1키로탕수육,2024,5,3,1,계약·구조,중도 해지가 많습니다,계약 기간을 채우지 못하고 중도 해지한 가맹점이 34개(31.5%)입니다. 만기 종료와 달리 중도 해지는 점주가 손실을 감수하고 나가는 것이라 수익성 악화 신호로 봅니다.,CANCEL_HIGH|REGION_SHRINK|YOUNG_BRAND,60.06,13.63,73.682,57.6
BRD_20190275,인생설렁탕,2024,5,4,0,계약·성장·구조,계약을 끝내는 가맹점이 많습니다,"2024년에 계약이 끝난 가맹점이 4개로, 연초 점포의 14.8%입니다. 한식 업종 상위 38%에 해당합니다. 업종 중간값은 4.6%입니다.",CONTRACT_END_HIGH|STORE_DECLINE|STORE_DECLINE_STREAK,59.99,11.48,71.47,56.0
BRD_20160414,샤이바나,2024,11,10,3,계약·매출·성장·구조,계약을 끝내는 가맹점이 많습니다,"2024년에 계약이 끝난 가맹점이 12개로, 연초 점포의 52.2%입니다. 서양식 업종 상위 11%에 해당합니다. 업종 중간값은 5.9%입니다.",CONTRACT_END_HIGH|SALES_DECLINE_STREAK|STORE_DECLINE,59.92,28.16,88.077,68.7
BRD_20180428,일공공샤브&편백찜,2024,7,6,0,계약·매출·성장·구조,나가는 점포가 들어오는 점포보다 많습니다,2024년 신규 개점 6개에 견줘 계약종료·해지가 10개로 4개 더 많습니다. 순유출 상태입니다.,CHURN_EXCEEDS_OPEN|CONTRACT_END_HIGH|SALES_DECLINE,59.85,19.23,79.08,62.3
BRD_20221049,남썬치킨,2024,10,9,3,계약·매출·성장·구조,중도 해지가 많습니다,계약 기간을 채우지 못하고 중도 해지한 가맹점이 37개(39.8%)입니다. 만기 종료와 달리 중도 해지는 점주가 손실을 감수하고 나가는 것이라 수익성 악화 신호로 봅니다.,CANCEL_HIGH|SALES_DECLINE|STORE_DECLINE,59.78,27.89,87.671,68.5
BRD_20200369,탄광맥주,2024,6,4,0,매출·구조,가맹점 평균매출이 떨어졌습니다,점포당 연매출이 4.1억원에서 3.5억원으로 -14.3% 줄었습니다. 같은 업종 중간값은 -9.0%입니다. 매출이 줄면 점주의 대출 상환 여력이 먼저 나빠집니다.,SALES_DECLINE|SALES_PER_AREA_DECLINE|SMALL_SCALE,59.71,5.34,65.051,49.9
BRD_20213898,그릭하다,2024,6,4,1,계약·구조·성장,중도 해지가 많습니다,계약 기간을 채우지 못하고 중도 해지한 가맹점이 9개(27.3%)입니다. 만기 종료와 달리 중도 해지는 점주가 손실을 감수하고 나가는 것이라 수익성 악화 신호로 봅니다.,CANCEL_HIGH|SMALL_SCALE|STORE_DECLINE,59.64,11.99,71.631,56.2
BRD_20210924,고기궁전,2024,5,4,1,매출·계약·구조,매출이 3년 연속 하락,점포당 매출이 2021년 4.6억원에서 2024년 3.5억원까지 3년 내리 줄었습니다(누적 -23.0%).,SALES_DECLINE_STREAK|NAME_CHANGE_HIGH|SMALL_SCALE,59.57,15.17,74.735,58.5
BRD_20120100060,생어거스틴,2024,9,8,2,계약·성장·구조·매출,계약을 끝내는 가맹점이 많습니다,"2024년에 계약이 끝난 가맹점이 4개로, 연초 점포의 26.7%입니다. 기타 외국식 업종 상위 20%에 해당합니다. 업종 중간값은 0.0%입니다.",CONTRACT_END_HIGH|STORE_DECLINE|CHURN_EXCEEDS_OPEN,59.5,24.23,83.728,65.7
BRD_20100100460,피자헤븐,2024,8,7,4,계약·매출·성장·구조,계약을 끝내는 가맹점이 많습니다,"2024년에 계약이 끝난 가맹점이 5개로, 연초 점포의 31.2%입니다. 피자 업종 상위 16%에 해당합니다. 업종 중간값은 6.9%입니다.",CONTRACT_END_HIGH|SALES_DECLINE_STREAK|STORE_DECLINE,59.43,27.15,86.586,67.8
BRD_20170703,행복가마솥밥&알솥밥,2024,3,2,0,계약·구조,나가는 점포가 들어오는 점포보다 많습니다,2024년 신규 개점 0개에 견줘 계약종료·해지가 4개로 4개 더 많습니다. 순유출 상태입니다.,CHURN_EXCEEDS_OPEN|SMALL_SCALE,59.36,3.98,63.338,48.7
BRD_20210086,삼겹식당,2024,6,5,1,매출·계약·성장·구조,매출이 2년 연속 하락,점포당 매출이 2022년 4.9억원에서 2024년 4.2억원까지 2년 내리 줄었습니다(누적 -14.8%).,SALES_DECLINE_STREAK|CHURN_EXCEEDS_OPEN|CONTRACT_END_HIGH,59.29,22.01,81.303,63.9
BRD_20231618,요거트퍼플,2024,2,1,0,구조,가맹사업 업력이 짧습니다,"2024년에 가맹사업을 시작해 업력이 0년입니다. 초기 확장기에는 점포가 빠르게 늘지만, 첫 계약 만기가 돌아오는 시점에 이탈이 몰리는 경우가 많습니다.",YOUNG_BRAND,59.22,2.0,61.22,46.6
BRD_20100100175,오가다,2024,6,5,2,성장·계약·구조,가맹점이 줄었습니다,2024년 가맹점이 33개에서 27개로 6개(-18.2%) 줄었습니다. 같은 음료 (커피 외) 업종의 중간값은 +0.0%입니다.,STORE_DECLINE|STORE_DECLINE_STREAK|CHURN_EXCEEDS_OPEN,59.15,21.14,80.296,63.1
BRD_20190033,버텍스(VERTEX),2024,5,3,1,계약·구조,중도 해지가 많습니다,계약 기간을 채우지 못하고 중도 해지한 가맹점이 7개(18.4%)입니다. 만기 종료와 달리 중도 해지는 점주가 손실을 감수하고 나가는 것이라 수익성 악화 신호로 봅니다.,CANCEL_HIGH|CONTRACT_END_HIGH|SMALL_SCALE,59.08,11.48,70.569,55.0
BRD_20190157,청춘당 찹쌀 꽈배기,2024,7,5,3,계약·성장·구조,중도 해지가 많습니다,계약 기간을 채우지 못하고 중도 해지한 가맹점이 5개(17.2%)입니다. 만기 종료와 달리 중도 해지는 점주가 손실을 감수하고 나가는 것이라 수익성 악화 신호로 봅니다.,CANCEL_HIGH|STORE_DECLINE|STORE_DECLINE_STREAK,59.02,22.1,81.118,63.7
BRD_20150133,크래프트한스(Craft Han&#39;s),2024,6,5,3,계약·성장·구조,중도 해지가 많습니다,계약 기간을 채우지 못하고 중도 해지한 가맹점이 5개(16.7%)입니다. 만기 종료와 달리 중도 해지는 점주가 손실을 감수하고 나가는 것이라 수익성 악화 신호로 봅니다.,CANCEL_HIGH|STORE_DECLINE|STORE_DECLINE_STREAK,58.95,23.76,82.705,64.9
BRD_20200159,에그박스,2024,10,9,2,매출·성장·계약·구조,가맹점 평균매출이 떨어졌습니다,"점포당 연매출이 1.4억원에서 6,746만원으로 -51.6% 줄었습니다. 같은 업종 중간값은 -3.5%입니다. 매출이 줄면 점주의 대출 상환 여력이 먼저 나빠집니다.",SALES_DECLINE|STORE_DECLINE|CANCEL_HIGH,58.88,26.36,85.237,66.9
BRD_20191239,고쿠텐,2024,8,7,3,계약·매출·성장·구조,중도 해지가 많습니다,계약 기간을 채우지 못하고 중도 해지한 가맹점이 7개(30.4%)입니다. 만기 종료와 달리 중도 해지는 점주가 손실을 감수하고 나가는 것이라 수익성 악화 신호로 봅니다.,CANCEL_HIGH|SALES_DECLINE_STREAK|STORE_DECLINE,58.81,26.75,85.557,67.3
BRD_20214094,압구정화로구이,2024,6,4,1,매출·계약·구조,가맹점 평균매출이 떨어졌습니다,점포당 연매출이 7.7억원에서 5.3억원으로 -30.2% 줄었습니다. 같은 업종 중간값은 -3.5%입니다. 매출이 줄면 점주의 대출 상환 여력이 먼저 나빠집니다.,SALES_DECLINE|CONTRACT_END_HIGH|SALES_PER_AREA_DECLINE,58.74,15.17,73.903,57.9
BRD_20210375,바른보쌈1990,2024,6,4,2,계약·매출·구조,계약을 끝내는 가맹점이 많습니다,"2024년에 계약이 끝난 가맹점이 39개로, 연초 점포의 29.3%입니다. 기타 외식 업종 상위 21%에 해당합니다. 업종 중간값은 9.5%입니다.",CONTRACT_END_HIGH|SALES_DECLINE_STREAK|SALES_PER_AREA_DECLINE,58.67,19.17,77.842,61.3
BRD_20100100504,꼬지사께,2024,7,6,1,매출·계약·성장,가맹점 평균매출이 떨어졌습니다,점포당 연매출이 2.2억원에서 1.5억원으로 -34.4% 줄었습니다. 같은 업종 중간값은 -9.0%입니다. 매출이 줄면 점주의 대출 상환 여력이 먼저 나빠집니다.,SALES_DECLINE|CHURN_EXCEEDS_OPEN|CONTRACT_END_HIGH,58.6,22.37,80.972,63.6
BRD_20150343,왕빈자전통주막,2024,6,5,3,계약·매출·성장·구조,계약을 끝내는 가맹점이 많습니다,"2024년에 계약이 끝난 가맹점이 6개로, 연초 점포의 27.3%입니다. 주점 업종 상위 26%에 해당합니다. 업종 중간값은 10.0%입니다.",CONTRACT_END_HIGH|SALES_DECLINE_STREAK|STORE_DECLINE_STREAK,58.53,26.13,84.656,66.4
BRD_20201713,제줏간,2024,5,4,2,계약·성장·구조,계약을 끝내는 가맹점이 많습니다,"2024년에 계약이 끝난 가맹점이 18개로, 연초 점포의 28.6%입니다. 한식 업종 상위 23%에 해당합니다. 업종 중간값은 4.6%입니다.",CONTRACT_END_HIGH|STORE_DECLINE|CHURN_EXCEEDS_OPEN,58.46,22.01,80.471,63.4
BRD_20130100463,킹오브떡볶이,2024,5,4,1,매출·구조,가맹점 평균매출이 떨어졌습니다,"점포당 연매출이 1.1억원에서 7,705만원으로 -27.6% 줄었습니다. 같은 업종 중간값은 -3.3%입니다. 매출이 줄면 점주의 대출 상환 여력이 먼저 나빠집니다.",SALES_DECLINE|SALES_LOW_RANK|SALES_PER_AREA_DECLINE,58.39,15.24,73.63,57.5
BRD_20190630,배떡,2024,9,8,2,성장·계약·매출,가맹점이 줄었습니다,2024년 가맹점이 418개에서 325개로 93개(-22.2%) 줄었습니다. 같은 분식 업종의 중간값은 +0.0%입니다.,STORE_DECLINE|STORE_DECLINE_STREAK|CHURN_EXCEEDS_OPEN,58.32,24.3,82.618,64.8
BRD_20221246,열정국밥,2024,4,2,1,계약·구조,중도 해지가 많습니다,계약 기간을 채우지 못하고 중도 해지한 가맹점이 51개(21.8%)입니다. 만기 종료와 달리 중도 해지는 점주가 손실을 감수하고 나가는 것이라 수익성 악화 신호로 봅니다.,CANCEL_HIGH|YOUNG_BRAND,58.25,9.65,67.898,52.4
BRD_20214660,호주에서 온 스시,2024,6,4,2,계약·매출·구조,중도 해지가 많습니다,계약 기간을 채우지 못하고 중도 해지한 가맹점이 8개(19.0%)입니다. 만기 종료와 달리 중도 해지는 점주가 손실을 감수하고 나가는 것이라 수익성 악화 신호로 봅니다.,CANCEL_HIGH|SALES_DECLINE|SALES_PER_AREA_DECLINE,58.18,19.17,77.356,61.0
BRD_20151155,쥬씨(JUICY),2024,9,8,4,계약·재무·성장,중도 해지가 많습니다,계약 기간을 채우지 못하고 중도 해지한 가맹점이 31개(12.7%)입니다. 만기 종료와 달리 중도 해지는 점주가 손실을 감수하고 나가는 것이라 수익성 악화 신호로 봅니다.,CANCEL_HIGH|HQ_OPERATING_LOSS|STORE_DECLINE,58.11,27.08,85.195,66.9
BRD_20220920,라스트춘선,2024,9,8,2,계약·매출·성장·구조,계약을 끝내는 가맹점이 많습니다,"2024년에 계약이 끝난 가맹점이 10개로, 연초 점포의 25.0%입니다. 한식 업종 상위 25%에 해당합니다. 업종 중간값은 4.6%입니다.",CONTRACT_END_HIGH|SALES_DECLINE_STREAK|CHURN_EXCEEDS_OPEN,58.04,25.07,83.115,65.3
BRD_20220334,정성카츠,2024,6,4,1,계약·매출·구조,중도 해지가 많습니다,계약 기간을 채우지 못하고 중도 해지한 가맹점이 9개(17.3%)입니다. 만기 종료와 달리 중도 해지는 점주가 손실을 감수하고 나가는 것이라 수익성 악화 신호로 봅니다.,CANCEL_HIGH|SALES_DECLINE|SALES_PER_AREA_DECLINE,57.98,11.99,69.967,54.6
BRD_20151263,포차어게인,2024,5,3,1,성장·구조,7년 연속 감소,가맹점 수가 2017년 109개에서 2024년 9개까지 7년 내리 줄었습니다(누적 -91.7%). 한 해 부진이 아니라 추세로 굳어진 상태입니다.,STORE_DECLINE_STREAK|STORE_DECLINE|SMALL_SCALE,57.91,11.48,69.39,53.8
BRD_20140399,로봇김밥,2024,6,4,1,매출·구조,가맹점 평균매출이 떨어졌습니다,점포당 연매출이 4.0억원에서 3.2억원으로 -20.8% 줄었습니다. 같은 업종 중간값은 -3.3%입니다. 매출이 줄면 점주의 대출 상환 여력이 먼저 나빠집니다.,SALES_DECLINE|DIRECT_RATIO_DROP|SALES_PER_AREA_DECLINE,57.84,10.88,68.718,53.1
BRD_20213850,일일수작,2024,6,5,1,매출·계약·구조,가맹점 평균매출이 떨어졌습니다,점포당 연매출이 9.4억원에서 7.0억원으로 -25.5% 줄었습니다. 같은 업종 중간값은 -9.0%입니다. 매출이 줄면 점주의 대출 상환 여력이 먼저 나빠집니다.,SALES_DECLINE|CONTRACT_END_HIGH|NAME_CHANGE_HIGH,57.77,18.38,76.15,59.5
BRD_20210973,피자덕,2024,8,6,0,계약·매출·구조,중도 해지가 많습니다,계약 기간을 채우지 못하고 중도 해지한 가맹점이 3개(8.3%)입니다. 만기 종료와 달리 중도 해지는 점주가 손실을 감수하고 나가는 것이라 수익성 악화 신호로 봅니다.,CANCEL_HIGH|SALES_DECLINE|NAME_CHANGE_HIGH,57.7,11.48,69.182,53.6
BRD_20201497,BT버거앤타코 (BURGER&TACO),2024,7,4,0,계약·구조,계약을 끝내는 가맹점이 많습니다,"2024년에 계약이 끝난 가맹점이 2개로, 연초 점포의 18.2%입니다. 패스트푸드 업종 상위 41%에 해당합니다. 업종 중간값은 11.8%입니다.",CONTRACT_END_HIGH|NAME_CHANGE_HIGH|SMALL_SCALE,57.63,1.4,59.027,44.4
BRD_20210570,모리커피,2024,4,2,0,계약·구조,점주 교체가 잦습니다,"명의변경이 9건(14.1%)입니다. 점포는 유지되지만 운영자가 바뀌는 것으로, 폐점 직전 단계에서 자주 나타납니다.",NAME_CHANGE_HIGH|YOUNG_BRAND,57.56,0.0,57.559,43.4
BRD_20161129,뜨돈(DD'DON),2024,5,3,2,계약·매출·구조,중도 해지가 많습니다,계약 기간을 채우지 못하고 중도 해지한 가맹점이 3개(13.0%)입니다. 만기 종료와 달리 중도 해지는 점주가 손실을 감수하고 나가는 것이라 수익성 악화 신호로 봅니다.,CANCEL_HIGH|SALES_DECLINE_STREAK|SMALL_SCALE,57.49,18.75,76.243,59.7
BRD_20160173,조선의 옛날통닭,2024,7,6,1,계약·매출·구조,중도 해지가 많습니다,계약 기간을 채우지 못하고 중도 해지한 가맹점이 5개(23.8%)입니다. 만기 종료와 달리 중도 해지는 점주가 손실을 감수하고 나가는 것이라 수익성 악화 신호로 봅니다.,CANCEL_HIGH|SALES_LOW_RANK|NAME_CHANGE_HIGH,57.42,18.81,76.234,59.6
BRD_20080200132,디디치킨(DD치킨),2024,8,7,4,계약·매출·성장·구조,계약을 끝내는 가맹점이 많습니다,"2024년에 계약이 끝난 가맹점이 34개로, 연초 점포의 33.7%입니다. 치킨 업종 상위 14%에 해당합니다. 업종 중간값은 6.7%입니다.",CONTRACT_END_HIGH|SALES_DECLINE_STREAK|STORE_DECLINE,57.35,27.8,85.147,66.8
BRD_20140594,충만치킨,2024,6,5,3,매출·성장·계약,매출이 2년 연속 하락,점포당 매출이 2022년 2.1억원에서 2024년 2.0억원까지 2년 내리 줄었습니다(누적 -4.6%).,SALES_DECLINE_STREAK|STORE_DECLINE|STORE_DECLINE_STREAK,57.28,25.1,82.382,64.6
BRD_20201124,두심스 독도해물알찜,2024,8,7,1,성장·계약·매출·구조,3년 연속 감소,가맹점 수가 2021년 31개에서 2024년 25개까지 3년 내리 줄었습니다(누적 -19.4%). 한 해 부진이 아니라 추세로 굳어진 상태입니다.,STORE_DECLINE_STREAK|CONTRACT_END_HIGH|SALES_DECLINE,57.21,22.01,79.223,62.6
BRD_20213068,오사이초밥,2024,7,5,0,계약·매출·구조,계약을 끝내는 가맹점이 많습니다,"2024년에 계약이 끝난 가맹점이 5개로, 연초 점포의 16.7%입니다. 일식 업종 상위 32%에 해당합니다. 업종 중간값은 0.0%입니다.",CONTRACT_END_HIGH|SALES_DECLINE|SALES_PER_AREA_DECLINE,57.14,10.88,68.024,52.4
BRD_20181209,차얌,2024,10,9,3,매출·성장·계약·구조,매출이 5년 연속 하락,"점포당 매출이 2019년 2.7억원에서 2024년 3,617만원까지 5년 내리 줄었습니다(누적 -86.7%).",SALES_DECLINE_STREAK|STORE_DECLINE|STORE_DECLINE_STREAK,57.07,27.53,84.6,66.4
BRD_20130100465,바푸리,2024,7,7,2,재무·성장·계약·구조,감사의견 '한정',(주)프랭크에프앤비의 2023년 감사의견이 '한정'입니다. 적정의견이 아니라는 것은 재무제표 자체를 그대로 믿기 어렵다는 뜻입니다.,HQ_AUDIT_OPINION|STORE_DECLINE_STREAK|CHURN_EXCEEDS_OPEN,57.0,26.31,83.319,65.3
BRD_20201664,꽈백최선생,2024,6,4,0,계약·구조,계약을 끝내는 가맹점이 많습니다,"2024년에 계약이 끝난 가맹점이 3개로, 연초 점포의 12.0%입니다. 분식 업종 상위 42%에 해당합니다. 업종 중간값은 5.3%입니다.",CONTRACT_END_HIGH|NAME_CHANGE_HIGH|SMALL_SCALE,56.93,5.34,62.277,47.8
BRD_20130100233,나능이,2024,4,3,0,성장·매출·구조,신규 출점이 멈췄습니다,신규 개점이 전년 6개에서 2개로 줄었습니다(기존 점포 대비 4.5%). 새로 들어오려는 점주가 끊기면 기존 점포의 이탈을 메울 방법이 없습니다.,NEW_OPEN_STALL|SALES_DECLINE|SMALL_SCALE,56.87,9.65,66.511,51.3
BRD_20160892,만년닭강정,2024,3,2,0,계약·구조,계약을 끝내는 가맹점이 많습니다,"2024년에 계약이 끝난 가맹점이 5개로, 연초 점포의 15.6%입니다. 치킨 업종 상위 33%에 해당합니다. 업종 중간값은 6.7%입니다.",CONTRACT_END_HIGH|SMALL_SCALE,56.8,7.82,64.612,49.6
BRD_20110100132,치킨678,2024,6,5,2,성장·계약·구조,가맹점이 줄었습니다,2024년 가맹점이 27개에서 22개로 5개(-18.5%) 줄었습니다. 같은 기타 외식 업종의 중간값은 +0.0%입니다.,STORE_DECLINE|STORE_DECLINE_STREAK|CHURN_EXCEEDS_OPEN,56.73,21.14,77.869,61.4
BRD_20180277,강경불고기,2024,4,2,1,계약·구조,계약을 끝내는 가맹점이 많습니다,"2024년에 계약이 끝난 가맹점이 9개로, 연초 점포의 25.0%입니다. 기타 외식 업종 상위 25%에 해당합니다. 업종 중간값은 9.5%입니다.",CONTRACT_END_HIGH|SMALL_SCALE,56.66,9.65,66.303,51.0
BRD_20191140,두부만드는사람들,2024,8,6,0,계약·매출·성장·구조,중도 해지가 많습니다,계약 기간을 채우지 못하고 중도 해지한 가맹점이 7개(9.6%)입니다. 만기 종료와 달리 중도 해지는 점주가 손실을 감수하고 나가는 것이라 수익성 악화 신호로 봅니다.,CANCEL_HIGH|CHURN_EXCEEDS_OPEN|SALES_LOW_RANK,56.59,16.67,73.261,57.2
BRD_20201873,아틀리에빈,2024,9,8,3,매출·성장·계약·구조,매출이 2년 연속 하락,"점포당 매출이 2022년 1.3억원에서 2024년 8,254만원까지 2년 내리 줄었습니다(누적 -35.9%).",SALES_DECLINE_STREAK|STORE_DECLINE|STORE_DECLINE_STREAK,56.52,26.36,82.879,65.1
BRD_20170243,비어첸,2024,4,3,0,계약·매출·구조,나가는 점포가 들어오는 점포보다 많습니다,2024년 신규 개점 0개에 견줘 계약종료·해지가 6개로 6개 더 많습니다. 순유출 상태입니다.,CHURN_EXCEEDS_OPEN|SALES_LOW_RANK|SMALL_SCALE,56.45,13.07,69.514,54.0
BRD_20171211,노가리슈퍼,2024,8,7,2,성장·계약·매출·구조,가맹점이 줄었습니다,2024년 가맹점이 19개에서 15개로 4개(-21.1%) 줄었습니다. 같은 주점 업종의 중간값은 +0.0%입니다.,STORE_DECLINE|STORE_DECLINE_STREAK|CHURN_EXCEEDS_OPEN,56.38,24.01,80.395,63.3
BRD_20191073,정코다리,2024,6,5,2,성장·계약·구조,가맹점이 줄었습니다,2024년 가맹점이 18개에서 15개로 3개(-16.7%) 줄었습니다. 같은 한식 업종의 중간값은 +0.0%입니다.,STORE_DECLINE|STORE_DECLINE_STREAK|CHURN_EXCEEDS_OPEN,56.31,21.14,77.453,61.1
BRD_20171445,카페일리터,2024,4,1,0,계약,중도 해지가 많습니다,계약 기간을 채우지 못하고 중도 해지한 가맹점이 8개(8.2%)입니다. 만기 종료와 달리 중도 해지는 점주가 손실을 감수하고 나가는 것이라 수익성 악화 신호로 봅니다.,CANCEL_HIGH,56.24,-2.0,54.244,40.6
BRD_20180511,고피자(GOPIZZA),2024,8,7,3,계약·재무·구조·성장,계약을 끝내는 가맹점이 많습니다,"2024년에 계약이 끝난 가맹점이 30개로, 연초 점포의 28.6%입니다. 피자 업종 상위 19%에 해당합니다. 업종 중간값은 6.9%입니다.",CONTRACT_END_HIGH|HQ_AUDIT_OPINION|HQ_OPERATING_LOSS,56.17,26.2,82.37,64.6
BRD_20211440,평화김해뒷고기,2024,6,5,0,계약·구조·성장,중도 해지가 많습니다,계약 기간을 채우지 못하고 중도 해지한 가맹점이 3개(5.9%)입니다. 만기 종료와 달리 중도 해지는 점주가 손실을 감수하고 나가는 것이라 수익성 악화 신호로 봅니다.,CANCEL_HIGH|CONTRACT_END_HIGH|SMALL_SCALE,56.1,12.08,68.179,52.7
BRD_20150785,본설렁탕,2024,8,7,3,계약·매출·성장·구조,계약을 끝내는 가맹점이 많습니다,"2024년에 계약이 끝난 가맹점이 19개로, 연초 점포의 38.0%입니다. 한식 업종 상위 17%에 해당합니다. 업종 중간값은 4.6%입니다.",CONTRACT_END_HIGH|SALES_DECLINE_STREAK|STORE_DECLINE,56.03,26.75,82.783,65.0
BRD_20150530,카페보니또,2024,9,8,3,계약·성장·구조·매출,중도 해지가 많습니다,계약 기간을 채우지 못하고 중도 해지한 가맹점이 4개(21.1%)입니다. 만기 종료와 달리 중도 해지는 점주가 손실을 감수하고 나가는 것이라 수익성 악화 신호로 봅니다.,CANCEL_HIGH|STORE_DECLINE|STORE_DECLINE_STREAK,55.96,26.03,81.992,64.1
BRD_20171493,이차돌,2024,11,11,8,계약·재무·매출·성장,계약을 끝내는 가맹점이 많습니다,"2024년에 계약이 끝난 가맹점이 60개로, 연초 점포의 33.3%입니다. 기타 외식 업종 상위 16%에 해당합니다. 업종 중간값은 9.5%입니다.",CONTRACT_END_HIGH|HQ_AUDIT_OPINION|HQ_EQUITY_NEGATIVE,55.89,29.48,85.375,67.1
BRD_20191275,찐이야숯불치킨,2024,7,5,1,계약·구조·성장,계약을 끝내는 가맹점이 많습니다,"2024년에 계약이 끝난 가맹점이 15개로, 연초 점포의 31.9%입니다. 치킨 업종 상위 19%에 해당합니다. 업종 중간값은 6.7%입니다.",CONTRACT_END_HIGH|REGION_CONCENTRATION|STORE_DECLINE,55.83,18.38,74.208,58.2
BRD_20220492,구여사 컵밥,2024,6,5,0,계약·구조,중도 해지가 많습니다,계약 기간을 채우지 못하고 중도 해지한 가맹점이 2개(5.3%)입니다. 만기 종료와 달리 중도 해지는 점주가 손실을 감수하고 나가는 것이라 수익성 악화 신호로 봅니다.,CANCEL_HIGH|CONTRACT_END_HIGH|NAME_CHANGE_HIGH,55.76,10.97,66.724,51.5
BRD_20110100215,아마떼,2024,3,1,0,구조,규모가 작습니다,"가맹점이 17개로, 점포 몇 곳만 이탈해도 브랜드 지표가 크게 흔들립니다. 충격을 흡수할 여력이 얇습니다.",SMALL_SCALE,55.69,-2.0,53.69,40.1
BRD_20231656,제육집막내아들,2024,5,3,0,매출·구조,업종 안에서 매출이 낮습니다,"점포당 매출 3,712만원은 한식 업종 하위 5% 수준입니다 (업종 중간값 3.5억원).",SALES_LOW_RANK|SMALL_SCALE|YOUNG_BRAND,55.62,4.66,60.279,45.8
BRD_20201615,손찬,2024,7,5,2,계약·성장·구조,중도 해지가 많습니다,계약 기간을 채우지 못하고 중도 해지한 가맹점이 6개(15.0%)입니다. 만기 종료와 달리 중도 해지는 점주가 손실을 감수하고 나가는 것이라 수익성 악화 신호로 봅니다.,CANCEL_HIGH|STORE_DECLINE|CHURN_EXCEEDS_OPEN,55.55,21.09,76.64,60.3
BRD_20214152,육회야문연어,2024,7,5,1,매출·계약·구조,매출이 2년 연속 하락,점포당 매출이 2022년 5.7억원에서 2024년 4.8억원까지 2년 내리 줄었습니다(누적 -15.9%).,SALES_DECLINE_STREAK|NAME_CHANGE_HIGH|SALES_PER_AREA_DECLINE,55.48,12.57,68.053,52.6
BRD_20120500045,샤브쌈주머니,2024,6,5,0,계약·매출·구조·성장,계약을 끝내는 가맹점이 많습니다,"2024년에 계약이 끝난 가맹점이 4개로, 연초 점포의 12.5%입니다. 한식 업종 상위 40%에 해당합니다. 업종 중간값은 4.6%입니다.",CONTRACT_END_HIGH|SALES_DECLINE|SALES_PER_AREA_DECLINE,55.41,15.17,70.574,55.1
BRD_20110600010,VFC치킨파티,2024,9,8,4,계약·매출·성장·구조,중도 해지가 많습니다,계약 기간을 채우지 못하고 중도 해지한 가맹점이 3개(15.8%)입니다. 만기 종료와 달리 중도 해지는 점주가 손실을 감수하고 나가는 것이라 수익성 악화 신호로 봅니다.,CANCEL_HIGH|SALES_DECLINE_STREAK|STORE_DECLINE,55.34,27.51,82.851,65.0
BRD_20211124,휴게소,2024,7,5,0,계약·매출·구조,점주 교체가 잦습니다,"명의변경이 3건(15.0%)입니다. 점포는 유지되지만 운영자가 바뀌는 것으로, 폐점 직전 단계에서 자주 나타납니다.",NAME_CHANGE_HIGH|SALES_DECLINE|SALES_PER_AREA_DECLINE,55.27,3.39,58.656,44.1
BRD_20180783,백년불고기,2024,3,1,0,구조,규모가 작습니다,"가맹점이 36개로, 점포 몇 곳만 이탈해도 브랜드 지표가 크게 흔들립니다. 충격을 흡수할 여력이 얇습니다.",SMALL_SCALE,55.2,-2.0,53.204,39.7
BRD_20090100310,서래갈매기,2024,4,3,1,성장·구조,8년 연속 감소,가맹점 수가 2016년 60개에서 2024년 14개까지 8년 내리 줄었습니다(누적 -76.7%). 한 해 부진이 아니라 추세로 굳어진 상태입니다.,STORE_DECLINE_STREAK|SMALL_SCALE|STORE_DECLINE,55.13,13.63,68.758,53.1
BRD_20160771,샤브보트,2024,2,1,0,구조,규모가 작습니다,"가맹점이 47개로, 점포 몇 곳만 이탈해도 브랜드 지표가 크게 흔들립니다. 충격을 흡수할 여력이 얇습니다.",SMALL_SCALE,55.06,-2.0,53.065,39.4
BRD_20221200,구주,2024,5,3,0,매출·구조,가맹점 평균매출이 떨어졌습니다,점포당 연매출이 7.3억원에서 6.0억원으로 -17.5% 줄었습니다. 같은 업종 중간값은 -9.0%입니다. 매출이 줄면 점주의 대출 상환 여력이 먼저 나빠집니다.,SALES_DECLINE|SALES_PER_AREA_DECLINE|SMALL_SCALE,54.99,4.66,59.655,45.3
BRD_20140782,모로미,2024,8,7,4,계약·매출·성장·구조,계약을 끝내는 가맹점이 많습니다,"2024년에 계약이 끝난 가맹점이 6개로, 연초 점포의 25.0%입니다. 주점 업종 상위 27%에 해당합니다. 업종 중간값은 10.0%입니다.",CONTRACT_END_HIGH|SALES_DECLINE|STORE_DECLINE,54.92,27.15,82.078,64.3
BRD_20141217,순곱이네,2024,6,5,2,매출·성장·구조,매출이 2년 연속 하락,점포당 매출이 2022년 2.0억원에서 2024년 1.6억원까지 2년 내리 줄었습니다(누적 -19.2%).,SALES_DECLINE_STREAK|STORE_DECLINE_STREAK|SALES_PER_AREA_DECLINE,54.85,21.68,76.536,60.0
BRD_20130139,빌리엔젤,2024,10,9,5,계약·재무·성장·구조,중도 해지가 많습니다,계약 기간을 채우지 못하고 중도 해지한 가맹점이 4개(18.2%)입니다. 만기 종료와 달리 중도 해지는 점주가 손실을 감수하고 나가는 것이라 수익성 악화 신호로 봅니다.,CANCEL_HIGH|HQ_EQUITY_NEGATIVE|HQ_OPERATING_LOSS,54.79,27.54,82.327,64.5
BRD_20190292,25센치,2024,5,4,2,계약·매출·구조,계약을 끝내는 가맹점이 많습니다,"2024년에 계약이 끝난 가맹점이 10개로, 연초 점포의 31.2%입니다. 일식 업종 상위 19%에 해당합니다. 업종 중간값은 0.0%입니다.",CONTRACT_END_HIGH|SALES_DECLINE|SALES_PER_AREA_DECLINE,54.72,21.34,76.057,59.4
BRD_20110100299,더진국,2024,5,4,2,계약·성장,계약을 끝내는 가맹점이 많습니다,"2024년에 계약이 끝난 가맹점이 22개로, 연초 점포의 29.3%입니다. 한식 업종 상위 23%에 해당합니다. 업종 중간값은 4.6%입니다.",CONTRACT_END_HIGH|STORE_DECLINE|CHURN_EXCEEDS_OPEN,54.65,22.06,76.703,60.4
BRD_20151176,빙달,2024,7,5,0,계약·성장·구조,중도 해지가 많습니다,계약 기간을 채우지 못하고 중도 해지한 가맹점이 2개(5.6%)입니다. 만기 종료와 달리 중도 해지는 점주가 손실을 감수하고 나가는 것이라 수익성 악화 신호로 봅니다.,CANCEL_HIGH|CONTRACT_END_HIGH|STORE_DECLINE_STREAK,54.58,12.08,66.653,51.5
BRD_20170957,우리동네서민한우,2024,2,1,0,구조,규모가 작습니다,"가맹점이 0개로, 점포 몇 곳만 이탈해도 브랜드 지표가 크게 흔들립니다. 충격을 흡수할 여력이 얇습니다.",SMALL_SCALE,54.51,2.0,56.505,42.6
BRD_20130100213,무한사케무사,2024,2,1,0,구조,규모가 작습니다,"가맹점이 0개로, 점포 몇 곳만 이탈해도 브랜드 지표가 크게 흔들립니다. 충격을 흡수할 여력이 얇습니다.",SMALL_SCALE,54.44,2.0,56.435,42.4
BRD_20212010,복호두,2024,6,4,1,매출·계약·구조,매출이 2년 연속 하락,점포당 매출이 2022년 3.9억원에서 2024년 2.5억원까지 2년 내리 줄었습니다(누적 -36.7%).,SALES_DECLINE_STREAK|NAME_CHANGE_HIGH|SALES_PER_AREA_DECLINE,54.37,11.99,66.361,51.1
BRD_20220528,맘스터치 피자앤치킨,2024,10,9,1,성장·계약·매출·구조,가맹점이 줄었습니다,2024년 가맹점이 44개에서 37개로 7개(-15.9%) 줄었습니다. 같은 패스트푸드 업종의 중간값은 +0.0%입니다.,STORE_DECLINE|CHURN_EXCEEDS_OPEN|CONTRACT_END_HIGH,54.3,20.09,74.387,58.3
BRD_20151018,복고다방,2024,2,1,0,계약,계약을 끝내는 가맹점이 많습니다,"2024년에 계약이 끝난 가맹점이 9개로, 연초 점포의 19.1%입니다. 커피 업종 상위 22%에 해당합니다. 업종 중간값은 0.0%입니다.",CONTRACT_END_HIGH,54.23,5.92,60.151,45.8
BRD_20160481,징기스,2024,8,7,3,매출·성장·계약·구조,매출이 2년 연속 하락,점포당 매출이 2022년 6.1억원에서 2024년 4.5억원까지 2년 내리 줄었습니다(누적 -25.9%).,SALES_DECLINE_STREAK|STORE_DECLINE|STORE_DECLINE_STREAK,54.16,25.85,80.013,62.8
BRD_20181194,아부찌부대찌개,2024,7,6,2,계약·매출·성장,중도 해지가 많습니다,계약 기간을 채우지 못하고 중도 해지한 가맹점이 13개(16.5%)입니다. 만기 종료와 달리 중도 해지는 점주가 손실을 감수하고 나가는 것이라 수익성 악화 신호로 봅니다.,CANCEL_HIGH|SALES_DECLINE|CHURN_EXCEEDS_OPEN,54.09,24.66,78.755,62.1
BRD_20200998,공룡닭발,2024,7,6,1,계약·성장·구조,중도 해지가 많습니다,계약 기간을 채우지 못하고 중도 해지한 가맹점이 8개(21.1%)입니다. 만기 종료와 달리 중도 해지는 점주가 손실을 감수하고 나가는 것이라 수익성 악화 신호로 봅니다.,CANCEL_HIGH|CHURN_EXCEEDS_OPEN|STORE_DECLINE,54.02,19.64,73.661,57.6
BRD_20191312,언양닭칼국수,2024,3,1,0,매출,면적당 매출이 떨어졌습니다,3.3㎡당 매출이 -18.5% 줄었습니다. 점포 크기를 감안해도 장사가 덜 되고 있다는 뜻입니다.,SALES_PER_AREA_DECLINE,53.95,-2.0,51.956,38.5
BRD_20211278,광안천지식당,2024,5,4,0,성장·매출·구조,신규 출점이 멈췄습니다,신규 개점이 전년 49개에서 2개로 줄었습니다(기존 점포 대비 3.6%). 새로 들어오려는 점주가 끊기면 기존 점포의 이탈을 메울 방법이 없습니다.,NEW_OPEN_STALL|SALES_DECLINE|SALES_PER_AREA_DECLINE,53.88,10.27,64.152,49.3
BRD_20212086,30년 불멸의 닭발,2024,8,6,1,매출·계약·구조,매출이 3년 연속 하락,점포당 매출이 2021년 2.8억원에서 2024년 1.3억원까지 3년 내리 줄었습니다(누적 -54.7%).,SALES_DECLINE_STREAK|CONTRACT_END_HIGH|SALES_LOW_RANK,53.81,17.15,70.964,55.5
BRD_20191392,경양카츠,2024,8,7,4,계약·매출·성장·구조,중도 해지가 많습니다,계약 기간을 채우지 못하고 중도 해지한 가맹점이 11개(22.9%)입니다. 만기 종료와 달리 중도 해지는 점주가 손실을 감수하고 나가는 것이라 수익성 악화 신호로 봅니다.,CANCEL_HIGH|SALES_DECLINE_STREAK|STORE_DECLINE,53.74,27.15,80.899,63.5
BRD_20213360,파스타예요,2024,6,4,0,계약·매출·구조,점주 교체가 잦습니다,"명의변경이 2건(15.4%)입니다. 점포는 유지되지만 운영자가 바뀌는 것으로, 폐점 직전 단계에서 자주 나타납니다.",NAME_CHANGE_HIGH|SALES_PER_AREA_DECLINE|SMALL_SCALE,53.68,2.69,56.368,42.4
BRD_20200505,치교치킨,2024,12,12,5,재무·매출·성장·계약·구조,감사의견 '의견거절',㈜아이언가이즈의 2023년 감사의견이 '의견거절'입니다. 적정의견이 아니라는 것은 재무제표 자체를 그대로 믿기 어렵다는 뜻입니다.,HQ_AUDIT_OPINION|HQ_EQUITY_NEGATIVE|SALES_DECLINE,53.61,28.93,82.534,64.7
BRD_20180231,혼다라멘,2024,7,6,2,매출·성장·구조,가맹점 평균매출이 떨어졌습니다,점포당 연매출이 1.5억원에서 1.2억원으로 -21.6% 줄었습니다. 같은 업종 중간값은 -4.5%입니다. 매출이 줄면 점주의 대출 상환 여력이 먼저 나빠집니다.,SALES_DECLINE|STORE_DECLINE_STREAK|SALES_LOW_RANK,53.54,23.22,76.754,60.5
BRD_20211506,팔팔포장마차,2024,7,5,1,매출·계약·구조,매출이 2년 연속 하락,점포당 매출이 2022년 5.2억원에서 2024년 2.7억원까지 2년 내리 줄었습니다(누적 -48.3%).,SALES_DECLINE_STREAK|CONTRACT_END_HIGH|NAME_CHANGE_HIGH,53.47,15.68,69.147,53.5
BRD_20210036,양가네 명품갈비찜,2024,10,9,2,매출·성장·계약·구조,매출이 2년 연속 하락,"점포당 매출이 2022년 4.0억원에서 2024년 1,082만원까지 2년 내리 줄었습니다(누적 -97.3%).",SALES_DECLINE_STREAK|STORE_DECLINE|CHURN_EXCEEDS_OPEN,53.4,26.03,79.426,62.7
BRD_20201059,밤하늘포차 연어육회,2024,4,3,0,매출·구조,업종 안에서 매출이 낮습니다,"점포당 매출 2,625만원은 주점 업종 하위 1% 수준입니다 (업종 중간값 3.0억원).",SALES_LOW_RANK|SMALL_SCALE|YOUNG_BRAND,53.33,8.46,61.793,47.2
BRD_20221147,쏘시지요,2024,3,2,0,매출·구조,업종 안에서 매출이 낮습니다,"점포당 매출 9,182만원은 주점 업종 하위 4% 수준입니다 (업종 중간값 3.0억원).",SALES_LOW_RANK|YOUNG_BRAND,53.26,7.82,61.075,46.5
BRD_20210129,제육폭식,2024,15,15,8,계약·재무·매출·성장·구조,계약을 끝내는 가맹점이 많습니다,"2024년에 계약이 끝난 가맹점이 34개로, 연초 점포의 89.5%입니다. 한식 업종 상위 4%에 해당합니다. 업종 중간값은 4.6%입니다.",CONTRACT_END_HIGH|HQ_AUDIT_OPINION|HQ_EQUITY_NEGATIVE,53.19,29.7,82.886,65.2
BRD_20130227,청담동말자싸롱,2024,7,6,0,계약·매출·성장,중도 해지가 많습니다,계약 기간을 채우지 못하고 중도 해지한 가맹점이 10개(11.6%)입니다. 만기 종료와 달리 중도 해지는 점주가 손실을 감수하고 나가는 것이라 수익성 악화 신호로 봅니다.,CANCEL_HIGH|CHURN_EXCEEDS_OPEN|SALES_LOW_RANK,53.12,15.75,68.873,53.3
BRD_20210213,동복리 제주갈치조림,2024,4,3,0,성장·구조,신규 출점이 멈췄습니다,신규 개점이 전년 10개에서 0개로 줄었습니다(기존 점포 대비 0.0%). 새로 들어오려는 점주가 끊기면 기존 점포의 이탈을 메울 방법이 없습니다.,NEW_OPEN_STALL|SMALL_SCALE|YOUNG_BRAND,53.05,8.46,61.515,47.0
BRD_20180565,여우애(愛),2024,6,4,2,계약·성장·구조,중도 해지가 많습니다,계약 기간을 채우지 못하고 중도 해지한 가맹점이 9개(16.4%)입니다. 만기 종료와 달리 중도 해지는 점주가 손실을 감수하고 나가는 것이라 수익성 악화 신호로 봅니다.,CANCEL_HIGH|STORE_DECLINE|CHURN_EXCEEDS_OPEN,52.98,19.98,72.959,57.0
BRD_20161076,투고샐러드 (TOGOSALAD),2024,7,5,1,성장·계약·구조,3년 연속 감소,가맹점 수가 2021년 47개에서 2024년 27개까지 3년 내리 줄었습니다(누적 -42.6%). 한 해 부진이 아니라 추세로 굳어진 상태입니다.,STORE_DECLINE_STREAK|CONTRACT_END_HIGH|NAME_CHANGE_HIGH,52.91,15.68,68.593,52.9
BRD_20221037,김사부의곱창명가,2024,8,6,1,매출·계약·구조,가맹점 평균매출이 떨어졌습니다,점포당 연매출이 2.2억원에서 1.1억원으로 -48.7% 줄었습니다. 같은 업종 중간값은 -3.5%입니다. 매출이 줄면 점주의 대출 상환 여력이 먼저 나빠집니다.,SALES_DECLINE|CONTRACT_END_HIGH|SALES_LOW_RANK,52.84,17.15,69.993,54.7
BRD_20212416,하노이맥주밤거리,2024,5,4,1,매출·계약·구조,매출이 2년 연속 하락,점포당 매출이 2022년 5.5억원에서 2024년 3.5억원까지 2년 내리 줄었습니다(누적 -37.3%).,SALES_DECLINE_STREAK|CONTRACT_END_HIGH|NAME_CHANGE_HIGH,52.77,17.94,70.713,55.3
BRD_20160803,뉴욕야시장,2024,8,8,3,계약·매출·성장·재무,중도 해지가 많습니다,계약 기간을 채우지 못하고 중도 해지한 가맹점이 21개(20.0%)입니다. 만기 종료와 달리 중도 해지는 점주가 손실을 감수하고 나가는 것이라 수익성 악화 신호로 봅니다.,CANCEL_HIGH|SALES_DECLINE_STREAK|STORE_DECLINE,52.7,27.59,80.294,63.0
BRD_20211900,식사하세요,2024,1,0,0,,특이 소견 없음,공시 지표에서 눈에 띄는 악화 신호가 확인되지 않았습니다.,,52.64,0.0,52.635,38.9
BRD_20080100272,송주불냉면앤칼국수,2024,9,8,2,매출·성장·계약·구조,매출이 4년 연속 하락,"점포당 매출이 2020년 3.0억원에서 2024년 9,890만원까지 4년 내리 줄었습니다(누적 -67.2%).",SALES_DECLINE_STREAK|STORE_DECLINE|CHURN_EXCEEDS_OPEN,52.57,26.77,79.336,62.6
BRD_20090600054,봉대박스파게티,2024,7,5,1,성장·계약·구조,8년 연속 감소,가맹점 수가 2016년 45개에서 2024년 18개까지 8년 내리 줄었습니다(누적 -60.0%). 한 해 부진이 아니라 추세로 굳어진 상태입니다.,STORE_DECLINE_STREAK|CHURN_EXCEEDS_OPEN|CONTRACT_END_HIGH,52.5,17.62,70.112,54.8
BRD_20200830,인생아구찜,2024,4,1,0,구조,가맹사업 업력이 짧습니다,"2020년에 가맹사업을 시작해 업력이 4년입니다. 초기 확장기에는 점포가 빠르게 늘지만, 첫 계약 만기가 돌아오는 시점에 이탈이 몰리는 경우가 많습니다.",YOUNG_BRAND,52.43,-5.92,46.506,32.7
BRD_20214971,규카츠정,2024,6,3,0,계약·구조,점주 교체가 잦습니다,"명의변경이 3건(11.5%)입니다. 점포는 유지되지만 운영자가 바뀌는 것으로, 폐점 직전 단계에서 자주 나타납니다.",NAME_CHANGE_HIGH|SMALL_SCALE|YOUNG_BRAND,52.36,-3.29,49.071,35.4
BRD_20171515,자성화 맛집 코다리네,2024,2,1,0,구조,규모가 작습니다,"가맹점이 0개로, 점포 몇 곳만 이탈해도 브랜드 지표가 크게 흔들립니다. 충격을 흡수할 여력이 얇습니다.",SMALL_SCALE,52.29,2.0,54.286,40.7
BRD_20211159,돈도니 석쇠한판불고기,2024,6,4,1,성장·매출·구조,4년 연속 감소,가맹점 수가 2020년 31개에서 2024년 6개까지 4년 내리 줄었습니다(누적 -80.6%). 한 해 부진이 아니라 추세로 굳어진 상태입니다.,STORE_DECLINE_STREAK|SALES_LOW_RANK|STORE_DECLINE,52.22,16.18,68.402,52.8
BRD_20170705,별법동태탕왕해물찜,2024,6,5,2,계약·성장·매출·구조,중도 해지가 많습니다,계약 기간을 채우지 못하고 중도 해지한 가맹점이 3개(15.8%)입니다. 만기 종료와 달리 중도 해지는 점주가 손실을 감수하고 나가는 것이라 수익성 악화 신호로 봅니다.,CANCEL_HIGH|STORE_DECLINE|CHURN_EXCEEDS_OPEN,52.15,24.4,76.548,60.1
BRD_20200638,천씨씨커피,2024,5,2,0,구조,진출 지역이 줄었습니다,영업 중인 시·도가 13곳에서 11곳으로 2곳 줄었습니다. 특정 지역에서 통째로 철수했다는 뜻입니다.,REGION_SHRINK|YOUNG_BRAND,52.08,-1.3,50.781,37.2
BRD_20220053,이찌방라멘& 카츠카레,2024,6,5,1,매출·구조,매출이 3년 연속 하락,"점포당 매출이 2021년 9.7억원에서 2024년 2,091만원까지 3년 내리 줄었습니다(누적 -97.8%).",SALES_DECLINE_STREAK|SALES_LOW_RANK|SALES_PER_AREA_DECLINE,52.01,15.75,67.764,52.2
BRD_20080200005,호아빈,2024,6,5,3,계약·성장·구조,계약을 끝내는 가맹점이 많습니다,"2024년에 계약이 끝난 가맹점이 5개로, 연초 점포의 29.4%입니다. 기타 외국식 업종 상위 18%에 해당합니다. 업종 중간값은 0.0%입니다.",CONTRACT_END_HIGH|STORE_DECLINE|STORE_DECLINE_STREAK,51.94,23.76,75.701,59.0
BRD_20150553,밥장인,2024,9,8,1,계약·매출·성장·구조,계약을 끝내는 가맹점이 많습니다,"2024년에 계약이 끝난 가맹점이 7개로, 연초 점포의 25.0%입니다. 한식 업종 상위 25%에 해당합니다. 업종 중간값은 4.6%입니다.",CONTRACT_END_HIGH|CHURN_EXCEEDS_OPEN|SALES_LOW_RANK,51.87,23.49,75.365,58.8
BRD_20120300101,칠칠켄터키,2024,4,3,1,계약·성장·구조,중도 해지가 많습니다,계약 기간을 채우지 못하고 중도 해지한 가맹점이 2개(14.3%)입니다. 만기 종료와 달리 중도 해지는 점주가 손실을 감수하고 나가는 것이라 수익성 악화 신호로 봅니다.,CANCEL_HIGH|STORE_DECLINE|SMALL_SCALE,51.8,17.48,69.287,53.7
BRD_20120100422,통파이브,2024,11,10,3,매출·성장·계약·구조,가맹점 평균매출이 떨어졌습니다,점포당 연매출이 2.4억원에서 1.7억원으로 -27.8% 줄었습니다. 같은 업종 중간값은 -9.0%입니다. 매출이 줄면 점주의 대출 상환 여력이 먼저 나빠집니다.,SALES_DECLINE|STORE_DECLINE|STORE_DECLINE_STREAK,51.73,27.41,79.147,62.4
BRD_20160464,혜화동 돈까스극장,2024,6,5,1,성장·계약·매출,가맹점이 줄었습니다,2024년 가맹점이 90개에서 76개로 14개(-15.6%) 줄었습니다. 같은 기타 외식 업종의 중간값은 +0.0%입니다.,STORE_DECLINE|CHURN_EXCEEDS_OPEN|CONTRACT_END_HIGH,51.66,22.06,73.721,57.7
BRD_20140726,리얼펍,2024,4,1,1,계약,계약을 끝내는 가맹점이 많습니다,"2024년에 계약이 끝난 가맹점이 20개로, 연초 점포의 27.4%입니다. 주점 업종 상위 26%에 해당합니다. 업종 중간값은 10.0%입니다.",CONTRACT_END_HIGH,51.6,3.98,55.571,41.9
BRD_20161227,굿맘할매순대국&양선지해장국,2024,6,6,4,재무·매출·성장·계약·구조,감사의견 '한정',(주)인화티에프에스의 2023년 감사의견이 '한정'입니다. 적정의견이 아니라는 것은 재무제표 자체를 그대로 믿기 어렵다는 뜻입니다.,HQ_AUDIT_OPINION|SALES_DECLINE_STREAK|STORE_DECLINE,51.53,27.68,79.206,62.5
BRD_20110100073,라떼킹(Latteking),2024,5,4,1,계약·구조·매출,계약을 끝내는 가맹점이 많습니다,"2024년에 계약이 끝난 가맹점이 5개로, 연초 점포의 50.0%입니다. 커피 업종 상위 4%에 해당합니다. 업종 중간값은 0.0%입니다.",CONTRACT_END_HIGH|DIRECT_RATIO_DROP|SALES_DECLINE,51.46,15.17,66.621,51.4
BRD_20130100064,미쓰족발,2024,7,5,1,성장·계약·구조,가맹점이 줄었습니다,2024년 가맹점이 17개에서 13개로 4개(-23.5%) 줄었습니다. 같은 기타 외식 업종의 중간값은 +0.0%입니다.,STORE_DECLINE|CHURN_EXCEEDS_OPEN|CONTRACT_END_HIGH,51.39,19.23,70.619,55.1
BRD_20090100534,아리스타,2024,5,4,0,매출·구조,가맹점 평균매출이 떨어졌습니다,점포당 연매출이 1.8억원에서 1.6억원으로 -10.4% 줄었습니다. 같은 업종 중간값은 -2.6%입니다. 매출이 줄면 점주의 대출 상환 여력이 먼저 나빠집니다.,SALES_DECLINE|DIRECT_RATIO_DROP|SALES_PER_AREA_DECLINE,51.32,9.1,60.422,46.0
BRD_20150356,순남시래기,2024,6,5,2,성장·계약·구조,가맹점이 줄었습니다,2024년 가맹점이 41개에서 34개로 7개(-17.1%) 줄었습니다. 같은 기타 외식 업종의 중간값은 +0.0%입니다.,STORE_DECLINE|STORE_DECLINE_STREAK|CHURN_EXCEEDS_OPEN,51.25,21.14,72.391,56.6
BRD_20100100628,컬투치킨,2024,6,4,1,성장·계약,3년 연속 감소,가맹점 수가 2021년 80개에서 2024년 65개까지 3년 내리 줄었습니다(누적 -18.8%). 한 해 부진이 아니라 추세로 굳어진 상태입니다.,STORE_DECLINE_STREAK|CHURN_EXCEEDS_OPEN|CONTRACT_END_HIGH,51.18,16.25,67.432,51.9
BRD_20201630,감탄계숯불치킨,2024,7,5,2,계약·매출·구조,중도 해지가 많습니다,계약 기간을 채우지 못하고 중도 해지한 가맹점이 4개(15.4%)입니다. 만기 종료와 달리 중도 해지는 점주가 손실을 감수하고 나가는 것이라 수익성 악화 신호로 봅니다.,CANCEL_HIGH|SALES_DECLINE_STREAK|SALES_PER_AREA_DECLINE,51.11,19.58,70.691,55.2
BRD_20180260,대마족발,2024,5,3,2,성장·구조,가맹점이 줄었습니다,2024년 가맹점이 5개에서 4개로 1개(-20.0%) 줄었습니다. 같은 한식 업종의 중간값은 +0.0%입니다.,STORE_DECLINE|STORE_DECLINE_STREAK|SMALL_SCALE,51.04,13.23,64.267,49.4
BRD_20120100261,팔색삼겹살,2024,2,1,0,구조,규모가 작습니다,"가맹점이 0개로, 점포 몇 곳만 이탈해도 브랜드 지표가 크게 흔들립니다. 충격을 흡수할 여력이 얇습니다.",SMALL_SCALE,50.97,2.0,52.968,39.3
BRD_20180580,탄탄면공방,2024,10,10,0,계약·재무·매출·성장·구조,나가는 점포가 들어오는 점포보다 많습니다,2024년 신규 개점 5개에 견줘 계약종료·해지가 10개로 5개 더 많습니다. 순유출 상태입니다.,CHURN_EXCEEDS_OPEN|CONTRACT_END_HIGH|HQ_CAPITAL_IMPAIRED,50.9,23.76,74.66,58.4
BRD_20190860,밀포유,2024,2,1,0,구조,규모가 작습니다,"가맹점이 1개로, 점포 몇 곳만 이탈해도 브랜드 지표가 크게 흔들립니다. 충격을 흡수할 여력이 얇습니다.",SMALL_SCALE,50.83,2.0,52.829,39.3
BRD_20170332,김영희아구찜&코다리냉면,2024,4,2,0,계약·구조,계약을 끝내는 가맹점이 많습니다,"2024년에 계약이 끝난 가맹점이 6개로, 연초 점포의 13.3%입니다. 기타 외식 업종 상위 44%에 해당합니다. 업종 중간값은 9.5%입니다.",CONTRACT_END_HIGH|SMALL_SCALE,50.76,3.98,54.739,41.4
BRD_20213927,국민낙곱새,2024,8,7,1,매출·계약·성장·구조,매출이 2년 연속 하락,점포당 매출이 2022년 2.7억원에서 2024년 1.9억원까지 2년 내리 줄었습니다(누적 -28.4%).,SALES_DECLINE_STREAK|CHURN_EXCEEDS_OPEN|CONTRACT_END_HIGH,50.69,20.73,71.426,56.0
BRD_20080100085,나뚜루,2024,6,5,2,성장·계약·구조,가맹점이 줄었습니다,2024년 가맹점이 25개에서 19개로 6개(-24.0%) 줄었습니다. 같은 아이스크림/빙수 업종의 중간값은 +11.1%입니다.,STORE_DECLINE|STORE_DECLINE_STREAK|CHURN_EXCEEDS_OPEN,50.62,18.93,69.559,54.0
BRD_20171391,아재불닭발,2024,8,6,1,매출·계약,매출이 5년 연속 하락,"점포당 매출이 2019년 2.4억원에서 2024년 8,379만원까지 5년 내리 줄었습니다(누적 -64.8%).",SALES_DECLINE_STREAK|CANCEL_HIGH|CONTRACT_END_HIGH,50.55,17.22,67.772,52.3
BRD_20214651,순수타코,2024,8,7,2,매출·성장·계약·구조,매출이 2년 연속 하락,"점포당 매출이 2022년 5,033만원에서 2024년 1,436만원까지 2년 내리 줄었습니다(누적 -71.5%).",SALES_DECLINE_STREAK|STORE_DECLINE|CHURN_EXCEEDS_OPEN,50.49,25.28,75.763,59.2
BRD_20160327,석관동떡볶이,2024,6,4,1,성장·매출·구조,4년 연속 감소,가맹점 수가 2019년 34개에서 2024년 16개까지 4년 내리 줄었습니다(누적 -52.9%). 한 해 부진이 아니라 추세로 굳어진 상태입니다.,STORE_DECLINE_STREAK|SALES_LOW_RANK|SMALL_SCALE,50.42,15.17,65.581,50.5
BRD_20230725,번쩍피자,2024,5,3,1,계약·구조,중도 해지가 많습니다,계약 기간을 채우지 못하고 중도 해지한 가맹점이 6개(12.0%)입니다. 만기 종료와 달리 중도 해지는 점주가 손실을 감수하고 나가는 것이라 수익성 악화 신호로 봅니다.,CANCEL_HIGH|NAME_CHANGE_HIGH|YOUNG_BRAND,50.35,10.27,60.615,46.3
BRD_20160452,쉐프삼촌,2024,2,1,0,구조,규모가 작습니다,"가맹점이 16개로, 점포 몇 곳만 이탈해도 브랜드 지표가 크게 흔들립니다. 충격을 흡수할 여력이 얇습니다.",SMALL_SCALE,50.28,2.0,52.274,38.7
BRD_20150650,마미쿡,2024,7,5,2,계약·성장·매출·구조,중도 해지가 많습니다,계약 기간을 채우지 못하고 중도 해지한 가맹점이 2개(13.3%)입니다. 만기 종료와 달리 중도 해지는 점주가 손실을 감수하고 나가는 것이라 수익성 악화 신호로 봅니다.,CANCEL_HIGH|STORE_DECLINE_STREAK|SALES_LOW_RANK,50.21,22.89,73.098,57.1
BRD_20120100339,사쿠사쿠,2024,7,6,1,매출·계약·성장·구조,가맹점 평균매출이 떨어졌습니다,점포당 연매출이 2.7억원에서 1.9억원으로 -32.0% 줄었습니다. 같은 업종 중간값은 -1.3%입니다. 매출이 줄면 점주의 대출 상환 여력이 먼저 나빠집니다.,SALES_DECLINE|CANCEL_HIGH|CHURN_EXCEEDS_OPEN,50.14,22.93,73.07,57.1
BRD_20090100471,치킨주막,2024,5,4,1,계약·매출·구조,중도 해지가 많습니다,계약 기간을 채우지 못하고 중도 해지한 가맹점이 3개(14.3%)입니다. 만기 종료와 달리 중도 해지는 점주가 손실을 감수하고 나가는 것이라 수익성 악화 신호로 봅니다.,CANCEL_HIGH|SALES_DECLINE|SALES_PER_AREA_DECLINE,50.07,15.17,65.234,50.1
BRD_20130100244,청담이상,2024,9,8,4,계약·매출·성장·구조,중도 해지가 많습니다,계약 기간을 채우지 못하고 중도 해지한 가맹점이 13개(19.4%)입니다. 만기 종료와 달리 중도 해지는 점주가 손실을 감수하고 나가는 것이라 수익성 악화 신호로 봅니다.,CANCEL_HIGH|SALES_DECLINE_STREAK|STORE_DECLINE,50.0,27.89,77.893,61.4
BRD_20210961,백돈,2024,5,3,0,계약·구조,계약을 끝내는 가맹점이 많습니다,"2024년에 계약이 끝난 가맹점이 11개로, 연초 점포의 19.0%입니다. 기타 외식 업종 상위 33%에 해당합니다. 업종 중간값은 9.5%입니다.",CONTRACT_END_HIGH|NAME_CHANGE_HIGH|YOUNG_BRAND,49.93,4.66,54.593,41.1
BRD_20170139,용호동낙지,2024,6,4,1,계약·구조,중도 해지가 많습니다,계약 기간을 채우지 못하고 중도 해지한 가맹점이 5개(14.7%)입니다. 만기 종료와 달리 중도 해지는 점주가 손실을 감수하고 나가는 것이라 수익성 악화 신호로 봅니다.,CANCEL_HIGH|CONTRACT_END_HIGH|DIRECT_RATIO_DROP,49.86,12.08,61.937,47.3
BRD_20150749,동네포차주민,2024,5,4,0,계약·구조·성장,계약을 끝내는 가맹점이 많습니다,"2024년에 계약이 끝난 가맹점이 6개로, 연초 점포의 15.0%입니다. 주점 업종 상위 42%에 해당합니다. 업종 중간값은 10.0%입니다.",CONTRACT_END_HIGH|NAME_CHANGE_HIGH|SMALL_SCALE,49.79,10.27,60.06,45.7
BRD_20120100447,카페아이엠티,2024,5,4,1,성장·계약·구조,3년 연속 감소,가맹점 수가 2021년 28개에서 2024년 10개까지 3년 내리 줄었습니다(누적 -64.3%). 한 해 부진이 아니라 추세로 굳어진 상태입니다.,STORE_DECLINE_STREAK|CONTRACT_END_HIGH|STORE_DECLINE,49.72,18.81,68.536,52.8
BRD_202126,고더커피,2024,8,6,1,매출·구조·계약,매출이 2년 연속 하락,점포당 매출이 2022년 1.8억원에서 2024년 1.1억원까지 2년 내리 줄었습니다(누적 -41.8%).,SALES_DECLINE_STREAK|REGION_CONCENTRATION|NAME_CHANGE_HIGH,49.65,16.18,65.836,50.7
BRD_20230528,잇쇼타코야끼,2024,5,3,0,성장·구조,신규 출점이 멈췄습니다,신규 개점이 전년 31개에서 1개로 줄었습니다(기존 점포 대비 3.2%). 새로 들어오려는 점주가 끊기면 기존 점포의 이탈을 메울 방법이 없습니다.,NEW_OPEN_STALL|SMALL_SCALE|YOUNG_BRAND,49.58,4.66,54.246,40.6
BRD_20180893,고기듬뿍 대왕비빔밥,2024,9,8,3,계약·매출·성장·구조,중도 해지가 많습니다,계약 기간을 채우지 못하고 중도 해지한 가맹점이 24개(20.0%)입니다. 만기 종료와 달리 중도 해지는 점주가 손실을 감수하고 나가는 것이라 수익성 악화 신호로 봅니다.,CANCEL_HIGH|SALES_DECLINE|STORE_DECLINE,49.51,27.8,77.311,60.9
BRD_20130100434,일미리금계찜닭,2024,9,8,3,계약·매출·성장·평판,중도 해지가 많습니다,계약 기간을 채우지 못하고 중도 해지한 가맹점이 47개(32.0%)입니다. 만기 종료와 달리 중도 해지는 점주가 손실을 감수하고 나가는 것이라 수익성 악화 신호로 봅니다.,CANCEL_HIGH|SALES_DECLINE_STREAK|STORE_DECLINE_STREAK,49.45,27.15,76.6,60.1
BRD_20161275,한옥마을,2024,3,1,0,계약,점주 교체가 잦습니다,"명의변경이 7건(14.9%)입니다. 점포는 유지되지만 운영자가 바뀌는 것으로, 폐점 직전 단계에서 자주 나타납니다.",NAME_CHANGE_HIGH,49.38,-2.0,47.379,33.8
BRD_20130100350,찰스숯불김밥,2024,2,1,0,구조,규모가 작습니다,"가맹점이 5개로, 점포 몇 곳만 이탈해도 브랜드 지표가 크게 흔들립니다. 충격을 흡수할 여력이 얇습니다.",SMALL_SCALE,49.31,2.0,51.304,37.6
BRD_20212045,국밥참맛있는집,2024,7,4,0,계약·구조,중도 해지가 많습니다,계약 기간을 채우지 못하고 중도 해지한 가맹점이 4개(5.9%)입니다. 만기 종료와 달리 중도 해지는 점주가 손실을 감수하고 나가는 것이라 수익성 악화 신호로 봅니다.,CANCEL_HIGH|CONTRACT_END_HIGH|NAME_CHANGE_HIGH,49.24,2.79,52.029,38.6
BRD_20170559,행컵,2024,4,3,0,계약·구조,계약을 끝내는 가맹점이 많습니다,"2024년에 계약이 끝난 가맹점이 4개로, 연초 점포의 12.9%입니다. 기타 외식 업종 상위 45%에 해당합니다. 업종 중간값은 9.5%입니다.",CONTRACT_END_HIGH|NAME_CHANGE_HIGH|SMALL_SCALE,49.17,8.46,57.632,43.5
BRD_20200125,킹스꼬마김밥,2024,8,6,1,계약·성장·구조,중도 해지가 많습니다,계약 기간을 채우지 못하고 중도 해지한 가맹점이 6개(16.7%)입니다. 만기 종료와 달리 중도 해지는 점주가 손실을 감수하고 나가는 것이라 수익성 악화 신호로 봅니다.,CANCEL_HIGH|STORE_DECLINE_STREAK|NAME_CHANGE_HIGH,49.1,16.18,65.281,50.1
BRD_20080200109,따삐오,2024,8,7,3,계약·성장·구조·매출,중도 해지가 많습니다,계약 기간을 채우지 못하고 중도 해지한 가맹점이 13개(31.0%)입니다. 만기 종료와 달리 중도 해지는 점주가 손실을 감수하고 나가는 것이라 수익성 악화 신호로 봅니다.,CANCEL_HIGH|STORE_DECLINE|STORE_DECLINE_STREAK,49.03,26.77,75.8,59.2
BRD_20160546,잭아저씨족발&보쌈,2024,6,5,1,성장·계약·구조,4년 연속 감소,가맹점 수가 2020년 48개에서 2024년 24개까지 4년 내리 줄었습니다(누적 -50.0%). 한 해 부진이 아니라 추세로 굳어진 상태입니다.,STORE_DECLINE_STREAK|CHURN_EXCEEDS_OPEN|CONTRACT_END_HIGH,48.96,20.03,68.992,53.4
BRD_20130258,오떡,2024,7,4,1,계약·구조·매출,계약을 끝내는 가맹점이 많습니다,"2024년에 계약이 끝난 가맹점이 3개로, 연초 점포의 25.0%입니다. 분식 업종 상위 21%에 해당합니다. 업종 중간값은 5.3%입니다.",CONTRACT_END_HIGH|REGION_SHRINK|SALES_LOW_RANK,48.89,15.17,64.055,49.2
BRD_20160329,불막열삼,2024,5,4,2,계약·매출·성장,중도 해지가 많습니다,계약 기간을 채우지 못하고 중도 해지한 가맹점이 25개(19.7%)입니다. 만기 종료와 달리 중도 해지는 점주가 손실을 감수하고 나가는 것이라 수익성 악화 신호로 봅니다.,CANCEL_HIGH|SALES_DECLINE_STREAK|CHURN_EXCEEDS_OPEN,48.82,23.68,72.505,56.7
BRD_20211310,정성순대,2024,6,4,0,계약·구조,계약을 끝내는 가맹점이 많습니다,"2024년에 계약이 끝난 가맹점이 5개로, 연초 점포의 15.2%입니다. 한식 업종 상위 37%에 해당합니다. 업종 중간값은 4.6%입니다.",CONTRACT_END_HIGH|NAME_CHANGE_HIGH|SMALL_SCALE,48.75,5.34,54.094,40.4
BRD_20110100493,라떼떼,2024,8,7,3,계약·매출·성장·구조,중도 해지가 많습니다,계약 기간을 채우지 못하고 중도 해지한 가맹점이 2개(16.7%)입니다. 만기 종료와 달리 중도 해지는 점주가 손실을 감수하고 나가는 것이라 수익성 악화 신호로 봅니다.,CANCEL_HIGH|SALES_DECLINE_STREAK|STORE_DECLINE,48.68,27.24,75.926,59.3
BRD_20140465,명동찌개마을,2024,5,3,0,계약·구조·성장,계약을 끝내는 가맹점이 많습니다,"2024년에 계약이 끝난 가맹점이 6개로, 연초 점포의 12.8%입니다. 기타 외식 업종 상위 45%에 해당합니다. 업종 중간값은 9.5%입니다.",CONTRACT_END_HIGH|SMALL_SCALE|STORE_DECLINE,48.61,5.92,54.534,41.0
BRD_20110300071,더만족,2024,4,3,1,성장·구조,6년 연속 감소,가맹점 수가 2018년 34개에서 2024년 20개까지 6년 내리 줄었습니다(누적 -41.2%). 한 해 부진이 아니라 추세로 굳어진 상태입니다.,STORE_DECLINE_STREAK|SMALL_SCALE|STORE_DECLINE,48.54,13.63,62.17,47.7
BRD_20100100575,아그집쭈꾸미,2024,3,1,0,구조,규모가 작습니다,"가맹점이 14개로, 점포 몇 곳만 이탈해도 브랜드 지표가 크게 흔들립니다. 충격을 흡수할 여력이 얇습니다.",SMALL_SCALE,48.47,-2.0,46.477,32.6
BRD_20190748,정글비,2024,6,3,0,계약·구조,계약을 끝내는 가맹점이 많습니다,"2024년에 계약이 끝난 가맹점이 3개로, 연초 점포의 13.0%입니다. 커피 업종 상위 29%에 해당합니다. 업종 중간값은 0.0%입니다.",CONTRACT_END_HIGH|NAME_CHANGE_HIGH|SMALL_SCALE,48.4,0.7,49.105,35.4
BRD_20110100362,지지고(GGGO),2024,4,3,1,매출,매출이 2년 연속 하락,점포당 매출이 2022년 1.2억원에서 2024년 1.1억원까지 2년 내리 줄었습니다(누적 -9.9%).,SALES_DECLINE_STREAK|SALES_LOW_RANK|SALES_PER_AREA_DECLINE,48.34,13.71,62.041,47.5
BRD_20200778,구구족,2024,10,9,1,매출·계약·구조·성장,매출이 4년 연속 하락,점포당 매출이 2020년 7.9억원에서 2024년 4.4억원까지 4년 내리 줄었습니다(누적 -44.7%).,SALES_DECLINE_STREAK|CANCEL_HIGH|CHURN_EXCEEDS_OPEN,48.27,23.76,72.025,56.4
BRD_20180512,홍루이젠,2024,9,9,3,매출·성장·계약·재무,매출이 6년 연속 하락,"점포당 매출이 2018년 3.3억원에서 2024년 7,556만원까지 6년 내리 줄었습니다(누적 -77.3%).",SALES_DECLINE_STREAK|STORE_DECLINE|STORE_DECLINE_STREAK,48.2,26.81,75.008,58.6
BRD_20201276,그리너,2024,8,6,0,계약·성장·구조,중도 해지가 많습니다,계약 기간을 채우지 못하고 중도 해지한 가맹점이 4개(11.4%)입니다. 만기 종료와 달리 중도 해지는 점주가 손실을 감수하고 나가는 것이라 수익성 악화 신호로 봅니다.,CANCEL_HIGH|STORE_DECLINE_STREAK|NAME_CHANGE_HIGH,48.13,11.48,59.612,45.2
BRD_20212430,미스터국수왕,2024,8,6,1,매출·계약·구조,매출이 2년 연속 하락,"점포당 매출이 2022년 1,164만원에서 2024년 320만원까지 2년 내리 줄었습니다(누적 -72.5%).",SALES_DECLINE_STREAK|CANCEL_HIGH|REGION_SHRINK,48.06,19.64,67.697,52.1
BRD_20180332,백금당,2024,7,6,1,매출·계약·성장·구조,매출이 2년 연속 하락,점포당 매출이 2022년 1.5억원에서 2024년 1.2억원까지 2년 내리 줄었습니다(누적 -14.4%).,SALES_DECLINE_STREAK|CANCEL_HIGH|STORE_DECLINE_STREAK,47.99,21.68,69.671,54.2
BRD_20181198,육전국밥,2024,4,1,1,계약,계약을 끝내는 가맹점이 많습니다,"2024년에 계약이 끝난 가맹점이 12개로, 연초 점포의 27.9%입니다. 한식 업종 상위 24%에 해당합니다. 업종 중간값은 4.6%입니다.",CONTRACT_END_HIGH,47.92,3.98,51.896,38.3
BRD_20231719,마장동 고기집,2024,6,3,0,계약·구조,계약을 끝내는 가맹점이 많습니다,"2024년에 계약이 끝난 가맹점이 12개로, 연초 점포의 21.8%입니다. 한식 업종 상위 30%에 해당합니다. 업종 중간값은 4.6%입니다.",CONTRACT_END_HIGH|NAME_CHANGE_HIGH|YOUNG_BRAND,47.85,0.7,48.55,34.9
BRD_20140725,매머드커피(Mammoth coffee),2024,6,5,3,계약·성장·구조,계약을 끝내는 가맹점이 많습니다,"2024년에 계약이 끝난 가맹점이 9개로, 연초 점포의 30.0%입니다. 커피 업종 상위 13%에 해당합니다. 업종 중간값은 0.0%입니다.",CONTRACT_END_HIGH|STORE_DECLINE|STORE_DECLINE_STREAK,47.78,23.76,71.54,56.1
BRD_20170547,엑스오엑스오푸드카페,2024,7,6,2,성장·계약·매출,가맹점이 줄었습니다,2024년 가맹점이 332개에서 275개로 57개(-17.2%) 줄었습니다. 같은 기타 외식 업종의 중간값은 +0.0%입니다.,STORE_DECLINE|STORE_DECLINE_STREAK|CHURN_EXCEEDS_OPEN,47.71,23.26,70.969,55.5
BRD_20212629,꾸아(Qua),2024,7,5,0,계약·매출·구조,계약을 끝내는 가맹점이 많습니다,"2024년에 계약이 끝난 가맹점이 3개로, 연초 점포의 13.6%입니다. 기타 외국식 업종 상위 32%에 해당합니다. 업종 중간값은 0.0%입니다.",CONTRACT_END_HIGH|SALES_DECLINE|SALES_PER_AREA_DECLINE,47.64,10.88,58.523,44.0
BRD_20140495,돌배기집,2024,8,6,3,계약·성장·구조,계약을 끝내는 가맹점이 많습니다,"2024년에 계약이 끝난 가맹점이 8개로, 연초 점포의 47.1%입니다. 한식 업종 상위 14%에 해당합니다. 업종 중간값은 4.6%입니다.",CONTRACT_END_HIGH|STORE_DECLINE|STORE_DECLINE_STREAK,47.57,22.42,69.99,54.6
BRD_20120300082,압구정 봉구비어,2024,6,5,2,계약·성장·매출,중도 해지가 많습니다,계약 기간을 채우지 못하고 중도 해지한 가맹점이 37개(17.5%)입니다. 만기 종료와 달리 중도 해지는 점주가 손실을 감수하고 나가는 것이라 수익성 악화 신호로 봅니다.,CANCEL_HIGH|STORE_DECLINE_STREAK|CHURN_EXCEEDS_OPEN,47.5,24.43,71.936,56.3
BRD_20190677,두레통닭,2024,7,5,1,계약·구조·매출,중도 해지가 많습니다,계약 기간을 채우지 못하고 중도 해지한 가맹점이 14개(25.0%)입니다. 만기 종료와 달리 중도 해지는 점주가 손실을 감수하고 나가는 것이라 수익성 악화 신호로 봅니다.,CANCEL_HIGH|REGION_SHRINK|SALES_DECLINE,47.43,18.38,65.817,50.6
BRD_20214649,조선볶음밥,2024,3,2,0,매출·구조,업종 안에서 매출이 낮습니다,"점포당 매출 6,900만원은 한식 업종 하위 10% 수준입니다 (업종 중간값 3.5억원).",SALES_LOW_RANK|SMALL_SCALE,47.36,7.82,55.18,41.7
BRD_20190585,피자 비토랩,2024,8,6,1,성장·계약·구조,가맹점이 줄었습니다,2024년 가맹점이 25개에서 21개로 4개(-16.0%) 줄었습니다. 같은 피자 업종의 중간값은 -1.0%입니다.,STORE_DECLINE|CANCEL_HIGH|CHURN_EXCEEDS_OPEN,47.3,20.41,67.71,52.1
BRD_20100100077,죠스떡볶이,2024,7,6,3,매출·성장·계약,매출이 4년 연속 하락,점포당 매출이 2020년 2.4억원에서 2024년 1.6억원까지 4년 내리 줄었습니다(누적 -33.8%).,SALES_DECLINE_STREAK|STORE_DECLINE|STORE_DECLINE_STREAK,47.23,25.69,72.921,56.9
BRD_20221254,본가왕뼈 감자탕,2024,4,2,0,매출·구조,가맹점 평균매출이 떨어졌습니다,점포당 연매출이 8.7억원에서 7.9억원으로 -9.6% 줄었습니다. 같은 업종 중간값은 -3.5%입니다. 매출이 줄면 점주의 대출 상환 여력이 먼저 나빠집니다.,SALES_DECLINE|YOUNG_BRAND,47.16,0.0,47.157,33.6
BRD_20130100408,오춘자비어,2024,8,7,3,계약·성장·매출·구조,중도 해지가 많습니다,계약 기간을 채우지 못하고 중도 해지한 가맹점이 4개(17.4%)입니다. 만기 종료와 달리 중도 해지는 점주가 손실을 감수하고 나가는 것이라 수익성 악화 신호로 봅니다.,CANCEL_HIGH|STORE_DECLINE|STORE_DECLINE_STREAK,47.09,25.85,72.939,56.9
BRD_20230484,요커,2024,7,5,0,계약·구조,중도 해지가 많습니다,계약 기간을 채우지 못하고 중도 해지한 가맹점이 2개(9.1%)입니다. 만기 종료와 달리 중도 해지는 점주가 손실을 감수하고 나가는 것이라 수익성 악화 신호로 봅니다.,CANCEL_HIGH|CONTRACT_END_HIGH|NAME_CHANGE_HIGH,47.02,7.35,54.366,40.9
BRD_20200774,다가치통닭,2024,8,7,1,계약·구조·매출·성장,중도 해지가 많습니다,계약 기간을 채우지 못하고 중도 해지한 가맹점이 6개(15.8%)입니다. 만기 종료와 달리 중도 해지는 점주가 손실을 감수하고 나가는 것이라 수익성 악화 신호로 봅니다.,CANCEL_HIGH|REGION_CONCENTRATION|SALES_DECLINE,46.95,19.98,66.926,51.7
BRD_20201372,해장은 천수냉면,2024,6,3,1,계약·구조,계약을 끝내는 가맹점이 많습니다,"2024년에 계약이 끝난 가맹점이 3개로, 연초 점포의 25.0%입니다. 한식 업종 상위 25%에 해당합니다. 업종 중간값은 4.6%입니다.",CONTRACT_END_HIGH|SMALL_SCALE|YOUNG_BRAND,46.88,6.59,53.47,39.8
BRD_20212722,청록미나리식당,2024,6,5,1,재무·구조,감사의견 '한정',(주)대한푸드의 2023년 감사의견이 '한정'입니다. 적정의견이 아니라는 것은 재무제표 자체를 그대로 믿기 어렵다는 뜻입니다.,HQ_AUDIT_OPINION|HQ_HIGH_LEVERAGE|HQ_OPERATING_LOSS,46.81,13.78,60.595,46.3
BRD_20212828,소코아,2024,9,8,1,매출·계약·성장·구조,매출이 2년 연속 하락,점포당 매출이 2022년 5.2억원에서 2024년 3.3억원까지 2년 내리 줄었습니다(누적 -37.2%).,SALES_DECLINE_STREAK|CHURN_EXCEEDS_OPEN|NEW_OPEN_STALL,46.74,22.93,69.672,54.3
BRD_20180732,닭장수후라이드和,2024,3,2,0,계약·구조,점주 교체가 잦습니다,"명의변경이 9건(20.9%)입니다. 점포는 유지되지만 운영자가 바뀌는 것으로, 폐점 직전 단계에서 자주 나타납니다.",NAME_CHANGE_HIGH|SMALL_SCALE,46.67,3.98,50.648,37.1
BRD_20211699,카페일분,2024,7,6,2,계약·매출·구조,중도 해지가 많습니다,계약 기간을 채우지 못하고 중도 해지한 가맹점이 25개(21.9%)입니다. 만기 종료와 달리 중도 해지는 점주가 손실을 감수하고 나가는 것이라 수익성 악화 신호로 봅니다.,CANCEL_HIGH|SALES_DECLINE_STREAK|REGION_SHRINK,46.6,24.19,70.794,55.3
BRD_20120100400,알바트로스,2024,4,3,0,계약·성장·구조,중도 해지가 많습니다,계약 기간을 채우지 못하고 중도 해지한 가맹점이 1개(9.1%)입니다. 만기 종료와 달리 중도 해지는 점주가 손실을 감수하고 나가는 것이라 수익성 악화 신호로 봅니다.,CANCEL_HIGH|STORE_DECLINE|SMALL_SCALE,46.53,13.07,59.598,45.1
BRD_20220173,밀면의 법칙,2024,2,1,0,구조,가맹사업 업력이 짧습니다,"2022년에 가맹사업을 시작해 업력이 2년입니다. 초기 확장기에는 점포가 빠르게 늘지만, 첫 계약 만기가 돌아오는 시점에 이탈이 몰리는 경우가 많습니다.",YOUNG_BRAND,46.46,2.0,48.46,34.7
BRD_20211340,순수덮밥,2024,8,7,1,매출·계약·성장·구조,매출이 2년 연속 하락,"점포당 매출이 2022년 2.0억원에서 2024년 5,254만원까지 2년 내리 줄었습니다(누적 -73.8%).",SALES_DECLINE_STREAK|CHURN_EXCEEDS_OPEN|SALES_LOW_RANK,46.39,23.22,69.611,54.2
BRD_20160303,엑스오엑스오핫도그앤커피,2024,7,6,2,성장·계약·매출,가맹점이 줄었습니다,2024년 가맹점이 70개에서 56개로 14개(-20.0%) 줄었습니다. 같은 기타 외식 업종의 중간값은 +0.0%입니다.,STORE_DECLINE|STORE_DECLINE_STREAK|CHURN_EXCEEDS_OPEN,46.32,23.26,69.582,54.1
BRD_20100100520,국대떡볶이,2024,9,8,4,계약·매출·성장·구조,중도 해지가 많습니다,계약 기간을 채우지 못하고 중도 해지한 가맹점이 4개(17.4%)입니다. 만기 종료와 달리 중도 해지는 점주가 손실을 감수하고 나가는 것이라 수익성 악화 신호로 봅니다.,CANCEL_HIGH|SALES_DECLINE|STORE_DECLINE,46.26,27.51,73.766,57.8
BRD_20160718,네오피자,2024,8,7,2,성장·계약·구조,가맹점이 줄었습니다,2024년 가맹점이 57개에서 48개로 9개(-15.8%) 줄었습니다. 같은 피자 업종의 중간값은 -1.0%입니다.,STORE_DECLINE|STORE_DECLINE_STREAK|CHURN_EXCEEDS_OPEN,46.19,22.46,68.647,53.0
BRD_20161124,파주닭국수,2024,7,5,2,계약·매출·구조,계약을 끝내는 가맹점이 많습니다,"2024년에 계약이 끝난 가맹점이 6개로, 연초 점포의 25.0%입니다. 한식 업종 상위 25%에 해당합니다. 업종 중간값은 4.6%입니다.",CONTRACT_END_HIGH|SALES_DECLINE|SALES_LOW_RANK,46.12,20.36,66.477,51.2
BRD_20200394,온센,2024,7,6,0,계약·매출·구조·성장,계약을 끝내는 가맹점이 많습니다,"2024년에 계약이 끝난 가맹점이 7개로, 연초 점포의 18.9%입니다. 일식 업종 상위 30%에 해당합니다. 업종 중간값은 0.0%입니다.",CONTRACT_END_HIGH|SALES_DECLINE|NAME_CHANGE_HIGH,46.05,15.68,61.727,47.1
BRD_20090100370,토대력,2024,9,9,1,성장·재무·매출·구조,7년 연속 감소,가맹점 수가 2017년 41개에서 2024년 19개까지 7년 내리 줄었습니다(누적 -53.7%). 한 해 부진이 아니라 추세로 굳어진 상태입니다.,STORE_DECLINE_STREAK|HQ_CAPITAL_IMPAIRED|HQ_HIGH_LEVERAGE,45.98,23.76,69.737,54.5
BRD_20170014,맘스케익,2024,9,8,1,매출·계약·성장·구조,가맹점 평균매출이 떨어졌습니다,"점포당 연매출이 7,829만원에서 6,124만원으로 -21.8% 줄었습니다. 같은 업종 중간값은 -2.2%입니다. 매출이 줄면 점주의 대출 상환 여력이 먼저 나빠집니다.",SALES_DECLINE|CHURN_EXCEEDS_OPEN|CONTRACT_END_HIGH,45.91,23.49,69.401,53.9
BRD_20201254,치킨인류,2024,7,4,1,계약·구조,중도 해지가 많습니다,계약 기간을 채우지 못하고 중도 해지한 가맹점이 4개(18.2%)입니다. 만기 종료와 달리 중도 해지는 점주가 손실을 감수하고 나가는 것이라 수익성 악화 신호로 봅니다.,CANCEL_HIGH|NAME_CHANGE_HIGH|SMALL_SCALE,45.84,7.25,53.093,39.5
BRD_20150939,홍춘천,2024,9,8,3,계약·매출·성장·구조,중도 해지가 많습니다,계약 기간을 채우지 못하고 중도 해지한 가맹점이 15개(22.7%)입니다. 만기 종료와 달리 중도 해지는 점주가 손실을 감수하고 나가는 것이라 수익성 악화 신호로 봅니다.,CANCEL_HIGH|SALES_DECLINE_STREAK|STORE_DECLINE_STREAK,45.77,27.8,73.566,57.4
BRD_20120100631,경성양꼬치,2024,7,5,2,계약·성장·구조,중도 해지가 많습니다,계약 기간을 채우지 못하고 중도 해지한 가맹점이 7개(22.6%)입니다. 만기 종료와 달리 중도 해지는 점주가 손실을 감수하고 나가는 것이라 수익성 악화 신호로 봅니다.,CANCEL_HIGH|STORE_DECLINE|CHURN_EXCEEDS_OPEN,45.7,22.33,68.029,52.5
BRD_20140220,개미집,2024,7,6,3,계약·성장·구조,중도 해지가 많습니다,계약 기간을 채우지 못하고 중도 해지한 가맹점이 8개(23.5%)입니다. 만기 종료와 달리 중도 해지는 점주가 손실을 감수하고 나가는 것이라 수익성 악화 신호로 봅니다.,CANCEL_HIGH|STORE_DECLINE|STORE_DECLINE_STREAK,45.63,25.31,70.937,55.4
BRD_20200017,채선당도시락&샐러드,2024,4,3,0,계약·구조,나가는 점포가 들어오는 점포보다 많습니다,2024년 신규 개점 0개에 견줘 계약종료·해지가 14개로 14개 더 많습니다. 순유출 상태입니다.,CHURN_EXCEEDS_OPEN|SMALL_SCALE|YOUNG_BRAND,45.56,4.66,50.224,36.7
BRD_20171067,남다른대구막창,2024,7,5,1,계약·구조·성장,계약을 끝내는 가맹점이 많습니다,"2024년에 계약이 끝난 가맹점이 4개로, 연초 점포의 25.0%입니다. 한식 업종 상위 25%에 해당합니다. 업종 중간값은 4.6%입니다.",CONTRACT_END_HIGH|REGION_SHRINK|NAME_CHANGE_HIGH,45.49,15.68,61.172,46.5
BRD_20201657,에그존,2024,8,7,2,계약·매출·구조·성장,중도 해지가 많습니다,계약 기간을 채우지 못하고 중도 해지한 가맹점이 7개(21.9%)입니다. 만기 종료와 달리 중도 해지는 점주가 손실을 감수하고 나가는 것이라 수익성 악화 신호로 봅니다.,CANCEL_HIGH|SALES_DECLINE_STREAK|SALES_LOW_RANK,45.42,23.45,68.877,53.3
BRD_20213895,몬스터탕수육,2024,7,5,0,계약·매출·성장·구조,나가는 점포가 들어오는 점포보다 많습니다,2024년 신규 개점 7개에 견줘 계약종료·해지가 11개로 4개 더 많습니다. 순유출 상태입니다.,CHURN_EXCEEDS_OPEN|CONTRACT_END_HIGH|SALES_LOW_RANK,45.35,13.15,58.5,43.9
BRD_20141047,쏭스클럽핫도그,2024,7,6,0,매출·성장·구조,가맹점 평균매출이 떨어졌습니다,"점포당 연매출이 8,260만원에서 6,817만원으로 -17.5% 줄었습니다. 같은 업종 중간값은 -3.5%입니다. 매출이 줄면 점주의 대출 상환 여력이 먼저 나빠집니다.",SALES_DECLINE|SALES_LOW_RANK|STORE_DECLINE,45.28,16.74,62.026,47.4
BRD_20201223,눈꽃대패,2024,5,3,0,계약·구조·성장,계약을 끝내는 가맹점이 많습니다,"2024년에 계약이 끝난 가맹점이 5개로, 연초 점포의 16.7%입니다. 기타 외식 업종 상위 38%에 해당합니다. 업종 중간값은 9.5%입니다.",CONTRACT_END_HIGH|SMALL_SCALE|STORE_DECLINE,45.21,5.92,51.136,37.4
BRD_20210242,전일맥주,2024,8,6,1,매출·계약·구조,가맹점 평균매출이 떨어졌습니다,점포당 연매출이 3.2억원에서 2.2억원으로 -29.6% 줄었습니다. 같은 업종 중간값은 -9.0%입니다. 매출이 줄면 점주의 대출 상환 여력이 먼저 나빠집니다.,SALES_DECLINE|CANCEL_HIGH|NAME_CHANGE_HIGH,45.15,16.18,61.328,46.9
BRD_20201331,이태리양조장,2024,4,2,1,매출·구조,매출이 2년 연속 하락,점포당 매출이 2022년 5.6억원에서 2024년 3.7억원까지 2년 내리 줄었습니다(누적 -34.2%).,SALES_DECLINE_STREAK|YOUNG_BRAND,45.08,9.65,54.722,41.3
BRD_20150062,매스커피,2024,3,2,0,구조,특정 지역에 몰려 있습니다,점포의 81.1%가 한 시·도에 몰려 있고 진출 지역은 5곳뿐입니다. 그 지역 상권이 흔들리면 브랜드 전체가 동시에 흔들립니다.,REGION_CONCENTRATION|SMALL_SCALE,45.01,6.59,51.598,37.9
BRD_20215419,김바삭군의 볼카츠마켙,2024,2,1,0,구조,규모가 작습니다,"가맹점이 0개로, 점포 몇 곳만 이탈해도 브랜드 지표가 크게 흔들립니다. 충격을 흡수할 여력이 얇습니다.",SMALL_SCALE,44.94,2.0,46.935,33.1
BRD_20214454,우규,2024,7,5,0,계약·매출·구조,점주 교체가 잦습니다,"명의변경이 2건(13.3%)입니다. 점포는 유지되지만 운영자가 바뀌는 것으로, 폐점 직전 단계에서 자주 나타납니다.",NAME_CHANGE_HIGH|SALES_DECLINE|SALES_PER_AREA_DECLINE,44.87,3.39,48.254,34.5
BRD_20200491,어부김호권의청년어부,2024,7,6,1,성장·계약·구조,가맹점이 줄었습니다,2024년 가맹점이 52개에서 41개로 11개(-21.2%) 줄었습니다. 같은 일식 업종의 중간값은 +0.0%입니다.,STORE_DECLINE|CHURN_EXCEEDS_OPEN|CONTRACT_END_HIGH,44.8,20.41,65.213,50.0
BRD_20130100040,스시웨이,2024,4,3,1,성장·구조,4년 연속 감소,가맹점 수가 2020년 29개에서 2024년 6개까지 4년 내리 줄었습니다(누적 -79.3%). 한 해 부진이 아니라 추세로 굳어진 상태입니다.,STORE_DECLINE_STREAK|STORE_DECLINE|SMALL_SCALE,44.73,14.71,59.443,45.0
BRD_20190628,김용덕의 소문난 부자국밥,2024,6,4,2,계약·성장·구조,중도 해지가 많습니다,계약 기간을 채우지 못하고 중도 해지한 가맹점이 6개(16.7%)입니다. 만기 종료와 달리 중도 해지는 점주가 손실을 감수하고 나가는 것이라 수익성 악화 신호로 봅니다.,CANCEL_HIGH|STORE_DECLINE|CHURN_EXCEEDS_OPEN,44.66,19.98,64.637,49.8
BRD_20100600055,미쳐버린파닭,2024,6,5,3,매출·성장·계약,매출이 2년 연속 하락,점포당 매출이 2022년 1.2억원에서 2024년 1.0억원까지 2년 내리 줄었습니다(누적 -11.7%).,SALES_DECLINE_STREAK|STORE_DECLINE|STORE_DECLINE_STREAK,44.59,25.1,69.691,54.4
BRD_20130100076,한방전주콩나물국밥,2024,8,6,2,성장·계약·구조,가맹점이 줄었습니다,2024년 가맹점이 34개에서 27개로 7개(-20.6%) 줄었습니다. 같은 한식 업종의 중간값은 +0.0%입니다.,STORE_DECLINE|STORE_DECLINE_STREAK|CHURN_EXCEEDS_OPEN,44.52,21.49,66.01,50.8
BRD_20212074,도로시파스타,2024,7,6,1,매출·계약·성장·구조,매출이 2년 연속 하락,점포당 매출이 2022년 2.8억원에서 2024년 2.1억원까지 2년 내리 줄었습니다(누적 -24.9%).,SALES_DECLINE_STREAK|CHURN_EXCEEDS_OPEN|CONTRACT_END_HIGH,44.45,22.33,66.78,51.7
BRD_20110100216,사나포차,2024,7,5,0,성장·매출·구조,신규 출점이 멈췄습니다,신규 개점이 전년 5개에서 1개로 줄었습니다(기존 점포 대비 4.8%). 새로 들어오려는 점주가 끊기면 기존 점포의 이탈을 메울 방법이 없습니다.,NEW_OPEN_STALL|SALES_LOW_RANK|STORE_DECLINE_STREAK,44.38,12.08,56.459,42.5
BRD_20190293,냠냠숯불두마리치킨,2024,7,6,1,매출·계약·성장,가맹점 평균매출이 떨어졌습니다,점포당 연매출이 2.4억원에서 1.8억원으로 -22.1% 줄었습니다. 같은 업종 중간값은 -1.3%입니다. 매출이 줄면 점주의 대출 상환 여력이 먼저 나빠집니다.,SALES_DECLINE|CANCEL_HIGH|CHURN_EXCEEDS_OPEN,44.31,19.64,63.952,49.2
BRD_20130400,누리마을감자탕,2024,1,0,0,,특이 소견 없음,공시 지표에서 눈에 띄는 악화 신호가 확인되지 않았습니다.,,44.24,0.0,44.244,30.2
BRD_20211903,제이델링,2024,5,2,0,매출·구조,업종 안에서 매출이 낮습니다,"점포당 매출 3,813만원은 제과제빵 업종 하위 2% 수준입니다 (업종 중간값 2.0억원).",SALES_LOW_RANK|SMALL_SCALE,44.17,0.0,44.175,30.1
BRD_20120100267,육장갈비,2024,4,3,0,계약·구조·성장,계약을 끝내는 가맹점이 많습니다,"2024년에 계약이 끝난 가맹점이 11개로, 연초 점포의 21.6%입니다. 기타 외식 업종 상위 30%에 해당합니다. 업종 중간값은 9.5%입니다.",CONTRACT_END_HIGH|SMALL_SCALE|STORE_DECLINE,44.11,9.65,53.751,40.2
BRD_20171425,송사부고로케,2024,6,5,0,계약·매출·성장,나가는 점포가 들어오는 점포보다 많습니다,2024년 신규 개점 10개에 견줘 계약종료·해지가 14개로 4개 더 많습니다. 순유출 상태입니다.,CHURN_EXCEEDS_OPEN|CONTRACT_END_HIGH|SALES_DECLINE,44.04,15.24,59.275,44.9
BRD_20230835,모토이시,2024,3,1,0,매출,가맹점 평균매출이 떨어졌습니다,점포당 연매출이 7.4억원에서 6.8억원으로 -9.0% 줄었습니다. 같은 업종 중간값은 -4.5%입니다. 매출이 줄면 점주의 대출 상환 여력이 먼저 나빠집니다.,SALES_DECLINE,43.97,-2.0,41.97,27.9
BRD_20213743,성북당 십원빵,2024,6,4,1,매출·계약·구조,가맹점 평균매출이 떨어졌습니다,점포당 연매출이 1.8억원에서 1.2억원으로 -32.5% 줄었습니다. 같은 업종 중간값은 -2.2%입니다. 매출이 줄면 점주의 대출 상환 여력이 먼저 나빠집니다.,SALES_DECLINE|CONTRACT_END_HIGH|SALES_PER_AREA_DECLINE,43.9,15.17,59.062,44.5
BRD_20221035,김선생불닭발,2024,8,6,1,매출·계약·구조,가맹점 평균매출이 떨어졌습니다,"점포당 연매출이 1.2억원에서 7,114만원으로 -42.4% 줄었습니다. 같은 업종 중간값은 -3.5%입니다. 매출이 줄면 점주의 대출 상환 여력이 먼저 나빠집니다.",SALES_DECLINE|CONTRACT_END_HIGH|SALES_LOW_RANK,43.83,17.15,60.978,46.4
BRD_20150473,밥맛나는세상,2024,8,8,4,계약·재무·성장·구조,중도 해지가 많습니다,계약 기간을 채우지 못하고 중도 해지한 가맹점이 4개(12.5%)입니다. 만기 종료와 달리 중도 해지는 점주가 손실을 감수하고 나가는 것이라 수익성 악화 신호로 봅니다.,CANCEL_HIGH|HQ_OPERATING_LOSS|STORE_DECLINE,43.76,28.07,71.833,56.2
BRD_20170368,백남옥달인손만두,2024,4,1,1,계약,중도 해지가 많습니다,계약 기간을 채우지 못하고 중도 해지한 가맹점이 10개(21.3%)입니다. 만기 종료와 달리 중도 해지는 점주가 손실을 감수하고 나가는 것이라 수익성 악화 신호로 봅니다.,CANCEL_HIGH,43.69,3.98,47.666,34.0
BRD_20220206,일품대패,2024,4,2,0,계약·구조,점주 교체가 잦습니다,"명의변경이 9건(17.0%)입니다. 점포는 유지되지만 운영자가 바뀌는 것으로, 폐점 직전 단계에서 자주 나타납니다.",NAME_CHANGE_HIGH|YOUNG_BRAND,43.62,0.0,43.62,29.7
BRD_20150732,예향정,2024,2,1,0,구조,규모가 작습니다,"가맹점이 42개로, 점포 몇 곳만 이탈해도 브랜드 지표가 크게 흔들립니다. 충격을 흡수할 여력이 얇습니다.",SMALL_SCALE,43.55,2.0,45.548,31.5
BRD_20140588,짬뽕10101,2024,6,4,1,성장·계약·구조,가맹점이 줄었습니다,2024년 가맹점이 35개에서 29개로 6개(-17.1%) 줄었습니다. 같은 중식 업종의 중간값은 +0.0%입니다.,STORE_DECLINE|CHURN_EXCEEDS_OPEN|CONTRACT_END_HIGH,43.48,16.18,59.664,45.4
BRD_20212213,안주가,2024,7,5,1,매출·계약·구조,매출이 2년 연속 하락,점포당 매출이 2022년 4.0억원에서 2024년 2.4억원까지 2년 내리 줄었습니다(누적 -40.4%).,SALES_DECLINE_STREAK|CONTRACT_END_HIGH|NAME_CHANGE_HIGH,43.41,15.68,59.092,44.6
BRD_20130100381,알통떡강정,2024,8,7,1,성장·계약·매출,3년 연속 감소,가맹점 수가 2021년 160개에서 2024년 123개까지 3년 내리 줄었습니다(누적 -23.1%). 한 해 부진이 아니라 추세로 굳어진 상태입니다.,STORE_DECLINE_STREAK|CHURN_EXCEEDS_OPEN|CONTRACT_END_HIGH,43.34,22.68,66.021,50.9
BRD_20201747,아구듬뿍&알곤마니,2024,6,4,1,매출·계약·구조,가맹점 평균매출이 떨어졌습니다,"점포당 연매출이 1.1억원에서 6,252만원으로 -43.6% 줄었습니다. 같은 업종 중간값은 -3.5%입니다. 매출이 줄면 점주의 대출 상환 여력이 먼저 나빠집니다.",SALES_DECLINE|CONTRACT_END_HIGH|SALES_LOW_RANK,43.27,16.18,59.456,45.1
BRD_20090100151,림스치킨,2024,1,0,0,,특이 소견 없음,공시 지표에서 눈에 띄는 악화 신호가 확인되지 않았습니다.,,43.2,0.0,43.204,29.3
BRD_20180747,치순이통닭,2024,6,5,2,계약·매출·구조,중도 해지가 많습니다,계약 기간을 채우지 못하고 중도 해지한 가맹점이 4개(13.8%)입니다. 만기 종료와 달리 중도 해지는 점주가 손실을 감수하고 나가는 것이라 수익성 악화 신호로 봅니다.,CANCEL_HIGH|SALES_DECLINE_STREAK|SALES_LOW_RANK,43.13,22.33,65.463,50.3
BRD_20171173,오백국수,2024,4,2,0,계약,계약을 끝내는 가맹점이 많습니다,"2024년에 계약이 끝난 가맹점이 5개로, 연초 점포의 14.7%입니다. 분식 업종 상위 36%에 해당합니다. 업종 중간값은 5.3%입니다.",CONTRACT_END_HIGH|NAME_CHANGE_HIGH,43.07,2.69,45.758,31.6
BRD_20201275,호두당,2024,7,5,1,매출·계약·구조,매출이 3년 연속 하락,"점포당 매출이 2021년 1.6억원에서 2024년 8,582만원까지 3년 내리 줄었습니다(누적 -47.9%).",SALES_DECLINE_STREAK|CONTRACT_END_HIGH|SALES_LOW_RANK,43.0,16.67,59.668,45.4
BRD_20212168,병아리김밥,2024,6,4,0,매출·계약·구조,가맹점 평균매출이 떨어졌습니다,점포당 연매출이 1.7억원에서 1.4억원으로 -17.6% 줄었습니다. 같은 업종 중간값은 -3.5%입니다. 매출이 줄면 점주의 대출 상환 여력이 먼저 나빠집니다.,SALES_DECLINE|NAME_CHANGE_HIGH|SALES_PER_AREA_DECLINE,42.93,6.59,49.517,35.8
BRD_20190513,탐나종합어시장,2024,6,4,1,성장·계약·구조,3년 연속 감소,가맹점 수가 2021년 55개에서 2024년 38개까지 3년 내리 줄었습니다(누적 -30.9%). 한 해 부진이 아니라 추세로 굳어진 상태입니다.,STORE_DECLINE_STREAK|CHURN_EXCEEDS_OPEN|STORE_DECLINE,42.86,16.18,59.04,44.5
BRD_20211115,영계소문옛날통닭,2024,6,5,0,계약·구조·매출,중도 해지가 많습니다,계약 기간을 채우지 못하고 중도 해지한 가맹점이 4개(7.7%)입니다. 만기 종료와 달리 중도 해지는 점주가 손실을 감수하고 나가는 것이라 수익성 악화 신호로 봅니다.,CANCEL_HIGH|REGION_CONCENTRATION|NAME_CHANGE_HIGH,42.79,14.18,56.964,43.0
BRD_20120100563,코코샤브,2024,3,2,0,매출·구조,가맹점 평균매출이 떨어졌습니다,점포당 연매출이 7.5억원에서 7.0억원으로 -6.3% 줄었습니다. 같은 업종 중간값은 -3.5%입니다. 매출이 줄면 점주의 대출 상환 여력이 먼저 나빠집니다.,SALES_DECLINE|SMALL_SCALE,42.72,3.98,46.695,32.9
BRD_20090300032,히노아지,2024,9,9,2,재무·성장·계약·구조·매출,본부 매출이 줄었습니다,"(주)젠푸드의 매출이 2022년 373억원에서 2023년 271억원으로 -27.3% 줄었습니다. 본부 매출은 대부분 가맹점에 넘기는 물품·로열티라, 가맹점 사정이 본부 장부에 먼저 잡힙니다.",HQ_REVENUE_DECLINE|STORE_DECLINE|CHURN_EXCEEDS_OPEN,42.65,27.59,70.238,54.9
BRD_20080100473,스테프핫도그(STEFF HOTDOG),2024,9,8,2,매출·성장·계약·구조,매출이 2년 연속 하락,점포당 매출이 2022년 1.8억원에서 2024년 1.3억원까지 2년 내리 줄었습니다(누적 -25.2%).,SALES_DECLINE_STREAK|STORE_DECLINE_STREAK|CHURN_EXCEEDS_OPEN,42.58,26.2,68.778,53.2
BRD_20200032,명랑부대찌개&낙곱새,2024,4,3,1,계약·매출·성장,중도 해지가 많습니다,계약 기간을 채우지 못하고 중도 해지한 가맹점이 9개(13.8%)입니다. 만기 종료와 달리 중도 해지는 점주가 손실을 감수하고 나가는 것이라 수익성 악화 신호로 봅니다.,CANCEL_HIGH|SALES_DECLINE|STORE_DECLINE,42.51,17.48,59.994,45.6
BRD_20200561,금복주류,2024,8,7,1,매출·계약·성장·구조,매출이 2년 연속 하락,점포당 매출이 2022년 5.3억원에서 2024년 4.0억원까지 2년 내리 줄었습니다(누적 -24.5%).,SALES_DECLINE_STREAK|CHURN_EXCEEDS_OPEN|CONTRACT_END_HIGH,42.44,22.64,65.076,49.9
BRD_20212331,응급닭발센터,2024,9,8,1,매출·계약·구조·성장,매출이 2년 연속 하락,"점포당 매출이 2022년 2,792만원에서 2024년 2,381만원까지 2년 내리 줄었습니다(누적 -14.7%).",SALES_DECLINE_STREAK|CONTRACT_END_HIGH|SALES_LOW_RANK,42.37,21.09,63.464,49.0
BRD_20210460,청솔로9,2024,6,5,0,계약·매출·성장,나가는 점포가 들어오는 점포보다 많습니다,2024년 신규 개점 7개에 견줘 계약종료·해지가 16개로 9개 더 많습니다. 순유출 상태입니다.,CHURN_EXCEEDS_OPEN|CONTRACT_END_HIGH|SALES_DECLINE,42.3,18.0,60.306,46.0
BRD_20080200188,쪽갈비전문점 예감,2024,8,6,1,성장·계약·구조,3년 연속 감소,가맹점 수가 2021년 48개에서 2024년 38개까지 3년 내리 줄었습니다(누적 -20.8%). 한 해 부진이 아니라 추세로 굳어진 상태입니다.,STORE_DECLINE_STREAK|CHURN_EXCEEDS_OPEN|CONTRACT_END_HIGH,42.23,18.07,60.3,45.9
BRD_20201166,교반,2024,3,1,0,구조,가맹사업 업력이 짧습니다,"2020년에 가맹사업을 시작해 업력이 4년입니다. 초기 확장기에는 점포가 빠르게 늘지만, 첫 계약 만기가 돌아오는 시점에 이탈이 몰리는 경우가 많습니다.",YOUNG_BRAND,42.16,-2.0,40.167,26.2
BRD_20212610,기떡찜,2024,8,6,1,매출·계약·구조,가맹점 평균매출이 떨어졌습니다,"점포당 연매출이 1,833만원에서 1,370만원으로 -25.3% 줄었습니다. 같은 업종 중간값은 -3.3%입니다. 매출이 줄면 점주의 대출 상환 여력이 먼저 나빠집니다.",SALES_DECLINE|CANCEL_HIGH|SALES_LOW_RANK,42.09,17.15,59.244,44.8
BRD_20211511,버거리(BURGERRY),2024,3,1,0,구조,가맹사업 업력이 짧습니다,"2021년에 가맹사업을 시작해 업력이 3년입니다. 초기 확장기에는 점포가 빠르게 늘지만, 첫 계약 만기가 돌아오는 시점에 이탈이 몰리는 경우가 많습니다.",YOUNG_BRAND,42.02,-2.0,40.028,26.1
BRD_20220572,카페요아정,2024,6,3,0,계약·구조,중도 해지가 많습니다,계약 기간을 채우지 못하고 중도 해지한 가맹점이 1개(6.7%)입니다. 만기 종료와 달리 중도 해지는 점주가 손실을 감수하고 나가는 것이라 수익성 악화 신호로 봅니다.,CANCEL_HIGH|NAME_CHANGE_HIGH|YOUNG_BRAND,41.96,0.7,42.655,28.6
BRD_20140759,88켄터키치킨&떡볶이,2024,6,5,0,계약·구조·성장,나가는 점포가 들어오는 점포보다 많습니다,2024년 신규 개점 4개에 견줘 계약종료·해지가 7개로 3개 더 많습니다. 순유출 상태입니다.,CHURN_EXCEEDS_OPEN|CONTRACT_END_HIGH|NAME_CHANGE_HIGH,41.89,12.08,53.962,40.3
BRD_20180168,밀방떡,2024,5,4,0,계약·구조·매출,나가는 점포가 들어오는 점포보다 많습니다,2024년 신규 개점 0개에 견줘 계약종료·해지가 4개로 4개 더 많습니다. 순유출 상태입니다.,CHURN_EXCEEDS_OPEN|REGION_SHRINK|SALES_LOW_RANK,41.82,16.6,58.42,43.7
BRD_20215029,순살몬스터,2024,11,11,4,재무·매출·성장·계약·구조,감사의견 '한정',(주)신라외식개발의 2023년 감사의견이 '한정'입니다. 적정의견이 아니라는 것은 재무제표 자체를 그대로 믿기 어렵다는 뜻입니다.,HQ_AUDIT_OPINION|HQ_CAPITAL_IMPAIRED|SALES_DECLINE_STREAK,41.75,28.71,70.46,54.9
BRD_20171098,홍대쌀국수,2024,5,4,0,계약·성장,나가는 점포가 들어오는 점포보다 많습니다,2024년 신규 개점 4개에 견줘 계약종료·해지가 11개로 7개 더 많습니다. 순유출 상태입니다.,CHURN_EXCEEDS_OPEN|CONTRACT_END_HIGH|STORE_DECLINE,41.68,13.71,55.384,41.8
BRD_20160517,계경순대국,2024,9,8,2,매출·성장·계약·구조,가맹점 평균매출이 떨어졌습니다,점포당 연매출이 1.4억원에서 1.1억원으로 -20.6% 줄었습니다. 같은 업종 중간값은 -3.5%입니다. 매출이 줄면 점주의 대출 상환 여력이 먼저 나빠집니다.,SALES_DECLINE|STORE_DECLINE|CHURN_EXCEEDS_OPEN,41.61,25.85,67.461,52.0
BRD_20140589,교동짬뽕,2024,5,4,1,계약·매출·구조,계약을 끝내는 가맹점이 많습니다,"2024년에 계약이 끝난 가맹점이 5개로, 연초 점포의 27.8%입니다. 중식 업종 상위 22%에 해당합니다. 업종 중간값은 7.2%입니다.",CONTRACT_END_HIGH|SALES_DECLINE|SALES_PER_AREA_DECLINE,41.54,15.17,56.705,42.9
BRD_20140100,신통치킨,2024,3,1,0,계약,점주 교체가 잦습니다,"명의변경이 13건(9.4%)입니다. 점포는 유지되지만 운영자가 바뀌는 것으로, 폐점 직전 단계에서 자주 나타납니다.",NAME_CHANGE_HIGH,41.47,-2.0,39.473,25.6
BRD_20170699,내담해물찜탕,2024,9,8,1,성장·계약·매출·구조,7년 연속 감소,가맹점 수가 2017년 47개에서 2024년 23개까지 7년 내리 줄었습니다(누적 -51.1%). 한 해 부진이 아니라 추세로 굳어진 상태입니다.,STORE_DECLINE_STREAK|CANCEL_HIGH|CHURN_EXCEEDS_OPEN,41.4,24.01,65.416,50.2
BRD_20210826,요거트아이스크림의 정석,2024,6,3,1,계약·구조,중도 해지가 많습니다,계약 기간을 채우지 못하고 중도 해지한 가맹점이 26개(15.7%)입니다. 만기 종료와 달리 중도 해지는 점주가 손실을 감수하고 나가는 것이라 수익성 악화 신호로 봅니다.,CANCEL_HIGH|NAME_CHANGE_HIGH|YOUNG_BRAND,41.33,6.59,47.922,34.3
BRD_20090100377,코페아커피(COFFEA COFFEE),2024,5,3,1,성장·구조,가맹점이 줄었습니다,2024년 가맹점이 6개에서 5개로 1개(-16.7%) 줄었습니다. 같은 커피 업종의 중간값은 +0.0%입니다.,STORE_DECLINE|STORE_DECLINE_STREAK|SMALL_SCALE,41.26,11.48,52.746,39.1
BRD_20100100306,꽃마름,2024,5,5,1,재무·계약·성장·구조,본부가 영업적자입니다,한주에이알티(주)의 2023년 영업손익이 -26억원입니다. 영업이익률 -46.7%. 7년 연속입니다. 본업에서 돈을 벌지 못하는 상태라 가맹점 지원 여력이 줄어듭니다.,HQ_OPERATING_LOSS|CHURN_EXCEEDS_OPEN|CONTRACT_END_HIGH,41.19,22.01,63.203,48.5
BRD_20220867,김치찜은못참지,2024,3,2,0,계약·구조,점주 교체가 잦습니다,"명의변경이 10건(13.0%)입니다. 점포는 유지되지만 운영자가 바뀌는 것으로, 폐점 직전 단계에서 자주 나타납니다.",NAME_CHANGE_HIGH|YOUNG_BRAND,41.12,3.98,45.1,31.1
BRD_20100100052,붐비어,2024,8,6,1,성장·계약·매출·구조,가맹점이 줄었습니다,2024년 가맹점이 27개에서 22개로 5개(-18.5%) 줄었습니다. 같은 주점 업종의 중간값은 +0.0%입니다.,STORE_DECLINE|CHURN_EXCEEDS_OPEN|CONTRACT_END_HIGH,41.05,20.36,61.415,46.9
BRD_20230151,백연게장,2024,5,4,0,구조·매출,진출 지역이 줄었습니다,영업 중인 시·도가 15곳에서 13곳으로 2곳 줄었습니다. 특정 지역에서 통째로 철수했다는 뜻입니다.,REGION_SHRINK|SALES_LOW_RANK|SMALL_SCALE,40.98,12.57,53.559,39.9
BRD_20080200076,빚은,2024,9,8,2,매출·성장·계약·구조,매출이 3년 연속 하락,점포당 매출이 2021년 1.6억원에서 2024년 1.2억원까지 3년 내리 줄었습니다(누적 -28.6%).,SALES_DECLINE_STREAK|STORE_DECLINE_STREAK|CANCEL_HIGH,40.92,25.85,66.767,51.6
BRD_20214501,왓더버거,2024,5,2,0,계약·구조,계약을 끝내는 가맹점이 많습니다,"2024년에 계약이 끝난 가맹점이 7개로, 연초 점포의 18.4%입니다. 패스트푸드 업종 상위 39%에 해당합니다. 업종 중간값은 11.8%입니다.",CONTRACT_END_HIGH|YOUNG_BRAND,40.85,0.0,40.846,26.8
BRD_20080100099,피쉬앤그릴too,2024,3,3,0,재무·구조,본부 매출이 줄었습니다,"리치푸드(주)의 매출이 2019년 138억원에서 2020년 93억원으로 -32.7% 줄었습니다. 본부 매출은 대부분 가맹점에 넘기는 물품·로열티라, 가맹점 사정이 본부 장부에 먼저 잡힙니다. 다만 확보된 가장 최근 결산이 2020년으로 4년 전 자료이므로, 현재 상태는 별도 확인이 필요합니다.",HQ_REVENUE_DECLINE|HQ_OPERATING_LOSS|SMALL_SCALE,40.78,8.46,49.241,35.6
BRD_20141063,생활맥주,2024,5,4,0,계약·매출·성장,나가는 점포가 들어오는 점포보다 많습니다,2024년 신규 개점 21개에 견줘 계약종료·해지가 34개로 13개 더 많습니다. 순유출 상태입니다.,CHURN_EXCEEDS_OPEN|CONTRACT_END_HIGH|SALES_DECLINE,40.71,7.91,48.616,35.0
BRD_20110600022,파스타부오노바,2024,7,6,3,계약·성장·구조,중도 해지가 많습니다,계약 기간을 채우지 못하고 중도 해지한 가맹점이 4개(26.7%)입니다. 만기 종료와 달리 중도 해지는 점주가 손실을 감수하고 나가는 것이라 수익성 악화 신호로 봅니다.,CANCEL_HIGH|STORE_DECLINE|STORE_DECLINE_STREAK,40.64,25.31,65.944,50.8
BRD_20180102,1도씨맥주(1℃ 맥주),2024,7,6,0,계약·구조·매출·성장,나가는 점포가 들어오는 점포보다 많습니다,2024년 신규 개점 8개에 견줘 계약종료·해지가 11개로 3개 더 많습니다. 순유출 상태입니다.,CHURN_EXCEEDS_OPEN|CONTRACT_END_HIGH|REGION_SHRINK,40.57,16.67,57.241,43.3
BRD_20190909,무지개맥주,2024,7,6,1,매출·계약·성장,매출이 2년 연속 하락,점포당 매출이 2022년 3.4억원에서 2024년 3.1억원까지 2년 내리 줄었습니다(누적 -7.8%).,SALES_DECLINE_STREAK|CANCEL_HIGH|CHURN_EXCEEDS_OPEN,40.5,22.37,62.872,48.2
BRD_20200099,장미맨숀,2024,7,6,3,계약·성장·구조,중도 해지가 많습니다,계약 기간을 채우지 못하고 중도 해지한 가맹점이 7개(19.4%)입니다. 만기 종료와 달리 중도 해지는 점주가 손실을 감수하고 나가는 것이라 수익성 악화 신호로 봅니다.,CANCEL_HIGH|STORE_DECLINE|STORE_DECLINE_STREAK,40.43,24.01,64.445,49.4
BRD_20201595,"쉼, 어묵 그리고 한잔 술",2024,8,7,0,계약·매출·구조·성장,계약을 끝내는 가맹점이 많습니다,"2024년에 계약이 끝난 가맹점이 7개로, 연초 점포의 14.0%입니다. 주점 업종 상위 44%에 해당합니다. 업종 중간값은 10.0%입니다.",CONTRACT_END_HIGH|SALES_DECLINE|NAME_CHANGE_HIGH,40.36,16.18,56.543,42.7
BRD_20120100604,코코호도,2024,6,5,0,계약·성장,중도 해지가 많습니다,계약 기간을 채우지 못하고 중도 해지한 가맹점이 20개(11.0%)입니다. 만기 종료와 달리 중도 해지는 점주가 손실을 감수하고 나가는 것이라 수익성 악화 신호로 봅니다.,CANCEL_HIGH|CHURN_EXCEEDS_OPEN|NEW_OPEN_STALL,40.29,16.32,56.615,42.8
BRD_20200808,달빛에 구운 고등어,2024,5,2,0,구조,규모가 작습니다,"가맹점이 32개로, 점포 몇 곳만 이탈해도 브랜드 지표가 크게 흔들립니다. 충격을 흡수할 여력이 얇습니다.",SMALL_SCALE|YOUNG_BRAND,40.22,-5.25,34.976,22.1
BRD_20080100162,기소야,2024,6,4,0,계약·성장·구조,중도 해지가 많습니다,계약 기간을 채우지 못하고 중도 해지한 가맹점이 2개(6.7%)입니다. 만기 종료와 달리 중도 해지는 점주가 손실을 감수하고 나가는 것이라 수익성 악화 신호로 봅니다.,CANCEL_HIGH|CHURN_EXCEEDS_OPEN|STORE_DECLINE,40.15,11.48,51.636,38.0
BRD_20230766,호시타코야끼,2024,3,2,0,계약·구조,계약을 끝내는 가맹점이 많습니다,"2024년에 계약이 끝난 가맹점이 10개로, 연초 점포의 15.6%입니다. 분식 업종 상위 33%에 해당합니다. 업종 중간값은 5.3%입니다.",CONTRACT_END_HIGH|YOUNG_BRAND,40.08,7.82,47.899,34.2
BRD_20180886,점순이 호떡,2024,5,3,1,계약·매출·구조,중도 해지가 많습니다,계약 기간을 채우지 못하고 중도 해지한 가맹점이 4개(13.3%)입니다. 만기 종료와 달리 중도 해지는 점주가 손실을 감수하고 나가는 것이라 수익성 악화 신호로 봅니다.,CANCEL_HIGH|SALES_LOW_RANK|SMALL_SCALE,40.01,14.64,54.652,41.2
BRD_20080600010,땅땅치킨,2024,8,7,2,성장·계약·재무,가맹점이 줄었습니다,2024년 가맹점이 220개에서 177개로 43개(-19.5%) 줄었습니다. 같은 치킨 업종의 중간값은 +0.0%입니다.,STORE_DECLINE|STORE_DECLINE_STREAK|CANCEL_HIGH,39.94,22.46,62.406,47.9
BRD_20140203,아마스빈코리아,2024,7,6,2,성장·계약·구조·매출,가맹점이 줄었습니다,2024년 가맹점이 72개에서 60개로 12개(-16.7%) 줄었습니다. 같은 음료 (커피 외) 업종의 중간값은 +0.0%입니다.,STORE_DECLINE|STORE_DECLINE_STREAK|CHURN_EXCEEDS_OPEN,39.88,23.76,63.634,49.0
BRD_20080100207,백종원의원조쌈밥집,2024,4,3,1,매출·구조,가맹점 평균매출이 떨어졌습니다,점포당 연매출이 6.2억원에서 4.9억원으로 -21.8% 줄었습니다. 같은 업종 중간값은 -3.5%입니다. 매출이 줄면 점주의 대출 상환 여력이 먼저 나빠집니다.,SALES_DECLINE|SALES_PER_AREA_DECLINE|SMALL_SCALE,39.81,10.27,50.074,36.5
BRD_20090100341,소노야,2024,5,2,0,계약·구조,중도 해지가 많습니다,계약 기간을 채우지 못하고 중도 해지한 가맹점이 2개(10.0%)입니다. 만기 종료와 달리 중도 해지는 점주가 손실을 감수하고 나가는 것이라 수익성 악화 신호로 봅니다.,CANCEL_HIGH|SMALL_SCALE,39.74,0.0,39.736,25.9
BRD_20160713,79대포,2024,4,1,1,계약,중도 해지가 많습니다,계약 기간을 채우지 못하고 중도 해지한 가맹점이 12개(13.2%)입니다. 만기 종료와 달리 중도 해지는 점주가 손실을 감수하고 나가는 것이라 수익성 악화 신호로 봅니다.,CANCEL_HIGH,39.67,3.98,43.644,29.8
BRD_20140164,나드리김밥,2024,4,2,1,매출,가맹점 평균매출이 떨어졌습니다,점포당 연매출이 2.8억원에서 1.7억원으로 -38.3% 줄었습니다. 같은 업종 중간값은 -3.5%입니다. 매출이 줄면 점주의 대출 상환 여력이 먼저 나빠집니다.,SALES_DECLINE|SALES_PER_AREA_DECLINE,39.6,8.46,48.062,34.4
BRD_20170214,청춘감성쌀핫도그,2024,10,9,1,성장·계약·구조·매출,가맹점이 줄었습니다,2024년 가맹점이 40개에서 33개로 7개(-17.5%) 줄었습니다. 같은 기타 외식 업종의 중간값은 +0.0%입니다.,STORE_DECLINE|CHURN_EXCEEDS_OPEN|CONTRACT_END_HIGH,39.53,25.1,64.629,49.7
BRD_20211005,하이오커피,2024,3,1,0,계약,점주 교체가 잦습니다,"명의변경이 32건(12.9%)입니다. 점포는 유지되지만 운영자가 바뀌는 것으로, 폐점 직전 단계에서 자주 나타납니다.",NAME_CHANGE_HIGH,39.46,-2.0,37.462,24.3
BRD_20220147,샐러리아 SALARIA,2024,5,2,0,계약·구조,점주 교체가 잦습니다,"명의변경이 8건(17.8%)입니다. 점포는 유지되지만 운영자가 바뀌는 것으로, 폐점 직전 단계에서 자주 나타납니다.",NAME_CHANGE_HIGH|YOUNG_BRAND,39.39,-3.98,35.413,22.3
BRD_20090100258,맛데이,2024,5,4,1,매출·구조,가맹점 평균매출이 떨어졌습니다,"점포당 연매출이 6,017만원에서 3,815만원으로 -36.6% 줄었습니다. 같은 업종 중간값은 -1.3%입니다. 매출이 줄면 점주의 대출 상환 여력이 먼저 나빠집니다.",SALES_DECLINE|SALES_LOW_RANK|SALES_PER_AREA_DECLINE,39.32,15.24,54.56,41.1
BRD_20110100169,바베큐통족구이,2024,3,2,0,계약·구조,계약을 끝내는 가맹점이 많습니다,"2024년에 계약이 끝난 가맹점이 3개로, 연초 점포의 13.0%입니다. 한식 업종 상위 40%에 해당합니다. 업종 중간값은 4.6%입니다.",CONTRACT_END_HIGH|SMALL_SCALE,39.25,7.82,47.067,33.4
BRD_20150931,육미명가옛날아우내순대&보쌈,2024,2,1,0,계약,계약을 끝내는 가맹점이 많습니다,"2024년에 계약이 끝난 가맹점이 8개로, 연초 점포의 15.4%입니다. 기타 외식 업종 상위 40%에 해당합니다. 업종 중간값은 9.5%입니다.",CONTRACT_END_HIGH,39.18,5.92,45.103,31.1
BRD_20080100209,본가,2024,8,7,3,계약·매출·성장·구조,계약을 끝내는 가맹점이 많습니다,"2024년에 계약이 끝난 가맹점이 5개로, 연초 점포의 27.8%입니다. 한식 업종 상위 24%에 해당합니다. 업종 중간값은 4.6%입니다.",CONTRACT_END_HIGH|SALES_DECLINE_STREAK|STORE_DECLINE_STREAK,39.11,26.45,65.563,50.4
BRD_20180890,에센스커피,2024,9,8,0,계약·성장·매출·구조,중도 해지가 많습니다,계약 기간을 채우지 못하고 중도 해지한 가맹점이 1개(9.1%)입니다. 만기 종료와 달리 중도 해지는 점주가 손실을 감수하고 나가는 것이라 수익성 악화 신호로 봅니다.,CANCEL_HIGH|NEW_OPEN_STALL|STORE_DECLINE,39.04,17.62,56.658,42.9
BRD_20200341,청년치킨,2024,6,5,0,매출·계약·구조,가맹점 평균매출이 떨어졌습니다,점포당 연매출이 7.0억원에서 6.1억원으로 -12.8% 줄었습니다. 같은 업종 중간값은 -1.3%입니다. 매출이 줄면 점주의 대출 상환 여력이 먼저 나빠집니다.,SALES_DECLINE|NAME_CHANGE_HIGH|SALES_PER_AREA_DECLINE,38.97,10.88,49.855,36.2
BRD_20200599,미미고,2024,4,3,1,성장·구조,4년 연속 감소,가맹점 수가 2020년 36개에서 2024년 16개까지 4년 내리 줄었습니다(누적 -55.6%). 한 해 부진이 아니라 추세로 굳어진 상태입니다.,STORE_DECLINE_STREAK|STORE_DECLINE|SMALL_SCALE,38.9,14.71,53.618,39.9
BRD_20151265,바우네나주곰탕,2024,8,7,2,매출·성장·계약,매출이 7년 연속 하락,점포당 매출이 2017년 3.7억원에서 2024년 1.1억원까지 7년 내리 줄었습니다(누적 -69.8%).,SALES_DECLINE_STREAK|STORE_DECLINE_STREAK|CHURN_EXCEEDS_OPEN,38.83,24.89,63.721,49.1
BRD_20130100291,본가집안동국밥곰탕,2024,6,5,1,계약·매출·구조·성장,중도 해지가 많습니다,계약 기간을 채우지 못하고 중도 해지한 가맹점이 7개(20.6%)입니다. 만기 종료와 달리 중도 해지는 점주가 손실을 감수하고 나가는 것이라 수익성 악화 신호로 봅니다.,CANCEL_HIGH|SALES_DECLINE|SALES_PER_AREA_DECLINE,38.77,19.17,57.939,43.6
BRD_20080500030,치킨퐁,2024,4,3,0,매출·구조,가맹점 평균매출이 떨어졌습니다,점포당 연매출이 1.8억원에서 1.7억원으로 -8.4% 줄었습니다. 같은 업종 중간값은 -1.3%입니다. 매출이 줄면 점주의 대출 상환 여력이 먼저 나빠집니다.,SALES_DECLINE|SALES_PER_AREA_DECLINE|SMALL_SCALE,38.7,4.66,43.358,29.5
BRD_20080100287,퀴즈노스서브,2024,7,5,1,성장·계약,가맹점이 줄었습니다,2024년 가맹점이 82개에서 66개로 16개(-19.5%) 줄었습니다. 같은 패스트푸드 업종의 중간값은 +0.0%입니다.,STORE_DECLINE|CHURN_EXCEEDS_OPEN|CONTRACT_END_HIGH,38.63,17.68,56.307,42.3
NAME:삼송빵집@외식,삼송빵집,2024,5,3,1,매출·계약·구조,매출이 2년 연속 하락,점포당 매출이 2022년 10.5억원에서 2024년 7.7억원까지 2년 내리 줄었습니다(누적 -26.8%).,SALES_DECLINE_STREAK|NAME_CHANGE_HIGH|SMALL_SCALE,38.56,11.4,49.956,36.3
BRD_20151153,송촌꼬마김밥,2024,5,3,0,구조·매출,특정 지역에 몰려 있습니다,점포의 61.1%가 한 시·도에 몰려 있고 진출 지역은 5곳뿐입니다. 그 지역 상권이 흔들리면 브랜드 전체가 동시에 흔들립니다.,REGION_CONCENTRATION|SALES_LOW_RANK|SMALL_SCALE,38.49,8.46,46.952,33.2
BRD_20161185,하노이별,2024,5,4,0,계약·구조·성장,중도 해지가 많습니다,계약 기간을 채우지 못하고 중도 해지한 가맹점이 3개(9.1%)입니다. 만기 종료와 달리 중도 해지는 점주가 손실을 감수하고 나가는 것이라 수익성 악화 신호로 봅니다.,CANCEL_HIGH|NAME_CHANGE_HIGH|SMALL_SCALE,38.42,10.27,48.687,35.1
BRD_20080300010,목촌사골돼지국밥,2024,5,3,1,계약·구조·성장,중도 해지가 많습니다,계약 기간을 채우지 못하고 중도 해지한 가맹점이 7개(25.0%)입니다. 만기 종료와 달리 중도 해지는 점주가 손실을 감수하고 나가는 것이라 수익성 악화 신호로 봅니다.,CANCEL_HIGH|SMALL_SCALE|STORE_DECLINE,38.35,11.4,49.748,35.9
BRD_20130155,이화수전통육개장,2024,1,0,0,,특이 소견 없음,공시 지표에서 눈에 띄는 악화 신호가 확인되지 않았습니다.,,38.28,0.0,38.28,25.0
BRD_20231573,상상오리,2024,2,1,0,구조,가맹사업 업력이 짧습니다,"2024년에 가맹사업을 시작해 업력이 0년입니다. 초기 확장기에는 점포가 빠르게 늘지만, 첫 계약 만기가 돌아오는 시점에 이탈이 몰리는 경우가 많습니다.",YOUNG_BRAND,38.21,2.0,40.208,26.4
BRD_20201587,한신우동,2024,6,4,0,계약·매출·구조,계약을 끝내는 가맹점이 많습니다,"2024년에 계약이 끝난 가맹점이 12개로, 연초 점포의 14.0%입니다. 분식 업종 상위 38%에 해당합니다. 업종 중간값은 5.3%입니다.",CONTRACT_END_HIGH|SALES_DECLINE|SALES_PER_AREA_DECLINE,38.14,6.59,44.732,30.7
BRD_20110300030,다기야,2024,7,5,2,계약·성장·구조,중도 해지가 많습니다,계약 기간을 채우지 못하고 중도 해지한 가맹점이 4개(21.1%)입니다. 만기 종료와 달리 중도 해지는 점주가 손실을 감수하고 나가는 것이라 수익성 악화 신호로 봅니다.,CANCEL_HIGH|STORE_DECLINE|CHURN_EXCEEDS_OPEN,38.07,20.36,58.433,43.8
BRD_20201014,고기극찬,2024,9,8,1,매출·계약·성장·구조,매출이 2년 연속 하락,점포당 매출이 2022년 4.2억원에서 2024년 3.2억원까지 2년 내리 줄었습니다(누적 -23.2%).,SALES_DECLINE_STREAK|CHURN_EXCEEDS_OPEN|CONTRACT_END_HIGH,38.0,24.01,62.018,47.4
BRD_20160811,베러먼데이,2024,3,2,1,매출,매출이 2년 연속 하락,점포당 매출이 2022년 1.2억원에서 2024년 1.1억원까지 2년 내리 줄었습니다(누적 -9.5%).,SALES_DECLINE_STREAK|SALES_PER_AREA_DECLINE,37.93,11.99,49.925,36.3
BRD_20080100052,치킨마루,2024,7,6,3,재무·성장·계약,본부가 영업적자입니다,다인에프씨(주)의 2023년 영업손익이 -1억원입니다. 영업이익률 -2.5%. 2년 연속입니다. 본업에서 돈을 벌지 못하는 상태라 가맹점 지원 여력이 줄어듭니다.,HQ_OPERATING_LOSS|STORE_DECLINE|STORE_DECLINE_STREAK,37.86,24.5,62.363,47.9
BRD_20201482,돼지게티,2024,9,8,1,매출·계약·성장·구조,매출이 2년 연속 하락,"점포당 매출이 2022년 1.5억원에서 2024년 5,282만원까지 2년 내리 줄었습니다(누적 -65.9%).",SALES_DECLINE_STREAK|CHURN_EXCEEDS_OPEN|NEW_OPEN_STALL,37.79,23.49,61.288,46.7
BRD_20180612,샤브20,2024,4,1,0,구조,가맹사업 업력이 짧습니다,"2020년에 가맹사업을 시작해 업력이 4년입니다. 초기 확장기에는 점포가 빠르게 늘지만, 첫 계약 만기가 돌아오는 시점에 이탈이 몰리는 경우가 많습니다.",YOUNG_BRAND,37.73,-5.92,31.804,19.6
BRD_20140288,스트릿츄러스,2024,3,1,1,계약,중도 해지가 많습니다,계약 기간을 채우지 못하고 중도 해지한 가맹점이 7개(12.3%)입니다. 만기 종료와 달리 중도 해지는 점주가 손실을 감수하고 나가는 것이라 수익성 악화 신호로 봅니다.,CANCEL_HIGH,37.66,7.82,45.472,31.3
BRD_20170813,해초과메기,2024,7,6,3,계약·성장·매출·구조,중도 해지가 많습니다,계약 기간을 채우지 못하고 중도 해지한 가맹점이 5개(17.2%)입니다. 만기 종료와 달리 중도 해지는 점주가 손실을 감수하고 나가는 것이라 수익성 악화 신호로 봅니다.,CANCEL_HIGH|STORE_DECLINE|STORE_DECLINE_STREAK,37.59,25.67,63.255,48.5
BRD_20200174,메이크어딜리버리,2024,6,5,1,매출·계약·구조,매출이 2년 연속 하락,점포당 매출이 2022년 16.7억원에서 2024년 9.5억원까지 2년 내리 줄었습니다(누적 -43.0%).,SALES_DECLINE_STREAK|NAME_CHANGE_HIGH|SALES_PER_AREA_DECLINE,37.52,15.68,53.197,39.6
BRD_20160150,숯불에닭,2024,4,3,0,매출·계약,가맹점 평균매출이 떨어졌습니다,점포당 연매출이 4.4억원에서 3.7억원으로 -16.5% 줄었습니다. 같은 업종 중간값은 -3.5%입니다. 매출이 줄면 점주의 대출 상환 여력이 먼저 나빠집니다.,SALES_DECLINE|NAME_CHANGE_HIGH|SALES_PER_AREA_DECLINE,37.45,8.46,45.912,31.9
BRD_20150930,바른치킨,2024,7,5,1,성장·계약,가맹점이 줄었습니다,2024년 가맹점이 243개에서 185개로 58개(-23.9%) 줄었습니다. 같은 치킨 업종의 중간값은 +0.0%입니다.,STORE_DECLINE|CANCEL_HIGH|CHURN_EXCEEDS_OPEN,37.38,17.68,55.059,41.5
BRD_20160600,주식회사포차천국,2024,5,4,1,계약·성장,계약을 끝내는 가맹점이 많습니다,"2024년에 계약이 끝난 가맹점이 38개로, 연초 점포의 25.3%입니다. 주점 업종 상위 27%에 해당합니다. 업종 중간값은 10.0%입니다.",CONTRACT_END_HIGH|CHURN_EXCEEDS_OPEN|STORE_DECLINE,37.31,18.87,56.184,42.2
BRD_20170826,마마쿡(MAMA COOK),2024,6,5,1,계약·구조·성장,계약을 끝내는 가맹점이 많습니다,"2024년에 계약이 끝난 가맹점이 10개로, 연초 점포의 27.0%입니다. 한식 업종 상위 24%에 해당합니다. 업종 중간값은 4.6%입니다.",CONTRACT_END_HIGH|CHURN_EXCEEDS_OPEN|REGION_CONCENTRATION,37.24,19.23,56.472,42.6
BRD_20171372,설맥(SEOL MAC),2024,5,4,0,계약·매출,중도 해지가 많습니다,계약 기간을 채우지 못하고 중도 해지한 가맹점이 6개(6.5%)입니다. 만기 종료와 달리 중도 해지는 점주가 손실을 감수하고 나가는 것이라 수익성 악화 신호로 봅니다.,CANCEL_HIGH|CONTRACT_END_HIGH|SALES_DECLINE,37.17,13.71,50.876,37.2
BRD_20080100034,오븐에빠진닭,2024,6,4,1,성장·계약,8년 연속 감소,가맹점 수가 2016년 172개에서 2024년 55개까지 8년 내리 줄었습니다(누적 -68.0%). 한 해 부진이 아니라 추세로 굳어진 상태입니다.,STORE_DECLINE_STREAK|CHURN_EXCEEDS_OPEN|CONTRACT_END_HIGH,37.1,13.23,50.328,36.9
BRD_20191188,오븐에 빠진 막창,2024,6,5,1,성장·계약·매출,3년 연속 감소,가맹점 수가 2021년 69개에서 2024년 56개까지 3년 내리 줄었습니다(누적 -18.8%). 한 해 부진이 아니라 추세로 굳어진 상태입니다.,STORE_DECLINE_STREAK|CANCEL_HIGH|CHURN_EXCEEDS_OPEN,37.03,21.39,58.423,43.8
BRD_20110300060,원조의령소바,2024,6,5,2,재무·계약·구조,감사보고서에 계속기업 불확실성이 기재되었습니다,"(주)의령소바의 2023년 감사보고서에 '계속기업 관련 중요한 불확실성' 문단이 있습니다. 회계감사인이 이 회사가 사업을 계속할 수 있을지에 의문을 표시했다는 뜻으로, 가장 무거운 재무 경고 신호입니다.",HQ_GOING_CONCERN|HQ_REVENUE_DECLINE|CANCEL_HIGH,36.96,18.93,55.897,42.0
BRD_20214081,올쿡24,2024,3,2,0,매출·구조,업종 안에서 매출이 낮습니다,"점포당 매출 7,578만원은 기타 외식 업종 하위 9% 수준입니다 (업종 중간값 2.8억원).",SALES_LOW_RANK|YOUNG_BRAND,36.89,7.82,44.709,30.7
BRD_20160451,하루엔소쿠,2024,5,4,2,계약·매출·성장,중도 해지가 많습니다,계약 기간을 채우지 못하고 중도 해지한 가맹점이 26개(26.8%)입니다. 만기 종료와 달리 중도 해지는 점주가 손실을 감수하고 나가는 것이라 수익성 악화 신호로 봅니다.,CANCEL_HIGH|SALES_DECLINE_STREAK|CHURN_EXCEEDS_OPEN,36.82,22.01,58.834,44.3
BRD_20180414,케이엠지엠홀덤앤이벤트펍(KMGM HOLD’EM & EVENT PUB),2024,9,8,1,계약·매출·성장,중도 해지가 많습니다,계약 기간을 채우지 못하고 중도 해지한 가맹점이 8개(12.5%)입니다. 만기 종료와 달리 중도 해지는 점주가 손실을 감수하고 나가는 것이라 수익성 악화 신호로 봅니다.,CANCEL_HIGH|CHURN_EXCEEDS_OPEN|SALES_LOW_RANK,36.75,22.37,59.127,44.7
NAME:킹스타피자@외식,킹스타피자,2024,7,6,2,성장·계약·매출·구조,가맹점이 줄었습니다,2024년 가맹점이 34개에서 26개로 8개(-23.5%) 줄었습니다. 같은 피자 업종의 중간값은 -1.0%입니다.,STORE_DECLINE|STORE_DECLINE_STREAK|CHURN_EXCEEDS_OPEN,36.69,23.76,60.444,46.1
BRD_20080200222,위드치킨,2024,9,8,3,매출·성장·계약·구조,매출이 3년 연속 하락,"점포당 매출이 2021년 6,020만원에서 2024년 3,516만원까지 3년 내리 줄었습니다(누적 -41.6%).",SALES_DECLINE_STREAK|STORE_DECLINE|STORE_DECLINE_STREAK,36.62,26.36,62.977,48.3
BRD_20150065,타코비,2024,6,5,1,매출·계약·성장,매출이 3년 연속 하락,점포당 매출이 2021년 1.6억원에서 2024년 1.0억원까지 3년 내리 줄었습니다(누적 -35.9%).,SALES_DECLINE_STREAK|CHURN_EXCEEDS_OPEN|CONTRACT_END_HIGH,36.55,22.06,58.603,44.0
BRD_20120100023,청와삼대,2024,8,7,2,매출·성장·계약·구조,매출이 2년 연속 하락,점포당 매출이 2022년 2.4억원에서 2024년 2.0억원까지 2년 내리 줄었습니다(누적 -16.1%).,SALES_DECLINE_STREAK|STORE_DECLINE|CHURN_EXCEEDS_OPEN,36.48,25.28,61.754,47.2
BRD_20211882,솔솥,2024,8,6,1,매출·계약·구조,매출이 2년 연속 하락,점포당 매출이 2022년 6.9억원에서 2024년 6.7억원까지 2년 내리 줄었습니다(누적 -3.4%).,SALES_DECLINE_STREAK|CONTRACT_END_HIGH|DIRECT_RATIO_DROP,36.41,16.18,52.59,38.8
BRD_20120100323,손문대구막창갈매기살,2024,7,6,1,성장·계약·매출·구조,3년 연속 감소,가맹점 수가 2021년 21개에서 2024년 14개까지 3년 내리 줄었습니다(누적 -33.3%). 한 해 부진이 아니라 추세로 굳어진 상태입니다.,STORE_DECLINE_STREAK|CONTRACT_END_HIGH|SALES_LOW_RANK,36.34,22.33,58.667,44.2
BRD_20171271,"고기,원칙",2024,9,8,2,매출·성장·계약·구조,매출이 2년 연속 하락,점포당 매출이 2022년 4.3억원에서 2024년 3.5억원까지 2년 내리 줄었습니다(누적 -18.6%).,SALES_DECLINE_STREAK|STORE_DECLINE|CHURN_EXCEEDS_OPEN,36.27,26.47,62.742,48.1
BRD_20220525,동래정 백탄직화,2024,5,3,0,매출·구조,가맹점 평균매출이 떨어졌습니다,점포당 연매출이 8.4억원에서 7.6억원으로 -10.0% 줄었습니다. 같은 업종 중간값은 -3.5%입니다. 매출이 줄면 점주의 대출 상환 여력이 먼저 나빠집니다.,SALES_DECLINE|SALES_PER_AREA_DECLINE|YOUNG_BRAND,36.2,4.66,40.862,26.9
BRD_20200904,파이널나인,2024,6,4,0,매출·구조,가맹점 평균매출이 떨어졌습니다,점포당 연매출이 3.4억원에서 2.9억원으로 -12.7% 줄었습니다. 같은 업종 중간값은 -3.5%입니다. 매출이 줄면 점주의 대출 상환 여력이 먼저 나빠집니다.,SALES_DECLINE|DIRECT_RATIO_DROP|SALES_PER_AREA_DECLINE,36.13,5.34,41.473,27.5
BRD_20170380,가마솥순대국밥,2024,5,2,0,계약,계약을 끝내는 가맹점이 많습니다,"2024년에 계약이 끝난 가맹점이 7개로, 연초 점포의 19.4%입니다. 한식 업종 상위 32%에 해당합니다. 업종 중간값은 4.6%입니다.",CONTRACT_END_HIGH|NAME_CHANGE_HIGH,36.06,-1.3,34.762,21.6
BRD_20080100138,죠샌드위치,2024,8,7,2,계약·성장·매출·구조,중도 해지가 많습니다,계약 기간을 채우지 못하고 중도 해지한 가맹점이 20개(32.8%)입니다. 만기 종료와 달리 중도 해지는 점주가 손실을 감수하고 나가는 것이라 수익성 악화 신호로 봅니다.,CANCEL_HIGH|STORE_DECLINE|CHURN_EXCEEDS_OPEN,35.99,25.28,61.269,46.7
BRD_20150031,브라운돈까스,2024,7,5,1,매출·계약·구조,매출이 2년 연속 하락,점포당 매출이 2022년 2.7억원에서 2024년 2.5억원까지 2년 내리 줄었습니다(누적 -7.7%).,SALES_DECLINE_STREAK|CONTRACT_END_HIGH|DIRECT_RATIO_DROP,35.92,15.68,51.602,37.9
BRD_20230433,갓잇,2024,6,3,0,구조,직영점을 줄이고 있습니다,직영점 비중이 83.3%에서 16.7%로 낮아졌습니다(5개 → 5개). 본부가 직접 운영하던 점포를 정리하는 것은 현금이 급할 때 나타나는 움직임입니다.,DIRECT_RATIO_DROP|SMALL_SCALE|YOUNG_BRAND,35.85,-4.56,31.289,19.3
BRD_20200107,미진축산,2024,3,1,1,계약,계약을 끝내는 가맹점이 많습니다,"2024년에 계약이 끝난 가맹점이 27개로, 연초 점포의 28.7%입니다. 한식 업종 상위 23%에 해당합니다. 업종 중간값은 4.6%입니다.",CONTRACT_END_HIGH,35.78,7.82,43.599,29.6
BRD_20211548,짬뽕관,2024,4,2,0,계약·구조,점주 교체가 잦습니다,"명의변경이 6건(17.6%)입니다. 점포는 유지되지만 운영자가 바뀌는 것으로, 폐점 직전 단계에서 자주 나타납니다.",NAME_CHANGE_HIGH|YOUNG_BRAND,35.71,0.0,35.714,22.7
BRD_20230021,스모프치킨,2024,6,4,1,매출·구조,가맹점 평균매출이 떨어졌습니다,점포당 연매출이 1.8억원에서 1.2억원으로 -34.9% 줄었습니다. 같은 업종 중간값은 -1.3%입니다. 매출이 줄면 점주의 대출 상환 여력이 먼저 나빠집니다.,SALES_DECLINE|REGION_CONCENTRATION|SALES_PER_AREA_DECLINE,35.64,14.18,49.821,36.1
BRD_20190964,신룽푸마라탕,2024,8,7,1,성장·계약·구조,가맹점이 줄었습니다,2024년 가맹점이 44개에서 37개로 7개(-15.9%) 줄었습니다. 같은 중식 업종의 중간값은 +0.0%입니다.,STORE_DECLINE|CHURN_EXCEEDS_OPEN|CONTRACT_END_HIGH,35.58,21.49,57.065,43.1
BRD_20201215,청담피자,2024,7,5,0,계약·구조·성장,계약을 끝내는 가맹점이 많습니다,"2024년에 계약이 끝난 가맹점이 9개로, 연초 점포의 18.4%입니다. 피자 업종 상위 28%에 해당합니다. 업종 중간값은 6.9%입니다.",CONTRACT_END_HIGH|NAME_CHANGE_HIGH|SMALL_SCALE,35.51,7.25,42.76,28.7
BRD_20080600013,종국이두마리치킨,2024,8,7,3,매출·성장·계약·구조,매출이 2년 연속 하락,점포당 매출이 2022년 1.6억원에서 2024년 1.5억원까지 2년 내리 줄었습니다(누적 -6.0%).,SALES_DECLINE_STREAK|STORE_DECLINE|STORE_DECLINE_STREAK,35.44,25.85,61.289,46.8
BRD_20213267,기영이숯불두마리치킨,2024,6,4,1,재무·계약·구조,감사의견 '한정',(주)기영에프앤비의 2023년 감사의견이 '한정'입니다. 적정의견이 아니라는 것은 재무제표 자체를 그대로 믿기 어렵다는 뜻입니다.,HQ_AUDIT_OPINION|CONTRACT_END_HIGH|NAME_CHANGE_HIGH,35.37,11.99,47.36,33.7
BRD_20212464,피자와썹,2024,6,4,1,매출·계약·구조,매출이 2년 연속 하락,점포당 매출이 2022년 3.1억원에서 2024년 2.2억원까지 2년 내리 줄었습니다(누적 -30.1%).,SALES_DECLINE_STREAK|NAME_CHANGE_HIGH|SALES_PER_AREA_DECLINE,35.3,11.99,47.29,33.6
BRD_20080100111,채선당,2024,2,1,0,계약,나가는 점포가 들어오는 점포보다 많습니다,2024년 신규 개점 19개에 견줘 계약종료·해지가 26개로 7개 더 많습니다. 순유출 상태입니다.,CHURN_EXCEEDS_OPEN,35.23,2.0,37.226,24.1
BRD_20211034,찌개공방,2024,4,2,0,계약·구조,점주 교체가 잦습니다,"명의변경이 5건(11.1%)입니다. 점포는 유지되지만 운영자가 바뀌는 것으로, 폐점 직전 단계에서 자주 나타납니다.",NAME_CHANGE_HIGH|YOUNG_BRAND,35.16,0.0,35.16,22.1
BRD_20231207,카페인24,2024,7,5,0,계약·매출·구조,중도 해지가 많습니다,계약 기간을 채우지 못하고 중도 해지한 가맹점이 2개(5.7%)입니다. 만기 종료와 달리 중도 해지는 점주가 손실을 감수하고 나가는 것이라 수익성 악화 신호로 봅니다.,CANCEL_HIGH|SALES_LOW_RANK|DIRECT_RATIO_DROP,35.09,10.88,45.971,32.0
BRD_20200496,코지하우스,2024,4,2,0,구조,규모가 작습니다,"가맹점이 45개로, 점포 몇 곳만 이탈해도 브랜드 지표가 크게 흔들립니다. 충격을 흡수할 여력이 얇습니다.",SMALL_SCALE|YOUNG_BRAND,35.02,-1.3,33.722,21.0
BRD_20110600026,서가앤쿡,2024,7,6,2,매출·성장·계약·구조,매출이 8년 연속 하락,점포당 매출이 2016년 12.6억원에서 2024년 6.0억원까지 8년 내리 줄었습니다(누적 -52.4%).,SALES_DECLINE_STREAK|STORE_DECLINE_STREAK|CHURN_EXCEEDS_OPEN,34.95,23.72,58.673,44.2
BRD_20201906,고망고,2024,5,2,1,계약·구조,중도 해지가 많습니다,계약 기간을 채우지 못하고 중도 해지한 가맹점이 8개(15.4%)입니다. 만기 종료와 달리 중도 해지는 점주가 손실을 감수하고 나가는 것이라 수익성 악화 신호로 봅니다.,CANCEL_HIGH|YOUNG_BRAND,34.88,5.92,40.803,26.7
BRD_20080100607,700비어,2024,6,5,1,성장·매출·구조,8년 연속 감소,가맹점 수가 2016년 84개에서 2024년 27개까지 8년 내리 줄었습니다(누적 -67.9%). 한 해 부진이 아니라 추세로 굳어진 상태입니다.,STORE_DECLINE_STREAK|SALES_DECLINE|SALES_PER_AREA_DECLINE,34.81,18.38,53.196,39.5
BRD_20170511,오마뎅,2024,6,5,0,계약·성장·매출,중도 해지가 많습니다,계약 기간을 채우지 못하고 중도 해지한 가맹점이 7개(7.8%)입니다. 만기 종료와 달리 중도 해지는 점주가 손실을 감수하고 나가는 것이라 수익성 악화 신호로 봅니다.,CANCEL_HIGH|CHURN_EXCEEDS_OPEN|CONTRACT_END_HIGH,34.74,16.25,50.997,37.3
BRD_20080300019,티바두마리치킨,2024,9,9,5,계약·재무·성장·매출,계약을 끝내는 가맹점이 많습니다,"2024년에 계약이 끝난 가맹점이 51개로, 연초 점포의 26.7%입니다. 치킨 업종 상위 23%에 해당합니다. 업종 중간값은 6.7%입니다.",CONTRACT_END_HIGH|HQ_AUDIT_OPINION|HQ_CAPITAL_IMPAIRED,34.67,28.1,62.773,48.1
BRD_20110400001,삼백집,2024,5,4,1,성장·계약·구조,7년 연속 감소,가맹점 수가 2017년 39개에서 2024년 12개까지 7년 내리 줄었습니다(누적 -69.2%). 한 해 부진이 아니라 추세로 굳어진 상태입니다.,STORE_DECLINE_STREAK|CONTRACT_END_HIGH|STORE_DECLINE,34.6,18.81,53.419,39.7
BRD_20181220,해산물직화구이전문점삼바리,2024,4,3,0,매출·계약,가맹점 평균매출이 떨어졌습니다,점포당 연매출이 5.7억원에서 4.9억원으로 -13.2% 줄었습니다. 같은 업종 중간값은 -3.5%입니다. 매출이 줄면 점주의 대출 상환 여력이 먼저 나빠집니다.,SALES_DECLINE|NAME_CHANGE_HIGH|SALES_PER_AREA_DECLINE,34.54,8.46,42.999,29.0
BRD_20180068,방가네소고기국밥수육,2024,4,3,0,계약·매출,계약을 끝내는 가맹점이 많습니다,"2024년에 계약이 끝난 가맹점이 17개로, 연초 점포의 23.3%입니다. 한식 업종 상위 29%에 해당합니다. 업종 중간값은 4.6%입니다.",CONTRACT_END_HIGH|SALES_LOW_RANK|SALES_DECLINE,34.47,11.99,46.458,32.5
BRD_20100500056,청주본가,2024,6,5,1,계약·성장·구조,중도 해지가 많습니다,계약 기간을 채우지 못하고 중도 해지한 가맹점이 4개(12.1%)입니다. 만기 종료와 달리 중도 해지는 점주가 손실을 감수하고 나가는 것이라 수익성 악화 신호로 봅니다.,CANCEL_HIGH|STORE_DECLINE_STREAK|NAME_CHANGE_HIGH,34.4,18.38,52.78,39.2
BRD_20181029,빅쭌부대찌개,2024,3,1,0,구조,규모가 작습니다,"가맹점이 33개로, 점포 몇 곳만 이탈해도 브랜드 지표가 크게 흔들립니다. 충격을 흡수할 여력이 얇습니다.",SMALL_SCALE,34.33,-2.0,32.33,19.9
BRD_20080400039,까투리,2024,5,4,2,성장·계약,가맹점이 줄었습니다,2024년 가맹점이 201개에서 154개로 47개(-23.4%) 줄었습니다. 같은 주점 업종의 중간값은 +0.0%입니다.,STORE_DECLINE|STORE_DECLINE_STREAK|CHURN_EXCEEDS_OPEN,34.26,20.09,54.346,40.8
BRD_20080100257,더카페,2024,5,4,1,성장·계약,4년 연속 감소,가맹점 수가 2020년 172개에서 2024년 145개까지 4년 내리 줄었습니다(누적 -15.7%). 한 해 부진이 아니라 추세로 굳어진 상태입니다.,STORE_DECLINE_STREAK|CHURN_EXCEEDS_OPEN|NAME_CHANGE_HIGH,34.19,14.18,48.365,34.7
BRD_20080100059,생생돈까스,2024,8,7,3,계약·성장·매출·구조,중도 해지가 많습니다,계약 기간을 채우지 못하고 중도 해지한 가맹점이 8개(17.4%)입니다. 만기 종료와 달리 중도 해지는 점주가 손실을 감수하고 나가는 것이라 수익성 악화 신호로 봅니다.,CANCEL_HIGH|STORE_DECLINE|STORE_DECLINE_STREAK,34.12,25.13,59.25,44.9
BRD_20110100237,커피베이,2024,8,7,3,계약·성장·매출·재무,중도 해지가 많습니다,계약 기간을 채우지 못하고 중도 해지한 가맹점이 98개(26.0%)입니다. 만기 종료와 달리 중도 해지는 점주가 손실을 감수하고 나가는 것이라 수익성 악화 신호로 봅니다.,CANCEL_HIGH|STORE_DECLINE|STORE_DECLINE_STREAK,34.05,25.13,59.18,44.7
BRD_20080600001,신떡,2024,4,3,0,성장·구조,2년 연속 감소,가맹점 수가 2022년 26개에서 2024년 21개까지 2년 내리 줄었습니다(누적 -19.2%). 한 해 부진이 아니라 추세로 굳어진 상태입니다.,STORE_DECLINE_STREAK|SMALL_SCALE|STORE_DECLINE,33.98,8.46,42.445,28.5
BRD_20171478,커피사피엔스,2024,6,5,2,계약·매출·성장,중도 해지가 많습니다,계약 기간을 채우지 못하고 중도 해지한 가맹점이 13개(16.0%)입니다. 만기 종료와 달리 중도 해지는 점주가 손실을 감수하고 나가는 것이라 수익성 악화 신호로 봅니다.,CANCEL_HIGH|SALES_DECLINE_STREAK|CHURN_EXCEEDS_OPEN,33.91,22.33,56.24,42.2
BRD_20090100597,만복집,2024,3,2,0,계약·성장,나가는 점포가 들어오는 점포보다 많습니다,2024년 신규 개점 5개에 견줘 계약종료·해지가 11개로 6개 더 많습니다. 순유출 상태입니다.,CHURN_EXCEEDS_OPEN|STORE_DECLINE,33.84,7.82,41.657,27.7
BRD_20211162,향리원 마라탕,2024,5,4,0,계약·구조·성장,계약을 끝내는 가맹점이 많습니다,"2024년에 계약이 끝난 가맹점이 7개로, 연초 점포의 20.6%입니다. 중식 업종 상위 29%에 해당합니다. 업종 중간값은 7.2%입니다.",CONTRACT_END_HIGH|SMALL_SCALE|STORE_DECLINE,33.77,10.27,44.041,30.0
BRD_20080100317,준코노래타운,2024,3,2,1,재무·구조,본부가 완전자본잠식 상태입니다,"(주)준코의 2023년 자본총계가 -118억원으로 마이너스입니다. 부채가 자산을 넘어선 상태로, 본부가 물류·판촉·신규출점 지원을 계속할 수 있을지 확인해야 합니다.",HQ_EQUITY_NEGATIVE|DIRECT_RATIO_DROP,33.7,9.65,43.349,29.4
BRD_20190910,요달의찜닭,2024,4,3,0,계약·성장,나가는 점포가 들어오는 점포보다 많습니다,2024년 신규 개점 9개에 견줘 계약종료·해지가 19개로 10개 더 많습니다. 순유출 상태입니다.,CHURN_EXCEEDS_OPEN|CONTRACT_END_HIGH|STORE_DECLINE,33.63,13.15,46.78,33.0
BRD_20100600034,BRD백록담,2024,3,2,0,계약·구조,중도 해지가 많습니다,계약 기간을 채우지 못하고 중도 해지한 가맹점이 1개(5.9%)입니다. 만기 종료와 달리 중도 해지는 점주가 손실을 감수하고 나가는 것이라 수익성 악화 신호로 봅니다.,CANCEL_HIGH|SMALL_SCALE,33.56,7.82,41.38,27.5
NAME:촌댁맥주@외식,촌댁맥주,2024,8,7,0,계약·성장·매출·구조,나가는 점포가 들어오는 점포보다 많습니다,2024년 신규 개점 0개에 견줘 계약종료·해지가 5개로 5개 더 많습니다. 순유출 상태입니다.,CHURN_EXCEEDS_OPEN|CONTRACT_END_HIGH|STORE_DECLINE,33.5,18.07,51.563,37.8
BRD_20130100376,맛찬들왕소금구이,2024,5,4,0,계약·성장,중도 해지가 많습니다,계약 기간을 채우지 못하고 중도 해지한 가맹점이 9개(9.9%)입니다. 만기 종료와 달리 중도 해지는 점주가 손실을 감수하고 나가는 것이라 수익성 악화 신호로 봅니다.,CANCEL_HIGH|CHURN_EXCEEDS_OPEN|NEW_OPEN_STALL,33.43,11.57,44.995,31.0
BRD_20150085,못난이꽈배기,2024,4,3,1,성장·매출,4년 연속 감소,가맹점 수가 2020년 141개에서 2024년 117개까지 4년 내리 줄었습니다(누적 -17.0%). 한 해 부진이 아니라 추세로 굳어진 상태입니다.,STORE_DECLINE_STREAK|SALES_DECLINE|SALES_PER_AREA_DECLINE,33.36,16.6,49.96,36.4
BRD_20201281,경성한우국밥,2024,5,4,0,계약·매출·구조,계약을 끝내는 가맹점이 많습니다,"2024년에 계약이 끝난 가맹점이 9개로, 연초 점포의 19.6%입니다. 기타 외식 업종 상위 33%에 해당합니다. 업종 중간값은 9.5%입니다.",CONTRACT_END_HIGH|SALES_DECLINE|SMALL_SCALE,33.29,10.27,43.555,29.5
BRD_20120500057,정가대박집,2024,3,2,0,계약·구조,계약을 끝내는 가맹점이 많습니다,"2024년에 계약이 끝난 가맹점이 4개로, 연초 점포의 16.0%입니다. 한식 업종 상위 36%에 해당합니다. 업종 중간값은 4.6%입니다.",CONTRACT_END_HIGH|SMALL_SCALE,33.22,7.82,41.033,27.3
BRD_20090100325,닐리,2024,3,2,0,매출·구조,가맹점 평균매출이 떨어졌습니다,점포당 연매출이 4.1억원에서 3.8억원으로 -6.3% 줄었습니다. 같은 업종 중간값은 -6.2%입니다. 매출이 줄면 점주의 대출 상환 여력이 먼저 나빠집니다.,SALES_DECLINE|SMALL_SCALE,33.15,3.98,37.125,24.0
BRD_20211246,대동집,2024,7,6,0,계약·성장·매출,나가는 점포가 들어오는 점포보다 많습니다,2024년 신규 개점 3개에 견줘 계약종료·해지가 12개로 9개 더 많습니다. 순유출 상태입니다.,CHURN_EXCEEDS_OPEN|NEW_OPEN_STALL|SALES_DECLINE,33.08,18.45,51.524,37.7
BRD_20220299,사랑해베이글,2024,6,4,0,계약·매출·구조,중도 해지가 많습니다,계약 기간을 채우지 못하고 중도 해지한 가맹점이 1개(5.0%)입니다. 만기 종료와 달리 중도 해지는 점주가 손실을 감수하고 나가는 것이라 수익성 악화 신호로 봅니다.,CANCEL_HIGH|SALES_DECLINE|SMALL_SCALE,33.01,6.59,39.6,25.7
BRD_20200136,상무초밥,2024,6,5,1,매출·성장·계약·구조,매출이 2년 연속 하락,점포당 매출이 2022년 28.5억원에서 2024년 24.5억원까지 2년 내리 줄었습니다(누적 -14.1%).,SALES_DECLINE_STREAK|NEW_OPEN_STALL|NAME_CHANGE_HIGH,32.94,19.17,52.114,38.6
BRD_20170274,길동우동,2024,5,3,0,계약·매출,중도 해지가 많습니다,계약 기간을 채우지 못하고 중도 해지한 가맹점이 5개(6.3%)입니다. 만기 종료와 달리 중도 해지는 점주가 손실을 감수하고 나가는 것이라 수익성 악화 신호로 봅니다.,CANCEL_HIGH|SALES_DECLINE|SALES_PER_AREA_DECLINE,32.87,8.46,41.335,27.4
BRD_20171226,최고당돈가스,2024,6,5,0,계약·성장·매출,나가는 점포가 들어오는 점포보다 많습니다,2024년 신규 개점 8개에 견줘 계약종료·해지가 18개로 10개 더 많습니다. 순유출 상태입니다.,CHURN_EXCEEDS_OPEN|STORE_DECLINE|STORE_DECLINE_STREAK,32.8,15.24,48.041,34.3
BRD_20080100313,베스트빈,2024,3,2,0,매출·구조,업종 안에서 매출이 낮습니다,"점포당 매출 6,717만원은 커피 업종 하위 11% 수준입니다 (업종 중간값 1.5억원).",SALES_LOW_RANK|SMALL_SCALE,32.73,7.82,40.548,26.5
BRD_20150052,빵장수단팥빵,2024,4,3,0,계약·구조·성장,계약을 끝내는 가맹점이 많습니다,"2024년에 계약이 끝난 가맹점이 6개로, 연초 점포의 13.6%입니다. 제과제빵 업종 상위 34%에 해당합니다. 업종 중간값은 1.8%입니다.",CONTRACT_END_HIGH|SMALL_SCALE|STORE_DECLINE,32.66,9.65,42.308,28.3
BRD_20150315,피자애,2024,9,8,3,계약·매출·성장·구조,중도 해지가 많습니다,계약 기간을 채우지 못하고 중도 해지한 가맹점이 7개(20.6%)입니다. 만기 종료와 달리 중도 해지는 점주가 손실을 감수하고 나가는 것이라 수익성 악화 신호로 봅니다.,CANCEL_HIGH|SALES_DECLINE_STREAK|STORE_DECLINE_STREAK,32.59,27.15,59.748,45.5
BRD_20171087,가츠몽,2024,6,4,2,계약·성장·구조,중도 해지가 많습니다,계약 기간을 채우지 못하고 중도 해지한 가맹점이 4개(16.7%)입니다. 만기 종료와 달리 중도 해지는 점주가 손실을 감수하고 나가는 것이라 수익성 악화 신호로 봅니다.,CANCEL_HIGH|STORE_DECLINE|CHURN_EXCEEDS_OPEN,32.52,19.98,52.501,38.8
BRD_20214358,부엉이산장,2024,7,5,0,계약·매출·구조,계약을 끝내는 가맹점이 많습니다,"2024년에 계약이 끝난 가맹점이 3개로, 연초 점포의 13.6%입니다. 한식 업종 상위 39%에 해당합니다. 업종 중간값은 4.6%입니다.",CONTRACT_END_HIGH|SALES_DECLINE|SALES_PER_AREA_DECLINE,32.45,10.88,43.336,29.3
BRD_20201287,카츠백,2024,4,2,0,성장·구조,신규 출점이 멈췄습니다,신규 개점이 전년 17개에서 1개로 줄었습니다(기존 점포 대비 2.0%). 새로 들어오려는 점주가 끊기면 기존 점포의 이탈을 메울 방법이 없습니다.,NEW_OPEN_STALL|YOUNG_BRAND,32.39,3.98,36.362,23.2
BRD_20201680,벤티프레소,2024,6,5,2,계약·매출·구조,중도 해지가 많습니다,계약 기간을 채우지 못하고 중도 해지한 가맹점이 9개(18.0%)입니다. 만기 종료와 달리 중도 해지는 점주가 손실을 감수하고 나가는 것이라 수익성 악화 신호로 봅니다.,CANCEL_HIGH|SALES_DECLINE_STREAK|NAME_CHANGE_HIGH,32.32,21.68,53.998,40.4
BRD_20200732,CAFE CANBUS(카페캔버스),2024,7,6,1,매출·계약·구조,매출이 3년 연속 하락,"점포당 매출이 2021년 1.2억원에서 2024년 8,366만원까지 3년 내리 줄었습니다(누적 -28.1%).",SALES_DECLINE_STREAK|CANCEL_HIGH|SALES_LOW_RANK,32.25,19.64,51.885,38.3
BRD_20080100650,올떡,2024,8,7,0,계약·성장·구조·매출,중도 해지가 많습니다,계약 기간을 채우지 못하고 중도 해지한 가맹점이 6개(8.1%)입니다. 만기 종료와 달리 중도 해지는 점주가 손실을 감수하고 나가는 것이라 수익성 악화 신호로 봅니다.,CANCEL_HIGH|CHURN_EXCEEDS_OPEN|NEW_OPEN_STALL,32.18,22.97,55.15,41.7
BRD_20120100629,봉이치킨,2024,5,3,1,매출,가맹점 평균매출이 떨어졌습니다,"점포당 연매출이 4,615만원에서 3,670만원으로 -20.5% 줄었습니다. 같은 업종 중간값은 -1.3%입니다. 매출이 줄면 점주의 대출 상환 여력이 먼저 나빠집니다.",SALES_DECLINE|SALES_LOW_RANK|SALES_PER_AREA_DECLINE,32.11,10.36,42.465,28.6
BRD_20120100089,바빈스,2024,9,8,1,매출·계약·성장·구조,매출이 2년 연속 하락,점포당 매출이 2022년 1.5억원에서 2024년 1.2억원까지 2년 내리 줄었습니다(누적 -20.2%).,SALES_DECLINE_STREAK|CANCEL_HIGH|CHURN_EXCEEDS_OPEN,32.04,24.01,56.054,42.1
BRD_20150722,종로맥가,2024,6,5,1,성장·계약·매출·구조,5년 연속 감소,가맹점 수가 2019년 73개에서 2024년 41개까지 5년 내리 줄었습니다(누적 -43.8%). 한 해 부진이 아니라 추세로 굳어진 상태입니다.,STORE_DECLINE_STREAK|NAME_CHANGE_HIGH|SALES_DECLINE,31.97,16.6,48.573,35.0
BRD_20080400017,조선CH.S치킨,2024,5,3,0,계약·성장·구조,계약을 끝내는 가맹점이 많습니다,"2024년에 계약이 끝난 가맹점이 3개로, 연초 점포의 13.0%입니다. 치킨 업종 상위 37%에 해당합니다. 업종 중간값은 6.7%입니다.",CONTRACT_END_HIGH|STORE_DECLINE|SMALL_SCALE,31.9,9.65,41.546,27.7
BRD_20200845,황해수육,2024,5,3,1,매출·구조,가맹점 평균매출이 떨어졌습니다,점포당 연매출이 3.1억원에서 2.2억원으로 -27.3% 줄었습니다. 같은 업종 중간값은 -3.5%입니다. 매출이 줄면 점주의 대출 상환 여력이 먼저 나빠집니다.,SALES_DECLINE|SALES_PER_AREA_DECLINE|YOUNG_BRAND,31.83,10.27,42.099,28.1
BRD_20212817,참토스트,2024,6,3,0,계약·구조,점주 교체가 잦습니다,"명의변경이 5건(17.2%)입니다. 점포는 유지되지만 운영자가 바뀌는 것으로, 폐점 직전 단계에서 자주 나타납니다.",NAME_CHANGE_HIGH|SMALL_SCALE|YOUNG_BRAND,31.76,-3.29,28.475,17.0
BRD_20090100259,육쌈냉면,2024,6,5,1,매출·계약·성장,매출이 2년 연속 하락,점포당 매출이 2022년 4.9억원에서 2024년 4.4억원까지 2년 내리 줄었습니다(누적 -10.2%).,SALES_DECLINE_STREAK|CHURN_EXCEEDS_OPEN|CONTRACT_END_HIGH,31.69,22.06,53.749,40.2
BRD_20160553,헬로베트남 쌀국수,2024,4,3,0,매출·성장·구조,업종 안에서 매출이 낮습니다,점포당 매출 1.0억원은 기타 외국식 업종 하위 10% 수준입니다 (업종 중간값 3.4억원).,SALES_LOW_RANK|STORE_DECLINE|SMALL_SCALE,31.62,13.07,44.688,30.6
BRD_20141157,아이벗 치킨,2024,7,6,2,매출·성장·계약·구조,매출이 2년 연속 하락,점포당 매출이 2022년 1.7억원에서 2024년 1.4억원까지 2년 내리 줄었습니다(누적 -16.7%).,SALES_DECLINE_STREAK|STORE_DECLINE_STREAK|NAME_CHANGE_HIGH,31.55,22.59,54.145,40.5
BRD_20120300066,화르화르,2024,2,1,0,구조,규모가 작습니다,"가맹점이 27개로, 점포 몇 곳만 이탈해도 브랜드 지표가 크게 흔들립니다. 충격을 흡수할 여력이 얇습니다.",SMALL_SCALE,31.48,2.0,33.481,20.8
BRD_20080100328,죽이야기,2024,7,5,0,계약·매출·성장,나가는 점포가 들어오는 점포보다 많습니다,2024년 신규 개점 15개에 견줘 계약종료·해지가 43개로 28개 더 많습니다. 순유출 상태입니다.,CHURN_EXCEEDS_OPEN|CONTRACT_END_HIGH|SALES_LOW_RANK,31.41,16.25,47.668,34.0
BRD_20080100259,돈치킨,2024,8,8,2,재무·성장·계약·매출,본부가 영업적자입니다,다인에프씨(주)의 2023년 영업손익이 -1억원입니다. 영업이익률 -2.5%. 2년 연속입니다. 본업에서 돈을 벌지 못하는 상태라 가맹점 지원 여력이 줄어듭니다.,HQ_OPERATING_LOSS|STORE_DECLINE_STREAK|CHURN_EXCEEDS_OPEN,31.35,25.85,57.197,43.2
BRD_20080100676,원당감자탕,2024,8,6,2,계약·성장·구조,중도 해지가 많습니다,계약 기간을 채우지 못하고 중도 해지한 가맹점이 3개(13.0%)입니다. 만기 종료와 달리 중도 해지는 점주가 손실을 감수하고 나가는 것이라 수익성 악화 신호로 봅니다.,CANCEL_HIGH|STORE_DECLINE_STREAK|CHURN_EXCEEDS_OPEN,31.28,21.44,52.716,39.0
BRD_20220226,PLUS 82(플러스 82),2024,5,3,0,매출·계약·구조,가맹점 평균매출이 떨어졌습니다,점포당 연매출이 4.8억원에서 4.2억원으로 -11.0% 줄었습니다. 같은 업종 중간값은 -2.6%입니다. 매출이 줄면 점주의 대출 상환 여력이 먼저 나빠집니다.,SALES_DECLINE|NAME_CHANGE_HIGH|YOUNG_BRAND,31.21,5.92,37.128,24.1
BRD_20170565,우거지품은순대국,2024,7,6,2,매출·성장·계약·구조,매출이 2년 연속 하락,점포당 매출이 2022년 2.4억원에서 2024년 2.0억원까지 2년 내리 줄었습니다(누적 -19.3%).,SALES_DECLINE_STREAK|STORE_DECLINE_STREAK|STORE_DECLINE,31.14,23.18,54.314,40.8
BRD_20100100323,아띠몽,2024,4,3,0,계약·매출·구조,계약을 끝내는 가맹점이 많습니다,"2024년에 계약이 끝난 가맹점이 8개로, 연초 점포의 22.9%입니다. 패스트푸드 업종 상위 32%에 해당합니다. 업종 중간값은 11.8%입니다.",CONTRACT_END_HIGH|SALES_DECLINE|SMALL_SCALE,31.07,9.65,40.713,26.6
BRD_20080500029,굴세상,2024,6,5,1,성장·계약·구조,8년 연속 감소,가맹점 수가 2016년 92개에서 2024년 49개까지 8년 내리 줄었습니다(누적 -46.7%). 한 해 부진이 아니라 추세로 굳어진 상태입니다.,STORE_DECLINE_STREAK|CANCEL_HIGH|CHURN_EXCEEDS_OPEN,31.0,19.23,50.231,36.8
BRD_20080400023,임실치즈피자,2024,7,6,1,매출·성장·구조,가맹점 평균매출이 떨어졌습니다,"점포당 연매출이 1.1억원에서 8,896만원으로 -20.8% 줄었습니다. 같은 업종 중간값은 -1.0%입니다. 매출이 줄면 점주의 대출 상환 여력이 먼저 나빠집니다.",SALES_DECLINE|SALES_LOW_RANK|STORE_DECLINE,30.93,20.41,51.344,37.7
BRD_20100500044,화화돼지왕갈비,2024,6,5,1,매출·계약·성장,매출이 2년 연속 하락,점포당 매출이 2022년 5.6억원에서 2024년 5.0억원까지 2년 내리 줄었습니다(누적 -10.3%).,SALES_DECLINE_STREAK|CHURN_EXCEEDS_OPEN|CONTRACT_END_HIGH,30.86,19.23,50.092,36.5
BRD_20080200283,1인자감자탕,2024,5,3,0,구조·계약,특정 지역에 몰려 있습니다,점포의 75.8%가 한 시·도에 몰려 있고 진출 지역은 5곳뿐입니다. 그 지역 상권이 흔들리면 브랜드 전체가 동시에 흔들립니다.,REGION_CONCENTRATION|NAME_CHANGE_HIGH|SMALL_SCALE,30.79,4.66,35.452,22.5
BRD_20130184,쿠우쿠우,2024,3,0,0,,특이 소견 없음,공시 지표에서 눈에 띄는 악화 신호가 확인되지 않았습니다.,,30.72,-7.82,22.906,13.2
BRD_20130123,쌀통닭,2024,2,1,1,계약,중도 해지가 많습니다,계약 기간을 채우지 못하고 중도 해지한 가맹점이 11개(14.9%)입니다. 만기 종료와 달리 중도 해지는 점주가 손실을 감수하고 나가는 것이라 수익성 악화 신호로 봅니다.,CANCEL_HIGH,30.65,11.4,42.05,27.9
BRD_20190916,세광양대창,2024,5,4,0,계약·성장,나가는 점포가 들어오는 점포보다 많습니다,2024년 신규 개점 2개에 견줘 계약종료·해지가 11개로 9개 더 많습니다. 순유출 상태입니다.,CHURN_EXCEEDS_OPEN|CONTRACT_END_HIGH|STORE_DECLINE,30.58,14.79,45.372,31.2
BRD_20200365,맛있는 고기에 솜씨를 더하다,2024,4,3,0,매출·구조,가맹점 평균매출이 떨어졌습니다,점포당 연매출이 6.8억원에서 6.2억원으로 -8.3% 줄었습니다. 같은 업종 중간값은 -3.5%입니다. 매출이 줄면 점주의 대출 상환 여력이 먼저 나빠집니다.,SALES_DECLINE|SALES_PER_AREA_DECLINE|YOUNG_BRAND,30.51,4.66,35.175,22.2
BRD_20213411,백억커피,2024,6,4,0,계약·매출·구조,점주 교체가 잦습니다,"명의변경이 10건(11.4%)입니다. 점포는 유지되지만 운영자가 바뀌는 것으로, 폐점 직전 단계에서 자주 나타납니다.",NAME_CHANGE_HIGH|SALES_DECLINE|SALES_PER_AREA_DECLINE,30.44,2.69,33.137,20.5
BRD_20080100373,탐앤탐스커피(TOMNTOMS COFFEE),2024,6,6,4,계약·재무·성장,중도 해지가 많습니다,계약 기간을 채우지 못하고 중도 해지한 가맹점이 51개(19.8%)입니다. 만기 종료와 달리 중도 해지는 점주가 손실을 감수하고 나가는 것이라 수익성 악화 신호로 봅니다.,CANCEL_HIGH|HQ_OPERATING_LOSS|STORE_DECLINE,30.37,27.04,57.419,43.3
BRD_20171354,링코(RINKO),2024,4,3,0,구조·매출,특정 지역에 몰려 있습니다,점포의 66.7%가 한 시·도에 몰려 있고 진출 지역은 6곳뿐입니다. 그 지역 상권이 흔들리면 브랜드 전체가 동시에 흔들립니다.,REGION_CONCENTRATION|SALES_DECLINE|SMALL_SCALE,30.31,8.46,38.769,25.3
BRD_20090100366,돈통마늘보쌈,2024,7,6,3,계약·성장·구조,중도 해지가 많습니다,계약 기간을 채우지 못하고 중도 해지한 가맹점이 12개(21.1%)입니다. 만기 종료와 달리 중도 해지는 점주가 손실을 감수하고 나가는 것이라 수익성 악화 신호로 봅니다.,CANCEL_HIGH|STORE_DECLINE|STORE_DECLINE_STREAK,30.24,24.5,54.735,41.3
BRD_20190545,호맥,2024,4,3,0,매출·계약,가맹점 평균매출이 떨어졌습니다,점포당 연매출이 3.0억원에서 2.7억원으로 -12.0% 줄었습니다. 같은 업종 중간값은 -9.0%입니다. 매출이 줄면 점주의 대출 상환 여력이 먼저 나빠집니다.,SALES_DECLINE|NAME_CHANGE_HIGH|SALES_PER_AREA_DECLINE,30.17,8.46,38.63,25.2
BRD_20161030,노군꼬치,2024,4,3,1,매출·계약,가맹점 평균매출이 떨어졌습니다,점포당 연매출이 2.9억원에서 2.2억원으로 -23.9% 줄었습니다. 같은 업종 중간값은 -3.5%입니다. 매출이 줄면 점주의 대출 상환 여력이 먼저 나빠집니다.,SALES_DECLINE|NAME_CHANGE_HIGH|SALES_PER_AREA_DECLINE,30.1,13.63,43.724,29.8
BRD_20214050,김종구식맛치킨ㆍ 전기바베큐 옛날통닭,2024,7,4,0,계약·구조,중도 해지가 많습니다,계약 기간을 채우지 못하고 중도 해지한 가맹점이 8개(8.4%)입니다. 만기 종료와 달리 중도 해지는 점주가 손실을 감수하고 나가는 것이라 수익성 악화 신호로 봅니다.,CANCEL_HIGH|CONTRACT_END_HIGH|NAME_CHANGE_HIGH,30.03,2.79,32.82,20.4
BRD_20130100180,뉴욕버거,2024,7,6,1,매출·계약·성장,매출이 3년 연속 하락,점포당 매출이 2021년 2.6억원에서 2024년 1.9억원까지 3년 내리 줄었습니다(누적 -25.2%).,SALES_DECLINE_STREAK|CANCEL_HIGH|CHURN_EXCEEDS_OPEN,29.96,20.41,50.373,37.0
BRD_20140747,빅스타피자(Bigstar Pizza),2024,8,7,2,매출·성장·계약,가맹점 평균매출이 떨어졌습니다,점포당 연매출이 2.6억원에서 1.7억원으로 -34.4% 줄었습니다. 같은 업종 중간값은 -1.0%입니다. 매출이 줄면 점주의 대출 상환 여력이 먼저 나빠집니다.,SALES_DECLINE|STORE_DECLINE_STREAK|CANCEL_HIGH,29.89,24.89,54.775,41.5
BRD_20100600048,하늘보리피자,2024,6,5,1,성장·계약·매출·구조,8년 연속 감소,가맹점 수가 2016년 55개에서 2024년 14개까지 8년 내리 줄었습니다(누적 -74.5%). 한 해 부진이 아니라 추세로 굳어진 상태입니다.,STORE_DECLINE_STREAK|CONTRACT_END_HIGH|SALES_LOW_RANK,29.82,22.01,51.83,38.1
BRD_20220529,하르당,2024,6,4,0,계약·매출·구조,중도 해지가 많습니다,계약 기간을 채우지 못하고 중도 해지한 가맹점이 4개(10.5%)입니다. 만기 종료와 달리 중도 해지는 점주가 손실을 감수하고 나가는 것이라 수익성 악화 신호로 봅니다.,CANCEL_HIGH|SALES_DECLINE|SMALL_SCALE,29.75,6.59,36.341,23.2
BRD_20100100018,콩불,2024,8,7,2,계약·성장·매출·구조,중도 해지가 많습니다,계약 기간을 채우지 못하고 중도 해지한 가맹점이 3개(14.3%)입니다. 만기 종료와 달리 중도 해지는 점주가 손실을 감수하고 나가는 것이라 수익성 악화 신호로 봅니다.,CANCEL_HIGH|STORE_DECLINE_STREAK|CHURN_EXCEEDS_OPEN,29.68,23.98,53.66,40.0
BRD_20170439,후라이드 참 잘하는집,2024,3,2,0,성장·계약,신규 출점이 멈췄습니다,신규 개점이 전년 34개에서 7개로 줄었습니다(기존 점포 대비 2.5%). 새로 들어오려는 점주가 끊기면 기존 점포의 이탈을 메울 방법이 없습니다.,NEW_OPEN_STALL|NAME_CHANGE_HIGH,29.61,3.98,33.588,20.9
BRD_20100100309,앗싸곱창,2024,2,1,0,구조,규모가 작습니다,"가맹점이 22개로, 점포 몇 곳만 이탈해도 브랜드 지표가 크게 흔들립니다. 충격을 흡수할 여력이 얇습니다.",SMALL_SCALE,29.54,2.0,31.539,19.6
BRD_20200441,해쉬커피,2024,6,4,0,구조·계약,특정 지역에 몰려 있습니다,점포의 65.9%가 한 시·도에 몰려 있고 진출 지역은 6곳뿐입니다. 그 지역 상권이 흔들리면 브랜드 전체가 동시에 흔들립니다.,REGION_CONCENTRATION|NAME_CHANGE_HIGH|SMALL_SCALE,29.47,5.34,34.815,21.6
BRD_20150098,곤지암할매소머리국밥,2024,4,3,1,매출,매출이 2년 연속 하락,점포당 매출이 2022년 2.1억원에서 2024년 1.5억원까지 2년 내리 줄었습니다(누적 -29.0%).,SALES_DECLINE_STREAK|SALES_LOW_RANK|SALES_PER_AREA_DECLINE,29.4,13.71,43.109,29.1
BRD_20200152,서오릉피자,2024,4,3,0,성장·계약·매출,신규 출점이 멈췄습니다,신규 개점이 전년 5개에서 2개로 줄었습니다(기존 점포 대비 3.2%). 새로 들어오려는 점주가 끊기면 기존 점포의 이탈을 메울 방법이 없습니다.,NEW_OPEN_STALL|NAME_CHANGE_HIGH|SALES_DECLINE,29.33,9.65,38.98,25.5
BRD_20140647,두거리우신탕,2024,2,1,0,구조,규모가 작습니다,"가맹점이 30개로, 점포 몇 곳만 이탈해도 브랜드 지표가 크게 흔들립니다. 충격을 흡수할 여력이 얇습니다.",SMALL_SCALE,29.26,2.0,31.262,19.1
BRD_20190139,더꼬치다,2024,5,4,2,계약·매출,중도 해지가 많습니다,계약 기간을 채우지 못하고 중도 해지한 가맹점이 21개(22.6%)입니다. 만기 종료와 달리 중도 해지는 점주가 손실을 감수하고 나가는 것이라 수익성 악화 신호로 봅니다.,CANCEL_HIGH|SALES_DECLINE_STREAK|SALES_LOW_RANK,29.2,21.39,50.587,37.0
BRD_20220073,헬키푸키,2024,6,4,1,매출·구조,가맹점 평균매출이 떨어졌습니다,점포당 연매출이 4.7억원에서 3.6억원으로 -22.6% 줄었습니다. 같은 업종 중간값은 -3.5%입니다. 매출이 줄면 점주의 대출 상환 여력이 먼저 나빠집니다.,SALES_DECLINE|SALES_PER_AREA_DECLINE|SMALL_SCALE,29.13,10.88,40.007,26.1
BRD_20180812,돈까스짱,2024,6,5,1,매출·계약·성장,매출이 4년 연속 하락,점포당 매출이 2020년 3.0억원에서 2024년 1.5억원까지 4년 내리 줄었습니다(누적 -48.8%).,SALES_DECLINE_STREAK|CANCEL_HIGH|NAME_CHANGE_HIGH,29.06,18.38,47.44,33.8
BRD_20171499,양계장집아들,2024,4,3,0,계약·구조,계약을 끝내는 가맹점이 많습니다,"2024년에 계약이 끝난 가맹점이 6개로, 연초 점포의 14.6%입니다. 치킨 업종 상위 35%에 해당합니다. 업종 중간값은 6.7%입니다.",CONTRACT_END_HIGH|REGION_CONCENTRATION|SMALL_SCALE,28.99,11.99,40.98,27.1
BRD_20200239,인쌩맥주,2024,4,4,2,재무·매출·구조,감사의견 '한정',(주)위벨롭먼트의 2023년 감사의견이 '한정'입니다. 적정의견이 아니라는 것은 재무제표 자체를 그대로 믿기 어렵다는 뜻입니다.,HQ_AUDIT_OPINION|SALES_DECLINE_STREAK|SALES_PER_AREA_DECLINE,28.92,21.34,50.26,36.8
BRD_20161139,2도맥주 (2°C BEER),2024,2,1,0,구조,규모가 작습니다,"가맹점이 39개로, 점포 몇 곳만 이탈해도 브랜드 지표가 크게 흔들립니다. 충격을 흡수할 여력이 얇습니다.",SMALL_SCALE,28.85,2.0,30.846,18.6
BRD_20110100154,드롭탑(DROPTOP),2024,9,9,5,재무·성장·계약·매출,본부가 완전자본잠식 상태입니다,"(주)다도글로벌의 2023년 자본총계가 -148억원으로 마이너스입니다. 부채가 자산을 넘어선 상태로, 본부가 물류·판촉·신규출점 지원을 계속할 수 있을지 확인해야 합니다.",HQ_EQUITY_NEGATIVE|HQ_GOING_CONCERN|HQ_OPERATING_LOSS,28.78,28.28,57.055,43.1
BRD_20210148,잭슨피자,2024,5,4,1,매출·구조,매출이 2년 연속 하락,점포당 매출이 2022년 9.4억원에서 2024년 6.1억원까지 2년 내리 줄었습니다(누적 -35.5%).,SALES_DECLINE_STREAK|SALES_PER_AREA_DECLINE|SMALL_SCALE,28.71,14.18,42.886,28.8
BRD_20200012,돈카츠마켙,2024,8,7,2,성장·계약·구조,가맹점이 줄었습니다,2024년 가맹점이 77개에서 62개로 15개(-19.5%) 줄었습니다. 같은 서양식 업종의 중간값은 +0.0%입니다.,STORE_DECLINE|STORE_DECLINE_STREAK|CHURN_EXCEEDS_OPEN,28.64,22.46,51.102,37.4
BRD_20160124,설동궁찜닭,2024,6,5,1,매출·계약·성장,가맹점 평균매출이 떨어졌습니다,점포당 연매출이 4.3억원에서 3.3억원으로 -22.7% 줄었습니다. 같은 업종 중간값은 -3.5%입니다. 매출이 줄면 점주의 대출 상환 여력이 먼저 나빠집니다.,SALES_DECLINE|CHURN_EXCEEDS_OPEN|NEW_OPEN_STALL,28.57,20.68,49.251,35.7
BRD_20140752,대구우야지막창,2024,8,7,1,성장·계약·구조·매출,4년 연속 감소,가맹점 수가 2020년 39개에서 2024년 20개까지 4년 내리 줄었습니다(누적 -48.7%). 한 해 부진이 아니라 추세로 굳어진 상태입니다.,STORE_DECLINE_STREAK|CONTRACT_END_HIGH|REGION_SHRINK,28.5,22.64,51.137,37.5
BRD_20201288,밥스토랑,2024,6,3,0,매출·계약·구조,업종 안에서 매출이 낮습니다,"점포당 매출 1,700만원은 기타 외식 업종 하위 2% 수준입니다 (업종 중간값 2.8억원).",SALES_LOW_RANK|NAME_CHANGE_HIGH|YOUNG_BRAND,28.43,2.0,30.43,18.1
BRD_20080200103,이바돔감자탕,2024,8,8,5,재무·성장·계약,감사의견 '한정',(주)이바돔의 2022년 감사의견이 '한정'입니다. 적정의견이 아니라는 것은 재무제표 자체를 그대로 믿기 어렵다는 뜻입니다.,HQ_AUDIT_OPINION|HQ_EQUITY_NEGATIVE|HQ_GOING_CONCERN,28.36,27.46,55.826,42.0
BRD_20080100717,버무리떡볶이,2024,6,5,1,성장·계약·매출,5년 연속 감소,가맹점 수가 2019년 90개에서 2024년 57개까지 5년 내리 줄었습니다(누적 -36.7%). 한 해 부진이 아니라 추세로 굳어진 상태입니다.,STORE_DECLINE_STREAK|CANCEL_HIGH|CHURN_EXCEEDS_OPEN,28.29,19.23,47.526,33.9
BRD_20170925,브라더한정식도시락,2024,6,3,0,계약,중도 해지가 많습니다,계약 기간을 채우지 못하고 중도 해지한 가맹점이 2개(5.1%)입니다. 만기 종료와 달리 중도 해지는 점주가 손실을 감수하고 나가는 것이라 수익성 악화 신호로 봅니다.,CANCEL_HIGH|CONTRACT_END_HIGH|NAME_CHANGE_HIGH,28.22,0.8,29.024,17.2
BRD_20140694,정정아식당,2024,4,3,0,계약·구조,중도 해지가 많습니다,계약 기간을 채우지 못하고 중도 해지한 가맹점이 2개(8.0%)입니다. 만기 종료와 달리 중도 해지는 점주가 손실을 감수하고 나가는 것이라 수익성 악화 신호로 봅니다.,CANCEL_HIGH|NAME_CHANGE_HIGH|SMALL_SCALE,28.16,8.46,36.619,23.4
BRD_20190976,꼬꼬아찌,2024,7,6,2,성장·계약·구조,가맹점이 줄었습니다,2024년 가맹점이 30개에서 25개로 5개(-16.7%) 줄었습니다. 같은 치킨 업종의 중간값은 +0.0%입니다.,STORE_DECLINE|STORE_DECLINE_STREAK|CHURN_EXCEEDS_OPEN,28.09,21.49,49.575,35.9
BRD_20200448,왕손피자,2024,5,3,0,계약·구조,계약을 끝내는 가맹점이 많습니다,"2024년에 계약이 끝난 가맹점이 8개로, 연초 점포의 22.9%입니다. 피자 업종 상위 25%에 해당합니다. 업종 중간값은 6.9%입니다.",CONTRACT_END_HIGH|NAME_CHANGE_HIGH|SMALL_SCALE,28.02,4.66,32.679,20.2
BRD_20100100210,오니기리와이규동,2024,3,1,0,구조,규모가 작습니다,"가맹점이 35개로, 점포 몇 곳만 이탈해도 브랜드 지표가 크게 흔들립니다. 충격을 흡수할 여력이 얇습니다.",SMALL_SCALE,27.95,-2.0,25.95,15.4
BRD_20201243,피자는 치즈빨,2024,6,5,1,매출·계약·구조,매출이 2년 연속 하락,점포당 매출이 2022년 2.1억원에서 2024년 1.7억원까지 2년 내리 줄었습니다(누적 -17.8%).,SALES_DECLINE_STREAK|CANCEL_HIGH|CONTRACT_END_HIGH,27.88,19.23,47.11,33.5
BRD_20190543,파스타도 식사다,2024,6,4,1,매출·구조,매출이 2년 연속 하락,"점포당 매출이 2022년 1.3억원에서 2024년 5,610만원까지 2년 내리 줄었습니다(누적 -58.4%).",SALES_DECLINE_STREAK|SALES_LOW_RANK|SALES_PER_AREA_DECLINE,27.81,12.08,39.885,25.9
BRD_20130347,달인의찜닭,2024,4,3,0,계약·구조,계약을 끝내는 가맹점이 많습니다,"2024년에 계약이 끝난 가맹점이 7개로, 연초 점포의 15.2%입니다. 기타 외식 업종 상위 41%에 해당합니다. 업종 중간값은 9.5%입니다.",CONTRACT_END_HIGH|REGION_SHRINK|SMALL_SCALE,27.74,11.99,39.731,25.8
BRD_20212760,브런치빈,2024,5,4,1,매출·계약·구조,매출이 2년 연속 하락,점포당 매출이 2022년 11.6억원에서 2024년 7.6억원까지 2년 내리 줄었습니다(누적 -34.3%).,SALES_DECLINE_STREAK|CANCEL_HIGH|SALES_PER_AREA_DECLINE,27.67,17.94,45.609,31.6
BRD_20080100445,목우촌웰빙마을,2024,6,5,2,성장·계약·구조,가맹점이 줄었습니다,2024년 가맹점이 35개에서 29개로 6개(-17.1%) 줄었습니다. 같은 기타 외식 업종의 중간값은 +0.0%입니다.,STORE_DECLINE|STORE_DECLINE_STREAK|CHURN_EXCEEDS_OPEN,27.6,21.14,48.743,35.2
BRD_20170446,스파게티스토리,2024,9,8,3,계약·매출·성장·구조,중도 해지가 많습니다,계약 기간을 채우지 못하고 중도 해지한 가맹점이 5개(12.5%)입니다. 만기 종료와 달리 중도 해지는 점주가 손실을 감수하고 나가는 것이라 수익성 악화 신호로 봅니다.,CANCEL_HIGH|SALES_DECLINE_STREAK|STORE_DECLINE_STREAK,27.53,27.59,55.12,41.6
BRD_20201685,푸줏간 고기도시락,2024,6,3,0,계약·구조,계약을 끝내는 가맹점이 많습니다,"2024년에 계약이 끝난 가맹점이 16개로, 연초 점포의 16.5%입니다. 한식 업종 상위 36%에 해당합니다. 업종 중간값은 4.6%입니다.",CONTRACT_END_HIGH|NAME_CHANGE_HIGH|YOUNG_BRAND,27.46,0.7,28.162,16.8
BRD_20190930,사이공본가,2024,6,5,1,매출·계약·구조,가맹점 평균매출이 떨어졌습니다,점포당 연매출이 3.2억원에서 2.3억원으로 -28.7% 줄었습니다. 같은 업종 중간값은 -3.1%입니다. 매출이 줄면 점주의 대출 상환 여력이 먼저 나빠집니다.,SALES_DECLINE|CONTRACT_END_HIGH|NAME_CHANGE_HIGH,27.39,18.38,45.775,31.7
BRD_20160621,홍대개미,2024,6,5,1,성장·계약·구조,가맹점이 줄었습니다,2024년 가맹점이 36개에서 30개로 6개(-16.7%) 줄었습니다. 같은 기타 외식 업종의 중간값은 +0.0%입니다.,STORE_DECLINE|CANCEL_HIGH|CHURN_EXCEEDS_OPEN,27.32,17.62,44.938,30.9
BRD_20171221,꽉찬쌀통닭,2024,6,5,1,매출·구조,가맹점 평균매출이 떨어졌습니다,"점포당 연매출이 1.3억원에서 1,293만원으로 -90.4% 줄었습니다. 같은 업종 중간값은 -1.3%입니다. 매출이 줄면 점주의 대출 상환 여력이 먼저 나빠집니다.",SALES_DECLINE|SALES_LOW_RANK|SALES_PER_AREA_DECLINE,27.25,15.75,43.006,29.1
BRD_20090100165,홍짜장,2024,7,6,2,계약·성장·매출,중도 해지가 많습니다,계약 기간을 채우지 못하고 중도 해지한 가맹점이 11개(15.9%)입니다. 만기 종료와 달리 중도 해지는 점주가 손실을 감수하고 나가는 것이라 수익성 악화 신호로 봅니다.,CANCEL_HIGH|STORE_DECLINE|CHURN_EXCEEDS_OPEN,27.18,24.66,51.848,38.2
BRD_20211947,오한수우육면가,2024,8,7,1,계약·성장·구조,중도 해지가 많습니다,계약 기간을 채우지 못하고 중도 해지한 가맹점이 9개(15.8%)입니다. 만기 종료와 달리 중도 해지는 점주가 손실을 감수하고 나가는 것이라 수익성 악화 신호로 봅니다.,CANCEL_HIGH|CHURN_EXCEEDS_OPEN|NEW_OPEN_STALL,27.12,22.68,49.793,36.1
BRD_20170517,쑝쑝돈까스,2024,6,5,1,매출·계약·성장,매출이 2년 연속 하락,점포당 매출이 2022년 3.5억원에서 2024년 2.9억원까지 2년 내리 줄었습니다(누적 -17.2%).,SALES_DECLINE_STREAK|CHURN_EXCEEDS_OPEN|CONTRACT_END_HIGH,27.05,19.23,46.278,32.4
BRD_20080200060,용추골순대미궁,2024,6,5,1,매출·성장·구조,매출이 2년 연속 하락,"점포당 매출이 2022년 7,596만원에서 2024년 5,438만원까지 2년 내리 줄었습니다(누적 -28.4%).",SALES_DECLINE_STREAK|SALES_LOW_RANK|STORE_DECLINE_STREAK,26.98,19.23,46.209,32.3
BRD_20190591,오슬로우(OHSLOW),2024,6,5,0,계약·매출·구조,중도 해지가 많습니다,계약 기간을 채우지 못하고 중도 해지한 가맹점이 3개(9.7%)입니다. 만기 종료와 달리 중도 해지는 점주가 손실을 감수하고 나가는 것이라 수익성 악화 신호로 봅니다.,CANCEL_HIGH|NAME_CHANGE_HIGH|SALES_DECLINE,26.91,10.88,37.788,24.5
BRD_20180720,철뚝집,2024,4,2,1,매출·구조,가맹점 평균매출이 떨어졌습니다,점포당 연매출이 4.5억원에서 3.4억원으로 -24.2% 줄었습니다. 같은 업종 중간값은 -3.5%입니다. 매출이 줄면 점주의 대출 상환 여력이 먼저 나빠집니다.,SALES_DECLINE|SMALL_SCALE,26.84,9.65,36.483,23.3
BRD_20150982,노량진의 전설 미스사이공(miss420),2024,7,6,1,성장·계약·매출,6년 연속 감소,가맹점 수가 2018년 274개에서 2024년 88개까지 6년 내리 줄었습니다(누적 -67.9%). 한 해 부진이 아니라 추세로 굳어진 상태입니다.,STORE_DECLINE_STREAK|CHURN_EXCEEDS_OPEN|CONTRACT_END_HIGH,26.77,22.37,49.141,35.5
BRD_20160683,토고리 옛날막창,2024,6,5,0,계약·성장·매출·구조,중도 해지가 많습니다,계약 기간을 채우지 못하고 중도 해지한 가맹점이 3개(11.5%)입니다. 만기 종료와 달리 중도 해지는 점주가 손실을 감수하고 나가는 것이라 수익성 악화 신호로 봅니다.,CANCEL_HIGH|CHURN_EXCEEDS_OPEN|STORE_DECLINE,26.7,16.18,42.882,28.8
BRD_20110100278,교동전선생,2024,8,7,2,매출·성장·계약·구조,가맹점 평균매출이 떨어졌습니다,점포당 연매출이 3.8억원에서 2.0억원으로 -48.2% 줄었습니다. 같은 업종 중간값은 -3.5%입니다. 매출이 줄면 점주의 대출 상환 여력이 먼저 나빠집니다.,SALES_DECLINE|STORE_DECLINE_STREAK|CHURN_EXCEEDS_OPEN,26.63,25.28,51.907,38.4
BRD_20120100090,홍대돈부리,2024,5,4,1,성장·계약·구조,5년 연속 감소,가맹점 수가 2019년 32개에서 2024년 14개까지 5년 내리 줄었습니다(누적 -56.2%). 한 해 부진이 아니라 추세로 굳어진 상태입니다.,STORE_DECLINE_STREAK|CONTRACT_END_HIGH|SMALL_SCALE,26.56,17.94,44.5,30.4
BRD_20180711,비스트로피자,2024,6,5,3,계약·매출·성장,계약을 끝내는 가맹점이 많습니다,"2024년에 계약이 끝난 가맹점이 22개로, 연초 점포의 25.3%입니다. 패스트푸드 업종 상위 23%에 해당합니다. 업종 중간값은 11.8%입니다.",CONTRACT_END_HIGH|SALES_DECLINE_STREAK|STORE_DECLINE,26.49,26.15,52.641,39.0
BRD_20190567,금화왕돈까스,2024,5,3,0,계약·매출,계약을 끝내는 가맹점이 많습니다,"2024년에 계약이 끝난 가맹점이 6개로, 연초 점포의 12.0%입니다. 한식 업종 상위 41%에 해당합니다. 업종 중간값은 4.6%입니다.",CONTRACT_END_HIGH|SALES_DECLINE|SALES_PER_AREA_DECLINE,26.42,8.46,34.886,21.7
BRD_20210387,싸다아구찜&탕,2024,6,3,1,계약·구조,중도 해지가 많습니다,계약 기간을 채우지 못하고 중도 해지한 가맹점이 6개(17.6%)입니다. 만기 종료와 달리 중도 해지는 점주가 손실을 감수하고 나가는 것이라 수익성 악화 신호로 봅니다.,CANCEL_HIGH|NAME_CHANGE_HIGH|YOUNG_BRAND,26.35,6.59,32.943,20.5
BRD_20220301,마케집,2024,7,6,2,계약·매출·구조·성장,중도 해지가 많습니다,계약 기간을 채우지 못하고 중도 해지한 가맹점이 7개(23.3%)입니다. 만기 종료와 달리 중도 해지는 점주가 손실을 감수하고 나가는 것이라 수익성 악화 신호로 봅니다.,CANCEL_HIGH|SALES_DECLINE_STREAK|SALES_PER_AREA_DECLINE,26.28,22.59,48.875,35.2
BRD_20130482,한가네숯불닭갈비,2024,7,6,1,계약·구조·성장·매출,중도 해지가 많습니다,계약 기간을 채우지 못하고 중도 해지한 가맹점이 10개(24.4%)입니다. 만기 종료와 달리 중도 해지는 점주가 손실을 감수하고 나가는 것이라 수익성 악화 신호로 봅니다.,CANCEL_HIGH|CHURN_EXCEEDS_OPEN|REGION_CONCENTRATION,26.21,22.33,48.542,34.8
BRD_20171186,DK동키치킨,2024,7,6,0,계약·성장·매출,나가는 점포가 들어오는 점포보다 많습니다,2024년 신규 개점 4개에 견줘 계약종료·해지가 11개로 7개 더 많습니다. 순유출 상태입니다.,CHURN_EXCEEDS_OPEN|NEW_OPEN_STALL|SALES_DECLINE,26.14,19.29,45.435,31.3
BRD_20191303,영커피,2024,3,1,0,계약,점주 교체가 잦습니다,"명의변경이 7건(14.9%)입니다. 점포는 유지되지만 운영자가 바뀌는 것으로, 폐점 직전 단계에서 자주 나타납니다.",NAME_CHANGE_HIGH,26.07,-2.0,24.078,14.3
BRD_20171164,종로계림닭도리탕원조,2024,7,6,1,매출·계약·구조·성장,매출이 2년 연속 하락,점포당 매출이 2022년 3.5억원에서 2024년 2.9억원까지 2년 내리 줄었습니다(누적 -17.7%).,SALES_DECLINE_STREAK|CONTRACT_END_HIGH|REGION_CONCENTRATION,26.01,21.68,47.687,34.1
BRD_20210041,아덴블랑제리,2024,8,6,1,매출·계약·구조,매출이 2년 연속 하락,점포당 매출이 2022년 2.3억원에서 2024년 1.7억원까지 2년 내리 줄었습니다(누적 -28.0%).,SALES_DECLINE_STREAK|CONTRACT_END_HIGH|NAME_CHANGE_HIGH,25.94,16.18,42.119,28.2
BRD_20080100128,디델리,2024,5,3,0,계약·성장·구조,중도 해지가 많습니다,계약 기간을 채우지 못하고 중도 해지한 가맹점이 2개(10.0%)입니다. 만기 종료와 달리 중도 해지는 점주가 손실을 감수하고 나가는 것이라 수익성 악화 신호로 봅니다.,CANCEL_HIGH|STORE_DECLINE|SMALL_SCALE,25.87,9.65,35.512,22.5
BRD_20214614,마녀김밥,2024,5,4,0,계약·구조,중도 해지가 많습니다,계약 기간을 채우지 못하고 중도 해지한 가맹점이 3개(6.8%)입니다. 만기 종료와 달리 중도 해지는 점주가 손실을 감수하고 나가는 것이라 수익성 악화 신호로 봅니다.,CANCEL_HIGH|NAME_CHANGE_HIGH|SMALL_SCALE,25.8,9.1,34.901,21.8
BRD_20171222,보승회관,2024,6,4,1,성장·구조,가맹점이 줄었습니다,2024년 가맹점이 43개에서 34개로 9개(-20.9%) 줄었습니다. 같은 한식 업종의 중간값은 +0.0%입니다.,STORE_DECLINE|NEW_OPEN_STALL|REGION_CONCENTRATION,25.73,15.24,40.967,27.0
BRD_20150724,오부장치킨,2024,4,3,1,성장·구조,4년 연속 감소,가맹점 수가 2020년 37개에서 2024년 29개까지 4년 내리 줄었습니다(누적 -21.6%). 한 해 부진이 아니라 추세로 굳어진 상태입니다.,STORE_DECLINE_STREAK|SMALL_SCALE|STORE_DECLINE,25.66,13.63,39.285,25.5
BRD_20231205,탐나는피자,2024,4,2,0,구조,규모가 작습니다,"가맹점이 47개로, 점포 몇 곳만 이탈해도 브랜드 지표가 크게 흔들립니다. 충격을 흡수할 여력이 얇습니다.",SMALL_SCALE|YOUNG_BRAND,25.59,-1.3,24.29,14.6
BRD_20150700,청년다방,2024,7,6,1,매출·계약·성장,매출이 2년 연속 하락,점포당 매출이 2022년 4.9억원에서 2024년 4.3억원까지 2년 내리 줄었습니다(누적 -12.2%).,SALES_DECLINE_STREAK|CHURN_EXCEEDS_OPEN|NEW_OPEN_STALL,25.52,20.41,45.934,32.0
BRD_20080200050,참이맛감자탕,2024,3,1,0,계약,중도 해지가 많습니다,계약 기간을 채우지 못하고 중도 해지한 가맹점이 6개(8.3%)입니다. 만기 종료와 달리 중도 해지는 점주가 손실을 감수하고 나가는 것이라 수익성 악화 신호로 봅니다.,CANCEL_HIGH,25.45,2.0,27.448,16.3
BRD_20215034,칠봉통닭,2024,8,8,2,재무·성장·매출·구조,감사의견 '한정',(주)신라외식개발의 2023년 감사의견이 '한정'입니다. 적정의견이 아니라는 것은 재무제표 자체를 그대로 믿기 어렵다는 뜻입니다.,HQ_AUDIT_OPINION|HQ_CAPITAL_IMPAIRED|HQ_OPERATING_LOSS,25.38,24.73,50.11,36.6
BRD_20191174,153구포국수,2024,3,0,0,,특이 소견 없음,공시 지표에서 눈에 띄는 악화 신호가 확인되지 않았습니다.,,25.31,-7.82,17.496,9.1
BRD_20171141,전통맛집 할매순대국,2024,7,5,0,계약·구조·매출,중도 해지가 많습니다,계약 기간을 채우지 못하고 중도 해지한 가맹점이 3개(11.1%)입니다. 만기 종료와 달리 중도 해지는 점주가 손실을 감수하고 나가는 것이라 수익성 악화 신호로 봅니다.,CANCEL_HIGH|REGION_CONCENTRATION|SALES_DECLINE,25.24,10.88,36.124,22.9
BRD_20220015,토리아에즈,2024,5,3,1,매출·구조,매출이 2년 연속 하락,점포당 매출이 2022년 4.5억원에서 2024년 2.8억원까지 2년 내리 줄었습니다(누적 -38.1%).,SALES_DECLINE_STREAK|SALES_PER_AREA_DECLINE|SMALL_SCALE,25.17,10.27,35.442,22.4
BRD_20080500036,가르텐호프앤레스트,2024,8,7,1,성장·계약·매출·구조,8년 연속 감소,가맹점 수가 2016년 134개에서 2024년 28개까지 8년 내리 줄었습니다(누적 -79.1%). 한 해 부진이 아니라 추세로 굳어진 상태입니다.,STORE_DECLINE_STREAK|CHURN_EXCEEDS_OPEN|CONTRACT_END_HIGH,25.1,23.22,48.321,34.6
BRD_20150119,화포식당,2024,7,6,1,계약·성장·매출·구조,중도 해지가 많습니다,계약 기간을 채우지 못하고 중도 해지한 가맹점이 7개(17.9%)입니다. 만기 종료와 달리 중도 해지는 점주가 손실을 감수하고 나가는 것이라 수익성 악화 신호로 봅니다.,CANCEL_HIGH|CHURN_EXCEEDS_OPEN|STORE_DECLINE,25.03,21.09,46.127,32.1
BRD_20211004,더마니,2024,4,1,0,구조,가맹사업 업력이 짧습니다,"2020년에 가맹사업을 시작해 업력이 4년입니다. 초기 확장기에는 점포가 빠르게 늘지만, 첫 계약 만기가 돌아오는 시점에 이탈이 몰리는 경우가 많습니다.",YOUNG_BRAND,24.97,-5.92,19.044,10.0
BRD_20180361,고돼지,2024,3,2,1,매출·계약,매출이 2년 연속 하락,점포당 매출이 2022년 4.0억원에서 2024년 2.8억원까지 2년 내리 줄었습니다(누적 -30.8%).,SALES_DECLINE_STREAK|CONTRACT_END_HIGH,24.9,16.11,41.007,27.2
BRD_20221022,까몬(CAMO’N),2024,5,3,0,계약·구조,점주 교체가 잦습니다,"명의변경이 3건(8.3%)입니다. 점포는 유지되지만 운영자가 바뀌는 것으로, 폐점 직전 단계에서 자주 나타납니다.",NAME_CHANGE_HIGH|SMALL_SCALE|YOUNG_BRAND,24.83,0.7,25.527,15.2
BRD_20212782,청기와타운,2024,7,6,1,매출·계약·구조,매출이 2년 연속 하락,점포당 매출이 2022년 27.7억원에서 2024년 18.1억원까지 2년 내리 줄었습니다(누적 -34.8%).,SALES_DECLINE_STREAK|CANCEL_HIGH|REGION_CONCENTRATION,24.76,21.04,45.799,31.8
BRD_20211891,PC토랑,2024,2,1,0,계약,나가는 점포가 들어오는 점포보다 많습니다,2024년 신규 개점 73개에 견줘 계약종료·해지가 81개로 8개 더 많습니다. 순유출 상태입니다.,CHURN_EXCEEDS_OPEN,24.69,5.92,30.609,18.4
BRD_20200798,명가통닭,2024,6,3,0,계약·구조,중도 해지가 많습니다,계약 기간을 채우지 못하고 중도 해지한 가맹점이 8개(10.8%)입니다. 만기 종료와 달리 중도 해지는 점주가 손실을 감수하고 나가는 것이라 수익성 악화 신호로 봅니다.,CANCEL_HIGH|NAME_CHANGE_HIGH|YOUNG_BRAND,24.62,0.7,25.318,15.0
BRD_20110100524,전설의치킨,2024,5,4,3,계약·매출·성장,중도 해지가 많습니다,계약 기간을 채우지 못하고 중도 해지한 가맹점이 8개(15.1%)입니다. 만기 종료와 달리 중도 해지는 점주가 손실을 감수하고 나가는 것이라 수익성 악화 신호로 봅니다.,CANCEL_HIGH|SALES_DECLINE_STREAK|STORE_DECLINE_STREAK,24.55,25.22,49.768,36.0
BRD_20190218,택이네 조개전골,2024,4,3,2,계약·매출,중도 해지가 많습니다,계약 기간을 채우지 못하고 중도 해지한 가맹점이 11개(13.6%)입니다. 만기 종료와 달리 중도 해지는 점주가 손실을 감수하고 나가는 것이라 수익성 악화 신호로 봅니다.,CANCEL_HIGH|SALES_DECLINE_STREAK|SALES_PER_AREA_DECLINE,24.48,20.31,44.786,30.8
BRD_20211017,용용선생,2024,4,3,1,매출·성장,매출이 2년 연속 하락,점포당 매출이 2022년 13.6억원에서 2024년 8.4억원까지 2년 내리 줄었습니다(누적 -38.4%).,SALES_DECLINE_STREAK|NEW_OPEN_STALL|SALES_PER_AREA_DECLINE,24.41,16.6,41.014,27.3
BRD_20140422,홍익궁중전통육개장,2024,7,5,1,성장·계약·구조,3년 연속 감소,가맹점 수가 2021년 43개에서 2024년 33개까지 3년 내리 줄었습니다(누적 -23.3%). 한 해 부진이 아니라 추세로 굳어진 상태입니다.,STORE_DECLINE_STREAK|CHURN_EXCEEDS_OPEN|CONTRACT_END_HIGH,24.34,17.62,41.956,27.8
NAME:커피마마@외식,커피마마,2024,7,5,1,성장·계약·매출,8년 연속 감소,가맹점 수가 2016년 253개에서 2024년 92개까지 8년 내리 줄었습니다(누적 -63.6%). 한 해 부진이 아니라 추세로 굳어진 상태입니다.,STORE_DECLINE_STREAK|CANCEL_HIGH|CHURN_EXCEEDS_OPEN,24.27,20.03,44.304,30.2
BRD_20221406,라바게트,2024,6,4,1,매출·구조,가맹점 평균매출이 떨어졌습니다,"점포당 연매출이 1.6억원에서 8,843만원으로 -43.2% 줄었습니다. 같은 업종 중간값은 -2.6%입니다. 매출이 줄면 점주의 대출 상환 여력이 먼저 나빠집니다.",SALES_DECLINE|SALES_LOW_RANK|SMALL_SCALE,24.2,12.08,36.278,23.0
BRD_20212439,피자먹다,2024,6,4,0,계약·매출·구조,계약을 끝내는 가맹점이 많습니다,"2024년에 계약이 끝난 가맹점이 17개로, 연초 점포의 18.5%입니다. 피자 업종 상위 28%에 해당합니다. 업종 중간값은 6.9%입니다.",CONTRACT_END_HIGH|SALES_DECLINE|NAME_CHANGE_HIGH,24.13,10.27,34.401,21.4
BRD_20230455,샤브로21,2024,6,4,1,매출·구조,가맹점 평균매출이 떨어졌습니다,점포당 연매출이 5.0억원에서 3.5억원으로 -30.8% 줄었습니다. 같은 업종 중간값은 -3.5%입니다. 매출이 줄면 점주의 대출 상환 여력이 먼저 나빠집니다.,SALES_DECLINE|SALES_PER_AREA_DECLINE|SMALL_SCALE,24.06,10.88,34.945,21.9
BRD_20160628,메가엠지씨커피(MEGA MGC COFFEE),2024,3,1,0,계약,점주 교체가 잦습니다,"명의변경이 441건(16.4%)입니다. 점포는 유지되지만 운영자가 바뀌는 것으로, 폐점 직전 단계에서 자주 나타납니다.",NAME_CHANGE_HIGH,23.99,-5.92,18.073,9.2
BRD_20150624,콩심,2024,7,6,1,성장·계약·매출,3년 연속 감소,가맹점 수가 2021년 102개에서 2024년 79개까지 3년 내리 줄었습니다(누적 -22.5%). 한 해 부진이 아니라 추세로 굳어진 상태입니다.,STORE_DECLINE_STREAK|CHURN_EXCEEDS_OPEN|CONTRACT_END_HIGH,23.93,20.41,44.339,30.3
NAME:카페베네@외식,카페베네,2024,5,4,2,성장·계약,가맹점이 줄었습니다,2024년 가맹점이 119개에서 96개로 23개(-19.3%) 줄었습니다. 같은 음료 (커피 외) 업종의 중간값은 +0.0%입니다.,STORE_DECLINE|STORE_DECLINE_STREAK|CHURN_EXCEEDS_OPEN,23.86,20.09,43.943,30.0
BRD_20080100048,놀부부대찌개,2024,7,7,4,계약·재무·성장·매출,계약을 끝내는 가맹점이 많습니다,"2024년에 계약이 끝난 가맹점이 52개로, 연초 점포의 25.6%입니다. 한식 업종 상위 25%에 해당합니다. 업종 중간값은 4.6%입니다.",CONTRACT_END_HIGH|HQ_CAPITAL_IMPAIRED|STORE_DECLINE,23.79,27.99,51.772,38.1
BRD_20100100405,포메인,2024,6,5,2,계약·성장·매출,중도 해지가 많습니다,계약 기간을 채우지 못하고 중도 해지한 가맹점이 13개(13.7%)입니다. 만기 종료와 달리 중도 해지는 점주가 손실을 감수하고 나가는 것이라 수익성 악화 신호로 봅니다.,CANCEL_HIGH|STORE_DECLINE_STREAK|CHURN_EXCEEDS_OPEN,23.72,22.93,46.648,32.8
BRD_20120100533,가장맛있는족발,2024,3,3,0,계약·재무·성장,나가는 점포가 들어오는 점포보다 많습니다,2024년 신규 개점 7개에 견줘 계약종료·해지가 18개로 11개 더 많습니다. 순유출 상태입니다.,CHURN_EXCEEDS_OPEN|HQ_REVENUE_DECLINE|STORE_DECLINE,23.65,13.07,36.713,23.6
BRD_20141003,장수본가해장국,2024,4,2,0,구조,특정 지역에 몰려 있습니다,점포의 93.3%가 한 시·도에 몰려 있고 진출 지역은 3곳뿐입니다. 그 지역 상권이 흔들리면 브랜드 전체가 동시에 흔들립니다.,REGION_CONCENTRATION|SMALL_SCALE,23.58,2.69,26.271,15.6
BRD_20190195,그놈포차,2024,6,4,1,매출·계약,매출이 2년 연속 하락,점포당 매출이 2022년 2.2억원에서 2024년 1.6억원까지 2년 내리 줄었습니다(누적 -27.0%).,SALES_DECLINE_STREAK|CONTRACT_END_HIGH|SALES_LOW_RANK,23.51,15.24,38.748,25.2
BRD_20180413,추닭집,2024,5,3,0,매출·구조,가맹점 평균매출이 떨어졌습니다,점포당 연매출이 1.7억원에서 1.6억원으로 -5.2% 줄었습니다. 같은 업종 중간값은 -1.3%입니다. 매출이 줄면 점주의 대출 상환 여력이 먼저 나빠집니다.,SALES_DECLINE|SALES_PER_AREA_DECLINE|SMALL_SCALE,23.44,0.7,24.14,14.4
BRD_20080100239,틈새라면,2024,3,2,0,매출,업종 안에서 매출이 낮습니다,"점포당 매출 9,433만원은 분식 업종 하위 17% 수준입니다 (업종 중간값 2.2억원).",SALES_LOW_RANK|SALES_DECLINE,23.37,6.59,29.961,17.5
BRD_20230769,맘스피자(MOM'S PIZZA),2024,6,3,0,계약·구조,계약을 끝내는 가맹점이 많습니다,"2024년에 계약이 끝난 가맹점이 7개로, 연초 점포의 17.9%입니다. 패스트푸드 업종 상위 43%에 해당합니다. 업종 중간값은 11.8%입니다.",CONTRACT_END_HIGH|DIRECT_RATIO_DROP|YOUNG_BRAND,23.3,-3.29,20.014,10.9
BRD_20080200075,명동칼국수샤브샤브,2024,7,6,0,계약·성장·매출·구조,나가는 점포가 들어오는 점포보다 많습니다,2024년 신규 개점 2개에 견줘 계약종료·해지가 5개로 3개 더 많습니다. 순유출 상태입니다.,CHURN_EXCEEDS_OPEN|CONTRACT_END_HIGH|STORE_DECLINE,23.23,17.62,40.847,26.8
BRD_20140971,존슨켄터키,2024,3,2,0,구조·성장,규모가 작습니다,"가맹점이 15개로, 점포 몇 곳만 이탈해도 브랜드 지표가 크게 흔들립니다. 충격을 흡수할 여력이 얇습니다.",SMALL_SCALE|STORE_DECLINE,23.16,3.98,27.139,16.2
BRD_20200632,유미카츠,2024,2,1,1,계약,중도 해지가 많습니다,계약 기간을 채우지 못하고 중도 해지한 가맹점이 11개(16.2%)입니다. 만기 종료와 달리 중도 해지는 점주가 손실을 감수하고 나가는 것이라 수익성 악화 신호로 봅니다.,CANCEL_HIGH,23.09,11.4,34.491,21.5
BRD_20100100603,펀비어킹,2024,6,5,0,계약·성장·매출,나가는 점포가 들어오는 점포보다 많습니다,2024년 신규 개점 29개에 견줘 계약종료·해지가 41개로 12개 더 많습니다. 순유출 상태입니다.,CHURN_EXCEEDS_OPEN|CONTRACT_END_HIGH|STORE_DECLINE_STREAK,23.02,15.24,38.263,24.9
BRD_20151211,청자다방,2024,3,2,0,계약,계약을 끝내는 가맹점이 많습니다,"2024년에 계약이 끝난 가맹점이 17개로, 연초 점포의 13.5%입니다. 커피 업종 상위 28%에 해당합니다. 업종 중간값은 0.0%입니다.",CONTRACT_END_HIGH|NAME_CHANGE_HIGH,22.95,6.59,29.545,17.4
BRD_20080100190,피자스쿨,2024,1,1,1,재무,감사의견 '한정',(주)피자스쿨의 2023년 감사의견이 '한정'입니다. 적정의견이 아니라는 것은 재무제표 자체를 그대로 믿기 어렵다는 뜻입니다.,HQ_AUDIT_OPINION,22.88,11.4,34.283,21.3
BRD_20141179,소담촌,2024,2,0,0,,특이 소견 없음,공시 지표에서 눈에 띄는 악화 신호가 확인되지 않았습니다.,,22.82,-3.98,18.839,9.8
BRD_20230189,꽈배기진,2024,7,5,1,매출·구조,가맹점 평균매출이 떨어졌습니다,점포당 연매출이 2.1억원에서 1.5억원으로 -29.2% 줄었습니다. 같은 업종 중간값은 -2.2%입니다. 매출이 줄면 점주의 대출 상환 여력이 먼저 나빠집니다.,SALES_DECLINE|REGION_CONCENTRATION|SALES_PER_AREA_DECLINE,22.75,14.71,37.46,24.3
BRD_20110100532,추오정,2024,4,3,0,계약·구조·성장,중도 해지가 많습니다,계약 기간을 채우지 못하고 중도 해지한 가맹점이 4개(8.0%)입니다. 만기 종료와 달리 중도 해지는 점주가 손실을 감수하고 나가는 것이라 수익성 악화 신호로 봅니다.,CANCEL_HIGH|SMALL_SCALE|STORE_DECLINE,22.68,9.65,32.322,19.8
BRD_20110100577,얌샘,2024,6,5,2,매출·성장·재무·구조,매출이 2년 연속 하락,점포당 매출이 2022년 2.3억원에서 2024년 1.9억원까지 2년 내리 줄었습니다(누적 -15.3%).,SALES_DECLINE_STREAK|STORE_DECLINE_STREAK|HQ_HIGH_LEVERAGE,22.61,22.89,45.497,31.4
BRD_20100100256,김명자낙지마당,2024,8,6,1,계약·구조·성장,중도 해지가 많습니다,계약 기간을 채우지 못하고 중도 해지한 가맹점이 6개(18.8%)입니다. 만기 종료와 달리 중도 해지는 점주가 손실을 감수하고 나가는 것이라 수익성 악화 신호로 봅니다.,CANCEL_HIGH|CHURN_EXCEEDS_OPEN|REGION_SHRINK,22.54,20.41,42.952,28.9
BRD_20140188,그린브라우니(green brownie),2024,7,6,1,성장·계약·매출·구조,4년 연속 감소,가맹점 수가 2020년 30개에서 2024년 21개까지 4년 내리 줄었습니다(누적 -30.0%). 한 해 부진이 아니라 추세로 굳어진 상태입니다.,STORE_DECLINE_STREAK|CONTRACT_END_HIGH|SALES_DECLINE,22.47,22.33,44.797,30.9
BRD_20141134,라무진,2024,7,6,1,매출·계약·성장·구조,매출이 2년 연속 하락,점포당 매출이 2022년 4.1억원에서 2024년 2.8억원까지 2년 내리 줄었습니다(누적 -31.3%).,SALES_DECLINE_STREAK|CHURN_EXCEEDS_OPEN|NEW_OPEN_STALL,22.4,23.94,46.342,32.5
BRD_20100300029,돈오락쪽갈비,2024,7,6,1,매출·계약·성장·구조,매출이 2년 연속 하락,점포당 매출이 2022년 3.0억원에서 2024년 2.0억원까지 2년 내리 줄었습니다(누적 -31.8%).,SALES_DECLINE_STREAK|CONTRACT_END_HIGH|STORE_DECLINE,22.33,22.33,44.658,30.5
BRD_20140058,바르다김선생,2024,6,6,3,재무·성장·계약·구조,본부 부채비율이 높습니다,"(주)바르다김선생의 2023년 부채비율이 1,473%입니다(부채 470억원 / 자본 32억원). 금리가 오르거나 매출이 흔들리면 이자 부담이 곧바로 손익을 압박합니다.",HQ_HIGH_LEVERAGE|STORE_DECLINE|STORE_DECLINE_STREAK,22.26,26.62,48.886,35.3
BRD_20080600030,핸즈커피 (HANDS COFFEE),2024,6,4,2,계약·성장,중도 해지가 많습니다,계약 기간을 채우지 못하고 중도 해지한 가맹점이 10개(15.2%)입니다. 만기 종료와 달리 중도 해지는 점주가 손실을 감수하고 나가는 것이라 수익성 악화 신호로 봅니다.,CANCEL_HIGH|STORE_DECLINE_STREAK|CHURN_EXCEEDS_OPEN,22.19,20.03,42.224,28.2
BRD_20200807,덮덮밥,2024,7,7,2,재무·성장·계약·구조,감사의견 '한정',씨지에프(주)의 2023년 감사의견이 '한정'입니다. 적정의견이 아니라는 것은 재무제표 자체를 그대로 믿기 어렵다는 뜻입니다.,HQ_AUDIT_OPINION|STORE_DECLINE_STREAK|CHURN_EXCEEDS_OPEN,22.12,24.85,46.977,33.3
BRD_20100600021,닥엔돈스,2024,5,4,1,계약·성장,중도 해지가 많습니다,계약 기간을 채우지 못하고 중도 해지한 가맹점이 28개(20.9%)입니다. 만기 종료와 달리 중도 해지는 점주가 손실을 감수하고 나가는 것이라 수익성 악화 신호로 봅니다.,CANCEL_HIGH|CHURN_EXCEEDS_OPEN|STORE_DECLINE,22.05,18.87,40.927,27.0
BRD_20130245,전주남문조춘자토종피순대국,2024,3,1,0,구조,규모가 작습니다,"가맹점이 28개로, 점포 몇 곳만 이탈해도 브랜드 지표가 크게 흔들립니다. 충격을 흡수할 여력이 얇습니다.",SMALL_SCALE,21.98,-2.0,19.986,10.8
BRD_20140093,수유리우동집,2024,1,0,0,,특이 소견 없음,공시 지표에서 눈에 띄는 악화 신호가 확인되지 않았습니다.,,21.91,0.0,21.914,12.4
BRD_20190770,지랄닭발,2024,3,2,1,계약·구조,중도 해지가 많습니다,계약 기간을 채우지 못하고 중도 해지한 가맹점이 5개(15.6%)입니다. 만기 종료와 달리 중도 해지는 점주가 손실을 감수하고 나가는 것이라 수익성 악화 신호로 봅니다.,CANCEL_HIGH|SMALL_SCALE,21.84,13.07,34.91,21.8
BRD_20160331,장혁민의 부대찌개,2024,7,6,0,계약·성장·구조,나가는 점포가 들어오는 점포보다 많습니다,2024년 신규 개점 3개에 견줘 계약종료·해지가 7개로 4개 더 많습니다. 순유출 상태입니다.,CHURN_EXCEEDS_OPEN|CONTRACT_END_HIGH|STORE_DECLINE,21.78,16.74,38.517,25.0
BRD_20110100125,커피스미스,2024,9,9,3,재무·성장·계약·매출·구조,본부가 부분 자본잠식 상태입니다,커피스미스에프씨(주)의 2023년 자본총계 10억원이 자본금 12억원에 미달합니다(잠식률 15.8%). 누적 결손이 납입자본을 갉아먹고 있습니다.,HQ_CAPITAL_IMPAIRED|HQ_HIGH_LEVERAGE|STORE_DECLINE_STREAK,21.71,27.51,49.217,35.6
BRD_20200193,무공돈까스,2024,6,5,1,매출·계약·성장,매출이 4년 연속 하락,점포당 매출이 2020년 4.7억원에서 2024년 2.7억원까지 4년 내리 줄었습니다(누적 -42.9%).,SALES_DECLINE_STREAK|CONTRACT_END_HIGH|STORE_DECLINE_STREAK,21.64,20.68,42.316,28.4
NAME:맥도날드@외식,맥도날드,2024,5,5,4,계약·재무·성장,중도 해지가 많습니다,계약 기간을 채우지 못하고 중도 해지한 가맹점이 15개(20.8%)입니다. 만기 종료와 달리 중도 해지는 점주가 손실을 감수하고 나가는 것이라 수익성 악화 신호로 봅니다.,CANCEL_HIGH|HQ_OPERATING_LOSS|STORE_DECLINE,21.57,26.62,48.192,34.5
BRD_20213078,육칠이,2024,4,2,0,계약·구조,점주 교체가 잦습니다,"명의변경이 15건(15.3%)입니다. 점포는 유지되지만 운영자가 바뀌는 것으로, 폐점 직전 단계에서 자주 나타납니다.",NAME_CHANGE_HIGH|YOUNG_BRAND,21.5,0.0,21.498,12.3
BRD_20130100263,구이구이쪽갈비,2024,6,5,0,계약·매출·구조·성장,계약을 끝내는 가맹점이 많습니다,"2024년에 계약이 끝난 가맹점이 9개로, 연초 점포의 22.0%입니다. 한식 업종 상위 30%에 해당합니다. 업종 중간값은 4.6%입니다.",CONTRACT_END_HIGH|SALES_DECLINE|SALES_PER_AREA_DECLINE,21.43,11.99,33.421,20.7
BRD_20150426,백스비어,2024,6,5,0,계약·매출·성장,나가는 점포가 들어오는 점포보다 많습니다,2024년 신규 개점 8개에 견줘 계약종료·해지가 18개로 10개 더 많습니다. 순유출 상태입니다.,CHURN_EXCEEDS_OPEN|CONTRACT_END_HIGH|SALES_DECLINE,21.36,16.25,37.613,24.4
BRD_20090100089,오구피자,2024,5,4,0,계약·매출·성장,나가는 점포가 들어오는 점포보다 많습니다,2024년 신규 개점 4개에 견줘 계약종료·해지가 52개로 48개 더 많습니다. 순유출 상태입니다.,CHURN_EXCEEDS_OPEN|CONTRACT_END_HIGH|SALES_LOW_RANK,21.29,14.71,36.004,22.8
BRD_20181061,미태리,2024,3,1,0,계약,중도 해지가 많습니다,계약 기간을 채우지 못하고 중도 해지한 가맹점이 5개(5.7%)입니다. 만기 종료와 달리 중도 해지는 점주가 손실을 감수하고 나가는 것이라 수익성 악화 신호로 봅니다.,CANCEL_HIGH,21.22,2.0,23.218,13.5
BRD_20210991,카페16온스,2024,7,5,1,매출·계약·구조,가맹점 평균매출이 떨어졌습니다,점포당 연매출이 2.3억원에서 1.7억원으로 -24.5% 줄었습니다. 같은 업종 중간값은 -2.6%입니다. 매출이 줄면 점주의 대출 상환 여력이 먼저 나빠집니다.,SALES_DECLINE|CANCEL_HIGH|NAME_CHANGE_HIGH,21.15,15.68,36.831,23.9
BRD_20120100412,빨라쪼 델 프레도,2024,5,4,0,매출·구조·계약,가맹점 평균매출이 떨어졌습니다,점포당 연매출이 1.8억원에서 1.5억원으로 -13.0% 줄었습니다. 같은 업종 중간값은 +12.9%입니다. 매출이 줄면 점주의 대출 상환 여력이 먼저 나빠집니다.,SALES_DECLINE|DIRECT_RATIO_DROP|NAME_CHANGE_HIGH,21.08,10.27,31.35,19.4
BRD_20141065,부엉이돈가스,2024,5,4,2,매출·성장·구조,매출이 2년 연속 하락,점포당 매출이 2022년 3.7억원에서 2024년 3.5억원까지 2년 내리 줄었습니다(누적 -6.8%).,SALES_DECLINE_STREAK|STORE_DECLINE_STREAK|SMALL_SCALE,21.01,21.34,42.354,28.4
BRD_20090100355,아이러브피자,2024,7,6,0,계약·매출·성장·구조,나가는 점포가 들어오는 점포보다 많습니다,2024년 신규 개점 0개에 견줘 계약종료·해지가 3개로 3개 더 많습니다. 순유출 상태입니다.,CHURN_EXCEEDS_OPEN|SALES_LOW_RANK|STORE_DECLINE,20.94,19.23,40.175,26.3
BRD_20120100525,호치킨,2024,8,7,3,재무·성장·계약·구조,본부가 영업적자입니다,다인에프씨(주)의 2023년 영업손익이 -1억원입니다. 영업이익률 -2.5%. 2년 연속입니다. 본업에서 돈을 벌지 못하는 상태라 가맹점 지원 여력이 줄어듭니다.,HQ_OPERATING_LOSS|STORE_DECLINE|STORE_DECLINE_STREAK,20.87,26.2,47.072,33.4
BRD_20200430,누들보쌈배달만족,2024,10,9,2,매출·성장·계약·구조,가맹점 평균매출이 떨어졌습니다,"점포당 연매출이 1.4억원에서 4,177만원으로 -69.5% 줄었습니다. 같은 업종 중간값은 -3.5%입니다. 매출이 줄면 점주의 대출 상환 여력이 먼저 나빠집니다.",SALES_DECLINE|STORE_DECLINE_STREAK|CHURN_EXCEEDS_OPEN,20.8,26.03,46.833,33.1
BRD_20201156,마실커피,2024,4,2,1,매출·계약,매출이 3년 연속 하락,점포당 매출이 2021년 3.2억원에서 2024년 2.0억원까지 3년 내리 줄었습니다(누적 -38.9%).,SALES_DECLINE_STREAK|NAME_CHANGE_HIGH,20.74,9.65,30.38,18.0
BRD_20080100033,피자에땅,2024,6,5,1,성장·계약·매출,8년 연속 감소,가맹점 수가 2016년 293개에서 2024년 138개까지 8년 내리 줄었습니다(누적 -52.9%). 한 해 부진이 아니라 추세로 굳어진 상태입니다.,STORE_DECLINE_STREAK|CHURN_EXCEEDS_OPEN|CONTRACT_END_HIGH,20.67,20.03,40.698,26.6
BRD_20130100223,메콩타이,2024,7,6,1,성장·계약·매출·구조,3년 연속 감소,가맹점 수가 2021년 31개에서 2024년 26개까지 3년 내리 줄었습니다(누적 -16.1%). 한 해 부진이 아니라 추세로 굳어진 상태입니다.,STORE_DECLINE_STREAK|STORE_DECLINE|NAME_CHANGE_HIGH,20.6,18.0,38.6,25.1
BRD_20080100545,치킨매니아,2024,6,6,3,매출·성장·계약·재무,매출이 2년 연속 하락,점포당 매출이 2022년 2.0억원에서 2024년 1.9억원까지 2년 내리 줄었습니다(누적 -3.2%).,SALES_DECLINE_STREAK|STORE_DECLINE|STORE_DECLINE_STREAK,20.53,25.67,46.195,32.2
BRD_20170818,고집센그집갈비탕,2024,1,0,0,,특이 소견 없음,공시 지표에서 눈에 띄는 악화 신호가 확인되지 않았습니다.,,20.46,0.0,20.458,11.3
BRD_20140624,도야족발보쌈,2024,7,6,2,매출·성장·계약·구조,매출이 2년 연속 하락,점포당 매출이 2022년 6.9억원에서 2024년 2.9억원까지 2년 내리 줄었습니다(누적 -58.1%).,SALES_DECLINE_STREAK|STORE_DECLINE_STREAK|CANCEL_HIGH,20.39,26.15,46.539,32.7
BRD_20080500005,장충동왕족발보쌈,2024,4,3,0,계약·매출·성장,중도 해지가 많습니다,계약 기간을 채우지 못하고 중도 해지한 가맹점이 8개(10.1%)입니다. 만기 종료와 달리 중도 해지는 점주가 손실을 감수하고 나가는 것이라 수익성 악화 신호로 봅니다.,CANCEL_HIGH|SALES_LOW_RANK|STORE_DECLINE_STREAK,20.32,13.07,33.384,20.6
BRD_20220426,편편집,2024,4,1,0,구조,가맹사업 업력이 짧습니다,"2022년에 가맹사업을 시작해 업력이 2년입니다. 초기 확장기에는 점포가 빠르게 늘지만, 첫 계약 만기가 돌아오는 시점에 이탈이 몰리는 경우가 많습니다.",YOUNG_BRAND,20.25,-5.92,14.328,7.3
BRD_20190526,샤브마니아,2024,4,2,0,매출,가맹점 평균매출이 떨어졌습니다,점포당 연매출이 10.9억원에서 10.4억원으로 -4.1% 줄었습니다. 같은 업종 중간값은 -3.5%입니다. 매출이 줄면 점주의 대출 상환 여력이 먼저 나빠집니다.,SALES_DECLINE|SALES_PER_AREA_DECLINE,20.18,-1.3,18.881,9.9
BRD_20200218,입술에 설렌다 빙수당,2024,5,2,0,구조,규모가 작습니다,"가맹점이 32개로, 점포 몇 곳만 이탈해도 브랜드 지표가 크게 흔들립니다. 충격을 흡수할 여력이 얇습니다.",SMALL_SCALE|YOUNG_BRAND,20.11,-5.25,14.865,7.6
BRD_20110100012,짚신매운갈비찜,2024,7,6,2,매출·성장·계약·구조,매출이 3년 연속 하락,점포당 매출이 2020년 4.0억원에서 2024년 3.0억원까지 3년 내리 줄었습니다(누적 -25.5%).,SALES_DECLINE_STREAK|STORE_DECLINE|CHURN_EXCEEDS_OPEN,20.04,26.15,46.192,32.2
BRD_20170915,화로상회,2024,5,4,1,계약·매출·성장,중도 해지가 많습니다,계약 기간을 채우지 못하고 중도 해지한 가맹점이 9개(14.1%)입니다. 만기 종료와 달리 중도 해지는 점주가 손실을 감수하고 나가는 것이라 수익성 악화 신호로 봅니다.,CANCEL_HIGH|CHURN_EXCEEDS_OPEN|SALES_DECLINE,19.97,18.81,38.786,25.4
BRD_20191036,궁 잔기지떡,2024,4,3,0,계약·구조·성장,점주 교체가 잦습니다,"명의변경이 5건(16.7%)입니다. 점포는 유지되지만 운영자가 바뀌는 것으로, 폐점 직전 단계에서 자주 나타납니다.",NAME_CHANGE_HIGH|SMALL_SCALE|STORE_DECLINE,19.9,5.92,25.824,15.3
BRD_20220568,테라커피(TERA COFFEE),2024,6,4,0,계약·매출·구조,점주 교체가 잦습니다,"명의변경이 3건(15.0%)입니다. 점포는 유지되지만 운영자가 바뀌는 것으로, 폐점 직전 단계에서 자주 나타납니다.",NAME_CHANGE_HIGH|SALES_DECLINE|SALES_PER_AREA_DECLINE,19.83,2.69,22.526,13.0
BRD_20130505,오븐마루,2024,4,2,1,매출,가맹점 평균매출이 떨어졌습니다,점포당 연매출이 2.6억원에서 2.0억원으로 -21.3% 줄었습니다. 같은 업종 중간값은 -1.3%입니다. 매출이 줄면 점주의 대출 상환 여력이 먼저 나빠집니다.,SALES_DECLINE|SALES_PER_AREA_DECLINE,19.76,8.46,28.228,16.9
BRD_201001002121,대구반야월막창,2024,6,4,0,계약·성장,나가는 점포가 들어오는 점포보다 많습니다,2024년 신규 개점 7개에 견줘 계약종료·해지가 16개로 9개 더 많습니다. 순유출 상태입니다.,CHURN_EXCEEDS_OPEN|CONTRACT_END_HIGH|STORE_DECLINE,19.69,11.57,31.264,19.2
BRD_20150404,에슬로우커피 (ESLOW COFFEE),2024,7,6,0,계약·매출·성장·구조,계약을 끝내는 가맹점이 많습니다,"2024년에 계약이 끝난 가맹점이 4개로, 연초 점포의 15.4%입니다. 커피 업종 상위 26%에 해당합니다. 업종 중간값은 0.0%입니다.",CONTRACT_END_HIGH|SALES_DECLINE|STORE_DECLINE_STREAK,19.63,18.38,38.008,24.8
BRD_20190955,봉명동내커피,2024,4,3,0,매출·계약,가맹점 평균매출이 떨어졌습니다,점포당 연매출이 2.7억원에서 2.3억원으로 -15.6% 줄었습니다. 같은 업종 중간값은 -2.6%입니다. 매출이 줄면 점주의 대출 상환 여력이 먼저 나빠집니다.,SALES_DECLINE|NAME_CHANGE_HIGH|SALES_PER_AREA_DECLINE,19.56,8.46,28.02,16.7
BRD_20100100554,돈까스클럽,2024,8,8,3,재무·성장·계약·구조,본부가 영업적자입니다,"(주)일승식품의 2021년 영업손익이 -4,582만원입니다. 영업이익률 -0.5%. 2년 연속입니다. 본업에서 돈을 벌지 못하는 상태라 가맹점 지원 여력이 줄어듭니다.",HQ_OPERATING_LOSS|STORE_DECLINE|STORE_DECLINE_STREAK,19.49,26.36,45.848,31.8
BRD_20080200233,송담추어탕,2024,3,1,0,계약,계약을 끝내는 가맹점이 많습니다,"2024년에 계약이 끝난 가맹점이 11개로, 연초 점포의 12.1%입니다. 한식 업종 상위 41%에 해당합니다. 업종 중간값은 4.6%입니다.",CONTRACT_END_HIGH,19.42,2.0,21.415,12.2
BRD_20080100077,맛깔참죽,2024,7,6,2,계약·성장·매출,중도 해지가 많습니다,계약 기간을 채우지 못하고 중도 해지한 가맹점이 12개(14.5%)입니다. 만기 종료와 달리 중도 해지는 점주가 손실을 감수하고 나가는 것이라 수익성 악화 신호로 봅니다.,CANCEL_HIGH|STORE_DECLINE_STREAK|CHURN_EXCEEDS_OPEN,19.35,25.1,44.449,30.4
BRD_20181053,장호덕손만두,2024,4,3,1,매출·계약,매출이 3년 연속 하락,점포당 매출이 2021년 1.2억원에서 2024년 1.0억원까지 3년 내리 줄었습니다(누적 -9.9%).,SALES_DECLINE_STREAK|CONTRACT_END_HIGH|SALES_LOW_RANK,19.28,17.55,36.828,23.8
BRD_20200937,마장동김씨,2024,5,4,1,매출·구조,매출이 2년 연속 하락,점포당 매출이 2022년 9.9억원에서 2024년 7.3억원까지 2년 내리 줄었습니다(누적 -26.0%).,SALES_DECLINE_STREAK|SALES_PER_AREA_DECLINE|SMALL_SCALE,19.21,14.18,33.386,20.7
BRD_20080200073,불로만치킨바베큐,2024,4,2,0,계약·성장,나가는 점포가 들어오는 점포보다 많습니다,2024년 신규 개점 6개에 견줘 계약종료·해지가 10개로 4개 더 많습니다. 순유출 상태입니다.,CHURN_EXCEEDS_OPEN|STORE_DECLINE,19.14,3.98,23.117,13.4
BRD_20140773,반포식스,2024,4,3,0,구조·매출,특정 지역에 몰려 있습니다,점포의 90.0%가 한 시·도에 몰려 있고 진출 지역은 3곳뿐입니다. 그 지역 상권이 흔들리면 브랜드 전체가 동시에 흔들립니다.,REGION_CONCENTRATION|SALES_DECLINE|SMALL_SCALE,19.07,11.99,31.063,19.0
BRD_20160311,바다양푼이동태탕찜,2024,3,1,0,매출,업종 안에서 매출이 낮습니다,점포당 매출 1.2억원은 기타 외식 업종 하위 18% 수준입니다 (업종 중간값 2.8억원).,SALES_LOW_RANK,19.0,2.0,20.998,11.7
BRD_20090300039,오븐에 꾸운 닭,2024,5,4,1,성장·계약,8년 연속 감소,가맹점 수가 2016년 217개에서 2024년 100개까지 8년 내리 줄었습니다(누적 -53.9%). 한 해 부진이 아니라 추세로 굳어진 상태입니다.,STORE_DECLINE_STREAK|CANCEL_HIGH|CHURN_EXCEEDS_OPEN,18.93,18.87,37.806,24.5
BRD_20220470,바나프레소,2024,7,5,2,재무·구조·계약,본부가 완전자본잠식 상태입니다,"(주)바나플에프엔비의 2023년 자본총계가 -264억원으로 마이너스입니다. 부채가 자산을 넘어선 상태로, 본부가 물류·판촉·신규출점 지원을 계속할 수 있을지 확인해야 합니다.",HQ_EQUITY_NEGATIVE|HQ_OPERATING_LOSS|DIRECT_RATIO_DROP,18.86,12.16,31.022,18.9
BRD_20110100528,짱닭치킨,2024,9,8,2,매출·성장·계약·구조,매출이 3년 연속 하락,점포당 매출이 2021년 4.3억원에서 2024년 1.7억원까지 3년 내리 줄었습니다(누적 -58.9%).,SALES_DECLINE_STREAK|STORE_DECLINE_STREAK|CHURN_EXCEEDS_OPEN,18.79,25.07,43.864,29.9
BRD_20200578,거북이동네,2024,6,4,0,구조·계약,특정 지역에 몰려 있습니다,점포의 61.1%가 한 시·도에 몰려 있고 진출 지역은 6곳뿐입니다. 그 지역 상권이 흔들리면 브랜드 전체가 동시에 흔들립니다.,REGION_CONCENTRATION|NAME_CHANGE_HIGH|SMALL_SCALE,18.72,5.34,24.066,14.1
BRD_20180661,한상차림코다리명가,2024,5,2,0,구조,특정 지역에 몰려 있습니다,점포의 75.8%가 한 시·도에 몰려 있고 진출 지역은 5곳뿐입니다. 그 지역 상권이 흔들리면 브랜드 전체가 동시에 흔들립니다.,REGION_CONCENTRATION|SMALL_SCALE,18.65,-1.3,17.355,9.0
BRD_20130261,김영희강남동태찜,2024,7,5,2,계약·성장·구조,중도 해지가 많습니다,계약 기간을 채우지 못하고 중도 해지한 가맹점이 5개(12.5%)입니다. 만기 종료와 달리 중도 해지는 점주가 손실을 감수하고 나가는 것이라 수익성 악화 신호로 봅니다.,CANCEL_HIGH|STORE_DECLINE_STREAK|CHURN_EXCEEDS_OPEN,18.59,21.09,39.677,25.7
BRD_20090600019,커피명가,2024,6,4,0,계약·성장·구조,중도 해지가 많습니다,계약 기간을 채우지 못하고 중도 해지한 가맹점이 4개(9.8%)입니다. 만기 종료와 달리 중도 해지는 점주가 손실을 감수하고 나가는 것이라 수익성 악화 신호로 봅니다.,CANCEL_HIGH|CHURN_EXCEEDS_OPEN|STORE_DECLINE,18.52,11.48,30.0,17.5
BRD_20161137,명랑시대쌀핫도그,2024,7,6,2,매출·성장·계약,가맹점 평균매출이 떨어졌습니다,점포당 연매출이 2.0억원에서 1.6억원으로 -22.0% 줄었습니다. 같은 업종 중간값은 -2.2%입니다. 매출이 줄면 점주의 대출 상환 여력이 먼저 나빠집니다.,SALES_DECLINE|STORE_DECLINE_STREAK|CHURN_EXCEEDS_OPEN,18.45,24.66,43.11,29.2
BRD_20100100136,피자알볼로,2024,10,10,4,재무·매출·성장·계약,본부 부채비율이 높습니다,(주)알볼로에프앤씨의 2023년 부채비율이 954%입니다(부채 118억원 / 자본 12억원). 금리가 오르거나 매출이 흔들리면 이자 부담이 곧바로 손익을 압박합니다.,HQ_HIGH_LEVERAGE|HQ_OPERATING_LOSS|SALES_DECLINE_STREAK,18.38,28.39,46.771,32.9
BRD_20201098,내조국국밥,2024,6,4,1,매출·계약·구조,매출이 2년 연속 하락,점포당 매출이 2022년 5.6억원에서 2024년 5.1억원까지 2년 내리 줄었습니다(누적 -8.0%).,SALES_DECLINE_STREAK|NAME_CHANGE_HIGH|SMALL_SCALE,18.31,11.99,30.3,17.9
BRD_20190477,후라토식당,2024,6,4,0,매출·계약·구조,가맹점 평균매출이 떨어졌습니다,점포당 연매출이 7.9억원에서 6.8억원으로 -13.6% 줄었습니다. 같은 업종 중간값은 -4.5%입니다. 매출이 줄면 점주의 대출 상환 여력이 먼저 나빠집니다.,SALES_DECLINE|NAME_CHANGE_HIGH|SALES_PER_AREA_DECLINE,18.24,6.59,24.829,14.8
BRD_20110100502,돈가네김치찌개,2024,6,5,0,계약·구조·성장,나가는 점포가 들어오는 점포보다 많습니다,2024년 신규 개점 1개에 견줘 계약종료·해지가 7개로 6개 더 많습니다. 순유출 상태입니다.,CHURN_EXCEEDS_OPEN|CONTRACT_END_HIGH|REGION_CONCENTRATION,18.17,18.0,36.173,23.0
BRD_20080600017,계동치킨,2024,4,3,1,성장·계약,8년 연속 감소,가맹점 수가 2016년 118개에서 2024년 70개까지 8년 내리 줄었습니다(누적 -40.7%). 한 해 부진이 아니라 추세로 굳어진 상태입니다.,STORE_DECLINE_STREAK|CHURN_EXCEEDS_OPEN|STORE_DECLINE,18.1,17.55,35.649,22.7
BRD_20170185,제주스,2024,7,4,0,계약·구조,중도 해지가 많습니다,계약 기간을 채우지 못하고 중도 해지한 가맹점이 2개(5.9%)입니다. 만기 종료와 달리 중도 해지는 점주가 손실을 감수하고 나가는 것이라 수익성 악화 신호로 봅니다.,CANCEL_HIGH|DIRECT_RATIO_DROP|NAME_CHANGE_HIGH,18.03,1.4,19.429,10.3
BRD_20200597,경원해물찜0427,2024,7,6,1,매출·구조·성장,매출이 2년 연속 하락,점포당 매출이 2022년 6.4억원에서 2024년 5.2억원까지 2년 내리 줄었습니다(누적 -19.0%).,SALES_DECLINE_STREAK|REGION_CONCENTRATION|SALES_PER_AREA_DECLINE,17.96,18.81,36.775,23.6
BRD_20181157,동경에서먹었던규동,2024,3,1,0,계약,계약을 끝내는 가맹점이 많습니다,"2024년에 계약이 끝난 가맹점이 11개로, 연초 점포의 16.9%입니다. 일식 업종 상위 32%에 해당합니다. 업종 중간값은 0.0%입니다.",CONTRACT_END_HIGH,17.89,2.0,19.889,10.7
BRD_20120100651,가마로강정,2024,3,2,0,재무,본부가 완전자본잠식 상태입니다,"(주)마세다린의 2017년 자본총계가 -8억원으로 마이너스입니다. 부채가 자산을 넘어선 상태로, 본부가 물류·판촉·신규출점 지원을 계속할 수 있을지 확인해야 합니다. 다만 확보된 가장 최근 결산이 2017년으로 7년 전 자료이므로, 현재 상태는 별도 확인이 필요합니다.",HQ_EQUITY_NEGATIVE|HQ_OPERATING_LOSS,17.82,2.69,20.515,11.4
BRD_20213303,춘리마라탕,2024,3,0,0,,특이 소견 없음,공시 지표에서 눈에 띄는 악화 신호가 확인되지 않았습니다.,,17.75,-7.82,9.938,4.6
BRD_20170519,국제통닭,2024,2,1,0,계약,중도 해지가 많습니다,계약 기간을 채우지 못하고 중도 해지한 가맹점이 3개(5.4%)입니다. 만기 종료와 달리 중도 해지는 점주가 손실을 감수하고 나가는 것이라 수익성 악화 신호로 봅니다.,CANCEL_HIGH,17.68,5.92,23.605,13.7
NAME:손큰할매순대국@외식,손큰할매순대국,2024,3,1,0,구조,가맹사업 업력이 짧습니다,"2021년에 가맹사업을 시작해 업력이 3년입니다. 초기 확장기에는 점포가 빠르게 늘지만, 첫 계약 만기가 돌아오는 시점에 이탈이 몰리는 경우가 많습니다.",YOUNG_BRAND,17.61,-2.0,15.617,8.0
BRD_20200543,목구멍,2024,5,3,1,매출·계약,매출이 2년 연속 하락,점포당 매출이 2022년 9.0억원에서 2024년 7.6억원까지 2년 내리 줄었습니다(누적 -15.2%).,SALES_DECLINE_STREAK|NAME_CHANGE_HIGH|SALES_PER_AREA_DECLINE,17.55,10.27,27.813,16.6
BRD_20160798,가마치통닭,2024,3,1,0,계약,점주 교체가 잦습니다,"명의변경이 84건(11.9%)입니다. 점포는 유지되지만 운영자가 바뀌는 것으로, 폐점 직전 단계에서 자주 나타납니다.",NAME_CHANGE_HIGH,17.48,-5.92,11.554,5.1
BRD_20140160,은화수식당,2024,4,3,1,매출·계약,가맹점 평균매출이 떨어졌습니다,점포당 연매출이 3.4억원에서 2.4억원으로 -29.7% 줄었습니다. 같은 업종 중간값은 -3.5%입니다. 매출이 줄면 점주의 대출 상환 여력이 먼저 나빠집니다.,SALES_DECLINE|NAME_CHANGE_HIGH|SALES_PER_AREA_DECLINE,17.41,10.27,27.675,16.6
BRD_20190753,갓튀긴후라이드,2024,4,2,0,계약·매출,점주 교체가 잦습니다,"명의변경이 18건(21.2%)입니다. 점포는 유지되지만 운영자가 바뀌는 것으로, 폐점 직전 단계에서 자주 나타납니다.",NAME_CHANGE_HIGH|SALES_DECLINE,17.34,0.0,17.337,8.9
BRD_20080200229,신의주찹쌀순대,2024,5,4,0,계약·성장,나가는 점포가 들어오는 점포보다 많습니다,2024년 신규 개점 16개에 견줘 계약종료·해지가 25개로 9개 더 많습니다. 순유출 상태입니다.,CHURN_EXCEEDS_OPEN|CONTRACT_END_HIGH|STORE_DECLINE_STREAK,17.27,13.71,30.973,18.9
BRD_20201869,댄싱컵(DANCINGCUP),2024,3,2,0,계약·구조,점주 교체가 잦습니다,"명의변경이 16건(15.0%)입니다. 점포는 유지되지만 운영자가 바뀌는 것으로, 폐점 직전 단계에서 자주 나타납니다.",NAME_CHANGE_HIGH|YOUNG_BRAND,17.2,3.98,21.175,12.0
BRD_20180479,벌크커피(BULK COFFEE),2024,6,5,0,계약·매출·성장,중도 해지가 많습니다,계약 기간을 채우지 못하고 중도 해지한 가맹점이 22개(10.1%)입니다. 만기 종료와 달리 중도 해지는 점주가 손실을 감수하고 나가는 것이라 수익성 악화 신호로 봅니다.,CANCEL_HIGH|CHURN_EXCEEDS_OPEN|SALES_DECLINE,17.13,15.24,32.368,20.0
BRD_20080300031,가얏골감자탕,2024,3,2,0,구조,특정 지역에 몰려 있습니다,점포의 57.6%가 한 시·도에 몰려 있고 진출 지역은 5곳뿐입니다. 그 지역 상권이 흔들리면 브랜드 전체가 동시에 흔들립니다.,REGION_CONCENTRATION|SMALL_SCALE,17.06,6.59,23.65,13.8
BRD_20230142,샹츠마라,2024,7,5,0,계약·매출·구조,점주 교체가 잦습니다,"명의변경이 4건(16.7%)입니다. 점포는 유지되지만 운영자가 바뀌는 것으로, 폐점 직전 단계에서 자주 나타납니다.",NAME_CHANGE_HIGH|SALES_DECLINE|SALES_PER_AREA_DECLINE,16.99,3.39,20.376,11.2
BRD_20120100362,북촌손만두,2024,6,5,2,성장·계약,가맹점이 줄었습니다,2024년 가맹점이 170개에서 142개로 28개(-16.5%) 줄었습니다. 같은 기타 외식 업종의 중간값은 +0.0%입니다.,STORE_DECLINE|STORE_DECLINE_STREAK|CHURN_EXCEEDS_OPEN,16.92,21.19,38.114,24.8
BRD_20130399,올리앤(Ollien),2024,4,3,1,성장·구조,4년 연속 감소,가맹점 수가 2020년 38개에서 2024년 31개까지 4년 내리 줄었습니다(누적 -18.4%). 한 해 부진이 아니라 추세로 굳어진 상태입니다.,STORE_DECLINE_STREAK|SMALL_SCALE|STORE_DECLINE,16.85,13.63,30.478,18.2
BRD_20170454,감탄떡볶이,2024,7,7,1,성장·계약·재무·매출,6년 연속 감소,가맹점 수가 2017년 402개에서 2024년 182개까지 6년 내리 줄었습니다(누적 -54.7%). 한 해 부진이 아니라 추세로 굳어진 상태입니다.,STORE_DECLINE_STREAK|CHURN_EXCEEDS_OPEN|CONTRACT_END_HIGH,16.78,23.22,39.999,26.0
BRD_20214343,화락바베큐치킨,2024,6,4,1,매출·계약·구조,매출이 2년 연속 하락,점포당 매출이 2022년 5.1억원에서 2024년 2.9억원까지 2년 내리 줄었습니다(누적 -43.6%).,SALES_DECLINE_STREAK|CONTRACT_END_HIGH|NAME_CHANGE_HIGH,16.71,15.17,31.878,19.8
BRD_20171254,명륜진사갈비,2024,3,2,0,계약·매출,점주 교체가 잦습니다,"명의변경이 56건(10.0%)입니다. 점포는 유지되지만 운영자가 바뀌는 것으로, 폐점 직전 단계에서 자주 나타납니다.",NAME_CHANGE_HIGH|SALES_DECLINE,16.64,0.0,16.644,8.7
BRD_20080100101,코바코,2024,5,4,2,매출·성장,매출이 2년 연속 하락,점포당 매출이 2022년 1.8억원에서 2024년 1.3억원까지 2년 내리 줄었습니다(누적 -25.5%).,SALES_DECLINE_STREAK|STORE_DECLINE_STREAK|NEW_OPEN_STALL,16.57,21.39,37.965,24.7
BRD_20120100694,육대장,2024,1,1,0,재무,본부 매출이 줄었습니다,"(주)육대장의 매출이 2019년 227억원에서 2020년 168억원으로 -26.2% 줄었습니다. 본부 매출은 대부분 가맹점에 넘기는 물품·로열티라, 가맹점 사정이 본부 장부에 먼저 잡힙니다. 다만 확보된 가장 최근 결산이 2020년으로 4년 전 자료이므로, 현재 상태는 별도 확인이 필요합니다.",HQ_REVENUE_DECLINE,16.5,5.92,22.426,12.9
BRD_20080100675,호밀호두,2024,2,1,0,계약,중도 해지가 많습니다,계약 기간을 채우지 못하고 중도 해지한 가맹점이 4개(7.0%)입니다. 만기 종료와 달리 중도 해지는 점주가 손실을 감수하고 나가는 것이라 수익성 악화 신호로 봅니다.,CANCEL_HIGH,16.44,5.92,22.357,12.8
BRD_20120400012,난타5000피자,2024,5,4,1,성장·계약·매출,3년 연속 감소,가맹점 수가 2021년 116개에서 2024년 86개까지 3년 내리 줄었습니다(누적 -25.9%). 한 해 부진이 아니라 추세로 굳어진 상태입니다.,STORE_DECLINE_STREAK|CHURN_EXCEEDS_OPEN|SALES_LOW_RANK,16.37,20.31,36.673,23.5
BRD_20080500052,병천황토방순대,2024,4,3,0,매출·구조,업종 안에서 매출이 낮습니다,점포당 매출 1.0억원은 기타 외식 업종 하위 13% 수준입니다 (업종 중간값 2.8억원).,SALES_LOW_RANK|SALES_DECLINE|SMALL_SCALE,16.3,8.46,24.761,14.8
BRD_20160690,김밥일번지,2024,7,6,1,성장·구조·매출,3년 연속 감소,가맹점 수가 2021년 47개에서 2024년 37개까지 3년 내리 줄었습니다(누적 -21.3%). 한 해 부진이 아니라 추세로 굳어진 상태입니다.,STORE_DECLINE_STREAK|REGION_CONCENTRATION|SALES_DECLINE,16.23,21.04,37.269,24.2
BRD_20150573,모미락,2024,5,4,0,구조·매출,특정 지역에 몰려 있습니다,점포의 64.5%가 한 시·도에 몰려 있고 진출 지역은 6곳뿐입니다. 그 지역 상권이 흔들리면 브랜드 전체가 동시에 흔들립니다.,REGION_CONCENTRATION|SALES_DECLINE|SALES_PER_AREA_DECLINE,16.16,9.1,25.262,15.0
BRD_20130181,포베이,2024,6,5,1,성장·계약·매출·구조,7년 연속 감소,가맹점 수가 2017년 94개에서 2024년 32개까지 7년 내리 줄었습니다(누적 -66.0%). 한 해 부진이 아니라 추세로 굳어진 상태입니다.,STORE_DECLINE_STREAK|CANCEL_HIGH|SALES_DECLINE,16.09,19.17,35.262,22.3
BRD_20150522,리김밥,2024,6,4,0,계약·성장·구조,나가는 점포가 들어오는 점포보다 많습니다,2024년 신규 개점 0개에 견줘 계약종료·해지가 3개로 3개 더 많습니다. 순유출 상태입니다.,CHURN_EXCEEDS_OPEN|STORE_DECLINE|STORE_DECLINE_STREAK,16.02,11.48,27.503,16.4
BRD_20080200100,배터지는생동까스,2024,6,5,2,계약·성장·매출,중도 해지가 많습니다,계약 기간을 채우지 못하고 중도 해지한 가맹점이 13개(15.5%)입니다. 만기 종료와 달리 중도 해지는 점주가 손실을 감수하고 나가는 것이라 수익성 악화 신호로 봅니다.,CANCEL_HIGH|STORE_DECLINE_STREAK|CHURN_EXCEEDS_OPEN,15.95,24.43,40.382,26.4
BRD_20214794,미미관마라탕,2024,5,4,1,매출·계약·구조,매출이 2년 연속 하락,점포당 매출이 2022년 6.5억원에서 2024년 4.7억원까지 2년 내리 줄었습니다(누적 -27.9%).,SALES_DECLINE_STREAK|CONTRACT_END_HIGH|SMALL_SCALE,15.88,17.94,33.82,21.2
BRD_20170726,라화쿵부,2024,8,7,2,매출·성장·계약,매출이 2년 연속 하락,점포당 매출이 2022년 2.1억원에서 2024년 1.8억원까지 2년 내리 줄었습니다(누적 -15.9%).,SALES_DECLINE_STREAK|STORE_DECLINE|CHURN_EXCEEDS_OPEN,15.81,25.69,41.506,27.6
NAME:첨단돌솥감자탕@외식,첨단돌솥감자탕,2024,3,1,0,구조,규모가 작습니다,"가맹점이 30개로, 점포 몇 곳만 이탈해도 브랜드 지표가 크게 흔들립니다. 충격을 흡수할 여력이 얇습니다.",SMALL_SCALE,15.74,-2.0,13.745,6.9
BRD_20160773,족발야시장,2024,5,4,1,성장·계약,3년 연속 감소,가맹점 수가 2021년 244개에서 2024년 219개까지 3년 내리 줄었습니다(누적 -10.2%). 한 해 부진이 아니라 추세로 굳어진 상태입니다.,STORE_DECLINE_STREAK|CHURN_EXCEEDS_OPEN|CONTRACT_END_HIGH,15.67,15.24,30.912,18.7
BRD_20230855,이가네양꼬치,2024,5,3,0,계약·구조,중도 해지가 많습니다,계약 기간을 채우지 못하고 중도 해지한 가맹점이 2개(6.7%)입니다. 만기 종료와 달리 중도 해지는 점주가 손실을 감수하고 나가는 것이라 수익성 악화 신호로 봅니다.,CANCEL_HIGH|REGION_CONCENTRATION|SMALL_SCALE,15.6,8.46,24.067,14.2
BRD_20080200240,뚝배기양평해장국,2024,5,4,0,계약·매출·구조,계약을 끝내는 가맹점이 많습니다,"2024년에 계약이 끝난 가맹점이 10개로, 연초 점포의 22.7%입니다. 한식 업종 상위 29%에 해당합니다. 업종 중간값은 4.6%입니다.",CONTRACT_END_HIGH|NAME_CHANGE_HIGH|SALES_DECLINE,15.53,10.27,25.802,15.3
BRD_20080300015,무봤나촌닭,2024,4,2,0,계약·구조,점주 교체가 잦습니다,"명의변경이 4건(15.4%)입니다. 점포는 유지되지만 운영자가 바뀌는 것으로, 폐점 직전 단계에서 자주 나타납니다.",NAME_CHANGE_HIGH|SMALL_SCALE,15.46,0.0,15.465,7.9
BRD_20171304,현풍닭칼국수,2024,2,1,0,계약,계약을 끝내는 가맹점이 많습니다,"2024년에 계약이 끝난 가맹점이 14개로, 연초 점포의 19.4%입니다. 한식 업종 상위 32%에 해당합니다. 업종 중간값은 4.6%입니다.",CONTRACT_END_HIGH,15.4,5.92,21.317,12.1
BRD_20080100635,요거프레소,2024,7,7,3,계약·성장·재무·매출,중도 해지가 많습니다,계약 기간을 채우지 못하고 중도 해지한 가맹점이 68개(19.5%)입니다. 만기 종료와 달리 중도 해지는 점주가 손실을 감수하고 나가는 것이라 수익성 악화 신호로 봅니다.,CANCEL_HIGH|STORE_DECLINE|STORE_DECLINE_STREAK,15.33,26.77,42.096,28.0
BRD_20080100261,훌랄라,2024,4,1,1,계약,중도 해지가 많습니다,계약 기간을 채우지 못하고 중도 해지한 가맹점이 35개(13.0%)입니다. 만기 종료와 달리 중도 해지는 점주가 손실을 감수하고 나가는 것이라 수익성 악화 신호로 봅니다.,CANCEL_HIGH,15.26,3.98,19.233,10.1
BRD_20080100172,둘둘치킨,2024,4,2,1,성장,8년 연속 감소,가맹점 수가 2016년 168개에서 2024년 80개까지 8년 내리 줄었습니다(누적 -52.4%). 한 해 부진이 아니라 추세로 굳어진 상태입니다.,STORE_DECLINE_STREAK|STORE_DECLINE,15.19,8.46,23.651,13.9
BRD_20200127,고기싸롱,2024,6,4,0,계약·매출·구조,중도 해지가 많습니다,계약 기간을 채우지 못하고 중도 해지한 가맹점이 5개(5.3%)입니다. 만기 종료와 달리 중도 해지는 점주가 손실을 감수하고 나가는 것이라 수익성 악화 신호로 봅니다.,CANCEL_HIGH|SALES_DECLINE|SALES_PER_AREA_DECLINE,15.12,10.27,25.386,15.1
BRD_20120300030,로띠번,2024,4,3,0,매출·계약,업종 안에서 매출이 낮습니다,점포당 매출 1.1억원은 제과제빵 업종 하위 17% 수준입니다 (업종 중간값 2.0억원).,SALES_LOW_RANK|NAME_CHANGE_HIGH|SALES_DECLINE,15.05,8.46,23.513,13.6
BRD_20120100007,담소 소사골 순대 육개장,2024,5,4,0,계약·매출·성장,나가는 점포가 들어오는 점포보다 많습니다,2024년 신규 개점 7개에 견줘 계약종료·해지가 14개로 7개 더 많습니다. 순유출 상태입니다.,CHURN_EXCEEDS_OPEN|CONTRACT_END_HIGH|SALES_DECLINE,14.98,11.48,26.463,15.7
BRD_20120500005,디에떼에스프레소,2024,5,4,1,매출·구조,매출이 2년 연속 하락,"점포당 매출이 2022년 4,326만원에서 2024년 3,593만원까지 2년 내리 줄었습니다(누적 -16.9%).",SALES_DECLINE_STREAK|SALES_LOW_RANK|SALES_PER_AREA_DECLINE,14.91,15.24,30.149,17.8
BRD_20080100055,본스치킨,2024,2,1,0,계약,점주 교체가 잦습니다,"명의변경이 11건(9.9%)입니다. 점포는 유지되지만 운영자가 바뀌는 것으로, 폐점 직전 단계에서 자주 나타납니다.",NAME_CHANGE_HIGH,14.84,2.0,16.838,8.7
BRD_20170520,에이바우트커피,2024,4,2,0,계약·구조,중도 해지가 많습니다,계약 기간을 채우지 못하고 중도 해지한 가맹점이 3개(5.9%)입니다. 만기 종료와 달리 중도 해지는 점주가 손실을 감수하고 나가는 것이라 수익성 악화 신호로 봅니다.,CANCEL_HIGH|REGION_CONCENTRATION,14.77,7.82,22.587,13.0
BRD_20080200049,사바사바치킨&비어,2024,4,3,0,재무·구조,본부가 완전자본잠식 상태입니다,"(주)마세다린의 2017년 자본총계가 -8억원으로 마이너스입니다. 부채가 자산을 넘어선 상태로, 본부가 물류·판촉·신규출점 지원을 계속할 수 있을지 확인해야 합니다. 다만 확보된 가장 최근 결산이 2017년으로 7년 전 자료이므로, 현재 상태는 별도 확인이 필요합니다.",HQ_EQUITY_NEGATIVE|HQ_OPERATING_LOSS|SMALL_SCALE,14.7,4.66,19.364,10.3
BRD_20170356,보돌미역,2024,2,1,0,계약,중도 해지가 많습니다,계약 기간을 채우지 못하고 중도 해지한 가맹점이 4개(8.7%)입니다. 만기 종료와 달리 중도 해지는 점주가 손실을 감수하고 나가는 것이라 수익성 악화 신호로 봅니다.,CANCEL_HIGH,14.63,5.92,20.554,11.4
BRD_20201728,호미스(HOMIES),2024,7,4,0,구조·계약,특정 지역에 몰려 있습니다,점포의 58.5%가 한 시·도에 몰려 있고 진출 지역은 5곳뿐입니다. 그 지역 상권이 흔들리면 브랜드 전체가 동시에 흔들립니다.,REGION_CONCENTRATION|NAME_CHANGE_HIGH|SMALL_SCALE,14.56,1.4,15.962,8.2
BRD_20190603,한뚝수육국밥,2024,7,6,1,성장·계약·매출·구조,3년 연속 감소,가맹점 수가 2021년 30개에서 2024년 22개까지 3년 내리 줄었습니다(누적 -26.7%). 한 해 부진이 아니라 추세로 굳어진 상태입니다.,STORE_DECLINE_STREAK|CONTRACT_END_HIGH|SALES_DECLINE,14.49,22.33,36.822,23.7
BRD_20080100324,북창동순두부,2024,3,2,0,계약,중도 해지가 많습니다,계약 기간을 채우지 못하고 중도 해지한 가맹점이 4개(5.4%)입니다. 만기 종료와 달리 중도 해지는 점주가 손실을 감수하고 나가는 것이라 수익성 악화 신호로 봅니다.,CANCEL_HIGH|CONTRACT_END_HIGH,14.42,7.91,22.333,12.8
BRD_20100500023,시루향기,2024,9,8,1,성장·계약·매출·구조,8년 연속 감소,가맹점 수가 2016년 82개에서 2024년 28개까지 8년 내리 줄었습니다(누적 -65.9%). 한 해 부진이 아니라 추세로 굳어진 상태입니다.,STORE_DECLINE_STREAK|CHURN_EXCEEDS_OPEN|CONTRACT_END_HIGH,14.36,23.49,37.848,24.6
BRD_20110100490,맛닭꼬,2024,2,1,0,계약,중도 해지가 많습니다,계약 기간을 채우지 못하고 중도 해지한 가맹점이 10개(7.7%)입니다. 만기 종료와 달리 중도 해지는 점주가 손실을 감수하고 나가는 것이라 수익성 악화 신호로 봅니다.,CANCEL_HIGH,14.29,5.92,20.207,11.0
BRD_20080100061,네네치킨,2024,7,6,2,매출·성장·계약,매출이 2년 연속 하락,점포당 매출이 2022년 2.2억원에서 2024년 1.7억원까지 2년 내리 줄었습니다(누적 -21.4%).,SALES_DECLINE_STREAK|STORE_DECLINE_STREAK|CHURN_EXCEEDS_OPEN,14.22,22.64,36.852,23.9
BRD_20220232,커피나인,2024,4,1,0,구조,가맹사업 업력이 짧습니다,"2022년에 가맹사업을 시작해 업력이 2년입니다. 초기 확장기에는 점포가 빠르게 늘지만, 첫 계약 만기가 돌아오는 시점에 이탈이 몰리는 경우가 많습니다.",YOUNG_BRAND,14.15,-5.92,8.226,4.0
BRD_20161219,역전할머니맥주1982,2024,3,3,0,재무·계약·매출,본부 매출이 줄었습니다,"(주)역전에프앤씨의 매출이 2022년 929억원에서 2023년 747억원으로 -19.5% 줄었습니다. 본부 매출은 대부분 가맹점에 넘기는 물품·로열티라, 가맹점 사정이 본부 장부에 먼저 잡힙니다.",HQ_REVENUE_DECLINE|NAME_CHANGE_HIGH|SALES_DECLINE,14.08,9.65,23.723,13.9
BRD_20190199,자연정가 양평해장국,2024,2,1,0,계약,점주 교체가 잦습니다,"명의변경이 7건(9.3%)입니다. 점포는 유지되지만 운영자가 바뀌는 것으로, 폐점 직전 단계에서 자주 나타납니다.",NAME_CHANGE_HIGH,14.01,2.0,16.005,8.3
BRD_20212334,포트캔커피 PORT CAN COFFEE,2024,5,3,1,계약·구조,중도 해지가 많습니다,계약 기간을 채우지 못하고 중도 해지한 가맹점이 14개(14.3%)입니다. 만기 종료와 달리 중도 해지는 점주가 손실을 감수하고 나가는 것이라 수익성 악화 신호로 봅니다.,CANCEL_HIGH|NAME_CHANGE_HIGH|YOUNG_BRAND,13.94,10.27,24.207,14.4
BRD_20170451,선비꼬마김밥,2024,4,2,0,매출,가맹점 평균매출이 떨어졌습니다,점포당 연매출이 2.2억원에서 2.0억원으로 -8.6% 줄었습니다. 같은 업종 중간값은 -3.3%입니다. 매출이 줄면 점주의 대출 상환 여력이 먼저 나빠집니다.,SALES_DECLINE|SALES_PER_AREA_DECLINE,13.87,-1.3,12.57,6.0
BRD_20170126,미카도스시,2024,5,2,0,계약,계약을 끝내는 가맹점이 많습니다,"2024년에 계약이 끝난 가맹점이 10개로, 연초 점포의 14.5%입니다. 일식 업종 상위 34%에 해당합니다. 업종 중간값은 0.0%입니다.",CONTRACT_END_HIGH|NAME_CHANGE_HIGH,13.8,-1.3,12.501,5.9
BRD_20080100201,간이역,2024,6,5,1,성장·계약·매출,8년 연속 감소,가맹점 수가 2016년 571개에서 2024년 349개까지 8년 내리 줄었습니다(누적 -38.9%). 한 해 부진이 아니라 추세로 굳어진 상태입니다.,STORE_DECLINE_STREAK|CHURN_EXCEEDS_OPEN|SALES_LOW_RANK,13.73,20.68,34.411,21.4
BRD_20200991,씨네마얼음맥주,2024,5,3,0,계약·구조,중도 해지가 많습니다,계약 기간을 채우지 못하고 중도 해지한 가맹점이 2개(6.2%)입니다. 만기 종료와 달리 중도 해지는 점주가 손실을 감수하고 나가는 것이라 수익성 악화 신호로 봅니다.,CANCEL_HIGH|NAME_CHANGE_HIGH|YOUNG_BRAND,13.66,4.66,18.324,9.4
BRD_20201484,리틀꼬마김밥,2024,4,1,0,계약,중도 해지가 많습니다,계약 기간을 채우지 못하고 중도 해지한 가맹점이 3개(6.8%)입니다. 만기 종료와 달리 중도 해지는 점주가 손실을 감수하고 나가는 것이라 수익성 악화 신호로 봅니다.,CANCEL_HIGH,13.59,-2.0,11.595,5.2
BRD_20171137,카페인중독,2024,4,1,0,계약,점주 교체가 잦습니다,"명의변경이 29건(18.0%)입니다. 점포는 유지되지만 운영자가 바뀌는 것으로, 폐점 직전 단계에서 자주 나타납니다.",NAME_CHANGE_HIGH,13.52,-5.92,7.602,3.8
BRD_20080100393,치킨뱅이,2024,6,5,1,성장·구조·매출,8년 연속 감소,가맹점 수가 2016년 89개에서 2024년 37개까지 8년 내리 줄었습니다(누적 -58.4%). 한 해 부진이 아니라 추세로 굳어진 상태입니다.,STORE_DECLINE_STREAK|REGION_CONCENTRATION|SALES_DECLINE,13.45,18.38,31.836,19.7
BRD_20190929,노브랜드 버거(No Brand Burger),2024,3,1,0,구조,가맹사업 업력이 짧습니다,"2020년에 가맹사업을 시작해 업력이 4년입니다. 초기 확장기에는 점포가 빠르게 늘지만, 첫 계약 만기가 돌아오는 시점에 이탈이 몰리는 경우가 많습니다.",YOUNG_BRAND,13.38,-5.92,7.463,3.7
BRD_20215857,마일로(MILO),2024,6,3,0,계약·구조,점주 교체가 잦습니다,"명의변경이 3건(11.5%)입니다. 점포는 유지되지만 운영자가 바뀌는 것으로, 폐점 직전 단계에서 자주 나타납니다.",NAME_CHANGE_HIGH|SMALL_SCALE|YOUNG_BRAND,13.31,-3.29,10.028,4.8
BRD_20090100499,미정국수0410,2024,5,3,1,성장·구조,4년 연속 감소,가맹점 수가 2020년 35개에서 2024년 17개까지 4년 내리 줄었습니다(누적 -51.4%). 한 해 부진이 아니라 추세로 굳어진 상태입니다.,STORE_DECLINE_STREAK|STORE_DECLINE|SMALL_SCALE,13.25,7.91,21.154,11.9
BRD_20180410,일품양평해장국,2024,5,3,0,계약,중도 해지가 많습니다,계약 기간을 채우지 못하고 중도 해지한 가맹점이 22개(7.8%)입니다. 만기 종료와 달리 중도 해지는 점주가 손실을 감수하고 나가는 것이라 수익성 악화 신호로 봅니다.,CANCEL_HIGH|CONTRACT_END_HIGH|NAME_CHANGE_HIGH,13.18,4.76,17.936,9.2
BRD_20140218,계림원누릉지통닭구이,2024,8,7,0,계약·구조·매출·성장,나가는 점포가 들어오는 점포보다 많습니다,2024년 신규 개점 7개에 견줘 계약종료·해지가 10개로 3개 더 많습니다. 순유출 상태입니다.,CHURN_EXCEEDS_OPEN|CONTRACT_END_HIGH|REGION_SHRINK,13.11,19.64,32.745,20.2
BRD_20200522,프레드피자,2024,4,2,0,계약·구조,계약을 끝내는 가맹점이 많습니다,"2024년에 계약이 끝난 가맹점이 30개로, 연초 점포의 21.9%입니다. 피자 업종 상위 25%에 해당합니다. 업종 중간값은 6.9%입니다.",CONTRACT_END_HIGH|YOUNG_BRAND,13.04,3.98,17.014,8.8
BRD_20200220,마라공방,2024,1,0,0,,특이 소견 없음,공시 지표에서 눈에 띄는 악화 신호가 확인되지 않았습니다.,,12.97,0.0,12.968,6.4
BRD_20080200002,두리아,2024,7,6,2,매출·성장·구조,가맹점 평균매출이 떨어졌습니다,"점포당 연매출이 1.5억원에서 6,742만원으로 -56.2% 줄었습니다. 같은 업종 중간값은 -1.3%입니다. 매출이 줄면 점주의 대출 상환 여력이 먼저 나빠집니다.",SALES_DECLINE|STORE_DECLINE_STREAK|SALES_LOW_RANK,12.9,22.64,35.534,22.6
BRD_20100300022,등뼈家,2024,2,1,0,구조,직영점을 줄이고 있습니다,직영점 비중이 100.0%에서 0.0%로 낮아졌습니다(76개 → 0개). 본부가 직접 운영하던 점포를 정리하는 것은 현금이 급할 때 나타나는 움직임입니다.,DIRECT_RATIO_DROP,12.83,2.0,14.826,7.5
BRD_20151039,60계,2024,3,2,0,계약·매출,점주 교체가 잦습니다,"명의변경이 79건(12.0%)입니다. 점포는 유지되지만 운영자가 바뀌는 것으로, 폐점 직전 단계에서 자주 나타납니다.",NAME_CHANGE_HIGH|SALES_DECLINE,12.76,0.0,12.76,6.3
BRD_20120300012,더웨이닝커피,2024,7,6,0,계약·구조·매출·성장,중도 해지가 많습니다,계약 기간을 채우지 못하고 중도 해지한 가맹점이 3개(7.0%)입니다. 만기 종료와 달리 중도 해지는 점주가 손실을 감수하고 나가는 것이라 수익성 악화 신호로 봅니다.,CANCEL_HIGH|REGION_CONCENTRATION|SALES_DECLINE,12.69,18.38,31.074,19.1
BRD_20150253,카페게이트,2024,3,2,0,계약,중도 해지가 많습니다,계약 기간을 채우지 못하고 중도 해지한 가맹점이 9개(6.7%)입니다. 만기 종료와 달리 중도 해지는 점주가 손실을 감수하고 나가는 것이라 수익성 악화 신호로 봅니다.,CANCEL_HIGH|NAME_CHANGE_HIGH,12.62,2.69,15.314,7.8
BRD_20090100126,스쿨푸드,2024,9,9,0,계약·재무·구조·성장,나가는 점포가 들어오는 점포보다 많습니다,2024년 신규 개점 4개에 견줘 계약종료·해지가 10개로 6개 더 많습니다. 순유출 상태입니다.,CHURN_EXCEEDS_OPEN|CONTRACT_END_HIGH|HQ_HIGH_LEVERAGE,12.55,24.05,36.603,23.4
BRD_20080100455,뽕잎사랑샤브칼국수보쌈냉면,2024,9,8,1,성장·계약·매출·구조,가맹점이 줄었습니다,2024년 가맹점이 24개에서 20개로 4개(-16.7%) 줄었습니다. 같은 기타 외식 업종의 중간값은 +0.0%입니다.,STORE_DECLINE|CHURN_EXCEEDS_OPEN|CONTRACT_END_HIGH,12.48,21.78,34.26,21.2
BRD_20080500053,노걸대,2024,5,2,0,계약·구조,계약을 끝내는 가맹점이 많습니다,"2024년에 계약이 끝난 가맹점이 5개로, 연초 점포의 12.8%입니다. 한식 업종 상위 40%에 해당합니다. 업종 중간값은 4.6%입니다.",CONTRACT_END_HIGH|REGION_CONCENTRATION,12.41,3.98,16.39,8.5
BRD_20090100037,종로김밥,2024,6,5,1,성장·계약·구조,8년 연속 감소,가맹점 수가 2016년 81개에서 2024년 42개까지 8년 내리 줄었습니다(누적 -48.1%). 한 해 부진이 아니라 추세로 굳어진 상태입니다.,STORE_DECLINE_STREAK|CHURN_EXCEEDS_OPEN|CONTRACT_END_HIGH,12.34,20.03,32.376,20.0
BRD_20080100396,JBD 본 종로빈대떡,2024,5,4,1,매출·구조,매출이 2년 연속 하락,"점포당 매출이 2022년 7,084만원에서 2024년 3,303만원까지 2년 내리 줄었습니다(누적 -53.4%).",SALES_DECLINE_STREAK|SALES_LOW_RANK|SALES_PER_AREA_DECLINE,12.27,15.24,27.514,16.4
BRD_20080400028,지정환피자,2024,3,2,0,계약·성장,중도 해지가 많습니다,계약 기간을 채우지 못하고 중도 해지한 가맹점이 3개(5.0%)입니다. 만기 종료와 달리 중도 해지는 점주가 손실을 감수하고 나가는 것이라 수익성 악화 신호로 봅니다.,CANCEL_HIGH|STORE_DECLINE_STREAK,12.21,11.4,23.604,13.7
BRD_20201443,라홍방 마라탕,2024,4,2,0,계약·구조,점주 교체가 잦습니다,"명의변경이 12건(9.6%)입니다. 점포는 유지되지만 운영자가 바뀌는 것으로, 폐점 직전 단계에서 자주 나타납니다.",NAME_CHANGE_HIGH|YOUNG_BRAND,12.14,0.0,12.136,5.5
BRD_20080200287,브레댄코(bread&amp;co.DAILY-NEW),2024,3,3,2,재무·계약,본부가 완전자본잠식 상태입니다,"(주)브레댄코의 2023년 자본총계가 -26억원으로 마이너스입니다. 부채가 자산을 넘어선 상태로, 본부가 물류·판촉·신규출점 지원을 계속할 수 있을지 확인해야 합니다.",HQ_EQUITY_NEGATIVE|HQ_OPERATING_LOSS|CONTRACT_END_HIGH,12.07,18.87,30.941,18.8
BRD_20191342,우리할매 떡볶이,2024,7,6,1,매출·계약·성장·구조,매출이 3년 연속 하락,점포당 매출이 2021년 3.6억원에서 2024년 3.1억원까지 3년 내리 줄었습니다(누적 -14.5%).,SALES_DECLINE_STREAK|CHURN_EXCEEDS_OPEN|STORE_DECLINE_STREAK,12.0,21.68,33.679,20.9
BRD_20190694,순대실록,2024,5,3,0,매출·구조,가맹점 평균매출이 떨어졌습니다,점포당 연매출이 6.7억원에서 5.9억원으로 -11.0% 줄었습니다. 같은 업종 중간값은 -3.5%입니다. 매출이 줄면 점주의 대출 상환 여력이 먼저 나빠집니다.,SALES_DECLINE|SALES_PER_AREA_DECLINE|SMALL_SCALE,11.93,4.66,16.59,8.6
BRD_20201631,커스텀커피,2024,6,4,0,계약·성장,중도 해지가 많습니다,계약 기간을 채우지 못하고 중도 해지한 가맹점이 10개(8.9%)입니다. 만기 종료와 달리 중도 해지는 점주가 손실을 감수하고 나가는 것이라 수익성 악화 신호로 봅니다.,CANCEL_HIGH|CHURN_EXCEEDS_OPEN|STORE_DECLINE,11.86,10.36,22.215,12.7
BRD_20080100208,새마을식당,2024,6,4,1,성장·계약,8년 연속 감소,가맹점 수가 2016년 167개에서 2024년 92개까지 8년 내리 줄었습니다(누적 -44.9%). 한 해 부진이 아니라 추세로 굳어진 상태입니다.,STORE_DECLINE_STREAK|CHURN_EXCEEDS_OPEN|CONTRACT_END_HIGH,11.79,13.23,25.016,14.9
BRD_20200279,삼환축산,2024,8,7,0,계약·성장·구조·매출,중도 해지가 많습니다,계약 기간을 채우지 못하고 중도 해지한 가맹점이 2개(6.5%)입니다. 만기 종료와 달리 중도 해지는 점주가 손실을 감수하고 나가는 것이라 수익성 악화 신호로 봅니다.,CANCEL_HIGH|NEW_OPEN_STALL|REGION_CONCENTRATION,11.72,18.81,30.534,18.2
BRD_20170774,싸다김밥,2024,3,0,0,,특이 소견 없음,공시 지표에서 눈에 띄는 악화 신호가 확인되지 않았습니다.,,11.65,-7.82,3.835,2.3
BRD_20080500012,5.5닭갈비,2024,6,5,1,매출·성장·계약,매출이 2년 연속 하락,"점포당 매출이 2022년 6,520만원에서 2024년 6,386만원까지 2년 내리 줄었습니다(누적 -2.0%).",SALES_DECLINE_STREAK|NEW_OPEN_STALL|SALES_LOW_RANK,11.58,19.23,30.813,18.5
BRD_20171244,크라운호프보리장인,2024,4,3,0,계약·매출,점주 교체가 잦습니다,"명의변경이 41건(9.0%)입니다. 점포는 유지되지만 운영자가 바뀌는 것으로, 폐점 직전 단계에서 자주 나타납니다.",NAME_CHANGE_HIGH|SALES_DECLINE|SALES_PER_AREA_DECLINE,11.51,4.66,16.174,8.4
BRD_20110300082,아웃닭,2024,4,3,1,계약·성장,중도 해지가 많습니다,계약 기간을 채우지 못하고 중도 해지한 가맹점이 8개(13.3%)입니다. 만기 종료와 달리 중도 해지는 점주가 손실을 감수하고 나가는 것이라 수익성 악화 신호로 봅니다.,CANCEL_HIGH|CHURN_EXCEEDS_OPEN|STORE_DECLINE,11.44,14.71,26.156,15.5
BRD_20120100399,디오니스,2024,4,3,0,계약·구조·성장,중도 해지가 많습니다,계약 기간을 채우지 못하고 중도 해지한 가맹점이 1개(6.2%)입니다. 만기 종료와 달리 중도 해지는 점주가 손실을 감수하고 나가는 것이라 수익성 악화 신호로 봅니다.,CANCEL_HIGH|SMALL_SCALE|STORE_DECLINE,11.37,9.65,21.018,11.8
BRD_20080200055,명인만두,2024,6,5,1,성장·계약·매출,5년 연속 감소,가맹점 수가 2019년 129개에서 2024년 87개까지 5년 내리 줄었습니다(누적 -32.6%). 한 해 부진이 아니라 추세로 굳어진 상태입니다.,STORE_DECLINE_STREAK|CHURN_EXCEEDS_OPEN|CONTRACT_END_HIGH,11.3,19.23,30.536,18.3
BRD_20190011,상상짬뽕,2024,7,6,2,매출·성장·계약·구조,매출이 4년 연속 하락,점포당 매출이 2020년 8.6억원에서 2024년 5.2억원까지 4년 내리 줄었습니다(누적 -39.0%).,SALES_DECLINE_STREAK|STORE_DECLINE_STREAK|CHURN_EXCEEDS_OPEN,11.23,25.07,36.305,23.1
BRD_20190734,잔잔,2024,5,3,0,매출·구조,가맹점 평균매출이 떨어졌습니다,점포당 연매출이 10.2억원에서 9.3억원으로 -9.0% 줄었습니다. 같은 업종 중간값은 -9.0%입니다. 매출이 줄면 점주의 대출 상환 여력이 먼저 나빠집니다.,SALES_DECLINE|SALES_PER_AREA_DECLINE|SMALL_SCALE,11.17,0.7,11.865,5.3
BRD_20213816,완미족발,2024,4,1,0,구조,가맹사업 업력이 짧습니다,"2021년에 가맹사업을 시작해 업력이 3년입니다. 초기 확장기에는 점포가 빠르게 늘지만, 첫 계약 만기가 돌아오는 시점에 이탈이 몰리는 경우가 많습니다.",YOUNG_BRAND,11.1,-5.92,5.174,2.7
BRD_20220057,철길부산집,2024,6,4,1,매출·계약·구조,매출이 2년 연속 하락,점포당 매출이 2022년 4.1억원에서 2024년 3.1억원까지 2년 내리 줄었습니다(누적 -24.2%).,SALES_DECLINE_STREAK|NAME_CHANGE_HIGH|SALES_PER_AREA_DECLINE,11.03,11.99,23.018,13.2
BRD_20212229,삼동소바,2024,4,1,0,구조,가맹사업 업력이 짧습니다,"2021년에 가맹사업을 시작해 업력이 3년입니다. 초기 확장기에는 점포가 빠르게 늘지만, 첫 계약 만기가 돌아오는 시점에 이탈이 몰리는 경우가 많습니다.",YOUNG_BRAND,10.96,-5.92,5.036,2.6
BRD_20170922,풍국면,2024,6,5,1,매출·계약·구조·성장,매출이 2년 연속 하락,점포당 매출이 2022년 3.9억원에서 2024년 3.1억원까지 2년 내리 줄었습니다(누적 -19.7%).,SALES_DECLINE_STREAK|CONTRACT_END_HIGH|SALES_PER_AREA_DECLINE,10.89,19.17,30.061,17.7
NAME:화통삼@외식,화통삼,2024,7,6,2,매출·성장·계약·구조,매출이 2년 연속 하락,점포당 매출이 2022년 2.6억원에서 2024년 2.2억원까지 2년 내리 줄었습니다(누적 -15.7%).,SALES_DECLINE_STREAK|STORE_DECLINE_STREAK|CANCEL_HIGH,10.82,24.16,34.975,22.0
BRD_20080600014,호식이두마리치킨,2024,3,2,0,계약,나가는 점포가 들어오는 점포보다 많습니다,2024년 신규 개점 61개에 견줘 계약종료·해지가 69개로 8개 더 많습니다. 순유출 상태입니다.,CHURN_EXCEEDS_OPEN|NAME_CHANGE_HIGH,10.75,6.59,17.34,8.9
BRD_20230178,카페만월경,2024,6,3,0,매출·계약·구조,업종 안에서 매출이 낮습니다,"점포당 매출 5,845만원은 커피 업종 하위 8% 수준입니다 (업종 중간값 1.5억원).",SALES_LOW_RANK|NAME_CHANGE_HIGH|YOUNG_BRAND,10.68,2.0,12.677,6.2
BRD_20090100067,야들리애,2024,7,6,0,계약·성장·구조,나가는 점포가 들어오는 점포보다 많습니다,2024년 신규 개점 1개에 견줘 계약종료·해지가 4개로 3개 더 많습니다. 순유출 상태입니다.,CHURN_EXCEEDS_OPEN|NEW_OPEN_STALL|STORE_DECLINE,10.61,16.74,27.352,16.2
BRD_20190058,포트리스,2024,2,1,0,구조,규모가 작습니다,"가맹점이 35개로, 점포 몇 곳만 이탈해도 브랜드 지표가 크게 흔들립니다. 충격을 흡수할 여력이 얇습니다.",SMALL_SCALE,10.54,2.0,12.538,6.0
BRD_20214362,월간맥주,2024,6,4,0,계약·구조·매출,중도 해지가 많습니다,계약 기간을 채우지 못하고 중도 해지한 가맹점이 3개(6.5%)입니다. 만기 종료와 달리 중도 해지는 점주가 손실을 감수하고 나가는 것이라 수익성 악화 신호로 봅니다.,CANCEL_HIGH|REGION_CONCENTRATION|SALES_DECLINE,10.47,10.27,20.74,11.7
BRD_20215019,빽보이피자,2024,4,2,0,계약·구조,점주 교체가 잦습니다,"명의변경이 26건(12.9%)입니다. 점포는 유지되지만 운영자가 바뀌는 것으로, 폐점 직전 단계에서 자주 나타납니다.",NAME_CHANGE_HIGH|YOUNG_BRAND,10.4,-3.98,6.426,3.4
BRD_20080500020,박가부대,2024,2,1,1,계약,중도 해지가 많습니다,계약 기간을 채우지 못하고 중도 해지한 가맹점이 15개(16.7%)입니다. 만기 종료와 달리 중도 해지는 점주가 손실을 감수하고 나가는 것이라 수익성 악화 신호로 봅니다.,CANCEL_HIGH,10.33,11.4,21.731,12.3
BRD_20080400025,다사랑,2024,2,1,0,성장,신규 출점이 멈췄습니다,신규 개점이 전년 13개에서 5개로 줄었습니다(기존 점포 대비 4.7%). 새로 들어오려는 점주가 끊기면 기존 점포의 이탈을 메울 방법이 없습니다.,NEW_OPEN_STALL,10.26,5.92,16.185,8.5
BRD_20200121,발도스커피(valdos coffee),2024,4,3,1,계약·구조,중도 해지가 많습니다,계약 기간을 채우지 못하고 중도 해지한 가맹점이 13개(15.7%)입니다. 만기 종료와 달리 중도 해지는 점주가 손실을 감수하고 나가는 것이라 수익성 악화 신호로 봅니다.,CANCEL_HIGH|NAME_CHANGE_HIGH|YOUNG_BRAND,10.19,13.63,23.821,14.1
BRD_20150790,자연임실치즈피자,2024,4,3,0,매출·구조,가맹점 평균매출이 떨어졌습니다,점포당 연매출이 2.6억원에서 2.2억원으로 -13.6% 줄었습니다. 같은 업종 중간값은 -1.0%입니다. 매출이 줄면 점주의 대출 상환 여력이 먼저 나빠집니다.,SALES_DECLINE|SALES_PER_AREA_DECLINE|SMALL_SCALE,10.12,8.46,18.589,9.5
BRD_20160493,하우돈곱창,2024,4,3,1,매출·계약·구조,매출이 2년 연속 하락,점포당 매출이 2022년 2.6억원에서 2024년 2.3억원까지 2년 내리 줄었습니다(누적 -11.1%).,SALES_DECLINE_STREAK|CONTRACT_END_HIGH|SMALL_SCALE,10.06,17.48,27.539,16.5
BRD_20110500023,천안옛날호두과자,2024,5,2,0,구조,특정 지역에 몰려 있습니다,점포의 71.0%가 한 시·도에 몰려 있고 진출 지역은 5곳뿐입니다. 그 지역 상권이 흔들리면 브랜드 전체가 동시에 흔들립니다.,REGION_CONCENTRATION|SMALL_SCALE,9.99,-1.3,8.687,4.2
BRD_20110100589,어처구니없는두릉도원북촌순두부,2024,2,0,0,,특이 소견 없음,공시 지표에서 눈에 띄는 악화 신호가 확인되지 않았습니다.,,9.92,-3.98,5.94,3.1
BRD_20190451,고향옥얼큰순대국,2024,6,4,0,구조·매출,특정 지역에 몰려 있습니다,점포의 67.5%가 한 시·도에 몰려 있고 진출 지역은 3곳뿐입니다. 그 지역 상권이 흔들리면 브랜드 전체가 동시에 흔들립니다.,REGION_CONCENTRATION|SALES_DECLINE|SALES_PER_AREA_DECLINE,9.85,5.34,15.19,7.8
BRD_20161261,황금코다리,2024,2,0,0,,특이 소견 없음,공시 지표에서 눈에 띄는 악화 신호가 확인되지 않았습니다.,,9.78,-3.98,5.802,3.1
BRD_20181008,김복남맥주,2024,4,2,0,계약·매출,점주 교체가 잦습니다,"명의변경이 18건(8.4%)입니다. 점포는 유지되지만 운영자가 바뀌는 것으로, 폐점 직전 단계에서 자주 나타납니다.",NAME_CHANGE_HIGH|SALES_DECLINE,9.71,0.0,9.709,4.4
BRD_20230159,카페프리헷,2024,6,4,0,매출·구조,업종 안에서 매출이 낮습니다,"점포당 매출 5,532만원은 커피 업종 하위 7% 수준입니다 (업종 중간값 1.5억원).",SALES_LOW_RANK|SALES_DECLINE|SALES_PER_AREA_DECLINE,9.64,5.34,14.982,7.7
BRD_20201402,강다짐,2024,5,4,0,매출·계약·구조,가맹점 평균매출이 떨어졌습니다,점포당 연매출이 2.5억원에서 2.2억원으로 -11.1% 줄었습니다. 같은 업종 중간값은 -3.3%입니다. 매출이 줄면 점주의 대출 상환 여력이 먼저 나빠집니다.,SALES_DECLINE|NAME_CHANGE_HIGH|SALES_PER_AREA_DECLINE,9.57,10.27,19.838,10.7
BRD_20170358,33떡볶이,2024,4,2,0,계약,계약을 끝내는 가맹점이 많습니다,"2024년에 계약이 끝난 가맹점이 33개로, 연초 점포의 18.9%입니다. 기타 외식 업종 상위 34%에 해당합니다. 업종 중간값은 9.5%입니다.",CONTRACT_END_HIGH|NAME_CHANGE_HIGH,9.5,2.69,12.193,5.6
BRD_20191034,긴자료코,2024,3,0,0,,특이 소견 없음,공시 지표에서 눈에 띄는 악화 신호가 확인되지 않았습니다.,,9.43,-7.82,1.616,1.5
BRD_20080100109,김가네,2024,7,6,1,성장·계약·매출,3년 연속 감소,가맹점 수가 2021년 464개에서 2024년 377개까지 3년 내리 줄었습니다(누적 -18.8%). 한 해 부진이 아니라 추세로 굳어진 상태입니다.,STORE_DECLINE_STREAK|CHURN_EXCEEDS_OPEN|CONTRACT_END_HIGH,9.36,18.93,28.297,16.9
BRD_20151228,막창도둑,2024,6,5,0,계약·성장·매출,나가는 점포가 들어오는 점포보다 많습니다,2024년 신규 개점 5개에 견줘 계약종료·해지가 12개로 7개 더 많습니다. 순유출 상태입니다.,CHURN_EXCEEDS_OPEN|NEW_OPEN_STALL|STORE_DECLINE_STREAK,9.29,15.24,24.532,14.6
BRD_20171233,남도술상,2024,5,3,0,구조·계약,특정 지역에 몰려 있습니다,점포의 61.0%가 한 시·도에 몰려 있고 진출 지역은 4곳뿐입니다. 그 지역 상권이 흔들리면 브랜드 전체가 동시에 흔들립니다.,REGION_CONCENTRATION|NAME_CHANGE_HIGH|SMALL_SCALE,9.22,4.66,13.885,7.0
BRD_20180249,청년피자,2024,7,5,0,계약·성장,중도 해지가 많습니다,계약 기간을 채우지 못하고 중도 해지한 가맹점이 28개(8.4%)입니다. 만기 종료와 달리 중도 해지는 점주가 손실을 감수하고 나가는 것이라 수익성 악화 신호로 봅니다.,CANCEL_HIGH|CHURN_EXCEEDS_OPEN|STORE_DECLINE_STREAK,9.15,10.97,20.122,11.0
BRD_20090100195,국수나무,2024,5,4,2,매출·성장·계약,매출이 2년 연속 하락,점포당 매출이 2022년 2.7억원에서 2024년 2.6억원까지 2년 내리 줄었습니다(누적 -5.1%).,SALES_DECLINE_STREAK|STORE_DECLINE_STREAK|CHURN_EXCEEDS_OPEN,9.08,23.68,32.768,20.3
BRD_20191016,삼첩분식,2024,6,6,1,재무·계약·성장·매출,감사의견 '한정',씨지에프(주)의 2023년 감사의견이 '한정'입니다. 적정의견이 아니라는 것은 재무제표 자체를 그대로 믿기 어렵다는 뜻입니다.,HQ_AUDIT_OPINION|CHURN_EXCEEDS_OPEN|STORE_DECLINE,9.02,22.33,31.344,19.3
BRD_20110500019,진성아구찜,2024,3,2,0,구조,특정 지역에 몰려 있습니다,점포의 74.2%가 한 시·도에 몰려 있고 진출 지역은 6곳뿐입니다. 그 지역 상권이 흔들리면 브랜드 전체가 동시에 흔들립니다.,REGION_CONCENTRATION|SMALL_SCALE,8.95,6.59,15.537,8.0
BRD_20190687,귀한족발,2024,4,2,0,계약,중도 해지가 많습니다,계약 기간을 채우지 못하고 중도 해지한 가맹점이 8개(8.2%)입니다. 만기 종료와 달리 중도 해지는 점주가 손실을 감수하고 나가는 것이라 수익성 악화 신호로 봅니다.,CANCEL_HIGH|NAME_CHANGE_HIGH,8.88,2.69,11.569,5.1
BRD_20201227,오복 오봉집,2024,5,4,2,계약·매출·구조,중도 해지가 많습니다,계약 기간을 채우지 못하고 중도 해지한 가맹점이 27개(12.7%)입니다. 만기 종료와 달리 중도 해지는 점주가 손실을 감수하고 나가는 것이라 수익성 악화 신호로 봅니다.,CANCEL_HIGH|SALES_DECLINE_STREAK|SALES_PER_AREA_DECLINE,8.81,21.34,30.149,17.8
BRD_20080100014,이디야커피,2024,5,4,0,계약·성장,나가는 점포가 들어오는 점포보다 많습니다,2024년 신규 개점 126개에 견줘 계약종료·해지가 369개로 243개 더 많습니다. 순유출 상태입니다.,CHURN_EXCEEDS_OPEN|CONTRACT_END_HIGH|STORE_DECLINE,8.74,11.57,20.307,11.2
BRD_20150189,카페봄봄,2024,6,5,1,매출·계약·성장,매출이 2년 연속 하락,점포당 매출이 2022년 1.8억원에서 2024년 1.7억원까지 2년 내리 줄었습니다(누적 -4.5%).,SALES_DECLINE_STREAK|CHURN_EXCEEDS_OPEN|NEW_OPEN_STALL,8.67,20.68,29.348,17.3
BRD_20161199,동근이숯불두마리치킨,2024,4,2,0,계약,중도 해지가 많습니다,계약 기간을 채우지 못하고 중도 해지한 가맹점이 13개(7.8%)입니다. 만기 종료와 달리 중도 해지는 점주가 손실을 감수하고 나가는 것이라 수익성 악화 신호로 봅니다.,CANCEL_HIGH|CONTRACT_END_HIGH,8.6,4.07,12.674,6.1
BRD_20080400030,임실N치즈피자,2024,8,7,2,매출·성장·계약·구조,가맹점 평균매출이 떨어졌습니다,"점포당 연매출이 1.1억원에서 4,775만원으로 -57.3% 줄었습니다. 같은 업종 중간값은 -1.0%입니다. 매출이 줄면 점주의 대출 상환 여력이 먼저 나빠집니다.",SALES_DECLINE|STORE_DECLINE_STREAK|CHURN_EXCEEDS_OPEN,8.53,25.28,33.807,21.1
BRD_20120100672,한스(HANS),2024,4,3,1,매출·구조·성장,매출이 3년 연속 하락,점포당 매출이 2021년 5.9억원에서 2024년 4.6억원까지 3년 내리 줄었습니다(누적 -22.1%).,SALES_DECLINE_STREAK|SMALL_SCALE|STORE_DECLINE,8.46,14.64,23.098,13.3
BRD_20141221,본죽&비빔밥,2024,4,2,1,매출,매출이 2년 연속 하락,점포당 매출이 2022년 3.9억원에서 2024년 3.3억원까지 2년 내리 줄었습니다(누적 -16.2%).,SALES_DECLINE_STREAK|SALES_PER_AREA_DECLINE,8.39,4.66,13.053,6.6
BRD_20213043,히스피(HISFFEE),2024,6,4,0,구조·매출,특정 지역에 몰려 있습니다,점포의 67.6%가 한 시·도에 몰려 있고 진출 지역은 5곳뿐입니다. 그 지역 상권이 흔들리면 브랜드 전체가 동시에 흔들립니다.,REGION_CONCENTRATION|SALES_DECLINE|SMALL_SCALE,8.32,5.34,13.664,6.9
BRD_20190227,롤링파스타,2024,2,1,0,계약,점주 교체가 잦습니다,"명의변경이 11건(8.7%)입니다. 점포는 유지되지만 운영자가 바뀌는 것으로, 폐점 직전 단계에서 자주 나타납니다.",NAME_CHANGE_HIGH,8.25,-2.0,6.255,3.3
BRD_20211774,육회바른연어,2024,5,3,1,매출·계약·구조,매출이 2년 연속 하락,점포당 매출이 2022년 7.1억원에서 2024년 6.4억원까지 2년 내리 줄었습니다(누적 -10.6%).,SALES_DECLINE_STREAK|NAME_CHANGE_HIGH|YOUNG_BRAND,8.18,11.4,19.582,10.5
BRD_20212140,스텔라떡볶이,2024,4,2,0,계약·구조,점주 교체가 잦습니다,"명의변경이 11건(11.2%)입니다. 점포는 유지되지만 운영자가 바뀌는 것으로, 폐점 직전 단계에서 자주 나타납니다.",NAME_CHANGE_HIGH|YOUNG_BRAND,8.11,-3.98,4.137,2.4
BRD_20080100087,김밥천국,2024,2,1,0,성장,2년 연속 감소,가맹점 수가 2022년 289개에서 2024년 284개까지 2년 내리 줄었습니다(누적 -1.7%). 한 해 부진이 아니라 추세로 굳어진 상태입니다.,STORE_DECLINE_STREAK,8.04,5.92,13.966,7.1
BRD_20161169,강순자옛맛김치찌개,2024,6,4,0,구조·계약·매출,특정 지역에 몰려 있습니다,점포의 59.3%가 한 시·도에 몰려 있고 진출 지역은 6곳뿐입니다. 그 지역 상권이 흔들리면 브랜드 전체가 동시에 흔들립니다.,REGION_CONCENTRATION|NAME_CHANGE_HIGH|SALES_DECLINE,7.98,6.59,14.566,7.4
BRD_20080100397,피자헛,2024,6,6,1,재무·계약·성장,본부가 영업적자입니다,한국피자헛(유)의 2023년 영업손익이 -45억원입니다. 영업이익률 -5.2%. 2년 연속입니다. 본업에서 돈을 벌지 못하는 상태라 가맹점 지원 여력이 줄어듭니다.,HQ_OPERATING_LOSS|CANCEL_HIGH|CHURN_EXCEEDS_OPEN,7.91,22.97,30.879,18.7
BRD_20210567,오늘도빙수,2024,6,3,0,계약·구조,점주 교체가 잦습니다,"명의변경이 3건(15.8%)입니다. 점포는 유지되지만 운영자가 바뀌는 것으로, 폐점 직전 단계에서 자주 나타납니다.",NAME_CHANGE_HIGH|SMALL_SCALE|YOUNG_BRAND,7.84,-3.29,4.55,2.6
BRD_20150811,디저트39,2024,7,7,1,매출·계약·재무·성장,매출이 3년 연속 하락,점포당 매출이 2021년 3.7억원에서 2024년 2.5억원까지 3년 내리 줄었습니다(누적 -34.3%).,SALES_DECLINE_STREAK|CHURN_EXCEEDS_OPEN|CONTRACT_END_HIGH,7.77,22.64,30.402,18.0
BRD_20191099,더맛있는족발보쌈,2024,3,1,0,매출,가맹점 평균매출이 떨어졌습니다,점포당 연매출이 11.4억원에서 11.1억원으로 -3.4% 줄었습니다. 같은 업종 중간값은 -3.5%입니다. 매출이 줄면 점주의 대출 상환 여력이 먼저 나빠집니다.,SALES_DECLINE,7.7,-2.0,5.701,3.0
BRD_20080200047,코리안바베큐,2024,4,3,1,성장·계약,8년 연속 감소,가맹점 수가 2016년 194개에서 2024년 100개까지 8년 내리 줄었습니다(누적 -48.5%). 한 해 부진이 아니라 추세로 굳어진 상태입니다.,STORE_DECLINE_STREAK|CHURN_EXCEEDS_OPEN|STORE_DECLINE,7.63,16.6,24.232,14.5
BRD_20201203,하삼동커피,2024,3,2,1,매출·계약,매출이 4년 연속 하락,점포당 매출이 2020년 2.4억원에서 2024년 2.1억원까지 4년 내리 줄었습니다(누적 -15.2%).,SALES_DECLINE_STREAK|NAME_CHANGE_HIGH,7.56,13.07,20.624,11.5
BRD_20200376,읍천리 382,2024,4,3,1,매출·계약·구조,매출이 3년 연속 하락,점포당 매출이 2021년 4.1억원에서 2024년 3.2억원까지 3년 내리 줄었습니다(누적 -23.8%).,SALES_DECLINE_STREAK|NAME_CHANGE_HIGH|YOUNG_BRAND,7.49,14.64,22.127,12.6
BRD_20160195,내가찜한닭,2024,7,6,2,매출·성장·구조,가맹점 평균매출이 떨어졌습니다,"점포당 연매출이 3.6억원에서 8,188만원으로 -77.0% 줄었습니다. 같은 업종 중간값은 -3.5%입니다. 매출이 줄면 점주의 대출 상환 여력이 먼저 나빠집니다.",SALES_DECLINE|STORE_DECLINE_STREAK|SALES_LOW_RANK,7.42,22.64,30.055,17.6
BRD_20200740,브런치앤다이닝37.5(Brunch&Dining37.5),2024,5,4,0,계약·성장·매출,중도 해지가 많습니다,계약 기간을 채우지 못하고 중도 해지한 가맹점이 6개(9.8%)입니다. 만기 종료와 달리 중도 해지는 점주가 손실을 감수하고 나가는 것이라 수익성 악화 신호로 봅니다.,CANCEL_HIGH|CHURN_EXCEEDS_OPEN|STORE_DECLINE,7.35,14.71,22.065,12.5
BRD_20090100498,한신포차,2024,3,1,0,계약,계약을 끝내는 가맹점이 많습니다,"2024년에 계약이 끝난 가맹점이 16개로, 연초 점포의 13.8%입니다. 한식 업종 상위 39%에 해당합니다. 업종 중간값은 4.6%입니다.",CONTRACT_END_HIGH,7.28,-2.0,5.285,2.8
BRD_20080100076,파파존스피자,2024,1,0,0,,특이 소견 없음,공시 지표에서 눈에 띄는 악화 신호가 확인되지 않았습니다.,,7.21,-3.98,3.236,1.9
BRD_20120100160,또봉이통닭,2024,5,4,1,매출·계약,가맹점 평균매출이 떨어졌습니다,점포당 연매출이 1.5억원에서 1.2억원으로 -20.2% 줄었습니다. 같은 업종 중간값은 -1.3%입니다. 매출이 줄면 점주의 대출 상환 여력이 먼저 나빠집니다.,SALES_DECLINE|CONTRACT_END_HIGH|NAME_CHANGE_HIGH,7.14,14.18,21.319,12.1
BRD_20151202,THE LITER (더리터),2024,4,4,2,재무·매출·계약·성장,감사의견 '한정',(주)더리터의 2023년 감사의견이 '한정'입니다. 적정의견이 아니라는 것은 재무제표 자체를 그대로 믿기 어렵다는 뜻입니다.,HQ_AUDIT_OPINION|SALES_DECLINE_STREAK|CHURN_EXCEEDS_OPEN,7.07,23.65,30.72,18.4
BRD_20090100349,우리집다음에맛있는집양평해장국,2024,5,4,0,계약·성장,나가는 점포가 들어오는 점포보다 많습니다,2024년 신규 개점 10개에 견줘 계약종료·해지가 15개로 5개 더 많습니다. 순유출 상태입니다.,CHURN_EXCEEDS_OPEN|CONTRACT_END_HIGH|STORE_DECLINE_STREAK,7.0,13.71,20.71,11.6
BRD_20181340,보배반점,2024,4,1,0,계약,점주 교체가 잦습니다,"명의변경이 21건(12.4%)입니다. 점포는 유지되지만 운영자가 바뀌는 것으로, 폐점 직전 단계에서 자주 나타납니다.",NAME_CHANGE_HIGH,6.93,-5.92,1.014,1.2
BRD_20080100243,본죽,2024,6,5,2,매출·성장·계약,매출이 2년 연속 하락,점포당 매출이 2022년 2.8억원에서 2024년 2.3억원까지 2년 내리 줄었습니다(누적 -19.7%).,SALES_DECLINE_STREAK|STORE_DECLINE_STREAK|CHURN_EXCEEDS_OPEN,6.87,22.33,29.194,17.3
BRD_20214429,NiceCaffeinClub(NCC),2024,6,3,0,구조,특정 지역에 몰려 있습니다,점포의 72.2%가 한 시·도에 몰려 있고 진출 지역은 6곳뿐입니다. 그 지역 상권이 흔들리면 브랜드 전체가 동시에 흔들립니다.,REGION_CONCENTRATION|SMALL_SCALE|YOUNG_BRAND,6.8,-0.6,6.196,3.3
BRD_20170182,79네수육국밥,2024,6,5,0,계약·매출·구조·성장,계약을 끝내는 가맹점이 많습니다,"2024년에 계약이 끝난 가맹점이 6개로, 연초 점포의 16.2%입니다. 기타 외식 업종 상위 40%에 해당합니다. 업종 중간값은 9.5%입니다.",CONTRACT_END_HIGH|NAME_CHANGE_HIGH|SALES_DECLINE,6.73,11.99,18.719,9.7
BRD_20130176,노랑통닭,2024,3,1,0,계약,점주 교체가 잦습니다,"명의변경이 98건(15.1%)입니다. 점포는 유지되지만 운영자가 바뀌는 것으로, 폐점 직전 단계에서 자주 나타납니다.",NAME_CHANGE_HIGH,6.66,-5.92,0.736,1.0
BRD_20151284,101번지 남산돈까스,2024,5,3,0,계약·구조,중도 해지가 많습니다,계약 기간을 채우지 못하고 중도 해지한 가맹점이 4개(11.1%)입니다. 만기 종료와 달리 중도 해지는 점주가 손실을 감수하고 나가는 것이라 수익성 악화 신호로 봅니다.,CANCEL_HIGH|DIRECT_RATIO_DROP|SMALL_SCALE,6.59,4.66,11.25,5.0
BRD_20130012,라라코스트(raracost),2024,8,7,3,계약·매출·성장,중도 해지가 많습니다,계약 기간을 채우지 못하고 중도 해지한 가맹점이 12개(12.9%)입니다. 만기 종료와 달리 중도 해지는 점주가 손실을 감수하고 나가는 것이라 수익성 악화 신호로 봅니다.,CANCEL_HIGH|SALES_DECLINE_STREAK|STORE_DECLINE_STREAK,6.52,26.15,32.669,20.1
BRD_20120100251,킹콩부대찌개,2024,7,6,1,성장·계약·매출,4년 연속 감소,가맹점 수가 2020년 141개에서 2024년 112개까지 4년 내리 줄었습니다(누적 -20.6%). 한 해 부진이 아니라 추세로 굳어진 상태입니다.,STORE_DECLINE_STREAK|CHURN_EXCEEDS_OPEN|CONTRACT_END_HIGH,6.45,22.37,28.822,17.1
BRD_20190599,애플꼬마김밥,2024,3,2,0,계약,중도 해지가 많습니다,계약 기간을 채우지 못하고 중도 해지한 가맹점이 12개(11.3%)입니다. 만기 종료와 달리 중도 해지는 점주가 손실을 감수하고 나가는 것이라 수익성 악화 신호로 봅니다.,CANCEL_HIGH|NAME_CHANGE_HIGH,6.38,6.59,12.971,6.5
BRD_20080200026,닭이봉춘천닭갈비,2024,4,3,0,계약·구조·성장,중도 해지가 많습니다,계약 기간을 채우지 못하고 중도 해지한 가맹점이 3개(10.0%)입니다. 만기 종료와 달리 중도 해지는 점주가 손실을 감수하고 나가는 것이라 수익성 악화 신호로 봅니다.,CANCEL_HIGH|SMALL_SCALE|STORE_DECLINE,6.31,9.65,15.956,8.1
BRD_20190216,명태어장,2024,3,1,1,매출,매출이 2년 연속 하락,점포당 매출이 2022년 4.1억원에서 2024년 3.9억원까지 2년 내리 줄었습니다(누적 -4.9%).,SALES_DECLINE_STREAK,6.24,7.82,14.057,7.2
BRD_20212066,역북집,2024,5,3,0,구조,특정 지역에 몰려 있습니다,점포의 94.3%가 한 시·도에 몰려 있고 진출 지역은 2곳뿐입니다. 그 지역 상권이 흔들리면 브랜드 전체가 동시에 흔들립니다.,REGION_CONCENTRATION|SMALL_SCALE|YOUNG_BRAND,6.17,3.39,9.558,4.4
BRD_20151210,깐깐한족발,2024,2,1,0,구조,규모가 작습니다,"가맹점이 29개로, 점포 몇 곳만 이탈해도 브랜드 지표가 크게 흔들립니다. 충격을 흡수할 여력이 얇습니다.",SMALL_SCALE,6.1,2.0,8.1,3.9
BRD_20141250,컴포즈커피(COMPOSE COFFEE),2024,3,1,0,계약,점주 교체가 잦습니다,"명의변경이 381건(16.1%)입니다. 점포는 유지되지만 운영자가 바뀌는 것으로, 폐점 직전 단계에서 자주 나타납니다.",NAME_CHANGE_HIGH,6.03,-5.92,0.112,0.8
BRD_20130100004,봉구스밥버거,2024,6,5,1,성장·계약·매출,8년 연속 감소,가맹점 수가 2016년 863개에서 2024년 473개까지 8년 내리 줄었습니다(누적 -45.2%). 한 해 부진이 아니라 추세로 굳어진 상태입니다.,STORE_DECLINE_STREAK|CHURN_EXCEEDS_OPEN|SALES_LOW_RANK,5.96,20.68,26.644,16.0
BRD_20150407,오투닭갈비&부대찌개,2024,5,4,0,계약·구조,계약을 끝내는 가맹점이 많습니다,"2024년에 계약이 끝난 가맹점이 4개로, 연초 점포의 12.5%입니다. 한식 업종 상위 40%에 해당합니다. 업종 중간값은 4.6%입니다.",CONTRACT_END_HIGH|REGION_CONCENTRATION|NAME_CHANGE_HIGH,5.89,12.57,18.469,9.4
BRD_20201343,포케올데이,2024,5,2,0,계약·구조,점주 교체가 잦습니다,"명의변경이 22건(19.1%)입니다. 점포는 유지되지만 운영자가 바뀌는 것으로, 폐점 직전 단계에서 자주 나타납니다.",NAME_CHANGE_HIGH|YOUNG_BRAND,5.83,-3.98,1.849,1.5
BRD_20191192,프랭크버거,2024,2,2,1,재무·계약,감사의견 '한정',(주)프랭크에프앤비의 2023년 감사의견이 '한정'입니다. 적정의견이 아니라는 것은 재무제표 자체를 그대로 믿기 어렵다는 뜻입니다.,HQ_AUDIT_OPINION|NAME_CHANGE_HIGH,5.76,13.07,18.821,9.8
BRD_20190497,정직유부,2024,1,0,0,,특이 소견 없음,공시 지표에서 눈에 띄는 악화 신호가 확인되지 않았습니다.,,5.69,0.0,5.687,2.9
BRD_20080100487,부어치킨,2024,5,3,0,매출·계약,가맹점 평균매출이 떨어졌습니다,점포당 연매출이 1.8억원에서 1.5억원으로 -16.1% 줄었습니다. 같은 업종 중간값은 -1.3%입니다. 매출이 줄면 점주의 대출 상환 여력이 먼저 나빠집니다.,SALES_DECLINE|NAME_CHANGE_HIGH|SALES_PER_AREA_DECLINE,5.62,4.66,10.279,4.9
BRD_20190037,정통집,2024,4,3,0,계약·성장,나가는 점포가 들어오는 점포보다 많습니다,2024년 신규 개점 4개에 견줘 계약종료·해지가 9개로 5개 더 많습니다. 순유출 상태입니다.,CHURN_EXCEEDS_OPEN|STORE_DECLINE|STORE_DECLINE_STREAK,5.55,13.15,18.694,9.6
BRD_20130452,유가네,2024,3,2,0,계약·매출,중도 해지가 많습니다,계약 기간을 채우지 못하고 중도 해지한 가맹점이 15개(7.5%)입니다. 만기 종료와 달리 중도 해지는 점주가 손실을 감수하고 나가는 것이라 수익성 악화 신호로 봅니다.,CANCEL_HIGH|SALES_DECLINE,5.48,7.82,13.294,6.7
BRD_20190794,족발신선생,2024,2,0,0,,특이 소견 없음,공시 지표에서 눈에 띄는 악화 신호가 확인되지 않았습니다.,,5.41,-3.98,1.433,1.3
BRD_20210211,제육대가,2024,8,7,1,계약·성장·매출·구조,중도 해지가 많습니다,계약 기간을 채우지 못하고 중도 해지한 가맹점이 14개(13.3%)입니다. 만기 종료와 달리 중도 해지는 점주가 손실을 감수하고 나가는 것이라 수익성 악화 신호로 봅니다.,CANCEL_HIGH|CHURN_EXCEEDS_OPEN|STORE_DECLINE_STREAK,5.34,20.73,26.072,15.5
BRD_20080300020,치킨신드롬,2024,1,0,0,,특이 소견 없음,공시 지표에서 눈에 띄는 악화 신호가 확인되지 않았습니다.,,5.27,0.0,5.27,2.8
BRD_20110100535,홍익돈까스,2024,2,1,0,매출,가맹점 평균매출이 떨어졌습니다,점포당 연매출이 7.7억원에서 7.2억원으로 -6.2% 줄었습니다. 같은 업종 중간값은 -6.2%입니다. 매출이 줄면 점주의 대출 상환 여력이 먼저 나빠집니다.,SALES_DECLINE,5.2,2.0,7.198,3.6
BRD_20100600076,남다른감자탕,2024,7,7,2,매출·성장·계약·재무,매출이 2년 연속 하락,점포당 매출이 2022년 6.2억원에서 2024년 6.2억원까지 2년 내리 줄었습니다(누적 -1.1%).,SALES_DECLINE_STREAK|STORE_DECLINE_STREAK|CANCEL_HIGH,5.13,26.31,31.447,19.5
BRD_20130100197,맛나감자탕,2024,3,2,0,성장,2년 연속 감소,가맹점 수가 2022년 75개에서 2024년 70개까지 2년 내리 줄었습니다(누적 -6.7%). 한 해 부진이 아니라 추세로 굳어진 상태입니다.,STORE_DECLINE_STREAK|STORE_DECLINE,5.06,6.59,11.653,5.3
BRD_20151296,백채,2024,2,1,0,계약,중도 해지가 많습니다,계약 기간을 채우지 못하고 중도 해지한 가맹점이 11개(6.1%)입니다. 만기 종료와 달리 중도 해지는 점주가 손실을 감수하고 나가는 것이라 수익성 악화 신호로 봅니다.,CANCEL_HIGH,4.99,5.92,10.914,4.9
BRD_20080100657,춘향골남원추어탕,2024,3,2,0,계약·구조,중도 해지가 많습니다,계약 기간을 채우지 못하고 중도 해지한 가맹점이 2개(5.9%)입니다. 만기 종료와 달리 중도 해지는 점주가 손실을 감수하고 나가는 것이라 수익성 악화 신호로 봅니다.,CANCEL_HIGH|SMALL_SCALE,4.92,7.82,12.739,6.2
BRD_20160924,강창구찹쌀진순대,2024,5,3,1,매출·계약·구조,매출이 2년 연속 하락,점포당 매출이 2022년 7.5억원에서 2024년 7.2억원까지 2년 내리 줄었습니다(누적 -3.7%).,SALES_DECLINE_STREAK|CONTRACT_END_HIGH|SMALL_SCALE,4.85,14.64,19.492,10.4
BRD_20170127,치킨플러스,2024,6,5,2,계약·성장,중도 해지가 많습니다,계약 기간을 채우지 못하고 중도 해지한 가맹점이 45개(15.7%)입니다. 만기 종료와 달리 중도 해지는 점주가 손실을 감수하고 나가는 것이라 수익성 악화 신호로 봅니다.,CANCEL_HIGH|STORE_DECLINE_STREAK|CHURN_EXCEEDS_OPEN,4.79,21.73,26.515,15.8
BRD_20080300005,장모님치킨,2024,3,2,0,구조·매출,특정 지역에 몰려 있습니다,점포의 96.3%가 한 시·도에 몰려 있고 진출 지역은 5곳뿐입니다. 그 지역 상권이 흔들리면 브랜드 전체가 동시에 흔들립니다.,REGION_CONCENTRATION|SALES_LOW_RANK,4.72,11.4,16.114,8.3
NAME:국수나무@외식,국수나무,2024,5,4,2,계약·성장,중도 해지가 많습니다,계약 기간을 채우지 못하고 중도 해지한 가맹점이 27개(13.8%)입니다. 만기 종료와 달리 중도 해지는 점주가 손실을 감수하고 나가는 것이라 수익성 악화 신호로 봅니다.,CANCEL_HIGH|STORE_DECLINE_STREAK|CHURN_EXCEEDS_OPEN,4.65,22.06,26.703,16.0
BRD_20160666,한마음정육식당,2024,5,3,0,계약·매출,계약을 끝내는 가맹점이 많습니다,"2024년에 계약이 끝난 가맹점이 15개로, 연초 점포의 12.1%입니다. 한식 업종 상위 41%에 해당합니다. 업종 중간값은 4.6%입니다.",CONTRACT_END_HIGH|SALES_DECLINE|SALES_PER_AREA_DECLINE,4.58,4.66,9.239,4.2
BRD_20080100233,용우동,2024,6,5,0,계약·성장,중도 해지가 많습니다,계약 기간을 채우지 못하고 중도 해지한 가맹점이 16개(9.4%)입니다. 만기 종료와 달리 중도 해지는 점주가 손실을 감수하고 나가는 것이라 수익성 악화 신호로 봅니다.,CANCEL_HIGH|CHURN_EXCEEDS_OPEN|NEW_OPEN_STALL,4.51,15.31,19.821,10.6
BRD_20171308,교동면옥,2024,3,1,0,계약,점주 교체가 잦습니다,"명의변경이 6건(11.1%)입니다. 점포는 유지되지만 운영자가 바뀌는 것으로, 폐점 직전 단계에서 자주 나타납니다.",NAME_CHANGE_HIGH,4.44,-2.0,2.441,1.6
BRD_20191049,탕화쿵푸마라탕,2024,3,0,0,,특이 소견 없음,공시 지표에서 눈에 띄는 악화 신호가 확인되지 않았습니다.,,4.37,-7.82,-3.447,0.4
BRD_20130100056,하남돼지집,2024,6,5,2,계약·매출·성장,중도 해지가 많습니다,계약 기간을 채우지 못하고 중도 해지한 가맹점이 23개(13.7%)입니다. 만기 종료와 달리 중도 해지는 점주가 손실을 감수하고 나가는 것이라 수익성 악화 신호로 봅니다.,CANCEL_HIGH|SALES_DECLINE_STREAK|CHURN_EXCEEDS_OPEN,4.3,22.33,26.628,15.9
BRD_20110600008,신전떡볶이,2024,8,7,1,매출·계약·성장,매출이 3년 연속 하락,점포당 매출이 2021년 2.9억원에서 2024년 2.5억원까지 3년 내리 줄었습니다(누적 -12.5%).,SALES_DECLINE_STREAK|CANCEL_HIGH|CHURN_EXCEEDS_OPEN,4.23,22.06,26.287,15.7
BRD_20100100377,깐부치킨,2024,5,4,0,계약·성장,나가는 점포가 들어오는 점포보다 많습니다,2024년 신규 개점 2개에 견줘 계약종료·해지가 19개로 17개 더 많습니다. 순유출 상태입니다.,CHURN_EXCEEDS_OPEN|NEW_OPEN_STALL|STORE_DECLINE,4.16,10.36,14.517,7.4
BRD_20180244,텐퍼센트스페셜티커피,2024,4,2,1,재무·계약,감사의견 '한정',(주)텐퍼센트커피의 2023년 감사의견이 '한정'입니다. 적정의견이 아니라는 것은 재무제표 자체를 그대로 믿기 어렵다는 뜻입니다.,HQ_AUDIT_OPINION|NAME_CHANGE_HIGH,4.09,5.92,10.013,4.7
NAME:달떡볶이@외식,달떡볶이,2024,3,1,0,계약,중도 해지가 많습니다,계약 기간을 채우지 못하고 중도 해지한 가맹점이 4개(7.0%)입니다. 만기 종료와 달리 중도 해지는 점주가 손실을 감수하고 나가는 것이라 수익성 악화 신호로 봅니다.,CANCEL_HIGH,4.02,2.0,6.019,3.2
BRD_20090100478,한촌설렁탕,2024,3,2,0,매출,가맹점 평균매출이 떨어졌습니다,점포당 연매출이 5.9억원에서 5.1억원으로 -12.9% 줄었습니다. 같은 업종 중간값은 -3.5%입니다. 매출이 줄면 점주의 대출 상환 여력이 먼저 나빠집니다.,SALES_DECLINE|SALES_PER_AREA_DECLINE,3.95,2.69,6.646,3.5
BRD_20080200019,투다리,2024,9,9,1,성장·계약·재무·매출,8년 연속 감소,"가맹점 수가 2016년 1,609개에서 2024년 1,292개까지 8년 내리 줄었습니다(누적 -19.7%). 한 해 부진이 아니라 추세로 굳어진 상태입니다.",STORE_DECLINE_STREAK|CHURN_EXCEEDS_OPEN|HQ_CAPITAL_IMPAIRED,3.88,25.1,28.984,17.1
BRD_20080200033,조마루감자탕,2024,5,4,2,매출·성장·계약,매출이 2년 연속 하락,점포당 매출이 2022년 3.5억원에서 2024년 3.2억원까지 2년 내리 줄었습니다(누적 -7.4%).,SALES_DECLINE_STREAK|STORE_DECLINE_STREAK|CHURN_EXCEEDS_OPEN,3.81,23.14,26.951,16.1
BRD_20080400001,아주커,2024,4,3,0,구조·계약·성장,특정 지역에 몰려 있습니다,점포의 63.2%가 한 시·도에 몰려 있고 진출 지역은 3곳뿐입니다. 그 지역 상권이 흔들리면 브랜드 전체가 동시에 흔들립니다.,REGION_CONCENTRATION|NAME_CHANGE_HIGH|STORE_DECLINE,3.74,9.65,13.39,6.8
BRD_20191191,몬스터커피,2024,2,0,0,,특이 소견 없음,공시 지표에서 눈에 띄는 악화 신호가 확인되지 않았습니다.,,3.68,-3.98,-0.301,0.8
BRD_20080200276,맥시칸치킨,2024,6,4,0,계약·성장,중도 해지가 많습니다,계약 기간을 채우지 못하고 중도 해지한 가맹점이 33개(7.6%)입니다. 만기 종료와 달리 중도 해지는 점주가 손실을 감수하고 나가는 것이라 수익성 악화 신호로 봅니다.,CANCEL_HIGH|CHURN_EXCEEDS_OPEN|STORE_DECLINE_STREAK,3.61,10.36,13.963,7.1
BRD_20140722,더벤티,2024,3,2,0,계약·매출,점주 교체가 잦습니다,"명의변경이 182건(16.1%)입니다. 점포는 유지되지만 운영자가 바뀌는 것으로, 폐점 직전 단계에서 자주 나타납니다.",NAME_CHANGE_HIGH|SALES_DECLINE,3.54,0.0,3.537,2.0
BRD_20150218,푸라닭,2024,3,2,0,재무·계약,본부 매출이 줄었습니다,"(주)아이더스에프앤비의 매출이 2022년 1,638억원에서 2023년 1,402억원으로 -14.4% 줄었습니다. 본부 매출은 대부분 가맹점에 넘기는 물품·로열티라, 가맹점 사정이 본부 장부에 먼저 잡힙니다.",HQ_REVENUE_DECLINE|NAME_CHANGE_HIGH,3.47,3.98,7.444,3.7
BRD_20200802,Blu Shaak(블루샥),2024,3,2,0,계약,중도 해지가 많습니다,계약 기간을 채우지 못하고 중도 해지한 가맹점이 16개(7.7%)입니다. 만기 종료와 달리 중도 해지는 점주가 손실을 감수하고 나가는 것이라 수익성 악화 신호로 봅니다.,CANCEL_HIGH|NAME_CHANGE_HIGH,3.4,6.59,9.989,4.6
BRD_20161159,매머드익스프레스(Mammoth Express),2024,3,1,0,계약,점주 교체가 잦습니다,"명의변경이 61건(9.7%)입니다. 점포는 유지되지만 운영자가 바뀌는 것으로, 폐점 직전 단계에서 자주 나타납니다.",NAME_CHANGE_HIGH,3.33,-2.0,1.332,1.2
BRD_20100100482,본도시락,2024,5,4,1,매출·계약·성장,매출이 3년 연속 하락,점포당 매출이 2021년 3.7억원에서 2024년 2.9억원까지 3년 내리 줄었습니다(누적 -21.5%).,SALES_DECLINE_STREAK|CHURN_EXCEEDS_OPEN|NEW_OPEN_STALL,3.26,18.81,22.073,12.6
BRD_20090400025,현대옥,2024,4,2,0,계약·매출,점주 교체가 잦습니다,"명의변경이 13건(8.4%)입니다. 점포는 유지되지만 운영자가 바뀌는 것으로, 폐점 직전 단계에서 자주 나타납니다.",NAME_CHANGE_HIGH|SALES_DECLINE,3.19,0.0,3.19,1.9
BRD_20180092,소플러스,2024,5,3,0,매출·구조,가맹점 평균매출이 떨어졌습니다,점포당 연매출이 28.2억원에서 26.2억원으로 -6.9% 줄었습니다. 같은 업종 중간값은 -3.5%입니다. 매출이 줄면 점주의 대출 상환 여력이 먼저 나빠집니다.,SALES_DECLINE|SALES_PER_AREA_DECLINE|SMALL_SCALE,3.12,0.7,3.821,2.2
BRD_20110100603,누구나홀딱반한닭,2024,1,0,0,,특이 소견 없음,공시 지표에서 눈에 띄는 악화 신호가 확인되지 않았습니다.,,3.05,0.0,3.051,1.8
BRD_20080100159,도미노피자,2024,1,0,0,,특이 소견 없음,공시 지표에서 눈에 띄는 악화 신호가 확인되지 않았습니다.,,2.98,-3.98,-0.994,0.6
BRD_20120100352,역전우동0410,2024,2,0,0,,특이 소견 없음,공시 지표에서 눈에 띄는 악화 신호가 확인되지 않았습니다.,,2.91,-7.82,-4.903,0.2
BRD_20130249,설빙,2024,2,1,0,매출,가맹점 평균매출이 떨어졌습니다,점포당 연매출이 4.5억원에서 4.2억원으로 -6.7% 줄었습니다. 같은 업종 중간값은 +12.9%입니다. 매출이 줄면 점주의 대출 상환 여력이 먼저 나빠집니다.,SALES_DECLINE,2.84,-2.0,0.846,1.1
BRD_20100100453,토마토김밥,2024,4,3,1,매출·계약·성장,매출이 4년 연속 하락,점포당 매출이 2020년 4.0억원에서 2024년 3.2억원까지 4년 내리 줄었습니다(누적 -20.9%).,SALES_DECLINE_STREAK|CHURN_EXCEEDS_OPEN|STORE_DECLINE,2.77,17.48,20.257,11.1
BRD_20141019,반올림피자,2024,3,2,1,매출·계약,매출이 3년 연속 하락,점포당 매출이 2021년 5.6억원에서 2024년 4.1억원까지 3년 내리 줄었습니다(누적 -27.5%).,SALES_DECLINE_STREAK|NAME_CHANGE_HIGH,2.7,9.65,12.35,5.8
BRD_20130100052,공차,2024,3,2,1,매출·계약,매출이 2년 연속 하락,점포당 매출이 2022년 3.2억원에서 2024년 2.7억원까지 2년 내리 줄었습니다(누적 -13.8%).,SALES_DECLINE_STREAK|NAME_CHANGE_HIGH,2.64,9.65,12.281,5.7
BRD_20120600009,피자스쿨,2024,1,0,0,,특이 소견 없음,공시 지표에서 눈에 띄는 악화 신호가 확인되지 않았습니다.,,2.57,0.0,2.566,1.7
BRD_20080200150,지호한방삼계탕,2024,2,1,0,구조,진출 지역이 줄었습니다,영업 중인 시·도가 10곳에서 8곳으로 2곳 줄었습니다. 특정 지역에서 통째로 철수했다는 뜻입니다.,REGION_SHRINK,2.5,5.92,8.418,4.1
BRD_20160884,마왕족발,2024,5,4,1,매출·계약·성장,매출이 2년 연속 하락,점포당 매출이 2022년 4.8억원에서 2024년 3.9억원까지 2년 내리 줄었습니다(누적 -17.5%).,SALES_DECLINE_STREAK|CHURN_EXCEEDS_OPEN|STORE_DECLINE_STREAK,2.43,20.31,22.734,13.1
BRD_20080100646,앤티앤스,2024,4,3,0,계약·성장,나가는 점포가 들어오는 점포보다 많습니다,2024년 신규 개점 9개에 견줘 계약종료·해지가 24개로 15개 더 많습니다. 순유출 상태입니다.,CHURN_EXCEEDS_OPEN|STORE_DECLINE|STORE_DECLINE_STREAK,2.36,9.73,12.093,5.5
BRD_20110500053,이비가짬뽕,2024,3,3,2,재무·성장·매출,감사의견 '한정',(주)이비가푸드의 2023년 감사의견이 '한정'입니다. 적정의견이 아니라는 것은 재무제표 자체를 그대로 믿기 어렵다는 뜻입니다.,HQ_AUDIT_OPINION|STORE_DECLINE_STREAK|SALES_DECLINE,2.29,20.99,23.279,13.5
BRD_20080200112,씨에프숯불바베큐치킨,2024,4,3,0,매출·구조·성장,업종 안에서 매출이 낮습니다,"점포당 매출 5,311만원은 치킨 업종 하위 10% 수준입니다 (업종 중간값 1.8억원).",SALES_LOW_RANK|SMALL_SCALE|STORE_DECLINE,2.22,9.65,11.865,5.4
BRD_20130100358,버거킹(Burger King),2024,2,1,0,성장,신규 출점이 멈췄습니다,신규 개점이 전년 13개에서 5개로 줄었습니다(기존 점포 대비 3.8%). 새로 들어오려는 점주가 끊기면 기존 점포의 이탈을 메울 방법이 없습니다.,NEW_OPEN_STALL,2.15,2.0,4.147,2.4
BRD_20161188,이태리부대찌개,2024,4,3,0,매출·구조,가맹점 평균매출이 떨어졌습니다,점포당 연매출이 4.0억원에서 3.6억원으로 -8.7% 줄었습니다. 같은 업종 중간값은 -3.5%입니다. 매출이 줄면 점주의 대출 상환 여력이 먼저 나빠집니다.,SALES_DECLINE|SALES_PER_AREA_DECLINE|SMALL_SCALE,2.08,4.66,6.742,3.5
BRD_20080100180,또래오래,2024,4,3,1,성장·계약,8년 연속 감소,가맹점 수가 2016년 790개에서 2024년 527개까지 8년 내리 줄었습니다(누적 -33.3%). 한 해 부진이 아니라 추세로 굳어진 상태입니다.,STORE_DECLINE_STREAK|CHURN_EXCEEDS_OPEN|STORE_DECLINE,2.01,16.6,18.614,9.6
BRD_20160835,얌샘김밥,2024,5,4,0,계약·재무,나가는 점포가 들어오는 점포보다 많습니다,2024년 신규 개점 30개에 견줘 계약종료·해지가 34개로 4개 더 많습니다. 순유출 상태입니다.,CHURN_EXCEEDS_OPEN|CONTRACT_END_HIGH|HQ_HIGH_LEVERAGE,1.94,10.36,12.298,5.8
BRD_20090100504,아비꼬,2024,4,2,0,계약,계약을 끝내는 가맹점이 많습니다,"2024년에 계약이 끝난 가맹점이 12개로, 연초 점포의 12.6%입니다. 기타 외식 업종 상위 45%에 해당합니다. 업종 중간값은 9.5%입니다.",CONTRACT_END_HIGH|NAME_CHANGE_HIGH,1.87,-1.3,0.573,0.9
BRD_20080500019,원할머니,2024,6,5,1,성장·계약,3년 연속 감소,가맹점 수가 2021년 328개에서 2024년 278개까지 3년 내리 줄었습니다(누적 -15.2%). 한 해 부진이 아니라 추세로 굳어진 상태입니다.,STORE_DECLINE_STREAK|CANCEL_HIGH|CHURN_EXCEEDS_OPEN,1.8,19.29,21.094,11.9
BRD_20150828,샐러디,2024,2,1,0,계약,점주 교체가 잦습니다,"명의변경이 41건(12.7%)입니다. 점포는 유지되지만 운영자가 바뀌는 것으로, 폐점 직전 단계에서 자주 나타납니다.",NAME_CHANGE_HIGH,1.73,2.0,3.731,2.1
BRD_20090300004,7번가피자,2024,4,3,1,성장·계약,3년 연속 감소,가맹점 수가 2021년 228개에서 2024년 191개까지 3년 내리 줄었습니다(누적 -16.2%). 한 해 부진이 아니라 추세로 굳어진 상태입니다.,STORE_DECLINE_STREAK|CHURN_EXCEEDS_OPEN|STORE_DECLINE,1.66,16.6,18.268,9.3
BRD_20140475,자담치킨,2024,3,2,0,계약,중도 해지가 많습니다,계약 기간을 채우지 못하고 중도 해지한 가맹점이 68개(9.9%)입니다. 만기 종료와 달리 중도 해지는 점주가 손실을 감수하고 나가는 것이라 수익성 악화 신호로 봅니다.,CANCEL_HIGH|NAME_CHANGE_HIGH,1.6,2.69,4.288,2.5
BRD_20080400035,신포우리만두,2024,3,2,0,계약·성장,나가는 점포가 들어오는 점포보다 많습니다,2024년 신규 개점 6개에 견줘 계약종료·해지가 10개로 4개 더 많습니다. 순유출 상태입니다.,CHURN_EXCEEDS_OPEN|STORE_DECLINE,1.53,7.82,9.341,4.3
BRD_20210705,우지커피(OOZYCOFFEE),2024,4,2,0,계약·구조,점주 교체가 잦습니다,"명의변경이 8건(8.2%)입니다. 점포는 유지되지만 운영자가 바뀌는 것으로, 폐점 직전 단계에서 자주 나타납니다.",NAME_CHANGE_HIGH|YOUNG_BRAND,1.46,0.0,1.456,1.4
BRD_20080200030,굽네치킨,2024,2,1,0,계약,점주 교체가 잦습니다,"명의변경이 136건(12.2%)입니다. 점포는 유지되지만 운영자가 바뀌는 것으로, 폐점 직전 단계에서 자주 나타납니다.",NAME_CHANGE_HIGH,1.39,-2.0,-0.61,0.7
BRD_20080100240,봉추찜닭,2024,5,4,1,성장·계약·매출,7년 연속 감소,가맹점 수가 2016년 165개에서 2024년 120개까지 7년 내리 줄었습니다(누적 -27.3%). 한 해 부진이 아니라 추세로 굳어진 상태입니다.,STORE_DECLINE_STREAK|CHURN_EXCEEDS_OPEN|SALES_DECLINE,1.32,17.94,19.257,10.2
BRD_20080100739,피자마루,2024,4,3,1,성장·계약,4년 연속 감소,가맹점 수가 2020년 628개에서 2024년 498개까지 4년 내리 줄었습니다(누적 -20.7%). 한 해 부진이 아니라 추세로 굳어진 상태입니다.,STORE_DECLINE_STREAK|CHURN_EXCEEDS_OPEN|STORE_DECLINE,1.25,13.63,14.875,7.6
BRD_20080100210,홍콩반점0410,2024,3,1,0,계약,점주 교체가 잦습니다,"명의변경이 24건(8.5%)입니다. 점포는 유지되지만 운영자가 바뀌는 것으로, 폐점 직전 단계에서 자주 나타납니다.",NAME_CHANGE_HIGH,1.18,-5.92,-4.742,0.3
BRD_20080100157,맘스터치,2024,3,1,0,계약,점주 교체가 잦습니다,"명의변경이 144건(10.2%)입니다. 점포는 유지되지만 운영자가 바뀌는 것으로, 폐점 직전 단계에서 자주 나타납니다.",NAME_CHANGE_HIGH,1.11,-5.92,-4.812,0.3
BRD_20080100430,미소야,2024,5,4,1,성장·계약,4년 연속 감소,가맹점 수가 2020년 205개에서 2024년 180개까지 4년 내리 줄었습니다(누적 -12.2%). 한 해 부진이 아니라 추세로 굳어진 상태입니다.,STORE_DECLINE_STREAK|CANCEL_HIGH|CHURN_EXCEEDS_OPEN,1.04,18.0,19.044,10.1
BRD_20080200106,처갓집양념치킨,2024,2,1,0,계약,점주 교체가 잦습니다,"명의변경이 118건(9.6%)입니다. 점포는 유지되지만 운영자가 바뀌는 것으로, 폐점 직전 단계에서 자주 나타납니다.",NAME_CHANGE_HIGH,0.97,2.0,2.968,1.7
BRD_20080100308,한솥,2024,3,2,0,매출,가맹점 평균매출이 떨어졌습니다,점포당 연매출이 4.6억원에서 4.1억원으로 -11.4% 줄었습니다. 같은 업종 중간값은 -3.5%입니다. 매출이 줄면 점주의 대출 상환 여력이 먼저 나빠집니다.,SALES_DECLINE|SALES_PER_AREA_DECLINE,0.9,2.69,3.594,2.1
BRD_20080600002,교촌치킨,2024,3,3,0,계약·재무,나가는 점포가 들어오는 점포보다 많습니다,2024년 신규 개점 12개에 견줘 계약종료·해지가 28개로 16개 더 많습니다. 순유출 상태입니다.,CHURN_EXCEEDS_OPEN|HQ_REVENUE_DECLINE|NAME_CHANGE_HIGH,0.83,11.99,12.824,6.4
BRD_20080300013,지코바양념치킨,2024,2,1,0,계약,점주 교체가 잦습니다,"명의변경이 89건(12.1%)입니다. 점포는 유지되지만 운영자가 바뀌는 것으로, 폐점 직전 단계에서 자주 나타납니다.",NAME_CHANGE_HIGH,0.76,-2.0,-1.234,0.6
BRD_20080100039,뚜레쥬르,2024,1,0,0,,특이 소견 없음,공시 지표에서 눈에 띄는 악화 신호가 확인되지 않았습니다.,,0.69,0.0,0.693,1.0
BRD_20080500016,던킨/던킨도너츠,2024,6,6,1,매출·계약·재무·성장,매출이 2년 연속 하락,점포당 매출이 2022년 3.7억원에서 2024년 3.4억원까지 2년 내리 줄었습니다(누적 -7.3%).,SALES_DECLINE_STREAK|CHURN_EXCEEDS_OPEN|HQ_OPERATING_LOSS,0.62,23.94,24.567,14.7
BRD_20080500031,이삭토스트,2024,5,4,0,계약·성장,나가는 점포가 들어오는 점포보다 많습니다,2024년 신규 개점 18개에 견줘 계약종료·해지가 41개로 23개 더 많습니다. 순유출 상태입니다.,CHURN_EXCEEDS_OPEN|NEW_OPEN_STALL|NAME_CHANGE_HIGH,0.55,12.57,13.129,6.7
BRD_20130100283,불닭발땡초동대문엽기떡볶이,2024,3,1,0,계약,점주 교체가 잦습니다,"명의변경이 55건(9.3%)입니다. 점포는 유지되지만 운영자가 바뀌는 것으로, 폐점 직전 단계에서 자주 나타납니다.",NAME_CHANGE_HIGH,0.49,-5.92,-5.436,0.1
BRD_20080500015,배스킨라빈스,2024,2,2,0,재무,본부가 영업적자입니다,비알코리아(주)의 2023년 영업손익이 -290억원입니다. 영업이익률 -4.1%. 본업에서 돈을 벌지 못하는 상태라 가맹점 지원 여력이 줄어듭니다.,HQ_OPERATING_LOSS|HQ_REVENUE_DECLINE,0.42,7.91,8.325,4.0
BRD_20080500035,페리카나,2024,5,5,2,재무·성장·계약,감사의견 '의견거절',(주)페리카나의 2023년 감사의견이 '의견거절'입니다. 적정의견이 아니라는 것은 재무제표 자체를 그대로 믿기 어렵다는 뜻입니다.,HQ_AUDIT_OPINION|STORE_DECLINE_STREAK|CHURN_EXCEEDS_OPEN,0.35,23.42,23.762,14.0
BRD_20090100502,빽다방,2024,3,1,0,계약,점주 교체가 잦습니다,"명의변경이 149건(10.3%)입니다. 점포는 유지되지만 운영자가 바뀌는 것으로, 폐점 직전 단계에서 자주 나타납니다.",NAME_CHANGE_HIGH,0.28,-5.92,-5.644,0.1
BRD_20160973,카페051(cafe051),2024,3,1,0,계약,점주 교체가 잦습니다,"명의변경이 30건(13.7%)입니다. 점포는 유지되지만 운영자가 바뀌는 것으로, 폐점 직전 단계에서 자주 나타납니다.",NAME_CHANGE_HIGH,0.21,-2.0,-1.789,0.5
BRD_20080100655,비에이치씨(BHC),2024,7,6,1,매출·계약·성장,매출이 3년 연속 하락,점포당 매출이 2021년 6.3억원에서 2024년 5.3억원까지 3년 내리 줄었습니다(누적 -16.3%).,SALES_DECLINE_STREAK|CANCEL_HIGH|CHURN_EXCEEDS_OPEN,0.14,19.64,19.777,10.5
BRD_20160858,두찜,2024,3,2,1,재무·계약,감사의견 '한정',(주)기영에프앤비의 2023년 감사의견이 '한정'입니다. 적정의견이 아니라는 것은 재무제표 자체를 그대로 믿기 어렵다는 뜻입니다.,HQ_AUDIT_OPINION|NAME_CHANGE_HIGH,0.07,9.65,9.715,4.5
