brand_id,year,brand_name,industry_major,industry_mid,n_stores,pd_1y,pd_raw,pd_rank_pct,risk_grade,factor1,factor1_shap,factor2,factor2_shap,factor3,factor3_shap
BRD_20201258,2024,동방축산,외식,한식,17.0,0.99001,0.5893352085458573,1.0,High,f_ind_contract_end_pct,0.45942,f_trd_sales_growth_mean,0.13429,f_trd_sales_growth_std,0.12521
BRD_20190883,2024,닭갈비클라쓰,외식,치킨,5.0,0.9900099930651872,0.5808826595252647,0.9993065187239945,High,f_ind_contract_end_pct,0.48939,f_struct_stores_per_region,0.26396,f_trd_store_growth_mean,0.15771
BRD_20150488,2024,개성집,외식,기타 외식,16.0,0.9900099861303745,0.5782772191245974,0.9986130374479889,High,f_ind_contract_end_pct,0.42912,f_struct_stores_per_region,0.25861,f_trd_store_growth_mean,0.16349
BRD_20190499,2024,용범이네인계동껍데기,외식,기타 외식,1.0,0.9900099791955617,0.5780447819099096,0.9979195561719834,High,f_ind_contract_end_pct,0.48501,f_struct_stores_per_region,0.33516,f_trd_store_growth_mean,0.11642
BRD_20191129,2024,두뽂스,외식,한식,4.0,0.9900099722607489,0.576473117907435,0.9972260748959778,High,f_ind_contract_end_pct,0.51055,f_struct_stores_per_region,0.32633,f_lvl_avg_sales_log,0.13552
BRD_20210248,2024,박봉구가래떡볶이,외식,분식,18.0,0.9900099653259362,0.5762645499591584,0.9965325936199723,High,f_ind_contract_end_pct,0.53642,f_struct_stores_per_region,0.27781,f_trd_store_growth_mean,0.15427
BRD_20170765,2024,비엔나커피하우스,외식,커피,17.0,0.9900099583911234,0.5752151469294944,0.9958391123439667,High,f_ind_contract_end_pct,0.64768,f_struct_stores_per_region,0.23816,f_trd_store_growth_mean,0.19503
BRD_20161120,2024,호수꼬치,외식,한식,12.0,0.9900099514563107,0.5747737722888491,0.9951456310679612,High,f_ind_contract_end_pct,0.50208,f_struct_stores_per_region,0.17059,f_lvl_avg_sales_log,0.13953
BRD_20190063,2024,One&Two깻잎두마리치킨,외식,치킨,11.0,0.9900099445214979,0.574128371269874,0.9944521497919556,High,f_ind_contract_end_pct,0.49795,f_struct_stores_per_region,0.19252,f_trd_store_growth_mean,0.1643
BRD_20130100132,2024,국사랑,외식,한식,20.0,0.9900099375866851,0.5739789296519784,0.9937586685159501,High,f_ind_contract_end_pct,0.47916,f_struct_stores_per_region,0.30565,f_trd_store_growth_mean,0.18204
BRD_20200398,2024,오늘술집 주다방,외식,주점,4.0,0.9900099306518724,0.5735264936937916,0.9930651872399445,High,f_ind_contract_end_pct,0.43556,f_struct_stores_per_region,0.35759,f_trd_store_growth_mean,0.11841
BRD_20190005,2024,뚱보집,외식,기타 외식,18.0,0.9900099237170596,0.5727396729478889,0.992371705963939,High,f_ind_contract_end_pct,0.48295,f_struct_stores_per_region,0.30681,f_trd_store_growth_mean,0.17764
BRD_20150706,2024,김양비어,외식,주점,5.0,0.9900099167822469,0.5722916996754822,0.9916782246879334,High,f_ind_contract_end_pct,0.44792,f_struct_stores_per_region,0.27369,f_trd_store_growth_mean,0.11871
BRD_20140920,2024,옥탑방오봉자싸롱,외식,주점,16.0,0.9900099098474341,0.5722916996754822,0.9909847434119279,High,f_ind_contract_end_pct,0.39629,f_struct_stores_per_region,0.34291,f_trd_store_growth_mean,0.10309
NAME:인정국물떡볶이@외식,2024,인정국물떡볶이,외식,기타 외식,8.0,0.9900099029126214,0.5717267798008634,0.9902912621359223,High,f_ind_contract_end_pct,0.40562,f_struct_stores_per_region,0.15337,f_lvl_avg_sales_log,0.11442
BRD_20200110,2024,일계양득,외식,기타 외식,1.0,0.9900098959778086,0.5717267798008634,0.9895977808599168,High,f_ind_contract_end_pct,0.4735,f_struct_stores_per_region,0.15659,f_lvl_avg_sales_log,0.13289
BRD_20200775,2024,덮밥90도씨,외식,한식,29.0,0.9900098890429958,0.5715365451377136,0.9889042995839112,High,f_ind_contract_end_pct,0.4445,f_struct_stores_per_region,0.24781,f_lvl_avg_sales_log,0.10979
BRD_20200553,2024,노상치킨,외식,치킨,44.0,0.9900098821081831,0.5715365451377136,0.9882108183079057,High,f_ind_contract_end_pct,0.41364,f_struct_stores_per_region,0.25829,f_lvl_avg_sales_log,0.13093
BRD_20200249,2024,신나게쌈빠찹쌀강정,외식,기타 외식,22.0,0.9900098751733704,0.5715365451377136,0.9875173370319001,High,f_ind_contract_end_pct,0.36672,f_struct_stores_per_region,0.23457,f_lvl_avg_sales_log,0.08564
BRD_20171503,2024,샌드리아,외식,기타 외식,31.0,0.9900098682385575,0.5715365451377136,0.9868238557558946,High,f_ind_contract_end_pct,0.40307,f_struct_stores_per_region,0.26923,f_lvl_avg_sales_log,0.13416
BRD_20160714,2024,안심치킨,외식,치킨,7.0,0.9900098613037448,0.5715365451377136,0.986130374479889,High,f_ind_contract_end_pct,0.42167,f_struct_stores_per_region,0.26245,f_lvl_avg_sales_log,0.13021
BRD_20170468,2024,쌀똑핫도그,외식,제과제빵,15.0,0.9900098543689321,0.5703977136614368,0.9854368932038835,High,f_ind_contract_end_pct,0.38009,f_struct_stores_per_region,0.31749,f_lvl_avg_sales_log,0.11821
BRD_20170711,2024,착한쭝식,외식,중식,12.0,0.9900098474341192,0.5703407991139376,0.984743411927878,High,f_ind_contract_end_pct,0.48625,f_struct_stores_per_region,0.33611,f_trd_store_growth_mean,0.12007
BRD_20180650,2024,열정분식소,외식,분식,2.0,0.9900098404993065,0.570312130627878,0.9840499306518724,High,f_ind_contract_end_pct,0.43946,f_struct_stores_per_region,0.24358,f_trd_store_growth_mean,0.15588
BRD_20190838,2024,원래는 치킨집을 할려고 했었다,외식,분식,20.0,0.9900098335644938,0.5701251363963428,0.9833564493758669,High,f_ind_contract_end_pct,0.34957,f_struct_stores_per_region,0.29743,f_trd_store_growth_mean,0.08464
BRD_20150050,2024,대독장,외식,한식,1.0,0.990009826629681,0.5698557187805193,0.9826629680998613,High,f_ind_contract_end_pct,0.43799,f_struct_stores_per_region,0.3372,f_trd_store_growth_mean,0.11751
BRD_20110100167,2024,커피홀(coffee hole),외식,커피,15.0,0.9900098196948682,0.5698169676714652,0.9819694868238558,High,f_ind_contract_end_pct,0.50553,f_struct_stores_per_region,0.34015,f_lvl_avg_sales_log,0.12526
BRD_20150519,2024,놀부옛날통닭,외식,치킨,2.0,0.9900098127600555,0.5696949480844944,0.9812760055478502,High,f_ind_contract_end_pct,0.41027,f_struct_stores_per_region,0.31073,f_lvl_avg_sales_log,0.14167
BRD_20200056,2024,동춘돌곱창,외식,한식,31.0,0.40000980582524276,0.5686352599562166,0.9805825242718447,High,f_ind_contract_end_pct,0.50121,f_struct_stores_per_region,0.20854,f_trd_sales_growth_std,0.10526
BRD_20161178,2024,리틀하노이(LittleHANOI),외식,기타 외국식,25.0,0.40000979889043,0.5686352599562166,0.9798890429958391,High,f_ind_contract_end_pct,0.41974,f_struct_stores_per_region,0.21769,f_trd_sales_growth_std,0.0962
BRD_20150449,2024,유가네한우곰탕,외식,한식,65.0,0.4000097919556172,0.5686352599562166,0.9791955617198336,High,f_ind_contract_end_pct,0.44273,f_struct_stores_per_region,0.20576,f_trd_sales_growth_std,0.1067
BRD_20200598,2024,사랑관,외식,주점,10.0,0.4000097850208045,0.5684446886172974,0.978502080443828,High,f_ind_contract_end_pct,0.45758,f_struct_stores_per_region,0.32397,f_trd_sales_growth_std,0.08945
BRD_20190292,2024,25센치,외식,일식,33.0,0.4000097780859917,0.5684446886172974,0.9778085991678225,High,f_ind_contract_end_pct,0.4054,f_struct_stores_per_region,0.29043,f_trd_sales_growth_std,0.10434
BRD_20190198,2024,무쏘,외식,한식,11.0,0.4000097711511789,0.5684446886172974,0.9771151178918169,High,f_ind_contract_end_pct,0.3804,f_struct_stores_per_region,0.29348,f_trd_store_growth_mean,0.09207
BRD_20150487,2024,만나고쪽갈비가,외식,한식,17.0,0.4000097642163662,0.5684446886172974,0.9764216366158114,High,f_ind_contract_end_pct,0.41369,f_struct_stores_per_region,0.26311,f_trd_store_growth_mean,0.0928
BRD_20201827,2024,양가네고기듬뿍김치찜,외식,한식,11.0,0.4000097572815534,0.5683481708777891,0.9757281553398058,High,f_ind_contract_end_pct,0.43064,f_struct_stores_per_region,0.1513,f_lvl_avg_sales_log,0.14015
BRD_20220257,2024,이십센치,외식,커피,11.0,0.40000975034674063,0.5682215745241771,0.9750346740638003,High,f_ind_contract_end_pct,0.47252,f_struct_stores_per_region,0.31815,f_lvl_avg_sales_log,0.13648
BRD_20190950,2024,일백집 서울포장마차,외식,주점,4.0,0.4000097434119279,0.5679092422236319,0.9743411927877947,High,f_ind_contract_end_pct,0.54277,f_struct_stores_per_region,0.18684,f_trd_store_growth_mean,0.11592
BRD_20211608,2024,카페미뇽,외식,제과제빵,18.0,0.40000973647711513,0.566857218675171,0.9736477115117892,High,f_ind_contract_end_pct,0.57815,f_struct_stores_per_region,0.38095,f_trd_store_growth_mean,0.16974
BRD_20211096,2024,해장쿡,외식,한식,11.0,0.4000097295423024,0.5663053084164854,0.9729542302357836,High,f_ind_contract_end_pct,0.43504,f_struct_stores_per_region,0.24892,f_lvl_avg_sales_log,0.11087
BRD_20090100465,2024,커핀그루나루,외식,커피,2.0,0.4000097226074896,0.5662761835597073,0.9722607489597781,High,f_ind_contract_end_pct,0.41393,f_struct_stores_per_region,0.24969,f_lvl_avg_sales_log,0.13942
BRD_20211458,2024,양호실떡볶이,외식,분식,10.0,0.40000971567267685,0.566241089435612,0.9715672676837726,High,f_ind_contract_end_pct,0.3481,f_struct_stores_per_region,0.23378,f_lvl_avg_sales_log,0.13114
BRD_20150989,2024,아딸,외식,분식,18.0,0.4000097087378641,0.5661553786001916,0.970873786407767,High,f_ind_contract_end_pct,0.52733,f_struct_stores_per_region,0.3646,f_lvl_avg_sales_log,0.12895
BRD_20201644,2024,에그벅,외식,기타 외식,13.0,0.40000970180305134,0.5659357050273048,0.9701803051317615,High,f_ind_contract_end_pct,0.53285,f_struct_stores_per_region,0.17436,f_trd_store_growth_mean,0.1306
BRD_20180240,2024,스푼필라프,외식,서양식,8.0,0.40000969486823856,0.5659357050273048,0.9694868238557559,High,f_ind_contract_end_pct,0.53814,f_struct_stores_per_region,0.23649,f_trd_store_growth_mean,0.13729
BRD_20190707,2024,웰돈까츠,외식,서양식,17.0,0.40000968793342584,0.5657448518459889,0.9687933425797504,High,f_ind_contract_end_pct,0.42444,f_struct_stores_per_region,0.25605,f_trd_store_growth_mean,0.12429
BRD_20210758,2024,보글지글,외식,기타 외식,0.0,0.40000968099861306,0.56557858799193,0.9680998613037448,High,f_ind_contract_end_pct,0.4165,f_struct_stores_per_region,0.20589,f_trd_store_growth_mean,0.10162
BRD_20140398,2024,슈퍼커피,외식,커피,10.0,0.4000096740638003,0.565409902776017,0.9674063800277393,High,f_ind_contract_end_pct,0.42251,f_struct_stores_per_region,0.24604,f_trd_store_growth_mean,0.16779
BRD_20170132,2024,바푸리pho베트남쌀국수,외식,기타 외식,2.0,0.40000966712898756,0.5649871023535883,0.9667128987517337,High,f_ind_contract_end_pct,0.5032,f_struct_stores_per_region,0.33191,f_trd_store_growth_mean,0.13888
BRD_20201240,2024,오늘은카레,외식,기타 외국식,20.0,0.4000096601941748,0.5646023535508253,0.9660194174757282,High,f_ind_contract_end_pct,0.39901,f_struct_stores_per_region,0.27939,f_trd_store_growth_mean,0.13956
BRD_20171384,2024,커피홀 베이커리,외식,제과제빵,18.0,0.400009653259362,0.5646023535508253,0.9653259361997226,High,f_ind_contract_end_pct,0.4888,f_struct_stores_per_region,0.34402,f_trd_store_growth_mean,0.12499
BRD_20170850,2024,꿀스커피GGUL'S COFFEE,외식,커피,10.0,0.4000096463245493,0.5646023535508253,0.9646324549237171,High,f_ind_contract_end_pct,0.46543,f_struct_stores_per_region,0.32757,f_trd_store_growth_mean,0.12871
BRD_20130100417,2024,본초불닭발,외식,한식,27.0,0.4000096393897365,0.5646023535508253,0.9639389736477115,High,f_ind_contract_end_pct,0.43752,f_struct_stores_per_region,0.32423,f_trd_store_growth_mean,0.1287
BRD_20214774,2024,킹치찌개찜,외식,한식,62.0,0.4000096324549237,0.5645959793406499,0.963245492371706,High,f_ind_contract_end_pct,0.52707,f_struct_stores_per_region,0.20921,f_lvl_avg_sales_log,0.10252
BRD_20211329,2024,옐로우스푼,외식,기타 외식,9.0,0.400009625520111,0.5645959793406499,0.9625520110957004,High,f_ind_contract_end_pct,0.41728,f_struct_stores_per_region,0.18632,f_lvl_avg_sales_log,0.11763
BRD_20211154,2024,죽도령,외식,한식,54.0,0.4000096185852982,0.5645959793406499,0.9618585298196949,High,f_ind_contract_end_pct,0.39273,f_struct_stores_per_region,0.1591,f_lvl_avg_sales_log,0.11224
BRD_20171553,2024,숙달돼지,외식,기타 외식,7.0,0.4000096116504855,0.5645631888049372,0.9611650485436893,High,f_ind_contract_end_pct,0.47877,f_struct_stores_per_region,0.33271,f_trd_store_growth_mean,0.14287
BRD_20220732,2024,98도씨 국밥,외식,기타 외식,39.0,0.4000096047156727,0.5644049904923519,0.9604715672676838,High,f_ind_contract_end_pct,0.34775,f_struct_stores_per_region,0.2359,f_lvl_avg_sales_log,0.11677
BRD_20214650,2024,순수빙떡,외식,아이스크림/빙수,31.0,0.4000095977808599,0.5644049904923519,0.9597780859916782,High,f_ind_contract_end_pct,0.40222,f_struct_stores_per_region,0.28961,f_lvl_avg_sales_log,0.11744
BRD_20213402,2024,바른국밥,외식,한식,19.0,0.4000095908460472,0.5644049904923519,0.9590846047156727,High,f_ind_contract_end_pct,0.37851,f_struct_stores_per_region,0.24597,f_lvl_avg_sales_log,0.10552
BRD_20210990,2024,통통회,외식,기타 외식,12.0,0.4000095839112344,0.5644049904923519,0.9583911234396671,High,f_ind_contract_end_pct,0.42956,f_struct_stores_per_region,0.2729,f_lvl_avg_sales_log,0.11751
BRD_20210937,2024,진탱 불곱창&불닭발,외식,한식,25.0,0.40000957697642164,0.5644049904923519,0.9576976421636616,High,f_ind_contract_end_pct,0.35219,f_struct_stores_per_region,0.23492,f_lvl_avg_sales_log,0.11578
BRD_20210926,2024,시카고부대찌개,외식,한식,37.0,0.4000095700416089,0.5644049904923519,0.957004160887656,High,f_ind_contract_end_pct,0.35914,f_struct_stores_per_region,0.21208,f_lvl_avg_sales_log,0.1038
BRD_20210847,2024,찐곱도리식당,외식,한식,9.0,0.40000956310679614,0.5644049904923519,0.9563106796116505,High,f_ind_contract_end_pct,0.37431,f_struct_stores_per_region,0.32109,f_lvl_avg_sales_log,0.12305
BRD_20210428,2024,덮밥.ZIP,외식,한식,34.0,0.40000955617198336,0.5644049904923519,0.955617198335645,High,f_ind_contract_end_pct,0.48448,f_struct_stores_per_region,0.29768,f_lvl_avg_sales_log,0.13918
BRD_20200969,2024,청년고기장수,외식,한식,48.0,0.40000954923717064,0.5643888122160637,0.9549237170596394,High,f_ind_contract_end_pct,0.46519,f_struct_stores_per_region,0.25083,f_trd_sales_growth_std,0.11572
BRD_20191432,2024,마선생마약국밥,외식,한식,68.0,0.40000954230235786,0.5643888122160637,0.9542302357836339,High,f_ind_contract_end_pct,0.53694,f_struct_stores_per_region,0.21134,f_trd_store_growth_std,0.09175
BRD_20181268,2024,치킨의민족,외식,치킨,8.0,0.4000095353675451,0.5643197149283444,0.9535367545076283,High,f_ind_contract_end_pct,0.45674,f_struct_stores_per_region,0.30172,f_trd_store_growth_mean,0.14591
BRD_20200159,2024,에그박스,외식,기타 외식,21.0,0.40000952843273235,0.5638439695371272,0.9528432732316228,High,f_ind_contract_end_pct,0.36036,f_struct_stores_per_region,0.25391,f_trd_store_growth_mean,0.10865
BRD_20190835,2024,에그셀런트,외식,패스트푸드,21.0,0.4000095214979196,0.5638347743744645,0.9521497919556172,High,f_ind_contract_end_pct,0.42634,f_struct_stores_per_region,0.24504,f_trd_store_growth_mean,0.12953
BRD_20210891,2024,가든쿡,외식,서양식,8.0,0.4000095145631068,0.5637647576933513,0.9514563106796117,High,f_ind_contract_end_pct,0.53654,f_struct_stores_per_region,0.25827,f_trd_store_growth_mean,0.11206
BRD_20210019,2024,볶찜,외식,한식,28.0,0.40000950762829407,0.56349119256467,0.9507628294036061,High,f_ind_contract_end_pct,0.45227,f_struct_stores_per_region,0.29481,f_trd_store_growth_mean,0.1043
BRD_20191218,2024,은하별,외식,서양식,16.0,0.4000095006934813,0.563394658432907,0.9500693481276006,High,f_ind_contract_end_pct,0.50877,f_struct_stores_per_region,0.21774,f_trd_store_growth_mean,0.13441
BRD_20190308,2024,타이거슈가(TIGER SUGAR),외식,음료 (커피 외),3.0,0.4000094937586685,0.5633107128570785,0.949375866851595,High,f_ind_contract_end_pct,0.59286,f_struct_stores_per_region,0.23282,f_trd_store_growth_mean,0.19017
BRD_20220780,2024,커피다스1리터,외식,커피,10.0,0.4000094868238558,0.5632616883720883,0.9486823855755895,High,f_ind_contract_end_pct,0.37254,f_struct_stores_per_region,0.3444,f_lvl_avg_sales_log,0.11955
BRD_20200686,2024,치교치밥&치킨,외식,기타 외식,64.0,0.400009479889043,0.5631118424734777,0.9479889042995839,High,f_ind_contract_end_pct,0.47872,f_struct_stores_per_region,0.23595,f_trd_store_growth_mean,0.14925
BRD_20200044,2024,갓샐러드&갓요거트,외식,기타 외국식,9.0,0.4000094729542303,0.5630510324659325,0.9472954230235784,High,f_ind_contract_end_pct,0.4886,f_struct_stores_per_region,0.29924,f_trd_store_growth_mean,0.14117
BRD_20160737,2024,스탠딩스테이크,외식,서양식,6.0,0.4000094660194175,0.5630510324659325,0.9466019417475728,High,f_ind_contract_end_pct,0.4691,f_struct_stores_per_region,0.26742,f_trd_store_growth_mean,0.14175
BRD_20130247,2024,이웃집소녀떡볶이,외식,분식,16.0,0.4000094590846047,0.5630510324659325,0.9459084604715673,High,f_ind_contract_end_pct,0.43345,f_struct_stores_per_region,0.31398,f_trd_store_growth_mean,0.15204
BRD_20200872,2024,행진푸드,외식,한식,19.0,0.400009452149792,0.5630178713182012,0.9452149791955617,High,f_ind_contract_end_pct,0.48528,f_struct_stores_per_region,0.19196,f_trd_store_growth_mean,0.14829
BRD_20150064,2024,김진철동래통닭,외식,치킨,7.0,0.4000094452149792,0.5629928744373071,0.9445214979195562,High,f_ind_contract_end_pct,0.50916,f_struct_stores_per_region,0.3549,f_trd_store_growth_mean,0.12741
BRD_20171544,2024,분식이더치킨,외식,분식,12.0,0.40000943828016644,0.5629207065908439,0.9438280166435506,High,f_ind_contract_end_pct,0.48226,f_struct_stores_per_region,0.24943,f_trd_store_growth_mean,0.15036
BRD_20160534,2024,킹콩쥬스엔커피,외식,음료 (커피 외),13.0,0.4000094313453537,0.5627686171283481,0.9431345353675451,High,f_ind_contract_end_pct,0.47725,f_struct_stores_per_region,0.28564,f_lvl_avg_sales_log,0.11991
BRD_20180941,2024,동명 카츠,외식,일식,44.0,0.40000942441054094,0.5626086043720161,0.9424410540915396,High,f_ind_contract_end_pct,0.46561,f_struct_stores_per_region,0.24239,f_trd_store_growth_mean,0.12727
BRD_20130100463,2024,킹오브떡볶이,외식,분식,6.0,0.40000941747572816,0.5624266212642629,0.941747572815534,High,f_ind_contract_end_pct,0.39727,f_struct_stores_per_region,0.30851,f_lvl_avg_sales_log,0.13519
BRD_20210552,2024,육만사,외식,한식,84.0,0.40000941054091543,0.5623791797649467,0.9410540915395285,High,f_ind_contract_end_pct,0.49531,f_lvl_avg_sales_log,0.17708,f_struct_stores_per_region,0.14495
BRD_20200704,2024,홍콩할매닭발명가,외식,한식,86.0,0.40000940360610265,0.5623791797649467,0.9403606102635229,High,f_ind_contract_end_pct,0.55295,f_lvl_avg_sales_log,0.22656,f_struct_stores_per_region,0.14627
BRD_20201249,2024,수유리혼밥왕,외식,한식,91.0,0.4000093966712899,0.5623431312034111,0.9396671289875174,High,f_ind_contract_end_pct,0.54611,f_lvl_avg_sales_log,0.18329,f_struct_stores_per_region,0.15975
BRD_20160217,2024,어머나생고기,외식,한식,0.0,0.40000938973647715,0.5621926992905719,0.9389736477115118,High,f_ind_contract_end_pct,0.49964,f_struct_stores_per_region,0.19724,f_trd_store_growth_mean,0.16177
BRD_20140262,2024,신불떡볶이,외식,분식,32.0,0.40000938280166437,0.5621926992905719,0.9382801664355063,High,f_ind_contract_end_pct,0.45304,f_struct_stores_per_region,0.2171,f_trd_store_growth_mean,0.15091
BRD_20160575,2024,도쿄스테이크,외식,기타 외식,4.0,0.4000093758668516,0.5621318608286423,0.9375866851595007,High,f_ind_contract_end_pct,0.45872,f_struct_stores_per_region,0.30799,f_trd_store_growth_mean,0.1486
BRD_20211652,2024,윤반장,외식,한식,27.0,0.40000936893203887,0.5618625738738942,0.9368932038834952,High,f_ind_contract_end_pct,0.43192,f_struct_stores_per_region,0.26565,f_trd_sales_growth_std,0.08635
BRD_20200756,2024,청년순대국,외식,한식,27.0,0.4000093619972261,0.5617645870113237,0.9361997226074896,High,f_ind_contract_end_pct,0.53236,f_struct_stores_per_region,0.34856,f_trd_store_growth_mean,0.10565
BRD_20180308,2024,서래왕차돌,외식,한식,10.0,0.40000935506241336,0.5617645870113237,0.9355062413314841,High,f_ind_contract_end_pct,0.4659,f_struct_stores_per_region,0.38328,f_trd_store_growth_mean,0.10902
BRD_20180162,2024,사계진미 숯불닭갈비,외식,한식,20.0,0.4000093481276006,0.5617645870113237,0.9348127600554785,High,f_ind_contract_end_pct,0.46836,f_struct_stores_per_region,0.35605,f_trd_store_growth_mean,0.12155
BRD_20151193,2024,아빠곰탕,외식,한식,5.0,0.4000093411927878,0.5617645870113237,0.934119278779473,High,f_ind_contract_end_pct,0.48192,f_struct_stores_per_region,0.3676,f_trd_store_growth_mean,0.10787
BRD_20140974,2024,미술관,외식,주점,9.0,0.4000093342579751,0.5617645870113237,0.9334257975034674,High,f_ind_contract_end_pct,0.38062,f_struct_stores_per_region,0.31416,f_trd_store_growth_mean,0.11183
BRD_20190495,2024,밀회관,외식,주점,21.0,0.4000093273231623,0.5615669267080807,0.9327323162274619,High,f_ind_contract_end_pct,0.48496,f_struct_stores_per_region,0.3729,f_trd_sales_growth_std,0.07807
BRD_20213039,2024,풍덕천 두꺼비집,외식,주점,27.0,0.4000093203883495,0.5614924653912634,0.9320388349514563,High,f_ind_contract_end_pct,0.55542,f_struct_stores_per_region,0.1801,f_trd_sales_growth_std,0.10994
BRD_20211133,2024,효자동설렁탕,외식,한식,30.0,0.4000093134535368,0.5614924653912634,0.9313453536754508,High,f_ind_contract_end_pct,0.49973,f_struct_stores_per_region,0.24312,f_trd_sales_growth_std,0.1067
BRD_20210513,2024,1992덮밥&짜글이,외식,한식,51.0,0.400009306518724,0.5614924653912634,0.9306518723994452,High,f_ind_contract_end_pct,0.53536,f_struct_stores_per_region,0.27268,f_trd_sales_growth_std,0.08963
BRD_20190889,2024,테그42(TEgg.42),외식,기타 외식,40.0,0.40000929958391124,0.5613854295723738,0.9299583911234397,High,f_ind_contract_end_pct,0.42906,f_struct_stores_per_region,0.31559,f_trd_store_growth_mean,0.12516
BRD_20180559,2024,밥통령,외식,한식,30.0,0.4000092926490985,0.5613854295723738,0.9292649098474342,High,f_ind_contract_end_pct,0.38892,f_struct_stores_per_region,0.33301,f_lvl_avg_sales_log,0.13279
BRD_20220322,2024,한식밥상,외식,한식,46.0,0.40000928571428573,0.5613011729809678,0.9285714285714286,High,f_ind_contract_end_pct,0.53806,f_struct_stores_per_region,0.28826,f_trd_sales_growth_std,0.11261
BRD_20220035,2024,제비파스타&리조또,외식,서양식,41.0,0.40000927877947295,0.5613011729809678,0.9278779472954231,High,f_ind_contract_end_pct,0.42607,f_struct_stores_per_region,0.31143,f_trd_sales_growth_std,0.0807
BRD_20210527,2024,1인삼겹 오빠삼,외식,한식,9.0,0.40000927184466023,0.5613011729809678,0.9271844660194175,High,f_ind_contract_end_pct,0.39571,f_struct_stores_per_region,0.27716,f_trd_sales_growth_std,0.08671
BRD_20220555,2024,더담덮밥,외식,한식,17.0,0.40000926490984745,0.5605464619701681,0.926490984743412,High,f_ind_contract_end_pct,0.44976,f_struct_stores_per_region,0.2561,f_lvl_avg_sales_log,0.13266
BRD_20213136,2024,유떡,외식,분식,13.0,0.40000925797503467,0.5605464619701681,0.9257975034674064,High,f_ind_contract_end_pct,0.39312,f_struct_stores_per_region,0.28861,f_lvl_avg_sales_log,0.13095
BRD_20180074,2024,김충기꽃삼겹,외식,한식,51.0,0.40000925104022195,0.560465489309814,0.9251040221914009,High,f_ind_contract_end_pct,0.52873,f_struct_stores_per_region,0.2411,f_trd_store_growth_mean,0.14157
BRD_20212815,2024,조타코,외식,기타 외국식,19.0,0.40000924410540917,0.5601491113004038,0.9244105409153953,High,f_ind_contract_end_pct,0.46382,f_struct_stores_per_region,0.26159,f_lvl_avg_sales_log,0.12856
BRD_20201895,2024,무쇠김치삼겹,외식,한식,22.0,0.40000923717059644,0.5600512648037613,0.9237170596393898,High,f_ind_contract_end_pct,0.64821,f_struct_stores_per_region,0.30092,f_trd_store_growth_std,0.08637
BRD_20200828,2024,두돈까스,외식,한식,9.0,0.3997187202439674,0.559984345772645,0.9230235783633842,High,f_ind_contract_end_pct,0.38419,f_struct_stores_per_region,0.28289,f_trd_store_growth_mean,0.1284
BRD_20180609,2024,유케야,외식,주점,10.0,0.3997187133091546,0.559984345772645,0.9223300970873787,High,f_ind_contract_end_pct,0.36383,f_struct_stores_per_region,0.25522,f_trd_store_growth_mean,0.12505
BRD_20220521,2024,대한마라,외식,중식,0.0,0.39894550925134725,0.5598175924186299,0.9216366158113731,High,f_ind_contract_end_pct,0.4119,f_struct_stores_per_region,0.20656,f_trd_store_growth_mean,0.10455
BRD_20212274,2024,타코아찌 타코야끼전문점,외식,일식,46.0,0.39805779243053035,0.5596261424035158,0.9209431345353676,High,f_ind_contract_end_pct,0.34824,f_struct_stores_per_region,0.28752,f_trd_store_growth_mean,0.09397
BRD_20211569,2024,피자웨이브,외식,피자,20.0,0.3980577854957176,0.5596261424035158,0.920249653259362,High,f_ind_contract_end_pct,0.33749,f_struct_stores_per_region,0.28993,f_trd_store_growth_mean,0.09459
BRD_20210819,2024,마몽로제떡볶이,외식,분식,37.0,0.39805777856090485,0.5596261424035158,0.9195561719833565,High,f_ind_contract_end_pct,0.41853,f_struct_stores_per_region,0.28194,f_trd_store_growth_mean,0.09546
BRD_20214020,2024,Egg2000,외식,기타 외식,59.0,0.3976032461888317,0.5595281161190222,0.9188626907073509,High,f_ind_contract_end_pct,0.44922,f_struct_stores_per_region,0.21783,f_lvl_avg_sales_log,0.13507
BRD_20151007,2024,동경야시장,외식,주점,2.0,0.39691818500221404,0.5593803723021178,0.9181692094313454,High,f_ind_contract_end_pct,0.45789,f_struct_stores_per_region,0.19129,f_trd_store_growth_mean,0.11665
BRD_20200326,2024,666 BURGER,외식,패스트푸드,20.0,0.3963381396248338,0.5592552769637115,0.9174757281553398,High,f_ind_contract_end_pct,0.4119,f_struct_stores_per_region,0.20656,f_trd_store_growth_mean,0.13405
BRD_20190332,2024,홍베이팡,외식,제과제빵,1.0,0.396338132690021,0.5592552769637115,0.9167822468793343,High,f_ind_contract_end_pct,0.42226,f_struct_stores_per_region,0.21112,f_trd_store_growth_mean,0.13203
BRD_20180759,2024,토스트카페마리,외식,제과제빵,17.0,0.3962077068282637,0.5592271498628102,0.9160887656033287,High,f_ind_contract_end_pct,0.43911,f_struct_stores_per_region,0.37172,f_trd_store_growth_mean,0.12429
BRD_20120100570,2024,미스터보쌈5379,외식,한식,15.0,0.3959254091446863,0.5591662689725896,0.9153952843273232,High,f_ind_contract_end_pct,0.40516,f_struct_stores_per_region,0.29735,f_trd_store_growth_mean,0.09483
BRD_20200878,2024,구삼짜글이,외식,한식,28.0,0.39545016118340925,0.5590637750124187,0.9147018030513177,High,f_ind_contract_end_pct,0.35313,f_struct_stores_per_region,0.27388,f_trd_store_growth_mean,0.13916
BRD_20200417,2024,한끼삼계탕,외식,한식,12.0,0.3954501542485965,0.5590637750124187,0.9140083217753121,High,f_ind_contract_end_pct,0.40624,f_struct_stores_per_region,0.28435,f_trd_store_growth_mean,0.1241
BRD_20190954,2024,이태리면가게,외식,서양식,17.0,0.39545014731378375,0.5590637750124187,0.9133148404993066,High,f_ind_contract_end_pct,0.38679,f_struct_stores_per_region,0.31347,f_trd_store_growth_mean,0.12516
BRD_20190156,2024,gre P&T,외식,분식,11.0,0.39545014037897097,0.5590637750124187,0.912621359223301,High,f_ind_contract_end_pct,0.41853,f_struct_stores_per_region,0.27952,f_trd_store_growth_mean,0.12498
BRD_20170305,2024,꽃찬찜닭,외식,기타 외식,4.0,0.3954501334441582,0.5590637750124187,0.9119278779472955,High,f_ind_contract_end_pct,0.40257,f_struct_stores_per_region,0.29979,f_trd_store_growth_mean,0.1248
BRD_20151034,2024,3883 팔도실비집,외식,주점,14.0,0.3949492697287934,0.5589557565711255,0.9112343966712899,High,f_ind_contract_end_pct,0.37344,f_struct_stores_per_region,0.28213,f_trd_store_growth_mean,0.09328
BRD_20211100,2024,유캔두잇,외식,기타 외식,57.0,0.39478664616961817,0.5589206854790009,0.9105409153952844,High,f_ind_contract_end_pct,0.48936,f_struct_stores_per_region,0.19904,f_lvl_avg_sales_log,0.10682
BRD_20180917,2024,피치랑,외식,피자,20.0,0.3945241725377169,0.5588640799889452,0.9098474341192788,High,f_ind_contract_end_pct,0.5135,f_struct_stores_per_region,0.35708,f_trd_store_growth_mean,0.14371
BRD_20220154,2024,달래해장,외식,한식,28.0,0.39449610106613203,0.5588580273854157,0.9091539528432733,High,f_ind_contract_end_pct,0.41852,f_struct_stores_per_region,0.24503,f_trd_sales_growth_std,0.09037
BRD_20220090,2024,꺼꾸잽이 초장집,외식,기타 외식,35.0,0.3936079746770934,0.5586664890398194,0.9084604715672677,High,f_ind_contract_end_pct,0.37764,f_struct_stores_per_region,0.30609,f_trd_sales_growth_std,0.09031
BRD_20210017,2024,일월육일,외식,주점,33.0,0.3936079677422807,0.5586664890398194,0.9077669902912622,High,f_ind_contract_end_pct,0.5133,f_struct_stores_per_region,0.40883,f_trd_sales_growth_std,0.08273
BRD_20130100431,2024,그램그램,외식,기타 외식,22.0,0.39263991125593106,0.558457712384073,0.9070735090152566,High,f_ind_contract_end_pct,0.48606,f_struct_stores_per_region,0.38983,f_trd_store_growth_std,0.09439
BRD_20141293,2024,크레이저커피(C.Razer Coffee),외식,커피,29.0,0.39220173968734595,0.5583632145902772,0.9063800277392511,High,f_ind_contract_end_pct,0.5902,f_struct_stores_per_region,0.21969,f_lvl_avg_sales_log,0.11651
BRD_20180004,2024,조선화로집,외식,한식,15.0,0.3913134046915516,0.5581038638372947,0.9056865464632455,High,f_ind_contract_end_pct,0.37237,f_struct_stores_per_region,0.35523,f_trd_store_growth_mean,0.11854
BRD_20171201,2024,치킨과 바람피자,외식,치킨,18.0,0.39131339775673885,0.557652938377517,0.90499306518724,High,f_ind_contract_end_pct,0.55486,f_struct_stores_per_region,0.19166,f_trd_store_growth_mean,0.13573
BRD_20221446,2024,파스타 흔,외식,서양식,24.0,0.39131339082192607,0.5576006701974315,0.9042995839112344,High,f_ind_contract_end_pct,0.48413,f_struct_stores_per_region,0.2437,f_lvl_avg_sales_log,0.11139
BRD_20210365,2024,꾸꾸삼겹,외식,한식,25.0,0.39131338388711334,0.5576006701974315,0.9036061026352289,High,f_ind_contract_end_pct,0.54944,f_struct_stores_per_region,0.30954,f_lvl_avg_sales_log,0.1111
BRD_20201202,2024,오태식해바라기치킨,외식,치킨,46.0,0.39131337695230056,0.5575415205408718,0.9029126213592233,High,f_ind_contract_end_pct,0.47001,f_struct_stores_per_region,0.17048,f_trd_store_growth_mean,0.14293
BRD_20211160,2024,을찌로국물떡볶이,외식,분식,55.0,0.3913133700174878,0.5573670991315502,0.9022191400832178,High,f_ind_contract_end_pct,0.55721,f_struct_stores_per_region,0.27082,f_lvl_avg_sales_log,0.14328
BRD_20211187,2024,파스타를 부탁해,외식,서양식,20.0,0.39131336308267506,0.557326274792066,0.9015256588072122,High,f_ind_contract_end_pct,0.39133,f_struct_stores_per_region,0.26016,f_lvl_avg_sales_log,0.10771
BRD_20201332,2024,79파운야드(79 FOUNYARD),외식,제과제빵,13.0,0.3913133561478623,0.5571776526392236,0.9008321775312067,High,f_ind_contract_end_pct,0.52757,f_struct_stores_per_region,0.28179,f_trd_store_growth_mean,0.15226
BRD_20212868,2024,수북국밥,외식,한식,22.0,0.3913133492130495,0.557038768692625,0.9001386962552012,High,f_ind_contract_end_pct,0.39725,f_struct_stores_per_region,0.27882,f_trd_sales_growth_std,0.08856
BRD_20190978,2024,한끼한죽,외식,한식,64.0,0.3913133422782368,0.5569550058666926,0.8994452149791956,Medium,f_ind_contract_end_pct,0.42255,f_struct_stores_per_region,0.20494,f_lvl_avg_sales_log,0.1085
BRD_20130100171,2024,한남동그집,외식,주점,59.0,0.391313335343424,0.556509869446322,0.8987517337031901,Medium,f_ind_contract_end_pct,0.51252,f_struct_stores_per_region,0.20448,f_trd_sales_growth_std,0.10268
BRD_20171421,2024,연안식당,외식,한식,14.0,0.39131332840861127,0.5561095752103197,0.8980582524271845,Medium,f_ind_contract_end_pct,0.53568,f_struct_stores_per_region,0.22237,f_trd_store_growth_mean,0.14908
BRD_20200997,2024,피자플래넷,외식,서양식,15.0,0.3913133214737985,0.5556384674051895,0.897364771151179,Medium,f_ind_contract_end_pct,0.45594,f_struct_stores_per_region,0.40459,f_trd_store_growth_mean,0.12816
BRD_20212206,2024,배통,외식,치킨,31.0,0.3913133145389857,0.5556167350725878,0.8966712898751734,Medium,f_ind_contract_end_pct,0.39007,f_struct_stores_per_region,0.33707,f_trd_store_growth_std,0.08624
BRD_20130417,2024,땡초우동,외식,주점,23.0,0.391313307604173,0.5555945157666959,0.8959778085991679,Medium,f_ind_contract_end_pct,0.44539,f_struct_stores_per_region,0.31115,f_lvl_n_stores,0.07653
BRD_20181300,2024,가락동리어카포차,외식,주점,3.0,0.3913133006693602,0.5553222642149809,0.8952843273231623,Medium,f_ind_contract_end_pct,0.43263,f_struct_stores_per_region,0.32283,f_trd_store_growth_mean,0.12283
BRD_20180953,2024,파파도나스,외식,제과제빵,8.0,0.39131329373454743,0.5553222642149809,0.8945908460471568,Medium,f_ind_contract_end_pct,0.41694,f_struct_stores_per_region,0.38472,f_trd_store_growth_mean,0.12342
BRD_20230971,2024,화평댁닭구이,외식,치킨,79.0,0.3913132867997347,0.5552621343545696,0.8938973647711512,Medium,f_ind_contract_end_pct,0.43861,f_struct_stores_per_region,0.20552,f_lvl_avg_sales_log,0.14076
BRD_20230132,2024,배무치숯불두마리치킨,외식,치킨,63.0,0.3913132798649219,0.5552621343545696,0.8932038834951457,Medium,f_ind_contract_end_pct,0.39561,f_struct_stores_per_region,0.18531,f_lvl_avg_sales_log,0.12427
BRD_20215410,2024,모락떡볶이,외식,분식,76.0,0.39131327293010915,0.5552621343545696,0.8925104022191401,Medium,f_ind_contract_end_pct,0.46811,f_struct_stores_per_region,0.1874,f_lvl_avg_sales_log,0.14769
BRD_20214596,2024,물회&회덮밥9900원,외식,일식,81.0,0.3913132659952964,0.5552621343545696,0.8918169209431346,Medium,f_ind_contract_end_pct,0.463,f_struct_stores_per_region,0.16241,f_lvl_avg_sales_log,0.13423
BRD_20214653,2024,효자동솥뚜껑삼겹살감자탕순대국,외식,한식,70.0,0.39131325906048364,0.5545907219850389,0.891123439667129,Medium,f_ind_contract_end_pct,0.51888,f_struct_stores_per_region,0.23954,f_trd_sales_growth_std,0.11252
NAME:국밥상회냉면@외식,2024,국밥상회&냉면,외식,한식,9.0,0.39131325212567086,0.5545647611330236,0.8904299583911235,Medium,f_ind_contract_end_pct,0.48489,f_struct_stores_per_region,0.1734,f_lvl_avg_sales_log,0.12667
BRD_20221447,2024,이바우국밥,외식,한식,56.0,0.39131324519085814,0.5545647611330236,0.8897364771151179,Medium,f_ind_contract_end_pct,0.45328,f_struct_stores_per_region,0.23527,f_lvl_avg_sales_log,0.14623
BRD_20212154,2024,부뚜막김치찜,외식,한식,58.0,0.39131323825604536,0.5545647611330236,0.8890429958391124,Medium,f_ind_contract_end_pct,0.40359,f_struct_stores_per_region,0.1998,f_lvl_avg_sales_log,0.11142
BRD_20211247,2024,아이엠도넛(IamDonut),외식,제과제빵,51.0,0.3913132313212326,0.5545647611330236,0.8883495145631068,Medium,f_ind_contract_end_pct,0.47277,f_struct_stores_per_region,0.24034,f_lvl_avg_sales_log,0.12414
BRD_20210454,2024,청담곱떡,외식,기타 외식,48.0,0.39131322438641986,0.5545647611330236,0.8876560332871013,Medium,f_ind_contract_end_pct,0.48057,f_struct_stores_per_region,0.19422,f_lvl_avg_sales_log,0.11293
BRD_20160521,2024,심봉사도로케,외식,제과제빵,50.0,0.3913132174516071,0.5545392512562343,0.8869625520110958,Medium,f_ind_contract_end_pct,0.61055,f_struct_stores_per_region,0.28703,f_lvl_avg_sales_log,0.1219
BRD_20220427,2024,월미당,외식,기타 외국식,41.0,0.39131321051679435,0.5544037864890631,0.8862690707350902,Medium,f_ind_contract_end_pct,0.64187,f_struct_stores_per_region,0.2882,f_trd_sales_growth_std,0.08864
BRD_20220797,2024,타타스베이글,외식,제과제빵,23.0,0.3913132035819816,0.5543988081532205,0.8855755894590847,Medium,f_ind_contract_end_pct,0.45483,f_struct_stores_per_region,0.3401,f_trd_sales_growth_std,0.06187
BRD_20210119,2024,돈기부여,외식,기타 외식,48.0,0.3913131966471688,0.5543988081532205,0.8848821081830791,Medium,f_ind_contract_end_pct,0.52838,f_struct_stores_per_region,0.27086,f_trd_store_growth_std,0.09082
BRD_20231111,2024,오름순돼국밥,외식,한식,25.0,0.39131318971235607,0.5543728451034734,0.8841886269070736,Medium,f_ind_contract_end_pct,0.37597,f_struct_stores_per_region,0.2341,f_lvl_avg_sales_log,0.11728
BRD_20230829,2024,수라섬 장칼국수,외식,한식,19.0,0.3913131827775433,0.5543728451034734,0.883495145631068,Medium,f_ind_contract_end_pct,0.379,f_struct_stores_per_region,0.29215,f_lvl_avg_sales_log,0.11627
BRD_20230482,2024,밥스틸러 김치찜,외식,한식,43.0,0.3913131758427305,0.5543728451034734,0.8828016643550625,Medium,f_ind_contract_end_pct,0.41655,f_struct_stores_per_region,0.24285,f_lvl_avg_sales_log,0.12279
BRD_20220664,2024,전국3대춘천닭갈비,외식,한식,41.0,0.3913131689079178,0.5543728451034734,0.8821081830790569,Medium,f_ind_contract_end_pct,0.46939,f_struct_stores_per_region,0.26789,f_lvl_avg_sales_log,0.13191
BRD_20214457,2024,스트릿 1988,외식,커피,31.0,0.391313161973105,0.5543728451034734,0.8814147018030514,Medium,f_ind_contract_end_pct,0.4263,f_struct_stores_per_region,0.29354,f_lvl_avg_sales_log,0.1357
BRD_20150477,2024,철인7호,외식,치킨,36.0,0.3913131550382922,0.5542336027716431,0.8807212205270458,Medium,f_ind_contract_end_pct,0.34963,f_struct_stores_per_region,0.28079,f_trd_store_growth_mean,0.13443
BRD_20160153,2024,오복미역,외식,한식,22.0,0.3913131481034795,0.5540334652161143,0.8800277392510403,Medium,f_ind_contract_end_pct,0.45237,f_struct_stores_per_region,0.40366,f_trd_store_growth_mean,0.13673
BRD_20170534,2024,본초맘죽,외식,한식,33.0,0.3913131411686667,0.5538091178947755,0.8793342579750347,Medium,f_ind_contract_end_pct,0.46645,f_struct_stores_per_region,0.26425,f_lvl_avg_sales_log,0.12751
BRD_20151089,2024,떼루와,외식,커피,10.0,0.39131313423385394,0.553672440125205,0.8786407766990292,Medium,f_ind_contract_end_pct,0.50134,f_struct_stores_per_region,0.32289,f_lvl_avg_sales_log,0.153
BRD_20230146,2024,국밥은이거지,외식,한식,52.0,0.3913131272990412,0.553641889684497,0.8779472954230236,Medium,f_ind_contract_end_pct,0.40137,f_struct_stores_per_region,0.27357,f_trd_store_growth_std,0.07506
BRD_20230145,2024,참맛죽,외식,한식,54.0,0.39131312036422844,0.553641889684497,0.8772538141470181,Medium,f_ind_contract_end_pct,0.44507,f_struct_stores_per_region,0.27357,f_trd_store_growth_std,0.07551
BRD_20221028,2024,차차커피코,외식,커피,50.0,0.39131311342941566,0.553641889684497,0.8765603328710125,Medium,f_ind_contract_end_pct,0.55422,f_struct_stores_per_region,0.24754,f_lvl_avg_sales_log,0.07754
BRD_20221027,2024,정우의 도시락,외식,기타 외식,14.0,0.39131310649460294,0.553641889684497,0.875866851595007,Medium,f_ind_contract_end_pct,0.47594,f_struct_stores_per_region,0.22408,f_struct_region_hhi,0.05849
BRD_20213713,2024,앗뜨죽,외식,한식,54.0,0.39131309955979016,0.553641889684497,0.8751733703190014,Medium,f_ind_contract_end_pct,0.43284,f_struct_stores_per_region,0.30368,f_trd_store_growth_std,0.0769
BRD_20212385,2024,계계속속,외식,한식,55.0,0.3913130926249774,0.553641889684497,0.8744798890429958,Medium,f_ind_contract_end_pct,0.41203,f_struct_stores_per_region,0.22296,f_trd_store_growth_std,0.07579
BRD_20211973,2024,이라이타코야끼,외식,일식,49.0,0.39131308569016465,0.553641889684497,0.8737864077669902,Medium,f_ind_contract_end_pct,0.41388,f_struct_stores_per_region,0.21964,f_chg_store_growth,0.05884
BRD_20230555,2024,꽃피는곱도리탕,외식,한식,35.0,0.3913130787553519,0.5534498962090683,0.8730929264909847,Medium,f_ind_contract_end_pct,0.3792,f_struct_stores_per_region,0.32866,f_trd_store_growth_std,0.07506
BRD_20221273,2024,정동진칼국수,외식,기타 외식,40.0,0.39131307182053915,0.5534498962090683,0.8723994452149791,Medium,f_ind_contract_end_pct,0.38159,f_struct_stores_per_region,0.28751,f_trd_store_growth_mean,0.06004
BRD_20213522,2024,국밥도감,외식,한식,30.0,0.39131306488572637,0.5534498962090683,0.8717059639389736,Medium,f_ind_contract_end_pct,0.43134,f_struct_stores_per_region,0.30504,f_lvl_avg_sales_log,0.05946
BRD_20212743,2024,카츠루와,외식,일식,33.0,0.3913130579509136,0.5534498962090683,0.871012482662968,Medium,f_ind_contract_end_pct,0.41843,f_struct_stores_per_region,0.30263,f_lvl_avg_sales_log,0.05864
BRD_20211955,2024,삼계탕이요,외식,한식,31.0,0.39131305101610087,0.5534498962090683,0.8703190013869625,Medium,f_ind_contract_end_pct,0.43069,f_struct_stores_per_region,0.29893,f_lvl_avg_sales_log,0.05898
BRD_20201212,2024,푸드모바일,외식,한식,30.0,0.3913130440812881,0.5529138511493888,0.869625520110957,Medium,f_ind_contract_end_pct,0.54678,f_struct_stores_per_region,0.31659,f_trd_store_growth_mean,0.17207
BRD_20190267,2024,흑화당,외식,음료 (커피 외),2.0,0.3913130371464753,0.5528142972535122,0.8689320388349514,Medium,f_ind_contract_end_pct,0.42823,f_struct_stores_per_region,0.28843,f_trd_store_growth_mean,0.09606
BRD_20200673,2024,저스트텐동,외식,일식,22.0,0.3913130302116626,0.5527340325514237,0.8682385575589459,Medium,f_ind_contract_end_pct,0.42595,f_struct_stores_per_region,0.3657,f_trd_store_growth_mean,0.12994
BRD_20210908,2024,이것이국밥이다,외식,한식,87.0,0.3913130232768498,0.5523373839282776,0.8675450762829403,Medium,f_ind_contract_end_pct,0.62957,f_struct_stores_per_region,0.19665,f_lvl_avg_sales_log,0.13075
BRD_20130100320,2024,쿡1015,외식,기타 외식,33.0,0.391313016342037,0.5522803501753587,0.8668515950069348,Medium,f_ind_contract_end_pct,0.3789,f_struct_stores_per_region,0.27436,f_trd_store_growth_mean,0.10249
BRD_20201043,2024,꼬치의품격,외식,기타 외식,39.0,0.3913130094072243,0.5522563782223283,0.8661581137309292,Medium,f_ind_contract_end_pct,0.41366,f_struct_stores_per_region,0.35018,f_trd_sales_per_area_std,0.09257
BRD_20160571,2024,경성주막1929,외식,주점,10.0,0.3913130024724115,0.5522563782223283,0.8654646324549237,Medium,f_ind_contract_end_pct,0.47875,f_struct_stores_per_region,0.30074,f_trd_store_growth_mean,0.10902
BRD_20110100073,2024,라떼킹(Latteking),외식,커피,10.0,0.39131299553759874,0.5519941310255123,0.8647711511789181,Medium,f_ind_contract_end_pct,0.44061,f_struct_stores_per_region,0.30827,f_trd_sales_growth_mean,0.10004
NAME:생고기제작소@외식,2024,생고기제작소,외식,한식,6.0,0.391312988602786,0.5519158456838101,0.8640776699029126,Medium,f_ind_contract_end_pct,0.52862,f_struct_stores_per_region,0.2219,f_trd_store_growth_mean,0.14003
BRD_20190345,2024,봉자막창,외식,한식,76.0,0.39131298166797324,0.5518584958401633,0.863384188626907,Medium,f_ind_contract_end_pct,0.41497,f_struct_stores_per_region,0.14994,f_trd_sales_growth_std,0.12802
BRD_20120100250,2024,육봉달,외식,기타 외식,2.0,0.39131297473316046,0.5516180698752619,0.8626907073509015,Medium,f_ind_contract_end_pct,0.52718,f_struct_stores_per_region,0.26117,f_trd_store_growth_mean,0.12947
BRD_20215837,2024,돈까스튀기는형,외식,일식,17.0,0.39131296779834773,0.5512793788295961,0.8619972260748959,Medium,f_ind_contract_end_pct,0.50259,f_struct_stores_per_region,0.28598,f_lvl_n_stores,0.08345
BRD_20210040,2024,악동삼겹,외식,한식,14.0,0.39131296086353495,0.5511957870882188,0.8613037447988904,Medium,f_ind_contract_end_pct,0.46908,f_struct_stores_per_region,0.21398,f_lvl_avg_sales_log,0.13715
BRD_20210593,2024,크로앙쥬,외식,제과제빵,21.0,0.39131295392872223,0.5509670556147329,0.8606102635228848,Medium,f_ind_contract_end_pct,0.4148,f_struct_stores_per_region,0.30276,f_lvl_avg_sales_log,0.10968
BRD_20161181,2024,블럭제빵소,외식,제과제빵,29.0,0.39131294699390945,0.550620088353303,0.8599167822468793,Medium,f_ind_contract_end_pct,0.57997,f_struct_stores_per_region,0.3004,f_lvl_avg_sales_log,0.10838
BRD_20170139,2024,용호동낙지,외식,기타 외식,37.0,0.39131294005909667,0.5501996999379164,0.8592233009708737,Medium,f_ind_contract_end_pct,0.54896,f_struct_stores_per_region,0.40119,f_trd_store_growth_std,0.08734
BRD_20191113,2024,1970새마을포차,외식,주점,3.0,0.39131293312428395,0.5501694911212515,0.8585298196948682,Medium,f_ind_contract_end_pct,0.44384,f_struct_stores_per_region,0.29081,f_trd_store_growth_mean,0.10233
BRD_20170833,2024,빵사부식빵공방,외식,제과제빵,10.0,0.39131292618947117,0.5499089708671825,0.8578363384188626,Medium,f_struct_stores_per_region,0.38469,f_trd_store_growth_mean,0.1389,f_trd_store_growth_std,0.12093
BRD_20213018,2024,인생김치찌개,외식,한식,32.0,0.3913129192546584,0.549812160754616,0.8571428571428571,Medium,f_ind_contract_end_pct,0.43838,f_struct_stores_per_region,0.27781,f_lvl_avg_sales_log,0.13795
BRD_20214635,2024,NAN갈비장터,외식,치킨,42.0,0.39131291231984566,0.5497770433165485,0.8564493758668515,Medium,f_ind_contract_end_pct,0.48608,f_struct_stores_per_region,0.16541,f_lvl_avg_sales_log,0.1217
BRD_20170560,2024,이춘봉치킨,외식,치킨,71.0,0.3913129053850329,0.5497068402279339,0.855755894590846,Medium,f_ind_contract_end_pct,0.4609,f_lvl_avg_sales_log,0.16267,f_struct_stores_per_region,0.16003
BRD_20221216,2024,카레세끼 매운숙성카레,외식,일식,41.0,0.3913128984502201,0.549584739886524,0.8550624133148405,Medium,f_ind_contract_end_pct,0.44515,f_struct_stores_per_region,0.25659,f_lvl_avg_sales_log,0.1176
BRD_20201504,2024,청년찌개,외식,한식,33.0,0.3913128915154074,0.549584739886524,0.8543689320388349,Medium,f_ind_contract_end_pct,0.4939,f_struct_stores_per_region,0.24534,f_lvl_avg_sales_log,0.11139
BRD_20170854,2024,갈통삼,외식,한식,1.0,0.3913128845805946,0.5494645435053592,0.8536754507628294,Medium,f_ind_contract_end_pct,0.45586,f_struct_stores_per_region,0.25035,f_trd_store_growth_mean,0.13858
BRD_20230572,2024,오늘은전골,외식,한식,62.0,0.3913128776457818,0.5493709784578673,0.8529819694868238,Medium,f_ind_contract_end_pct,0.36101,f_struct_stores_per_region,0.18425,f_lvl_avg_sales_log,0.13188
BRD_20130100234,2024,곱창이야기,외식,한식,20.0,0.3913128707109691,0.5493015929504637,0.8522884882108183,Medium,f_ind_contract_end_pct,0.47878,f_struct_stores_per_region,0.39323,f_trd_store_growth_mean,0.12954
BRD_20190967,2024,별난아재맥주,외식,주점,68.0,0.3913128637761563,0.5492735022047721,0.8515950069348127,Medium,f_ind_contract_end_pct,0.58268,f_struct_stores_per_region,0.20243,f_lvl_avg_sales_log,0.12133
NAME:보고싶다@외식,2024,보고싶다,외식,기타 외식,31.0,0.39131285684134354,0.5489123317907715,0.8509015256588072,Medium,f_ind_contract_end_pct,0.54585,f_struct_stores_per_region,0.22404,f_trd_store_growth_mean,0.10712
BRD_20191167,2024,이백장 돈가스,외식,분식,92.0,0.3913128499065308,0.5488771917980221,0.8502080443828016,Medium,f_ind_contract_end_pct,0.55,f_struct_stores_per_region,0.19966,f_lvl_avg_sales_log,0.1809
BRD_20220252,2024,바다수퍼 해물천하조개구이·찜,외식,한식,32.0,0.39131284297171803,0.5488002582920155,0.8495145631067961,Medium,f_ind_contract_end_pct,0.52051,f_struct_stores_per_region,0.19038,f_trd_store_growth_mean,0.06749
BRD_20210097,2024,치밥대장숯불양념92치킨,외식,치킨,31.0,0.39131283603690525,0.5488002582920155,0.8488210818307905,Medium,f_ind_contract_end_pct,0.519,f_struct_stores_per_region,0.27584,f_struct_region_hhi,0.07355
BRD_20150339,2024,산카이 이자카야,외식,일식,22.0,0.39131282910209253,0.5486418094233609,0.848127600554785,Medium,f_ind_contract_end_pct,0.48698,f_struct_stores_per_region,0.1409,f_trd_sales_growth_std,0.11084
BRD_20190878,2024,몬떡,외식,분식,1.0,0.39131282216727975,0.5485397074730027,0.8474341192787794,Medium,f_ind_contract_end_pct,0.46863,f_struct_stores_per_region,0.26693,f_trd_store_growth_mean,0.14098
BRD_20161160,2024,수내닭꼬치,외식,기타 외식,69.0,0.391312815232467,0.5483925498790193,0.8467406380027739,Medium,f_ind_contract_end_pct,0.50006,f_struct_stores_per_region,0.18645,f_lvl_avg_sales_log,0.18076
BRD_20201840,2024,히츠지야,외식,일식,22.0,0.39131280829765425,0.5478421562392878,0.8460471567267683,Medium,f_ind_contract_end_pct,0.46828,f_struct_stores_per_region,0.41498,f_trd_store_growth_mean,0.11032
BRD_20180608,2024,진미대왕통닭,외식,치킨,29.0,0.39131280136284147,0.5475717292739238,0.8453536754507628,Medium,f_ind_contract_end_pct,0.61329,f_struct_stores_per_region,0.40449,f_trd_store_growth_std,0.08296
BRD_20160414,2024,샤이바나,외식,서양식,11.0,0.39131279442802874,0.5475115033370297,0.8446601941747572,Medium,f_ind_contract_end_pct,0.45051,f_struct_stores_per_region,0.31877,f_trd_store_growth_mean,0.13455
BRD_20211123,2024,스참,외식,분식,13.0,0.39131278749321596,0.5471203738395073,0.8439667128987517,Medium,f_ind_contract_end_pct,0.48212,f_struct_stores_per_region,0.29705,f_lvl_biz_age,0.06179
BRD_20215768,2024,모두의죽,외식,한식,58.0,0.3913127805584032,0.5470787724110432,0.8432732316227461,Medium,f_ind_contract_end_pct,0.52325,f_struct_stores_per_region,0.22842,f_trd_store_growth_mean,0.07695
BRD_20110100578,2024,군산오징어&군오부대찌개,외식,한식,10.0,0.39131277362359046,0.5469747984884034,0.8425797503467406,Medium,f_ind_contract_end_pct,0.50951,f_struct_stores_per_region,0.34928,f_trd_store_growth_mean,0.19746
BRD_20201345,2024,에그폭탄덮밥,외식,한식,118.0,0.3913127666887777,0.5468452186559464,0.841886269070735,Medium,f_ind_contract_end_pct,0.63687,f_lvl_avg_sales_log,0.29825,f_trd_sales_per_area_std,0.10694
BRD_20130100409,2024,깨순이김밥,외식,기타 외식,15.0,0.3913127597539649,0.5464001969954773,0.8411927877947295,Medium,f_ind_contract_end_pct,0.41781,f_lvl_avg_sales_log,0.16551,f_struct_stores_per_region,0.12059
BRD_20180406,2024,웰덤치킨,외식,치킨,23.0,0.3913127528191522,0.5462070130873524,0.840499306518724,Medium,f_ind_contract_end_pct,0.38812,f_struct_stores_per_region,0.28968,f_lvl_avg_sales_log,0.15626
BRD_20180037,2024,피슈 마라홍탕,외식,중식,28.0,0.3913127458843394,0.5460055252655335,0.8398058252427184,Medium,f_ind_contract_end_pct,0.44738,f_struct_stores_per_region,0.39591,f_trd_store_growth_mean,0.13461
BRD_20220917,2024,제주고세호해장국,외식,한식,37.0,0.3913127389495266,0.5453536040285684,0.8391123439667129,Medium,f_ind_contract_end_pct,0.60278,f_struct_stores_per_region,0.28668,f_trd_store_growth_mean,0.11707
BRD_20191403,2024,와플칸,외식,기타 외식,85.0,0.3913127320147139,0.5453040765133493,0.8384188626907073,Medium,f_ind_contract_end_pct,0.62463,f_struct_stores_per_region,0.23726,f_lvl_avg_sales_log,0.12499
BRD_20080100092,2024,엘리팝,외식,주점,32.0,0.3913127250799011,0.5452420562386985,0.8377253814147018,Medium,f_ind_contract_end_pct,0.38153,f_struct_stores_per_region,0.29558,f_trd_sales_growth_std,0.07788
BRD_20140495,2024,돌배기집,외식,한식,9.0,0.39131271814508833,0.5451049260549593,0.8370319001386962,Medium,f_ind_contract_end_pct,0.43916,f_struct_stores_per_region,0.41943,f_trd_store_growth_mean,0.12623
BRD_20212607,2024,샐러디아,외식,한식,70.0,0.3913127112102756,0.544846444316678,0.8363384188626907,Medium,f_ind_contract_end_pct,0.42994,f_struct_stores_per_region,0.2623,f_trd_store_growth_std,0.08282
BRD_20140157,2024,만족오향족발,외식,한식,56.0,0.39131270427546283,0.5444084881452655,0.8356449375866851,Medium,f_ind_contract_end_pct,0.53289,f_struct_stores_per_region,0.2372,f_trd_sales_growth_std,0.12802
BRD_20210023,2024,돈쫄돈,외식,기타 외식,34.0,0.3913126973406501,0.5441753983294327,0.8349514563106796,Medium,f_ind_contract_end_pct,0.4546,f_struct_stores_per_region,0.3173,f_lvl_avg_sales_log,0.13964
BRD_20230812,2024,달롱도르요거트아이스크림,외식,아이스크림/빙수,84.0,0.3913126904058373,0.5441443873936984,0.834257975034674,Medium,f_ind_contract_end_pct,0.461,f_struct_stores_per_region,0.22037,f_trd_store_growth_mean,0.07776
BRD_20221056,2024,담아내다,외식,한식,82.0,0.39131268347102455,0.5440948996987978,0.8335644937586685,Medium,f_ind_contract_end_pct,0.52257,f_lvl_avg_sales_log,0.17151,f_chg_store_growth,0.0779
BRD_20211286,2024,점프(JUMP),외식,커피,23.0,0.3913126765362118,0.5438416818328324,0.8328710124826629,Medium,f_ind_contract_end_pct,0.51862,f_struct_stores_per_region,0.31888,f_trd_sales_per_area_std,-0.06982
BRD_20201121,2024,"챙길,밥",외식,한식,41.0,0.39131266960139904,0.5438228870699481,0.8321775312066574,Medium,f_ind_contract_end_pct,0.37507,f_struct_stores_per_region,0.317,f_trd_store_growth_mean,0.12366
BRD_20171110,2024,유달리,외식,기타 외식,15.0,0.39131266266658626,0.5435525439980092,0.8314840499306518,Medium,f_ind_contract_end_pct,0.43997,f_struct_stores_per_region,0.38407,f_trd_store_growth_mean,0.10776
BRD_20120100595,2024,못말리는파닭,외식,치킨,23.0,0.39131265573177354,0.5435174991474544,0.8307905686546463,Medium,f_ind_contract_end_pct,0.4411,f_struct_stores_per_region,0.24865,f_lvl_avg_sales_log,0.15122
BRD_20090600075,2024,파-닭에파무쳐,외식,치킨,13.0,0.39131264879696076,0.543330238084637,0.8300970873786407,Medium,f_ind_contract_end_pct,0.4109,f_struct_stores_per_region,0.26585,f_lvl_avg_sales_log,0.12589
BRD_20140651,2024,투존치킨,외식,치킨,19.0,0.391312641862148,0.5431771708148178,0.8294036061026352,Medium,f_ind_contract_end_pct,0.44259,f_struct_stores_per_region,0.26973,f_trd_store_growth_mean,0.1349
BRD_20210129,2024,제육폭식,외식,한식,5.0,0.39131263492733526,0.5429666858287684,0.8287101248266296,Medium,f_ind_contract_end_pct,0.42861,f_struct_stores_per_region,0.29059,f_struct_region_hhi,-0.09414
BRD_20220789,2024,우이락,외식,한식,44.0,0.3913126279925225,0.5428939711632204,0.8280166435506241,Medium,f_ind_contract_end_pct,0.43523,f_struct_stores_per_region,0.29273,f_struct_region_hhi,0.07373
BRD_20191322,2024,선식당,외식,서양식,21.0,0.3913126210577097,0.5423731109258524,0.8273231622746186,Medium,f_ind_contract_end_pct,0.50215,f_struct_stores_per_region,0.25155,f_trd_store_growth_mean,0.11592
BRD_20080100738,2024,엉터리생고기,외식,기타 외식,15.0,0.391312614122897,0.5423497519980797,0.826629680998613,Medium,f_ind_contract_end_pct,0.56397,f_trd_store_growth_mean,0.20873,f_trd_sales_growth_mean,0.10719
BRD_20201620,2024,포슈아,외식,기타 외국식,29.0,0.3913126071880842,0.5422244717259741,0.8259361997226075,Medium,f_ind_contract_end_pct,0.4932,f_struct_stores_per_region,0.17044,f_trd_store_growth_mean,0.07758
BRD_20180428,2024,일공공샤브&편백찜,외식,기타 외국식,43.0,0.3913126002532714,0.5421567696729592,0.8252427184466019,Medium,f_ind_contract_end_pct,0.49424,f_struct_stores_per_region,0.4247,f_trd_store_growth_std,0.08406
BRD_20211998,2024,연돈튀김덮밥,외식,분식,31.0,0.3913125933184587,0.5416203423925487,0.8245492371705964,Medium,f_ind_contract_end_pct,0.51108,f_struct_stores_per_region,0.38173,f_lvl_emp_cnt_log,-0.10395
BRD_20220436,2024,타코이찌 타코야끼 전문점,외식,일식,41.0,0.3913125863836459,0.5413673180556464,0.8238557558945908,Medium,f_ind_contract_end_pct,0.62084,f_struct_stores_per_region,0.2587,f_lvl_avg_sales_log,0.14286
BRD_20150166,2024,그라찌에,외식,기타 외식,29.0,0.3913125794488332,0.5413519264710741,0.8231622746185853,Medium,f_ind_contract_end_pct,0.5348,f_struct_stores_per_region,0.28545,f_lvl_avg_sales_log,0.10547
BRD_20180922,2024,삼겹본능,외식,한식,64.0,0.3913125725140204,0.5411853601272925,0.8224687933425797,Medium,f_ind_contract_end_pct,0.46812,f_struct_stores_per_region,0.19226,f_trd_store_growth_mean,0.13199
BRD_20181212,2024,이동규인왔따쪽갈비,외식,한식,69.0,0.3913125655792076,0.5407559372976587,0.8217753120665742,Medium,f_ind_contract_end_pct,0.57259,f_struct_stores_per_region,0.19153,f_lvl_avg_sales_log,0.13239
BRD_20211040,2024,하륜일만족발,외식,한식,59.0,0.3913125586443949,0.5405550285126748,0.8210818307905686,Medium,f_ind_contract_end_pct,0.51528,f_struct_stores_per_region,0.29494,f_trd_store_growth_std,0.08145
BRD_20120100526,2024,공수간,외식,분식,9.0,0.3913125517095821,0.540199695017839,0.8203883495145631,Medium,f_ind_contract_end_pct,0.43123,f_struct_stores_per_region,0.26454,f_lvl_avg_sales_log,0.13171
BRD_20190352,2024,군자대한곱창,외식,기타 외식,58.0,0.39131254477476934,0.5399883260218957,0.8196948682385575,Medium,f_ind_contract_end_pct,0.55719,f_struct_stores_per_region,0.29557,f_chg_store_growth,0.06142
BRD_20200505,2024,치교치킨,외식,치킨,25.0,0.38713713956762097,0.5396544676777645,0.819001386962552,Medium,f_struct_stores_per_region,0.31312,f_trd_store_growth_mean,0.14329,f_lvl_avg_sales_log,0.11483
BRD_20213991,2024,최강곱도리,외식,한식,98.0,0.38246949356219556,0.5393189516947572,0.8183079056865464,Medium,f_ind_contract_end_pct,0.4454,f_struct_stores_per_region,0.23609,f_trd_store_growth_std,0.07734
BRD_20170579,2024,우주라이크(WOULDULIKE),외식,커피,60.0,0.38121791385579074,0.5392289870118815,0.8176144244105409,Medium,f_ind_contract_end_pct,0.47443,f_struct_stores_per_region,0.23474,f_lvl_avg_sales_log,0.14223
BRD_20220261,2024,과일담은 요거트 맛집 요맛,외식,아이스크림/빙수,65.0,0.38000816920943137,0.5391420294876749,0.8169209431345353,Medium,f_ind_contract_end_pct,0.58484,f_struct_stores_per_region,0.29533,f_trd_store_growth_std,0.07783
BRD_20211147,2024,국밥대장,외식,한식,23.0,0.3800081622746186,0.5390364779954051,0.8162274618585298,Medium,f_ind_contract_end_pct,0.38532,f_struct_stores_per_region,0.30393,f_struct_region_hhi,0.06227
BRD_20181179,2024,곱깨비,외식,한식,30.0,0.3800081553398058,0.5390359557655722,0.8155339805825242,Medium,f_ind_contract_end_pct,0.38865,f_struct_stores_per_region,0.2862,f_trd_store_growth_mean,0.1424
BRD_20141066,2024,불스떡볶이,외식,분식,34.0,0.3800081484049931,0.5390359557655722,0.8148404993065187,Medium,f_ind_contract_end_pct,0.37451,f_struct_stores_per_region,0.28621,f_trd_store_growth_mean,0.12909
BRD_20231291,2024,맛찜랭킹,외식,한식,39.0,0.3800081414701803,0.5389489929598222,0.8141470180305131,Medium,f_ind_contract_end_pct,0.4152,f_struct_stores_per_region,0.37379,f_struct_region_hhi,0.07347
BRD_20221283,2024,이게볶음밥,외식,한식,37.0,0.3800081345353675,0.5389489929598222,0.8134535367545076,Medium,f_ind_contract_end_pct,0.53142,f_struct_stores_per_region,0.33163,f_struct_top_region_share,-0.06765
BRD_20211155,2024,인생냉면,외식,한식,101.0,0.3800081276005548,0.5380927323287493,0.812760055478502,Medium,f_ind_contract_end_pct,0.43986,f_lvl_avg_sales_log,0.18786,f_struct_stores_per_region,0.14785
BRD_20220587,2024,라사천마라탕,외식,중식,57.0,0.380008120665742,0.5380832037534655,0.8120665742024965,Medium,f_ind_contract_end_pct,0.56894,f_struct_stores_per_region,0.21164,f_trd_store_growth_mean,0.07695
BRD_20212322,2024,와우당 냉면,외식,한식,77.0,0.38000811373092924,0.5378244995895378,0.811373092926491,Medium,f_ind_contract_end_pct,0.42419,f_struct_stores_per_region,0.22969,f_trd_store_growth_std,0.07528
BRD_20201713,2024,제줏간,외식,한식,52.0,0.3800081067961165,0.5376216583891336,0.8106796116504854,Medium,f_ind_contract_end_pct,0.54228,f_struct_stores_per_region,0.27399,f_trd_sales_growth_std,0.09411
BRD_20211217,2024,당신은지금치킨이땡긴다,외식,치킨,27.0,0.38000809986130374,0.5373094863243443,0.8099861303744799,Medium,f_ind_contract_end_pct,0.55289,f_struct_stores_per_region,0.43749,f_lvl_emp_cnt_log,-0.08731
BRD_20080100371,2024,하코야,외식,일식,9.0,0.380008092926491,0.5369762741496595,0.8092926490984743,Medium,f_ind_contract_end_pct,0.40629,f_struct_stores_per_region,0.39283,f_trd_store_growth_mean,0.15041
BRD_20181209,2024,차얌,외식,음료 (커피 외),64.0,0.38000808599167823,0.5367485614960468,0.8085991678224688,Medium,f_ind_contract_end_pct,0.46046,f_trd_store_growth_mean,0.15465,f_lvl_avg_sales_log,0.14968
BRD_20180318,2024,리춘시장,외식,중식,13.0,0.38000807905686546,0.5367422113896381,0.8079056865464632,Medium,f_ind_contract_end_pct,0.47848,f_struct_stores_per_region,0.35898,f_trd_store_growth_mean,0.13851
BRD_20100100165,2024,토마토도시락,외식,기타 외식,43.0,0.38000807212205273,0.5367318736578218,0.8072122052704577,Medium,f_ind_contract_end_pct,0.43135,f_struct_stores_per_region,0.24678,f_trd_store_growth_mean,0.13528
BRD_20160116,2024,만랩커피,외식,커피,84.0,0.38000806518723995,0.5366490430832497,0.8065187239944521,Medium,f_ind_contract_end_pct,0.56074,f_trd_store_growth_mean,0.12821,f_lvl_avg_sales_log,0.09634
BRD_20190926,2024,놀부김치찜,외식,한식,23.0,0.38000805825242717,0.5365734497125471,0.8058252427184466,Medium,f_ind_contract_end_pct,0.38639,f_struct_stores_per_region,0.31254,f_trd_store_growth_mean,0.12966
BRD_20190202,2024,흥부찜닭,외식,한식,19.0,0.38000805131761445,0.5365734497125471,0.805131761442441,Medium,f_ind_contract_end_pct,0.36979,f_struct_stores_per_region,0.30884,f_trd_store_growth_mean,0.13292
BRD_20190853,2024,인생건어물맥주,외식,주점,83.0,0.38000804438280167,0.536305344383443,0.8044382801664355,Medium,f_ind_contract_end_pct,0.43319,f_lvl_avg_sales_log,0.16369,f_trd_store_growth_std,0.09493
BRD_20100400012,2024,미스터파파임실치즈피자,외식,피자,9.0,0.3800080374479889,0.5360322783379254,0.8037447988904299,Medium,f_ind_contract_end_pct,0.46757,f_struct_stores_per_region,0.29467,f_struct_region_hhi_chg,-0.06035
BRD_20080100412,2024,피자와치킨의러브레터,외식,피자,44.0,0.38000803051317616,0.5354869358530825,0.8030513176144244,Medium,f_ind_contract_end_pct,0.57983,f_struct_stores_per_region,0.29028,f_trd_store_growth_mean,0.13763
BRD_20201407,2024,권사부 순대국,외식,한식,10.0,0.3800080235783634,0.5350441078382838,0.8023578363384188,Medium,f_ind_contract_end_pct,0.38882,f_struct_stores_per_region,0.36319,f_trd_store_growth_mean,0.1363
BRD_20190092,2024,샐러데이즈(Salad Days),외식,기타 외식,25.0,0.3800080166435506,0.5350169287778725,0.8016643550624133,Medium,f_ind_contract_end_pct,0.46906,f_struct_stores_per_region,0.36905,f_lvl_biz_age,0.06053
BRD_20140706,2024,코리엔탈깻잎두마리치킨,외식,치킨,131.0,0.3800080097087379,0.5348417594496343,0.8009708737864077,Medium,f_ind_contract_end_pct,0.47851,f_lvl_avg_sales_log,0.18039,f_trd_sales_growth_std,0.13608
BRD_20212767,2024,제육의 법칙,외식,한식,78.0,0.3800080027739251,0.5343449708444847,0.8002773925104022,Medium,f_ind_contract_end_pct,0.50907,f_struct_stores_per_region,0.19724,f_lvl_avg_sales_log,0.18606
BRD_20200430,2024,누들보쌈배달만족,외식,한식,31.0,0.3800079958391123,0.5340799425852986,0.7995839112343966,Medium,f_struct_stores_per_region,0.26412,f_trd_store_growth_mean,0.17378,f_lvl_avg_sales_log,0.15754
BRD_20212320,2024,밥깨비,외식,한식,39.0,0.3800079889042996,0.5333072214954643,0.7988904299583911,Medium,f_struct_stores_per_region,0.37455,f_trd_store_growth_mean,0.13017,f_lvl_avg_sales_log,0.10095
BRD_20171018,2024,직화삼겹살직구삼,외식,한식,9.0,0.3800079819694868,0.5332523159883583,0.7981969486823856,Medium,f_ind_contract_end_pct,0.40693,f_struct_stores_per_region,0.30992,f_trd_store_growth_mean,0.12932
BRD_20221393,2024,김삼구,외식,한식,29.0,0.3800079750346741,0.5331966597424163,0.79750346740638,Medium,f_ind_contract_end_pct,0.49224,f_struct_stores_per_region,0.26551,f_lvl_avg_sales_log,0.13318
BRD_20212770,2024,김치백서,외식,한식,36.0,0.3800079680998613,0.5328572215800684,0.7968099861303745,Medium,f_struct_stores_per_region,0.30999,f_lvl_avg_sales_log,0.16479,f_trd_store_growth_mean,0.15936
BRD_20221451,2024,영삼이네우정소갈비,외식,한식,53.0,0.38000796116504854,0.5328336107444056,0.7961165048543689,Medium,f_ind_contract_end_pct,0.55289,f_struct_stores_per_region,0.23984,f_trd_store_growth_std,0.08737
BRD_20211235,2024,샤오바오우육면,외식,중식,22.0,0.3800079542302358,0.5328142414714231,0.7954230235783634,Medium,f_ind_contract_end_pct,0.6348,f_struct_stores_per_region,0.26995,f_trd_sales_per_area_std,-0.07377
BRD_20080400052,2024,투사랑,외식,주점,39.0,0.38000794729542303,0.5328009717714882,0.7947295423023578,Medium,f_ind_contract_end_pct,0.51809,f_struct_stores_per_region,0.19743,f_lvl_avg_sales_log,0.15963
BRD_20220554,2024,리파인,외식,한식,31.0,0.38000794036061025,0.5327809091059363,0.7940360610263523,Medium,f_ind_contract_end_pct,0.66935,f_struct_stores_per_region,0.23283,f_lvl_biz_age,0.06444
BRD_20200396,2024,성윤국가대표아구찜앤알곤이찜,외식,한식,11.0,0.38000793342579753,0.532739306848061,0.7933425797503467,Medium,f_struct_stores_per_region,0.36209,f_trd_store_growth_mean,0.21837,f_trd_store_growth_std,0.12176
BRD_20160063,2024,엉터리생고기 두번째이야기 무한삼겹,외식,기타 외식,25.0,0.38000792649098475,0.5327067076959747,0.7926490984743412,Medium,f_struct_stores_per_region,0.40307,f_trd_store_growth_mean,0.14067,f_trd_sales_per_area_mean,0.09068
BRD_20210216,2024,일일양,외식,한식,26.0,0.38000791955617197,0.5326049122325783,0.7919556171983356,Medium,f_ind_contract_end_pct,0.41564,f_struct_stores_per_region,0.33863,f_lvl_emp_cnt_log,0.07079
BRD_20110100228,2024,아리가또맘마,외식,기타 외국식,14.0,0.38000791262135925,0.5324778213987638,0.7912621359223301,Medium,f_ind_contract_end_pct,0.51809,f_struct_stores_per_region,0.38289,f_trd_store_growth_mean,0.23554
BRD_20110100100,2024,대칠성포차,외식,주점,15.0,0.38000790568654647,0.5323262078719057,0.7905686546463245,Medium,f_struct_stores_per_region,0.35124,f_trd_store_growth_mean,0.13454,f_trd_sales_per_area_mean,0.09223
BRD_20110600010,2024,VFC치킨파티,외식,치킨,16.0,0.3800078987517337,0.5322601269046237,0.789875173370319,Medium,f_struct_stores_per_region,0.36532,f_trd_store_growth_mean,0.18321,f_lvl_avg_sales_log,0.13671
BRD_20210465,2024,죽선생,외식,한식,9.0,0.38000789181692096,0.5320713012593904,0.7891816920943134,Medium,f_ind_contract_end_pct,0.42823,f_struct_stores_per_region,0.27716,f_struct_region_hhi,-0.1111
BRD_20180715,2024,카페보스(CAFE BOSS),외식,커피,45.0,0.3800078848821082,0.5320485240353283,0.7884882108183079,Medium,f_ind_contract_end_pct,0.59549,f_struct_stores_per_region,0.32363,f_lvl_avg_sales_log,0.13761
BRD_20181091,2024,요녀석,외식,서양식,39.0,0.3800078779472954,0.5319451615682708,0.7877947295423023,Medium,f_ind_contract_end_pct,0.51869,f_struct_stores_per_region,0.36394,f_trd_store_growth_mean,0.13479
BRD_20200856,2024,입큰아구알곤이찜,외식,한식,48.0,0.3800078710124827,0.5315844455273554,0.7871012482662968,Medium,f_ind_contract_end_pct,0.47741,f_struct_stores_per_region,0.23549,f_trd_store_growth_mean,0.13079
BRD_20201021,2024,피자쿠치나,외식,피자,13.0,0.3800078640776699,0.5314137371713553,0.7864077669902912,Medium,f_ind_contract_end_pct,0.52816,f_struct_stores_per_region,0.40671,f_trd_store_growth_mean,0.11384
BRD_20213898,2024,그릭하다,외식,기타 외식,32.0,0.3800078571428572,0.5309588611661107,0.7857142857142857,Medium,f_ind_contract_end_pct,0.49013,f_struct_stores_per_region,0.32512,f_trd_store_growth_std,0.077
BRD_20191340,2024,집밥e선생,외식,한식,48.0,0.3800078502080444,0.530632079758798,0.7850208044382802,Medium,f_ind_contract_end_pct,0.46676,f_struct_stores_per_region,0.19265,f_lvl_avg_sales_log,0.11165
BRD_20171391,2024,아재불닭발,외식,한식,60.0,0.3800078432732316,0.530632079758798,0.7843273231622746,Medium,f_ind_contract_end_pct,0.47552,f_struct_stores_per_region,0.28298,f_lvl_avg_sales_log,0.1173
BRD_20200624,2024,찜꽁찜닭,외식,한식,30.0,0.3800078363384189,0.5304385832027523,0.7836338418862691,Medium,f_ind_contract_end_pct,0.36323,f_struct_stores_per_region,0.2923,f_lvl_avg_sales_log,0.10982
BRD_20190662,2024,피굽남피자,외식,피자,53.0,0.3800078294036061,0.5304385832027523,0.7829403606102635,Medium,f_ind_contract_end_pct,0.5239,f_struct_stores_per_region,0.28649,f_lvl_avg_sales_log,0.09476
BRD_20181139,2024,SSOJA(쏘자),외식,패스트푸드,33.0,0.38000782246879333,0.5304385832027523,0.782246879334258,Medium,f_ind_contract_end_pct,0.38783,f_struct_stores_per_region,0.24031,f_lvl_avg_sales_log,0.11969
BRD_20180488,2024,브라더탕수,외식,기타 외식,10.0,0.3800078155339806,0.5304385832027523,0.7815533980582524,Medium,f_ind_contract_end_pct,0.40593,f_struct_stores_per_region,0.23972,f_lvl_avg_sales_log,0.12279
BRD_20221261,2024,퐁치커피익스프레스,외식,커피,52.0,0.38000780859916783,0.5304114492295217,0.7808599167822469,Medium,f_ind_contract_end_pct,0.47248,f_struct_stores_per_region,0.20947,f_lvl_avg_sales_log,0.1222
BRD_20214138,2024,와드커피(WAD COFFEE),외식,커피,44.0,0.38000780166435505,0.5302179422432749,0.7801664355062413,Medium,f_ind_contract_end_pct,0.46771,f_struct_stores_per_region,0.291,f_lvl_avg_sales_log,0.14351
BRD_20170316,2024,Emoi(에머이),외식,기타 외국식,28.0,0.3800077947295423,0.5301427518713392,0.7794729542302358,Medium,f_ind_contract_end_pct,0.51874,f_struct_stores_per_region,0.39925,f_trd_store_growth_mean,0.11192
BRD_20110100562,2024,전설의짬뽕,외식,중식,9.0,0.38000778779472955,0.5296529216364124,0.7787794729542302,Medium,f_ind_contract_end_pct,0.42373,f_struct_stores_per_region,0.38732,f_trd_store_growth_mean,0.12847
BRD_20200743,2024,탕수육주는육군짬뽕,외식,중식,23.0,0.38000778085991677,0.5295081338537418,0.7780859916782247,Medium,f_ind_contract_end_pct,0.42497,f_struct_stores_per_region,0.29451,f_struct_region_hhi_chg,-0.06035
BRD_20200206,2024,깨봉이국물떡볶이,외식,분식,30.0,0.38000777392510404,0.5295081338537418,0.7773925104022191,Medium,f_ind_contract_end_pct,0.40772,f_struct_stores_per_region,0.34753,f_trd_store_growth_std,0.07662
BRD_20171100,2024,어사출또,외식,기타 외식,45.0,0.38000776699029126,0.5292408272487662,0.7766990291262136,Medium,f_trd_sales_growth_mean,0.16828,f_trd_store_growth_mean,0.15753,f_trd_sales_growth_std,0.14579
BRD_20161278,2024,팔팔핫도그,외식,패스트푸드,5.0,0.3800077600554785,0.5291453493778031,0.776005547850208,Medium,f_struct_stores_per_region,0.28264,f_lvl_avg_sales_log,0.18992,f_trd_sales_per_area_mean,0.14183
BRD_20160807,2024,파스토보이(pastoboy),외식,서양식,37.0,0.38000775312066576,0.5291160753264863,0.7753120665742025,Medium,f_ind_contract_end_pct,0.62999,f_struct_stores_per_region,0.4459,f_struct_top_region_share,-0.06338
BRD_20080100031,2024,강정이기가막혀,외식,치킨,7.0,0.380007746185853,0.5288091024640137,0.7746185852981969,Medium,f_ind_contract_end_pct,0.44754,f_struct_stores_per_region,0.27542,f_lvl_avg_sales_log,0.14035
BRD_20180889,2024,엘에이치씨피자탑(LHC PIZZA TOP),외식,피자,28.0,0.3800077392510402,0.5286459117902305,0.7739251040221914,Medium,f_ind_contract_end_pct,0.43617,f_struct_stores_per_region,0.33456,f_trd_store_growth_mean,0.10575
BRD_20211363,2024,퍼스트커피,외식,커피,27.0,0.3800077323162275,0.5284962005677974,0.7732316227461858,Medium,f_ind_contract_end_pct,0.37426,f_struct_stores_per_region,0.28615,f_lvl_emp_cnt_log,-0.1159
BRD_20211645,2024,맘마찬,외식,한식,36.0,0.3800077253814147,0.5284804429317826,0.7725381414701803,Medium,f_ind_contract_end_pct,0.46568,f_struct_stores_per_region,0.15172,f_trd_store_growth_mean,0.07849
BRD_20130100434,2024,일미리금계찜닭,외식,한식,125.0,0.38000771844660197,0.5281715716692151,0.7718446601941747,Medium,f_ind_contract_end_pct,0.77346,f_lvl_avg_sales_log,0.15829,f_chg_store_growth,0.10879
BRD_20214917,2024,봉명가닭도리탕,외식,한식,85.0,0.3800077115117892,0.5281660542595401,0.7711511789181692,Medium,f_ind_contract_end_pct,0.55153,f_struct_stores_per_region,0.1842,f_lvl_avg_sales_log,0.1637
BRD_20211074,2024,태리로제떡볶이&닭강정,외식,분식,84.0,0.3800077045769764,0.5281389225590096,0.7704576976421637,Medium,f_ind_contract_end_pct,0.55935,f_struct_stores_per_region,0.22315,f_trd_store_growth_mean,0.11699
BRD_20211783,2024,국밥생각,외식,한식,75.0,0.3800076976421637,0.5280809363080848,0.7697642163661581,Medium,f_ind_contract_end_pct,0.51739,f_struct_stores_per_region,0.21955,f_trd_store_growth_std,0.08553
BRD_20180676,2024,오산조은참치,외식,일식,17.0,0.3800076907073509,0.5280752570228878,0.7690707350901526,Medium,f_struct_stores_per_region,0.33586,f_trd_store_growth_mean,0.15897,f_trd_store_growth_std,0.08999
BRD_20080100666,2024,석봉토스트,외식,패스트푸드,36.0,0.38000768377253813,0.5277930723293951,0.768377253814147,Medium,f_struct_stores_per_region,0.33902,f_trd_store_growth_mean,0.22523,f_lvl_avg_sales_log,0.10901
BRD_20215860,2024,돼지팥빙수,외식,기타 외식,25.0,0.3800076768377254,0.5268184959210901,0.7676837725381415,Medium,f_struct_stores_per_region,0.29691,f_trd_store_growth_std,0.13429,f_ind_contract_end_pct,-0.11587
BRD_20190659,2024,갯벌의 조개,외식,한식,48.0,0.3800076699029126,0.5265236193762362,0.7669902912621359,Medium,f_ind_contract_end_pct,0.44704,f_struct_stores_per_region,0.27069,f_trd_store_growth_std,0.0877
BRD_20201497,2024,BT버거앤타코 (BURGER&TACO),외식,패스트푸드,30.0,0.38000766296809985,0.5263086097890884,0.7662968099861304,Medium,f_struct_stores_per_region,0.41415,f_trd_sales_per_area_mean,0.10966,f_trd_sales_per_area_std,0.10644
BRD_20160531,2024,맛나슈퍼,외식,주점,3.0,0.3800076560332871,0.5260460734208768,0.7656033287101248,Medium,f_struct_stores_per_region,0.40085,f_trd_store_growth_mean,0.17923,f_trd_sales_per_area_mean,0.11245
BRD_20090100360,2024,육회지존,외식,기타 외식,17.0,0.38000764909847434,0.525774358101957,0.7649098474341193,Medium,f_ind_contract_end_pct,0.66649,f_struct_stores_per_region,0.29303,f_trd_store_growth_mean,0.15122
BRD_20190618,2024,떡군이네떡볶이,외식,분식,50.0,0.38000764216366156,0.5256133735959664,0.7642163661581137,Medium,f_ind_contract_end_pct,0.42153,f_struct_stores_per_region,0.26492,f_lvl_avg_sales_log,0.08747
BRD_20190620,2024,소소떡볶이,외식,분식,45.0,0.38000763522884884,0.5253521760644991,0.7635228848821082,Medium,f_ind_contract_end_pct,0.50425,f_struct_stores_per_region,0.29442,f_trd_sales_growth_std,0.0982
BRD_20161308,2024,버거앤프라이즈(Burger&Friez),외식,기타 외식,38.0,0.38000762829403606,0.5252663004427901,0.7628294036061026,Medium,f_ind_contract_end_pct,0.47133,f_struct_stores_per_region,0.36513,f_trd_store_growth_mean,0.13777
BRD_20230542,2024,미친피자,외식,피자,31.0,0.3800076213592233,0.5250457353020139,0.7621359223300971,Medium,f_struct_stores_per_region,0.19726,f_trd_sales_growth_std,0.14295,f_trd_store_growth_std,0.13815
BRD_20140782,2024,모로미,외식,주점,18.0,0.38000761442441056,0.524985682184025,0.7614424410540915,Medium,f_struct_stores_per_region,0.40297,f_trd_sales_growth_std,0.08937,f_trd_sales_per_area_mean,0.08549
BRD_20190842,2024,돼지영농후계자,외식,한식,21.0,0.3800076074895978,0.5248363895560396,0.760748959778086,Medium,f_ind_contract_end_pct,0.46144,f_struct_stores_per_region,0.24441,f_struct_region_hhi,-0.11685
BRD_20170626,2024,진1926,외식,기타 외식,39.0,0.38000760055478505,0.5248232394139297,0.7600554785020804,Medium,f_ind_contract_end_pct,0.50877,f_struct_stores_per_region,0.24081,f_chg_store_growth,0.05884
BRD_20200586,2024,오유미당,외식,기타 외국식,39.0,0.3800075936199723,0.5246294934678937,0.7593619972260749,Medium,f_ind_contract_end_pct,0.50142,f_struct_stores_per_region,0.33647,f_trd_store_growth_std,0.08851
BRD_20170828,2024,리얼안심탕수육,외식,기타 외식,41.0,0.3800075866851595,0.5245972497948255,0.7586685159500693,Medium,f_struct_stores_per_region,0.38915,f_trd_store_growth_mean,0.17461,f_lvl_avg_sales_log,0.12875
BRD_20180011,2024,통불,외식,기타 외식,20.0,0.38000757975034677,0.5244274694842013,0.7579750346740638,Medium,f_ind_contract_end_pct,0.48874,f_struct_stores_per_region,0.42718,f_trd_store_growth_std,0.06293
BRD_20171241,2024,엉터리 해장국,외식,한식,23.0,0.380007572815534,0.5244274694842013,0.7572815533980582,Medium,f_ind_contract_end_pct,0.46925,f_struct_stores_per_region,0.39118,f_lvl_n_stores,0.07101
BRD_20171075,2024,팔공티,외식,음료 (커피 외),89.0,0.3800075658807212,0.5242505550387229,0.7565880721220527,Medium,f_ind_contract_end_pct,0.56727,f_struct_stores_per_region,0.2142,f_lvl_avg_sales_log,0.18147
BRD_20100100456,2024,알촌,외식,분식,25.0,0.3800075589459085,0.52417073106481,0.7558945908460472,Medium,f_ind_contract_end_pct,0.50296,f_struct_stores_per_region,0.4252,f_trd_store_growth_std,0.06468
BRD_20211990,2024,랑데자뷰(RENDEJAVOUS),외식,커피,25.0,0.3800075520110957,0.5241703518426543,0.7552011095700416,Medium,f_ind_contract_end_pct,0.59907,f_struct_stores_per_region,0.42123,f_lvl_emp_cnt_log,-0.10349
BRD_20190861,2024,달토끼의 떡볶이 흡입구역,외식,분식,38.0,0.3800075450762829,0.5238440442967744,0.7545076282940361,Medium,f_ind_contract_end_pct,0.60386,f_struct_stores_per_region,0.22942,f_trd_store_growth_mean,0.11096
BRD_20150146,2024,걸작떡볶이치킨,외식,분식,79.0,0.3800075381414702,0.5238348943242285,0.7538141470180305,Medium,f_ind_contract_end_pct,0.60908,f_trd_store_growth_mean,0.21447,f_struct_stores_per_region,0.18237
BRD_20220096,2024,경아식당,외식,한식,24.0,0.3800075312066574,0.5234203838215385,0.753120665742025,Medium,f_ind_contract_end_pct,0.56021,f_struct_stores_per_region,0.34276,f_lvl_n_stores,0.06471
BRD_20180733,2024,범프리카인생치킨,외식,치킨,5.0,0.38000752427184464,0.5233610077157617,0.7524271844660194,Medium,f_ind_contract_end_pct,0.6171,f_struct_stores_per_region,0.26647,f_trd_store_growth_mean,0.14117
BRD_20130100040,2024,스시웨이,외식,일식,6.0,0.3800075173370319,0.5232520292676518,0.7517337031900139,Medium,f_ind_contract_end_pct,0.50731,f_struct_stores_per_region,0.38843,f_trd_store_growth_mean,0.14143
BRD_20160097,2024,램플러스,외식,기타 외국식,6.0,0.38000751040221914,0.523008638076289,0.7510402219140083,Medium,f_ind_contract_end_pct,0.41226,f_struct_stores_per_region,0.27441,f_chg_store_growth,0.05785
BRD_20210036,2024,양가네 명품갈비찜,외식,한식,12.0,0.38000750346740636,0.5227354229853493,0.7503467406380028,Medium,f_trd_store_growth_mean,0.17595,f_lvl_avg_sales_log,0.15837,f_struct_stores_per_region,0.12204
BRD_20191444,2024,할머니가래떡볶이,외식,분식,82.0,0.38000749653259364,0.5224416105627275,0.7496532593619972,Medium,f_ind_contract_end_pct,0.58553,f_trd_sales_growth_std,0.12591,f_trd_sales_growth_mean,0.10861
BRD_20201327,2024,무모한 초밥,외식,일식,80.0,0.38000748959778086,0.5223521851555691,0.7489597780859917,Medium,f_ind_contract_end_pct,0.54373,f_struct_stores_per_region,0.15913,f_lvl_emp_cnt_log,0.08346
BRD_20231893,2024,돈돈김치찌개&찜,외식,한식,40.0,0.3800074826629681,0.522013112279724,0.7482662968099861,Medium,f_struct_stores_per_region,0.37213,f_lvl_avg_sales_log,0.10095,f_trd_store_growth_std,0.09699
BRD_20210564,2024,피자스웨그,외식,피자,24.0,0.38000747572815535,0.521657136366651,0.7475728155339806,Medium,f_struct_stores_per_region,0.3265,f_trd_store_growth_std,0.08107,f_chg_sales_growth,0.07882
BRD_20212216,2024,조선부뚜막,외식,한식,48.0,0.3800074687933426,0.5211701828136543,0.746879334257975,Medium,f_ind_contract_end_pct,0.61213,f_struct_stores_per_region,0.1716,f_struct_region_hhi,-0.08895
BRD_20160549,2024,노랑강정,외식,기타 외식,43.0,0.38000746185852985,0.5210385342312135,0.7461858529819695,Medium,f_ind_contract_end_pct,0.48176,f_struct_stores_per_region,0.24993,f_trd_sales_growth_std,0.09018
BRD_20201507,2024,돈까스회관,외식,기타 외식,21.0,0.38000745492371707,0.5209578589191983,0.7454923717059639,Medium,f_ind_contract_end_pct,0.50037,f_struct_stores_per_region,0.22272,f_lvl_avg_sales_log,0.11304
BRD_20221260,2024,한양화로,외식,한식,65.0,0.3800074479889043,0.5204788044658593,0.7447988904299584,Medium,f_ind_contract_end_pct,0.59562,f_struct_stores_per_region,0.21782,f_trd_store_growth_std,0.09274
BRD_20171288,2024,명랑한찜닭,외식,치킨,3.0,0.38000744105409157,0.5199603484502189,0.7441054091539528,Medium,f_ind_contract_end_pct,0.43227,f_struct_stores_per_region,0.27837,f_struct_region_hhi,-0.12823
NAME:청춘닭꼬치@외식,2024,청춘닭꼬치,외식,기타 외식,38.0,0.3800074341192788,0.5199397182871228,0.7434119278779473,Medium,f_ind_contract_end_pct,0.62261,f_struct_stores_per_region,0.21641,f_trd_store_growth_std,0.0826
BRD_20191062,2024,김순덕원조부안집,외식,한식,50.0,0.380007427184466,0.5199397182871228,0.7427184466019418,Medium,f_ind_contract_end_pct,0.49783,f_struct_stores_per_region,0.19211,f_lvl_emp_cnt_log,0.0606
BRD_20150553,2024,밥장인,외식,한식,26.0,0.3800074202496533,0.5196216782008523,0.7420249653259362,Medium,f_ind_contract_end_pct,0.66308,f_struct_stores_per_region,0.29358,f_trd_store_growth_std,0.06552
BRD_20200904,2024,파이널나인,외식,기타 외식,31.0,0.3800074133148405,0.5194902465851454,0.7413314840499307,Medium,f_struct_stores_per_region,0.48379,f_trd_store_growth_std,0.12365,f_trd_sales_per_area_mean,0.09486
BRD_20212547,2024,덮밥집이야,외식,한식,34.0,0.3800074063800277,0.5194440938056487,0.7406380027739251,Medium,f_ind_contract_end_pct,0.43998,f_struct_stores_per_region,0.26782,f_lvl_emp_cnt_log,-0.10729
BRD_20211561,2024,파스타집이야,외식,서양식,23.0,0.380007399445215,0.5190148675358236,0.7399445214979196,Medium,f_ind_contract_end_pct,0.5144,f_struct_stores_per_region,0.35414,f_lvl_emp_cnt_log,-0.11152
BRD_20231656,2024,제육집막내아들,외식,한식,37.0,0.3800073925104022,0.5185313270165782,0.739251040221914,Medium,f_struct_stores_per_region,0.30853,f_lvl_avg_sales_log,0.16676,f_trd_store_growth_std,0.12944
BRD_20191246,2024,최가네크레이지떡볶이,외식,분식,45.0,0.38000738557558944,0.518529922336089,0.7385575589459085,Medium,f_struct_stores_per_region,0.25674,f_trd_store_growth_mean,0.16177,f_trd_store_growth_std,0.12031
BRD_20160469,2024,뿅가야채곱창,외식,기타 외식,75.0,0.3800073786407767,0.5180476972682198,0.7378640776699029,Medium,f_ind_contract_end_pct,0.63399,f_struct_stores_per_region,0.18677,f_lvl_avg_sales_log,0.16931
BRD_20200425,2024,정온달집,외식,한식,15.0,0.38000737170596394,0.5180448060783158,0.7371705963938974,Medium,f_ind_contract_end_pct,0.44903,f_struct_stores_per_region,0.36926,f_lvl_emp_cnt_log,0.0632
BRD_20210285,2024,밥풀릭스,외식,한식,104.0,0.38000736477115116,0.517748582686502,0.7364771151178918,Medium,f_ind_contract_end_pct,0.70828,f_struct_stores_per_region,0.15715,f_lvl_emp_cnt_log,0.08065
BRD_20201348,2024,"떡볶이 참 잘하는 집, 떡참",외식,분식,82.0,0.38000735783633843,0.5168852435687966,0.7357836338418863,Medium,f_ind_contract_end_pct,0.52163,f_struct_stores_per_region,0.17476,f_trd_store_growth_mean,0.13497
BRD_20161076,2024,투고샐러드 (TOGOSALAD),외식,기타 외식,27.0,0.38000735090152565,0.5168702564877781,0.7350901525658807,Medium,f_struct_stores_per_region,0.22853,f_trd_store_growth_mean,0.12673,f_trd_sales_growth_std,0.12074
BRD_20211764,2024,국물에빠진두루치기,외식,한식,105.0,0.38000734396671293,0.5168161929891179,0.7343966712898752,Medium,f_ind_contract_end_pct,0.45577,f_chg_store_growth,0.10522,f_lvl_emp_cnt_log,0.07636
BRD_20200700,2024,죽~이요,외식,한식,108.0,0.38000733703190015,0.5168161929891179,0.7337031900138696,Medium,f_ind_contract_end_pct,0.457,f_chg_store_growth,0.10522,f_trd_sales_per_area_mean,0.06646
BRD_20180986,2024,김형제고기의철학,외식,한식,45.0,0.38000733009708737,0.5165258539546347,0.7330097087378641,Medium,f_ind_contract_end_pct,0.62158,f_struct_stores_per_region,0.34426,f_lvl_biz_age,0.06043
BRD_20160392,2024,베트남노상식당,외식,기타 외국식,40.0,0.38000732316227465,0.5165258539546347,0.7323162274618585,Medium,f_ind_contract_end_pct,0.61757,f_struct_stores_per_region,0.31063,f_lvl_emp_cnt_log,0.06274
BRD_20170147,2024,마성떡볶이,외식,분식,31.0,0.38000731622746187,0.5163318427135694,0.731622746185853,Medium,f_ind_contract_end_pct,0.52977,f_struct_stores_per_region,0.43927,f_trd_store_growth_std,0.08437
BRD_20140400,2024,본래순대,외식,한식,51.0,0.3800073092926491,0.5158401528849526,0.7309292649098474,Medium,f_ind_contract_end_pct,0.51687,f_struct_stores_per_region,0.23974,f_lvl_avg_sales_log,0.07971
BRD_20170357,2024,어벤더치커피,외식,커피,32.0,0.38000730235783636,0.5155457185332695,0.7302357836338419,Medium,f_ind_contract_end_pct,0.67819,f_struct_stores_per_region,0.20775,f_trd_store_growth_mean,0.15526
BRD_20220332,2024,고래맥주창고,외식,주점,87.0,0.3800072954230236,0.5155007292805399,0.7295423023578363,Medium,f_ind_contract_end_pct,0.55957,f_struct_stores_per_region,0.15132,f_trd_store_growth_std,0.08414
BRD_20171511,2024,차돌풍,외식,한식,30.0,0.3800072884882108,0.5151052454906323,0.7288488210818308,Medium,f_ind_contract_end_pct,0.56617,f_struct_stores_per_region,0.20285,f_chg_store_growth,0.05785
BRD_20080100482,2024,토프레소,외식,커피,98.0,0.3800072815533981,0.5149736173362772,0.7281553398058253,Medium,f_ind_contract_end_pct,0.56825,f_lvl_avg_sales_log,0.16641,f_trd_store_growth_mean,0.13186
BRD_20200675,2024,돈카춘,외식,일식,32.0,0.3800072746185853,0.5149111995536951,0.7274618585298197,Medium,f_ind_contract_end_pct,0.40106,f_struct_stores_per_region,0.3561,f_struct_region_hhi,0.0741
BRD_20200731,2024,꼬기만땅 점보비빔밥,외식,한식,22.0,0.3800072676837725,0.5147975564110111,0.7267683772538142,Medium,f_struct_stores_per_region,0.18077,f_trd_store_growth_mean,0.16736,f_chg_sales_growth,0.11671
BRD_20150530,2024,카페보니또,외식,커피,15.0,0.3800072607489598,0.5142114155316231,0.7260748959778086,Medium,f_ind_contract_end_pct,0.5005,f_struct_stores_per_region,0.35444,f_trd_store_growth_mean,0.10027
BRD_20200130,2024,롱쓰부대찌개,외식,한식,82.0,0.380007253814147,0.5137809701413755,0.7253814147018031,Medium,f_ind_contract_end_pct,0.4255,f_struct_stores_per_region,0.16869,f_trd_store_growth_std,0.07779
BRD_20080200209,2024,진이찬방,외식,한식,89.0,0.38000724687933424,0.5134736330895621,0.7246879334257975,Medium,f_ind_contract_end_pct,0.48261,f_chg_store_growth,0.10522,f_trd_sales_per_area_mean,0.08331
BRD_20230652,2024,요하마라21,외식,중식,34.0,0.3800072399445215,0.5125993189905618,0.723994452149792,Medium,f_struct_stores_per_region,0.23463,f_lvl_avg_sales_log,0.12108,f_chg_sales_growth,0.11903
BRD_20210237,2024,밥꼬찜닭,외식,한식,34.0,0.38000723300970873,0.5120209770945354,0.7233009708737864,Medium,f_struct_stores_per_region,0.38571,f_trd_store_growth_std,0.0994,f_chg_sales_growth,0.07882
BRD_20201169,2024,그집곱닭도리탕,외식,한식,96.0,0.380007226074896,0.5119083181137711,0.7226074895977809,Medium,f_ind_contract_end_pct,0.49728,f_struct_stores_per_region,0.21781,f_trd_store_growth_std,0.07482
BRD_20191214,2024,샐러드박스(SaladBox),외식,기타 외식,38.0,0.38000721914008323,0.5116355047745393,0.7219140083217753,Medium,f_ind_contract_end_pct,0.6066,f_struct_stores_per_region,0.17798,f_struct_region_hhi,-0.07108
BRD_20200516,2024,연남물갈비,외식,한식,31.0,0.38000721220527045,0.5115302651998778,0.7212205270457698,Medium,f_ind_contract_end_pct,0.46103,f_struct_stores_per_region,0.43905,f_lvl_avg_sales_log,-0.05962
BRD_20170868,2024,DDC치킨,외식,치킨,10.0,0.3800072052704577,0.511403336824313,0.7205270457697642,Medium,f_struct_stores_per_region,0.29417,f_lvl_avg_sales_log,0.16891,f_trd_sales_per_area_mean,0.14615
BRD_20180737,2024,멘야마쯔리,외식,일식,33.0,0.38000719833564495,0.5108769724640081,0.7198335644937587,Medium,f_ind_contract_end_pct,0.48746,f_struct_stores_per_region,0.45944,f_struct_top_region_share,-0.07154
BRD_20211406,2024,육회왕자연어공주,외식,한식,83.0,0.38000719140083217,0.5105178360283289,0.7191400832177531,Medium,f_ind_contract_end_pct,0.56552,f_struct_stores_per_region,0.26043,f_lvl_emp_cnt_log,0.08449
BRD_20170998,2024,유로코피자(EUROKO PIZZA),외식,피자,63.0,0.38000718446601944,0.5103030398313697,0.7184466019417476,Medium,f_ind_contract_end_pct,0.49988,f_struct_stores_per_region,0.2011,f_trd_store_growth_std,0.07232
BRD_20190328,2024,1943,외식,기타 외식,38.0,0.38000717753120666,0.5102661591210207,0.717753120665742,Medium,f_ind_contract_end_pct,0.42753,f_struct_stores_per_region,0.401,f_trd_store_growth_mean,0.13647
BRD_20210291,2024,3X-LARGE COFFEE,외식,커피,34.0,0.3800071705963939,0.5102056639983927,0.7170596393897365,Medium,f_struct_stores_per_region,0.32443,f_lvl_avg_sales_log,0.11232,f_trd_store_growth_std,0.08091
BRD_20210931,2024,기대만족,외식,한식,104.0,0.38000716366158116,0.5093512908420018,0.7163661581137309,Medium,f_ind_contract_end_pct,0.57433,f_struct_stores_per_region,0.20939,f_trd_sales_growth_std,0.13013
BRD_20160577,2024,커피코트,외식,커피,5.0,0.3800071567267684,0.509322982609562,0.7156726768377254,Medium,f_ind_contract_end_pct,0.51036,f_struct_stores_per_region,0.41871,f_trd_store_growth_mean,0.15193
BRD_20150939,2024,홍춘천,외식,한식,61.0,0.3800071497919556,0.5089274028344501,0.7149791955617198,Medium,f_struct_stores_per_region,0.20429,f_lvl_avg_sales_log,0.18031,f_trd_sales_growth_std,0.10027
BRD_20181303,2024,투가이즈(TWO GUYS),외식,치킨,22.0,0.3800071428571429,0.5085456907188106,0.7142857142857143,Medium,f_ind_contract_end_pct,0.70738,f_struct_stores_per_region,0.32604,f_lvl_emp_cnt_log,0.05999
BRD_20231618,2024,요거트퍼플,외식,음료 (커피 외),51.0,0.3800071359223301,0.5071313908817836,0.7135922330097088,Medium,f_struct_stores_per_region,0.36795,f_chg_sales_growth,0.08693,f_trd_store_growth_mean,0.08343
BRD_20090100509,2024,뽕뜨락피자,외식,피자,50.0,0.3800071289875173,0.5068894990106378,0.7128987517337032,Medium,f_trd_store_growth_mean,0.22285,f_struct_stores_per_region,0.19115,f_lvl_avg_sales_log,0.11394
BRD_20190807,2024,고씨네,외식,일식,47.0,0.3800071220527046,0.50688563983978,0.7122052704576977,Medium,f_ind_contract_end_pct,0.56548,f_struct_stores_per_region,0.32553,f_lvl_avg_sales_log,-0.06389
BRD_20160892,2024,만년닭강정,외식,치킨,32.0,0.3800071151178918,0.5067453543048579,0.7115117891816921,Medium,f_struct_stores_per_region,0.42709,f_trd_store_growth_std,0.12205,f_trd_sales_growth_std,0.11621
BRD_20214931,2024,탕참탕수육참잘하는집,외식,중식,164.0,0.38000710818307903,0.5065760638291227,0.7108183079056866,Medium,f_ind_contract_end_pct,0.58866,f_lvl_avg_sales_log,0.18573,f_chg_store_growth,0.131
BRD_20210738,2024,짐키친(GYM KITCHEN),외식,기타 외식,34.0,0.3800071012482663,0.5064226455039631,0.710124826629681,Medium,f_ind_contract_end_pct,0.59111,f_struct_stores_per_region,0.33743,f_trd_sales_per_area_std,-0.08069
BRD_20090100099,2024,신마포갈매기,외식,한식,54.0,0.38000709431345353,0.5063577405203982,0.7094313453536755,Medium,f_ind_contract_end_pct,0.55962,f_struct_stores_per_region,0.25328,f_trd_store_growth_mean,0.13516
BRD_20191330,2024,광명대창집,외식,기타 외식,32.0,0.3800070873786408,0.5058009760192125,0.7087378640776699,Medium,f_ind_contract_end_pct,0.59325,f_struct_stores_per_region,0.33614,f_trd_store_growth_std,0.05984
BRD_20231796,2024,뽁떡떡볶이,외식,분식,52.0,0.380007080443828,0.5056851862698696,0.7080443828016644,Medium,f_struct_stores_per_region,0.20961,f_chg_sales_growth,0.11903,f_trd_store_growth_std,0.09854
BRD_20161207,2024,커피온리,외식,커피,13.0,0.38000707350901525,0.5055172122087479,0.7073509015256588,Medium,f_ind_contract_end_pct,0.49447,f_struct_stores_per_region,0.18431,f_struct_region_hhi,-0.09305
BRD_20212450,2024,취향마라,외식,중식,26.0,0.3800070665742025,0.5050164153628202,0.7066574202496533,Medium,f_struct_stores_per_region,0.33872,f_trd_store_growth_std,0.10228,f_chg_sales_growth,0.07882
BRD_20190945,2024,고품격커피공장,외식,커피,24.0,0.38000705963938974,0.5047422980834624,0.7059639389736477,Medium,f_ind_contract_end_pct,0.67745,f_struct_stores_per_region,0.2139,f_lvl_avg_sales_log,0.13318
BRD_20160481,2024,징기스,외식,기타 외식,33.0,0.38000705270457696,0.5043713423914234,0.7052704576976422,Medium,f_struct_stores_per_region,0.37151,f_trd_sales_per_area_mean,0.09833,f_lvl_emp_cnt_log,0.09568
BRD_20210436,2024,필라프에빠지다,외식,기타 외식,46.0,0.38000704576976424,0.5041187613641568,0.7045769764216366,Medium,f_struct_stores_per_region,0.363,f_chg_sales_growth,0.08693,f_trd_store_growth_mean,0.07981
BRD_20200439,2024,에바돈가츠,외식,기타 외식,42.0,0.38000703883495146,0.5039073870717244,0.7038834951456311,Medium,f_ind_contract_end_pct,0.54183,f_struct_stores_per_region,0.26569,f_lvl_emp_cnt_log,0.07245
BRD_20180580,2024,탄탄면공방,외식,분식,36.0,0.3800070319001387,0.503045036501429,0.7031900138696255,Medium,f_ind_contract_end_pct,0.45525,f_struct_stores_per_region,0.43513,f_lvl_emp_cnt_log,-0.14317
BRD_20201657,2024,에그존,외식,기타 외식,30.0,0.38000702496532596,0.5022651926642598,0.70249653259362,Medium,f_struct_stores_per_region,0.28383,f_lvl_avg_sales_log,0.17736,f_struct_top_region_share,-0.12527
BRD_20230863,2024,진교동찜닭,외식,한식,53.0,0.3800070180305132,0.5017130695221361,0.7018030513176144,Medium,f_struct_stores_per_region,0.18311,f_chg_sales_growth,0.15264,f_trd_store_growth_std,0.12143
BRD_20220053,2024,이찌방라멘& 카츠카레,외식,일식,41.0,0.3800070110957004,0.5015852499216559,0.7011095700416089,Medium,f_struct_stores_per_region,0.23978,f_lvl_avg_sales_log,0.13325,f_trd_sales_growth_std,0.10162
BRD_20200176,2024,달콤왕가탕후루,외식,기타 외국식,150.0,0.3800070041608877,0.5015009181278128,0.7004160887656034,Medium,f_ind_contract_end_pct,0.4794,f_trd_sales_growth_std,0.11486,f_trd_sales_per_area_std,0.08613
BRD_20151217,2024,싸움의고수,외식,기타 외식,67.0,0.3800069972260749,0.5014291441804682,0.6997226074895978,Low,f_ind_contract_end_pct,0.53653,f_struct_stores_per_region,0.16575,f_trd_store_growth_mean,0.06796
BRD_20200879,2024,막이오름,외식,주점,21.0,0.3800069902912621,0.5012390082259178,0.6990291262135923,Low,f_ind_contract_end_pct,0.6214,f_struct_stores_per_region,0.3818,f_lvl_emp_cnt_log,-0.12165
BRD_20170549,2024,맛있는 오칠구,외식,기타 외식,5.0,0.3800069833564494,0.501033426637017,0.6983356449375867,Low,f_struct_stores_per_region,0.34771,f_trd_store_growth_mean,0.15728,f_struct_region_hhi_chg,-0.14455
BRD_20230891,2024,마포냉면 숯불구이,외식,한식,64.0,0.3800069764216366,0.5010226009159274,0.6976421636615812,Low,f_struct_stores_per_region,0.20252,f_lvl_avg_sales_log,0.13128,f_chg_sales_growth,0.11903
BRD_20215839,2024,88제육,외식,한식,83.0,0.3800069694868239,0.5007924100977145,0.6969486823855756,Low,f_struct_stores_per_region,0.20496,f_chg_sales_growth,0.15264,f_trd_store_growth_mean,0.09927
BRD_20100100460,2024,피자헤븐,외식,피자,11.0,0.3800069625520111,0.500534108377806,0.6962552011095701,Low,f_ind_contract_end_pct,0.49522,f_struct_stores_per_region,0.3175,f_trd_store_growth_mean,0.15965
BRD_20120100060,2024,생어거스틴,외식,기타 외국식,12.0,0.3800069556171983,0.500076764910699,0.6955617198335645,Low,f_ind_contract_end_pct,0.54319,f_struct_stores_per_region,0.44851,f_lvl_emp_cnt_log,-0.10691
BRD_20200320,2024,빵위에 치즈 피자앰플러,외식,피자,47.0,0.3800069486823856,0.4999473404884036,0.694868238557559,Low,f_ind_contract_end_pct,0.62529,f_struct_stores_per_region,0.33796,f_trd_store_growth_std,0.08513
BRD_20171051,2024,"오늘,와인한잔",외식,주점,51.0,0.3800069417475728,0.4997334724449943,0.6941747572815534,Low,f_ind_contract_end_pct,0.60536,f_struct_stores_per_region,0.19573,f_lvl_biz_age,0.05892
BRD_20120100631,2024,경성양꼬치,외식,기타 외국식,25.0,0.38000693481276004,0.49858249024384804,0.6934812760055479,Low,f_ind_contract_end_pct,0.66863,f_struct_stores_per_region,0.15973,f_struct_region_hhi,-0.10697
BRD_20211453,2024,GLOER,외식,제과제빵,13.0,0.3800069278779473,0.4984693713309489,0.6927877947295423,Low,f_ind_contract_end_pct,0.56606,f_struct_stores_per_region,0.28166,f_lvl_avg_sales_log,0.1248
BRD_20080200265,2024,멘무샤,외식,기타 외식,15.0,0.2285783495145631,0.497358084621576,0.6920943134535368,Low,f_struct_stores_per_region,0.4126,f_trd_store_growth_std,0.12998,f_lvl_n_stores,0.10401
BRD_20100100520,2024,국대떡볶이,외식,분식,19.0,0.22857834257975035,0.4971654621099843,0.6914008321775312,Low,f_struct_stores_per_region,0.25082,f_trd_store_growth_mean,0.22824,f_lvl_avg_sales_log,0.16363
BRD_20220745,2024,불아더 숯불바베큐,외식,치킨,37.0,0.22857833564493757,0.4964813180751709,0.6907073509015257,Low,f_struct_stores_per_region,0.1741,f_trd_sales_per_area_std,0.11938,f_lvl_avg_sales_log,0.11804
BRD_20200099,2024,장미맨숀,외식,주점,28.0,0.22857832871012482,0.4964672670086988,0.6900138696255201,Low,f_struct_stores_per_region,0.43647,f_trd_store_growth_mean,0.20261,f_trd_sales_per_area_mean,0.10521
BRD_20120100422,2024,통파이브,외식,주점,17.0,0.22857832177531207,0.49638632468863797,0.6893203883495146,Low,f_struct_stores_per_region,0.41379,f_chg_sales_per_area_growth,0.10933,f_trd_sales_per_area_std,0.09415
BRD_20120100504,2024,셀렉토커피,외식,커피,121.0,0.22857831484049929,0.4962961258119027,0.688626907073509,Low,f_ind_contract_end_pct,0.51021,f_lvl_avg_sales_log,0.20089,f_trd_sales_growth_std,0.11199
BRD_20210532,2024,범맥주,외식,주점,30.0,0.22857830790568653,0.49607881343940774,0.6879334257975035,Low,f_ind_contract_end_pct,0.48736,f_struct_stores_per_region,0.34756,f_lvl_emp_cnt_log,-0.12384
BRD_20180565,2024,여우애(愛),외식,분식,46.0,0.22857830097087378,0.49603976433343916,0.687239944521498,Low,f_ind_contract_end_pct,0.65897,f_struct_stores_per_region,0.3272,f_trd_sales_per_area_std,-0.06176
BRD_20212985,2024,파스타에반하다,외식,서양식,65.0,0.22857829403606103,0.49596980609239544,0.6865464632454924,Low,f_struct_stores_per_region,0.16899,f_lvl_avg_sales_log,0.1361,f_trd_sales_growth_std,0.09551
BRD_20201793,2024,국제시장 돼지국밥,외식,한식,54.0,0.22857828710124825,0.4956423010280242,0.6858529819694869,Low,f_ind_contract_end_pct,0.51283,f_struct_stores_per_region,0.40455,f_lvl_avg_sales_log,0.18144
BRD_20201339,2024,마요네즈 (mayonnaise),외식,일식,29.0,0.2285782801664355,0.495178730823162,0.6851595006934813,Low,f_ind_contract_end_pct,0.60441,f_struct_stores_per_region,0.40054,f_trd_sales_per_area_std,-0.06707
BRD_20231530,2024,또띠아그램,외식,기타 외국식,60.0,0.22857827323162275,0.4946449350675938,0.6844660194174758,Low,f_struct_stores_per_region,0.25432,f_trd_store_growth_std,0.12412,f_chg_sales_growth,0.11903
BRD_20212528,2024,후토루,외식,일식,33.0,0.22857826629680997,0.4945172310382905,0.6837725381414702,Low,f_struct_stores_per_region,0.21449,f_lvl_avg_sales_log,0.12613,f_chg_sales_growth,0.11903
BRD_20220177,2024,수백당,외식,한식,67.0,0.22857825936199722,0.49430313421853944,0.6830790568654647,Low,f_ind_contract_end_pct,0.68768,f_struct_stores_per_region,0.21185,f_trd_sales_per_area_std,-0.10192
BRD_20231726,2024,메가혼밥,외식,한식,58.0,0.22857825242718446,0.49409230104674884,0.6823855755894591,Low,f_struct_stores_per_region,0.27088,f_chg_sales_growth,0.15264,f_trd_store_growth_std,0.09447
BRD_20231723,2024,다다하다,외식,기타 외국식,35.0,0.2285782454923717,0.49409230104674884,0.6816920943134536,Low,f_struct_stores_per_region,0.2629,f_chg_sales_growth,0.15264,f_trd_store_growth_std,0.09351
BRD_20180639,2024,정성찬,외식,기타 외식,6.0,0.22857823855755893,0.4940312350974393,0.680998613037448,Low,f_ind_contract_end_pct,0.46812,f_struct_stores_per_region,0.28801,f_struct_region_hhi,-0.14832
BRD_20214651,2024,순수타코,외식,기타 외식,85.0,0.22857823162274618,0.4935126700009572,0.6803051317614425,Low,f_lvl_avg_sales_log,0.20075,f_struct_stores_per_region,0.16483,f_chg_sales_per_area_growth,0.09485
BRD_20230962,2024,면식당,외식,일식,35.0,0.22857822468793343,0.4932602358044741,0.6796116504854369,Low,f_struct_stores_per_region,0.23189,f_chg_sales_growth,0.15264,f_trd_store_growth_std,0.11989
BRD_20214326,2024,대한국밥만세,외식,한식,39.0,0.22857821775312065,0.49299683262078675,0.6789181692094314,Low,f_struct_stores_per_region,0.32443,f_lvl_avg_sales_log,0.10424,f_trd_store_growth_std,0.08091
BRD_20190875,2024,마라홀릭,외식,중식,33.0,0.2285782108183079,0.49266576037582255,0.6782246879334258,Low,f_struct_stores_per_region,0.36563,f_trd_store_growth_std,0.09447,f_chg_sales_growth,0.08693
BRD_20110100484,2024,마루샤브,외식,기타 외식,8.0,0.22857820388349515,0.49261395676136044,0.6775312066574203,Low,f_struct_stores_per_region,0.37453,f_trd_sales_per_area_mean,0.15755,f_lvl_n_stores,0.11135
BRD_20212321,2024,대박삼겹김치찜&초대박등갈비김치찜,외식,한식,176.0,0.22857819694868237,0.492425632804128,0.6768377253814147,Low,f_ind_contract_end_pct,0.41903,f_chg_store_growth,0.15832,f_struct_stores_per_region,-0.07782
BRD_20214246,2024,뽁당,외식,한식,52.0,0.22857819001386961,0.49196328634049447,0.6761442441054092,Low,f_chg_sales_growth,0.15264,f_struct_stores_per_region,0.14884,f_trd_store_growth_std,0.10785
BRD_20160464,2024,혜화동 돈까스극장,외식,기타 외식,76.0,0.22857818307905686,0.4918049842441212,0.6754507628294036,Low,f_lvl_avg_sales_log,0.20812,f_trd_sales_growth_std,0.13064,f_trd_sales_per_area_mean,0.10311
BRD_20130258,2024,오떡,외식,분식,16.0,0.2285781761442441,0.4908135529670398,0.6747572815533981,Low,f_ind_contract_end_pct,0.57081,f_struct_stores_per_region,0.23554,f_struct_region_hhi,-0.17741
BRD_20170227,2024,오르새피자,외식,피자,33.0,0.22857816920943133,0.4906039464110016,0.6740638002773925,Low,f_ind_contract_end_pct,0.75894,f_struct_stores_per_region,0.22063,f_lvl_avg_sales_log,-0.07398
BRD_20201106,2024,뜸들이다,외식,한식,59.0,0.22857816227461858,0.4905800520127527,0.673370319001387,Low,f_ind_contract_end_pct,0.55034,f_struct_stores_per_region,0.29044,f_trd_sales_per_area_std,-0.09779
BRD_20200209,2024,인생닭강정,외식,치킨,92.0,0.22857815533980583,0.49037589113139435,0.6726768377253814,Low,f_ind_contract_end_pct,0.74598,f_struct_stores_per_region,0.22493,f_lvl_n_stores,-0.06979
BRD_20201537,2024,구도로통닭,외식,치킨,76.0,0.22857814840499305,0.4900434291090464,0.6719833564493759,Low,f_ind_contract_end_pct,0.55111,f_struct_stores_per_region,0.19993,f_trd_sales_per_area_std,0.06894
BRD_20130100343,2024,부산아지매국밥,외식,한식,69.0,0.2285781414701803,0.4896053136244915,0.6712898751733704,Low,f_ind_contract_end_pct,0.67948,f_struct_stores_per_region,0.26916,f_trd_store_growth_std,0.07653
BRD_20191199,2024,윤검푸드 봉수아피자,외식,피자,53.0,0.22857813453536754,0.48923666413872124,0.6705963938973648,Low,f_ind_contract_end_pct,0.66765,f_struct_stores_per_region,0.20208,f_lvl_emp_cnt_log,0.08307
BRD_20180747,2024,치순이통닭,외식,치킨,29.0,0.22857812760055476,0.4890794657841379,0.6699029126213593,Low,f_lvl_avg_sales_log,0.22028,f_trd_sales_growth_std,0.1346,f_trd_sales_per_area_mean,0.12567
BRD_20231554,2024,밥구정로데오,외식,한식,34.0,0.228578120665742,0.4888823513764938,0.6692094313453537,Low,f_struct_stores_per_region,0.39662,f_trd_store_growth_std,0.143,f_trd_store_growth_mean,0.1419
BRD_20230392,2024,해탄,외식,한식,61.0,0.22857811373092926,0.4881199991512945,0.6685159500693482,Low,f_struct_stores_per_region,0.23114,f_chg_sales_growth,0.17054,f_trd_store_growth_std,0.10631
BRD_20171168,2024,커피왕,외식,커피,20.0,0.2285781067961165,0.48735409163412835,0.6678224687933426,Low,f_struct_stores_per_region,0.21061,f_lvl_avg_sales_log,0.19252,f_trd_sales_per_area_mean,0.11595
BRD_20221304,2024,7곡제면소,외식,한식,32.0,0.22857809986130373,0.48717236419247245,0.6671289875173371,Low,f_struct_stores_per_region,0.38623,f_trd_store_growth_std,0.09351,f_chg_sales_growth,0.08693
BRD_20214795,2024,2피자1치킨상회,외식,피자,51.0,0.22857809292649098,0.4871129426348374,0.6664355062413315,Low,f_lvl_avg_sales_log,0.18995,f_struct_stores_per_region,0.17463,f_trd_sales_growth_std,0.1245
BRD_20230261,2024,샤브올데이,외식,한식,49.0,0.22857808599167823,0.48584254705680874,0.665742024965326,Low,f_struct_stores_per_region,0.22536,f_chg_sales_growth,0.15264,f_trd_store_growth_std,0.143
BRD_20180804,2024,미스터빠삭,외식,기타 외식,58.0,0.22857807905686545,0.4854744776131443,0.6650485436893204,Low,f_ind_contract_end_pct,0.65132,f_struct_stores_per_region,0.32898,f_trd_sales_per_area_std,-0.07742
BRD_20161309,2024,브라보치킨피자,외식,치킨,1.0,0.2285780721220527,0.48531606776652364,0.6643550624133149,Low,f_struct_stores_per_region,0.22676,f_trd_store_growth_mean,0.20313,f_chg_sales_growth,0.11671
BRD_20140689,2024,천하제일족발,외식,한식,0.0,0.22857806518723994,0.48531606776652364,0.6636615811373093,Low,f_struct_stores_per_region,0.24874,f_trd_store_growth_mean,0.20048,f_chg_sales_growth,0.11903
BRD_20110100585,2024,폼프리츠,외식,주점,14.0,0.2285780582524272,0.48505171963140553,0.6629680998613038,Low,f_struct_stores_per_region,0.27604,f_trd_sales_per_area_mean,0.14615,f_lvl_avg_sales_log,0.11903
BRD_20150650,2024,마미쿡,외식,패스트푸드,13.0,0.2285780513176144,0.48460143109965037,0.6622746185852982,Low,f_struct_stores_per_region,0.34181,f_lvl_avg_sales_log,0.12868,f_trd_store_growth_mean,0.12631
BRD_20190606,2024,행복한찜닭,외식,한식,81.0,0.22857804438280166,0.48428072577432324,0.6615811373092927,Low,f_ind_contract_end_pct,0.63113,f_struct_stores_per_region,0.25174,f_lvl_emp_cnt_log,-0.09241
BRD_20201059,2024,밤하늘포차 연어육회,외식,주점,33.0,0.2285780374479889,0.4842494686949763,0.6608876560332871,Low,f_struct_stores_per_region,0.2181,f_lvl_avg_sales_log,0.13252,f_chg_sales_growth,0.11903
BRD_20201148,2024,힘난다버거,외식,패스트푸드,26.0,0.22857803051317613,0.4842326195731174,0.6601941747572816,Low,f_struct_stores_per_region,0.38505,f_trd_store_growth_std,0.09564,f_chg_sales_growth,0.08693
BRD_20150273,2024,쉐프의부대찌개,외식,기타 외식,20.0,0.22857802357836338,0.4842326195731174,0.659500693481276,Low,f_struct_stores_per_region,0.36563,f_trd_store_growth_std,0.09648,f_chg_sales_growth,0.08693
BRD_20170703,2024,행복가마솥밥&알솥밥,외식,한식,21.0,0.22857801664355062,0.484168879021786,0.6588072122052705,Low,f_struct_stores_per_region,0.41302,f_trd_store_growth_mean,0.10599,f_trd_store_growth_std,0.10013
BRD_20201124,2024,두심스 독도해물알찜,외식,한식,25.0,0.22857800970873784,0.48357881068764297,0.658113730929265,Low,f_struct_stores_per_region,0.34086,f_trd_store_growth_std,-0.11374,f_trd_sales_per_area_mean,0.09564
BRD_20230038,2024,두번먹는명인김치찜,외식,한식,53.0,0.2285780027739251,0.48353070971357076,0.6574202496532594,Low,f_struct_stores_per_region,0.18065,f_chg_sales_growth,0.15264,f_trd_store_growth_std,0.10785
BRD_20110100493,2024,라떼떼,외식,커피,10.0,0.22857799583911234,0.4834990254984159,0.6567267683772539,Low,f_struct_stores_per_region,0.34607,f_trd_store_growth_mean,0.15424,f_struct_region_hhi_chg,-0.13694
BRD_20080100499,2024,치킨더홈,외식,치킨,27.0,0.2285779889042996,0.4834476822011125,0.6560332871012483,Low,f_ind_contract_end_pct,0.46884,f_struct_stores_per_region,0.27407,f_lvl_emp_cnt_log,-0.07499
BRD_20170243,2024,비어첸,외식,주점,15.0,0.2285779819694868,0.48302595907336526,0.6553398058252428,Low,f_struct_stores_per_region,0.36795,f_chg_sales_growth,0.08693,f_trd_store_growth_std,0.0824
BRD_20120100563,2024,코코샤브,외식,기타 외식,4.0,0.22857797503467406,0.482373528452652,0.6546463245492372,Low,f_struct_stores_per_region,0.45807,f_trd_store_growth_mean,0.19899,f_struct_region_hhi,-0.13725
BRD_20221034,2024,토리키치,외식,기타 외식,62.0,0.2285779680998613,0.4823259057580053,0.6539528432732317,Low,f_chg_sales_growth,0.17054,f_struct_stores_per_region,0.16916,f_ind_contract_end_pct,-0.1174
BRD_20160785,2024,완산골명가,외식,한식,24.0,0.22857796116504853,0.4818977481258833,0.6532593619972261,Low,f_struct_stores_per_region,0.32106,f_trd_store_growth_std,0.09966,f_chg_sales_growth,0.0765
BRD_20230374,2024,원조설악칡냉면,외식,한식,43.0,0.22857795423023577,0.4815217714917066,0.6525658807212206,Low,f_struct_stores_per_region,0.28542,f_trd_store_growth_std,0.12819,f_chg_sales_growth,0.11903
BRD_20171493,2024,이차돌,외식,기타 외식,117.0,0.22857794729542302,0.4812737549511402,0.651872399445215,Low,f_ind_contract_end_pct,0.81724,f_trd_store_growth_mean,0.21202,f_chg_store_growth,0.11773
BRD_20200561,2024,금복주류,외식,주점,36.0,0.22857794036061024,0.4804609197703229,0.6511789181692095,Low,f_struct_stores_per_region,0.47419,f_trd_sales_per_area_std,0.13295,f_trd_store_growth_std,0.11781
BRD_20220334,2024,정성카츠,외식,기타 외식,66.0,0.2285779334257975,0.48038822113399177,0.6504854368932039,Low,f_ind_contract_end_pct,0.68523,f_struct_stores_per_region,0.26132,f_trd_store_growth_std,-0.19162
BRD_20160760,2024,천사곱창,외식,한식,25.0,0.22857792649098474,0.47976842202714975,0.6497919556171984,Low,f_struct_stores_per_region,0.31838,f_trd_store_growth_std,0.11255,f_chg_sales_growth,0.09672
BRD_20211709,2024,히포슈가 (HIPPO SUGAR),외식,기타 외식,23.0,0.228577919556172,0.4789814916919173,0.6490984743411928,Low,f_struct_stores_per_region,0.3772,f_trd_store_growth_std,0.13302,f_lvl_avg_sales_log,0.11385
BRD_20170265,2024,마린보이 코다리1번가,외식,한식,33.0,0.2285779126213592,0.47843082430929396,0.6484049930651873,Low,f_struct_stores_per_region,0.25812,f_chg_sales_growth,0.15264,f_trd_store_growth_std,0.09731
BRD_20090100001,2024,꾼노리,외식,주점,7.0,0.22857790568654646,0.47840111202664426,0.6477115117891817,Low,f_struct_stores_per_region,0.31824,f_trd_store_growth_mean,0.17292,f_ind_contract_end_pct,-0.17271
BRD_20200757,2024,한결통아구찜,외식,한식,25.0,0.153852624026459,0.47715519116134164,0.6470180305131762,Low,f_ind_contract_end_pct,0.61622,f_struct_stores_per_region,0.20751,f_struct_region_hhi,-0.14152
BRD_20180783,2024,백년불고기,외식,기타 외식,36.0,0.15385261709164622,0.4769763517720369,0.6463245492371706,Low,f_struct_stores_per_region,0.23205,f_ind_contract_end_pct,-0.15493,f_trd_store_growth_std,0.13809
BRD_20180630,2024,문토스트,외식,기타 외식,24.0,0.15385261015683346,0.4768314213925961,0.6456310679611651,Low,f_ind_contract_end_pct,0.50016,f_struct_stores_per_region,0.1796,f_struct_region_hhi,-0.14121
BRD_20201372,2024,해장은 천수냉면,외식,한식,33.0,0.1538526032220207,0.47624674889317425,0.6449375866851595,Low,f_struct_stores_per_region,0.19225,f_trd_store_growth_std,0.11295,f_trd_sales_growth_std,0.11116
BRD_20151018,2024,복고다방,외식,커피,50.0,0.15385259628720796,0.47599482580574615,0.644244105409154,Low,f_struct_stores_per_region,0.24879,f_chg_sales_growth,0.11903,f_trd_store_growth_std,0.09692
BRD_20110100042,2024,치르치르,외식,치킨,7.0,0.15385258935239518,0.4759739766614359,0.6435506241331485,Low,f_struct_stores_per_region,0.37641,f_trd_store_growth_std,0.15187,f_trd_sales_growth_mean,0.11721
BRD_20191021,2024,돈갓,외식,서양식,5.0,0.15385258241758243,0.4756434479665801,0.6428571428571429,Low,f_ind_contract_end_pct,0.49452,f_struct_stores_per_region,0.26863,f_struct_region_hhi,-0.1437
BRD_20211698,2024,헤즈업,외식,주점,62.0,0.15385257548276968,0.4752584260785537,0.6421636615811374,Low,f_struct_stores_per_region,0.19846,f_trd_store_growth_std,0.13833,f_trd_sales_growth_std,0.13284
BRD_20151176,2024,빙달,외식,아이스크림/빙수,35.0,0.1538525685479569,0.4749416902265548,0.6414701803051318,Low,f_struct_stores_per_region,0.14506,f_trd_sales_growth_std,0.10844,f_trd_sales_growth_mean,0.09845
BRD_20211849,2024,오꼬리,외식,한식,0.0,0.15385256161314415,0.4745749269657005,0.6407766990291263,Low,f_struct_stores_per_region,0.22723,f_chg_sales_growth,0.11903,f_trd_store_growth_mean,0.11241
BRD_20210459,2024,9찬김치찌개,외식,한식,0.0,0.1538525546783314,0.4745749269657005,0.6400832177531207,Low,f_struct_stores_per_region,0.22723,f_chg_sales_growth,0.11903,f_trd_store_growth_mean,0.11241
BRD_20210368,2024,꼬육꼬밥,외식,한식,0.0,0.15385254774351861,0.4745749269657005,0.6393897364771152,Low,f_struct_stores_per_region,0.22723,f_chg_sales_growth,0.11903,f_trd_store_growth_mean,0.11241
BRD_20191392,2024,경양카츠,외식,일식,37.0,0.15385254080870586,0.474574261593778,0.6386962552011096,Low,f_struct_stores_per_region,0.46471,f_trd_store_growth_mean,0.18331,f_lvl_biz_age,0.05916
BRD_20120100380,2024,홍탕,외식,중식,54.0,0.1538525338738931,0.47435209672247447,0.6380027739251041,Low,f_ind_contract_end_pct,0.71113,f_struct_stores_per_region,0.30435,f_lvl_avg_sales_log,0.18403
BRD_20231326,2024,피자닭터,외식,서양식,31.0,0.15385252693908036,0.47417963706173877,0.6373092926490985,Low,f_struct_stores_per_region,0.41783,f_ind_contract_end_pct,-0.15351,f_trd_store_growth_std,0.11989
BRD_20161124,2024,파주닭국수,외식,한식,28.0,0.15385252000426758,0.4737493726032953,0.636615811373093,Low,f_struct_stores_per_region,0.17975,f_lvl_avg_sales_log,0.14145,f_trd_sales_per_area_std,0.1148
BRD_20200724,2024,팔각도,외식,한식,152.0,0.15385251306945483,0.47329222342900557,0.6359223300970874,Low,f_ind_contract_end_pct,0.50422,f_trd_sales_growth_std,0.1335,f_chg_store_growth,0.09531
BRD_20080100570,2024,쌈촌,외식,기타 외국식,31.0,0.15385250613464208,0.4719419365528158,0.6352288488210819,Low,f_struct_stores_per_region,0.26944,f_trd_store_growth_std,0.13771,f_trd_sales_per_area_mean,0.11126
BRD_20140942,2024,짝태&노가리,외식,주점,69.0,0.1538524991998293,0.47162028188768346,0.6345353675450763,Low,f_trd_sales_per_area_mean,0.18953,f_trd_store_growth_std,-0.14193,f_trd_sales_growth_std,0.13769
BRD_20150343,2024,왕빈자전통주막,외식,주점,20.0,0.15385249226501654,0.4711412020780602,0.6338418862690708,Low,f_struct_stores_per_region,0.36928,f_trd_store_growth_mean,0.16616,f_lvl_n_stores,0.08892
BRD_20200187,2024,원유로스페셜티커피,외식,커피,74.0,0.1538524853302038,0.47089230412433214,0.6331484049930652,Low,f_ind_contract_end_pct,0.64645,f_lvl_avg_sales_log,0.17599,f_trd_sales_per_area_std,-0.07617
BRD_20100100419,2024,오봉도시락,외식,한식,43.0,0.153852478395391,0.4703676064194966,0.6324549237170597,Low,f_struct_stores_per_region,0.42406,f_trd_sales_growth_std,0.10863,f_trd_store_growth_std,0.09845
BRD_20201067,2024,킴브로스 피자&파스타,외식,피자,34.0,0.15385247146057826,0.4700398340206936,0.6317614424410541,Low,f_struct_stores_per_region,0.26536,f_chg_sales_growth,0.15264,f_trd_store_growth_std,0.07839
BRD_20221036,2024,뚜선장 쭈꾸미호,외식,한식,114.0,0.1538524645257655,0.4696574534130382,0.6310679611650486,Low,f_lvl_avg_sales_log,0.20852,f_chg_sales_growth,0.11903,f_trd_sales_per_area_mean,0.08557
BRD_20180834,2024,달빛경성술집,외식,주점,60.0,0.15385245759095276,0.4696239053611241,0.630374479889043,Low,f_struct_stores_per_region,0.19845,f_trd_store_growth_std,0.12823,f_chg_sales_growth,0.11903
BRD_20170915,2024,화로상회,외식,기타 외식,60.0,0.15385245065613998,0.4694909378652832,0.6296809986130375,Low,f_struct_stores_per_region,0.16022,f_trd_store_growth_std,0.13512,f_trd_sales_per_area_mean,0.13317
BRD_20130100465,2024,바푸리,외식,분식,23.0,0.15385244372132723,0.46918601709996505,0.628987517337032,Low,f_struct_stores_per_region,0.38936,f_trd_store_growth_mean,0.19069,f_lvl_avg_sales_log,0.14952
BRD_20160030,2024,수철이네왕새우튀김,외식,분식,10.0,0.15385243678651447,0.46862458904309007,0.6282940360610264,Low,f_struct_stores_per_region,0.4447,f_trd_store_growth_mean,0.23329,f_struct_region_hhi,-0.10721
BRD_20220467,2024,내가닭도리탕이다,외식,한식,79.0,0.1538524298517017,0.4686225924874968,0.6276005547850209,Low,f_lvl_avg_sales_log,0.2006,f_struct_stores_per_region,0.15774,f_trd_sales_per_area_std,0.1129
BRD_20190359,2024,남도복국,외식,한식,23.0,0.15385242291688894,0.4685366893313533,0.6269070735090153,Low,f_struct_stores_per_region,0.38337,f_struct_region_hhi_chg,-0.14707,f_trd_store_growth_std,0.09811
BRD_20110100132,2024,치킨678,외식,기타 외식,22.0,0.1538524159820762,0.4674637951010151,0.6262135922330098,Low,f_struct_stores_per_region,0.47938,f_trd_store_growth_mean,0.19932,f_lvl_n_stores,0.11819
BRD_20211707,2024,순살만공격,외식,치킨,125.0,0.1538524090472634,0.46701841460893934,0.6255201109570042,Low,f_ind_contract_end_pct,0.57705,f_chg_store_growth,0.10522,f_trd_sales_per_area_mean,0.10451
BRD_20140465,2024,명동찌개마을,외식,기타 외식,46.0,0.15385240211245066,0.46675445434508056,0.6248266296809986,Low,f_struct_stores_per_region,0.30607,f_trd_store_growth_std,0.13351,f_chg_sales_growth,0.09793
BRD_20210393,2024,덕수파스타 딜리버리,외식,서양식,29.0,0.1538523951776379,0.4665802349132578,0.624133148404993,Low,f_struct_stores_per_region,0.32837,f_struct_top_region_share,-0.11478,f_trd_store_growth_mean,0.10962
BRD_20140726,2024,리얼펍,외식,주점,82.0,0.15385238824282516,0.4663765824982025,0.6234396671289875,Low,f_ind_contract_end_pct,0.50791,f_struct_stores_per_region,0.15691,f_trd_store_growth_std,0.0895
BRD_20214151,2024,빙수를품은달인(빙품달),외식,아이스크림/빙수,43.0,0.15385238130801238,0.4663006516787814,0.6227461858529819,Low,f_struct_stores_per_region,0.31015,f_lvl_avg_sales_log,0.11041,f_trd_store_growth_std,0.09853
BRD_20191447,2024,베스트생갈비찜&찜닭,외식,한식,42.0,0.15385237437319962,0.4660047205830018,0.6220527045769764,Low,f_ind_contract_end_pct,0.48287,f_struct_stores_per_region,0.15952,f_struct_region_hhi,-0.12575
BRD_20080100313,2024,베스트빈,외식,커피,14.0,0.15385236743838687,0.46568349590005825,0.6213592233009708,Low,f_struct_stores_per_region,0.38374,f_trd_store_growth_mean,0.2132,f_lvl_avg_sales_log,0.20426
BRD_20201873,2024,아틀리에빈,외식,커피,15.0,0.1538523605035741,0.46531832804200485,0.6206657420249653,Low,f_trd_store_growth_mean,0.20971,f_lvl_avg_sales_log,0.18995,f_trd_sales_per_area_mean,0.07818
BRD_20190404,2024,신떡순 신천할매떡볶이,외식,분식,56.0,0.15385235356876134,0.4653037266242566,0.6199722607489597,Low,f_ind_contract_end_pct,0.68793,f_struct_stores_per_region,0.21517,f_lvl_emp_cnt_log,0.08562
BRD_20230229,2024,밥튜브,외식,한식,128.0,0.1538523466339486,0.46455834999811546,0.6192787794729542,Low,f_trd_store_growth_mean,0.12751,f_chg_sales_growth,0.11903,f_chg_store_growth,0.10522
BRD_20191086,2024,반미362,외식,기타 외국식,29.0,0.15385233969913584,0.4644934150302049,0.6185852981969486,Low,f_struct_stores_per_region,0.37367,f_trd_store_growth_std,0.09097,f_struct_region_hhi,0.08113
BRD_20212722,2024,청록미나리식당,외식,한식,33.0,0.15385233276432306,0.4623148299020544,0.6178918169209431,Low,f_ind_contract_end_pct,0.46015,f_struct_stores_per_region,0.22716,f_struct_region_hhi,-0.20072
BRD_20190933,2024,봉구통닭,외식,치킨,7.0,0.1538523258295103,0.462304796976691,0.6171983356449375,Low,f_struct_stores_per_region,0.39821,f_trd_store_growth_mean,0.1302,f_trd_sales_per_area_mean,0.09277
BRD_20170214,2024,청춘감성쌀핫도그,외식,기타 외식,33.0,0.15385231889469755,0.4619180922882221,0.616504854368932,Low,f_struct_stores_per_region,0.38304,f_trd_store_growth_mean,0.26134,f_lvl_avg_sales_log,0.22701
BRD_20170559,2024,행컵,외식,기타 외식,33.0,0.15385231195988477,0.4618510372006869,0.6158113730929264,Low,f_struct_stores_per_region,0.35947,f_trd_store_growth_std,0.12112,f_chg_sales_growth,0.11671
BRD_20191239,2024,고쿠텐,외식,일식,19.0,0.15385230502507202,0.4618218078943782,0.6151178918169209,Low,f_ind_contract_end_pct,0.57662,f_struct_stores_per_region,0.3499,f_struct_region_hhi,-0.13865
BRD_20211504,2024,과일에반하다.프루타,외식,음료 (커피 외),48.0,0.15385229809025927,0.4615303050710191,0.6144244105409153,Low,f_ind_contract_end_pct,0.59473,f_struct_stores_per_region,0.167,f_struct_region_hhi,-0.12385
BRD_20130015,2024,아마스빈,외식,커피,106.0,0.1538522911554465,0.461224230217732,0.6137309292649098,Low,f_ind_contract_end_pct,0.60887,f_chg_store_growth,0.15832,f_lvl_avg_sales_log,0.11292
NAME:시선@외식,2024,시선,외식,일식,119.0,0.15385228422063374,0.4608046291676467,0.6130374479889042,Low,f_struct_stores_per_region,0.26175,f_trd_store_growth_mean,0.14609,f_chg_sales_per_area_growth,0.13563
BRD_20150356,2024,순남시래기,외식,기타 외식,34.0,0.153852277285821,0.46049305742252833,0.6123439667128987,Low,f_struct_stores_per_region,0.46491,f_trd_store_growth_mean,0.17998,f_trd_sales_per_area_std,-0.10888
BRD_20201747,2024,아구듬뿍&알곤마니,외식,한식,181.0,0.15385227035100824,0.46033734583002206,0.6116504854368932,Low,f_ind_contract_end_pct,0.56379,f_lvl_avg_sales_log,0.23864,f_struct_stores_per_region,-0.15637
BRD_20201254,2024,치킨인류,외식,치킨,30.0,0.15385226341619546,0.4595582471262008,0.6109570041608876,Low,f_struct_stores_per_region,0.42515,f_lvl_emp_cnt_log,-0.15862,f_trd_store_growth_std,0.13618
BRD_20212021,2024,제주옥탑,외식,한식,61.0,0.1538522564813827,0.45933109301246866,0.6102635228848821,Low,f_struct_stores_per_region,0.17737,f_chg_sales_growth,0.15264,f_trd_store_growth_mean,0.10762
BRD_20210606,2024,거진어부네 코다리,외식,한식,43.0,0.15385224954656995,0.4593069754296403,0.6095700416088765,Low,f_struct_stores_per_region,0.36394,f_trd_store_growth_std,0.10371,f_struct_region_hhi,0.08179
BRD_20160907,2024,아리랑수제핫도그,외식,제과제빵,14.0,0.15385224261175717,0.45926891951437393,0.608876560332871,Low,f_struct_stores_per_region,0.43684,f_lvl_avg_sales_log,0.20018,f_trd_store_growth_std,0.12098
BRD_20140725,2024,매머드커피(Mammoth coffee),외식,커피,21.0,0.15385223567694442,0.4586520472117952,0.6081830790568654,Low,f_ind_contract_end_pct,0.59525,f_trd_store_growth_mean,0.1531,f_chg_store_growth,0.13955
BRD_20215034,2024,칠봉통닭,외식,치킨,64.0,0.15385222874213167,0.458318185290678,0.6074895977808599,Low,f_lvl_avg_sales_log,0.23375,f_struct_stores_per_region,0.17819,f_trd_store_growth_mean,0.11896
BRD_20160303,2024,엑스오엑스오핫도그앤커피,외식,기타 외식,56.0,0.1538522218073189,0.45729868619665087,0.6067961165048543,Low,f_lvl_avg_sales_log,0.19534,f_trd_store_growth_mean,0.15524,f_trd_sales_growth_std,0.12258
BRD_20171211,2024,노가리슈퍼,외식,주점,15.0,0.15385221487250614,0.45706229030188616,0.6061026352288488,Low,f_trd_store_growth_mean,0.16139,f_struct_stores_per_region,0.11661,f_trd_sales_growth_std,0.10557
BRD_20160395,2024,배부장찌개,외식,한식,58.0,0.15385220793769339,0.45636685667128263,0.6054091539528432,Low,f_struct_stores_per_region,0.18715,f_chg_sales_growth,0.15264,f_trd_store_growth_std,0.09885
BRD_20214465,2024,볶음밥도사,외식,한식,81.0,0.15385220100288063,0.45563560699374245,0.6047156726768377,Low,f_lvl_avg_sales_log,0.16174,f_struct_stores_per_region,0.14326,f_trd_store_growth_std,0.09617
BRD_20210827,2024,조선화로닭발,외식,한식,93.0,0.15385219406806785,0.4555799530878769,0.6040221914008321,Low,f_struct_stores_per_region,0.21411,f_chg_sales_growth,0.11903,f_trd_store_growth_std,0.11511
BRD_20180229,2024,캠토토스트,외식,기타 외식,73.0,0.1538521871332551,0.455350821739682,0.6033287101248266,Low,f_struct_stores_per_region,0.14432,f_chg_sales_growth,0.11671,f_trd_store_growth_std,0.11275
BRD_20210655,2024,덮밥장사장,외식,일식,37.0,0.15385218019844235,0.4545962549038217,0.602635228848821,Low,f_struct_stores_per_region,0.44424,f_trd_store_growth_std,0.125,f_struct_region_hhi,0.09235
BRD_20110600030,2024,신참떡볶이,외식,분식,97.0,0.15385217326362957,0.45402828063922623,0.6019417475728155,Low,f_ind_contract_end_pct,0.52213,f_lvl_avg_sales_log,0.13643,f_trd_store_growth_mean,0.1117
BRD_20230460,2024,토핑폭탄김치찜&김치찌개,외식,한식,45.0,0.15385216632881682,0.4538938397528404,0.6012482662968099,Low,f_struct_stores_per_region,0.25639,f_trd_store_growth_std,0.09014,f_chg_sales_per_area_growth,0.08129
BRD_20200998,2024,공룡닭발,외식,기타 외식,34.0,0.15385215939400407,0.4531685354797198,0.6005547850208044,Low,f_struct_stores_per_region,0.46941,f_trd_store_growth_std,0.10627,f_lvl_emp_cnt_log,0.10301
BRD_20150087,2024,선굼터,외식,기타 외식,19.0,0.15385215245919132,0.45308713291766417,0.5998613037447988,Low,f_struct_stores_per_region,0.32192,f_trd_store_growth_std,0.12963,f_lvl_avg_sales_log,0.10595
BRD_20230151,2024,백연게장,외식,한식,38.0,0.15385214552437854,0.45268159874898856,0.5991678224687933,Low,f_struct_stores_per_region,0.30344,f_struct_region_hhi_chg,-0.13871,f_lvl_avg_sales_log,0.12277
BRD_20090500007,2024,경아두마리치킨,외식,치킨,40.0,0.15385213858956578,0.4525471287885594,0.5984743411927878,Low,f_trd_store_growth_mean,0.26453,f_struct_stores_per_region,0.18646,f_struct_region_hhi_chg,-0.14774
BRD_20171409,2024,바우네 나주곰탕,외식,한식,13.0,0.15385213165475303,0.45215678963667066,0.5977808599167822,Low,f_struct_stores_per_region,0.18193,f_trd_store_growth_mean,0.16123,f_trd_sales_per_area_mean,0.13205
BRD_20230118,2024,찐하오 마라탕,외식,중식,60.0,0.15385212471994025,0.45174514337227806,0.5970873786407767,Low,f_struct_stores_per_region,0.20412,f_trd_store_growth_std,0.10631,f_struct_region_hhi,0.09432
BRD_20212359,2024,아라치,외식,치킨,153.0,0.1538521177851275,0.4514977198953147,0.5963938973647711,Low,f_ind_contract_end_pct,0.54602,f_lvl_avg_sales_log,0.1681,f_struct_stores_per_region,-0.12579
BRD_20150473,2024,밥맛나는세상,외식,한식,24.0,0.15385211085031475,0.45117297189441763,0.5957004160887656,Low,f_struct_stores_per_region,0.48974,f_trd_store_growth_mean,0.21112,f_lvl_emp_cnt_log,-0.10442
BRD_20214278,2024,만타스시31,외식,일식,68.0,0.15385210391550197,0.4508248202067431,0.59500693481276,Low,f_trd_sales_growth_std,0.10343,f_trd_sales_per_area_std,0.10334,f_lvl_avg_sales_log,-0.07497
BRD_20200470,2024,김태연국민동태탕찜,외식,한식,32.0,0.15385209698068922,0.4508192239483937,0.5943134535367545,Low,f_struct_stores_per_region,0.35984,f_trd_store_growth_std,0.09447,f_chg_sales_growth,0.08693
BRD_20171515,2024,자성화 맛집 코다리네,외식,한식,0.0,0.15385209004587647,0.45060220276352536,0.5936199722607489,Low,f_struct_stores_per_region,0.22797,f_chg_sales_growth,0.11903,f_trd_store_growth_mean,0.10155
BRD_20170957,2024,우리동네서민한우,외식,한식,0.0,0.15385208311106371,0.45060220276352536,0.5929264909847434,Low,f_struct_stores_per_region,0.22723,f_chg_sales_growth,0.11903,f_trd_store_growth_mean,0.10494
BRD_20130100213,2024,무한사케무사,외식,주점,0.0,0.15385207617625093,0.45060220276352536,0.5922330097087378,Low,f_struct_stores_per_region,0.22723,f_chg_sales_growth,0.11903,f_trd_store_growth_mean,0.11109
BRD_20211159,2024,돈도니 석쇠한판불고기,외식,한식,6.0,0.15385206924143818,0.45018329556990355,0.5915395284327323,Low,f_struct_stores_per_region,0.32265,f_lvl_avg_sales_log,0.1357,f_trd_store_growth_mean,0.11852
BRD_20160173,2024,조선의 옛날통닭,외식,치킨,23.0,0.15385206230662543,0.4501326499754065,0.5908460471567267,Low,f_lvl_avg_sales_log,0.21074,f_struct_region_hhi,-0.15672,f_struct_stores_per_region,0.14441
BRD_20190884,2024,COFFEE COOK (커피쿡),외식,커피,67.0,0.15385205537181265,0.4493196578428891,0.5901525658807212,Low,f_struct_stores_per_region,0.18551,f_trd_sales_growth_std,0.13284,f_trd_sales_per_area_std,0.12924
BRD_20181198,2024,육전국밥,외식,한식,51.0,0.1538520484369999,0.449290958452793,0.5894590846047156,Low,f_ind_contract_end_pct,0.64817,f_struct_stores_per_region,0.17133,f_trd_store_growth_std,-0.1123
BRD_20201272,2024,커피마마퀸,외식,기타 외식,46.0,0.15385204150218715,0.4482683447505759,0.5887656033287101,Low,f_struct_stores_per_region,0.33764,f_lvl_avg_sales_log,0.1923,f_trd_store_growth_std,0.09975
BRD_20201906,2024,고망고,외식,음료 (커피 외),68.0,0.15385203456737437,0.4482177481285538,0.5880721220527045,Low,f_struct_stores_per_region,0.19023,f_trd_sales_per_area_std,0.11626,f_chg_sales_per_area_growth,0.11318
BRD_20150785,2024,본설렁탕,외식,한식,39.0,0.15385202763256162,0.4479942140413412,0.587378640776699,Low,f_ind_contract_end_pct,0.54511,f_struct_stores_per_region,0.38064,f_lvl_emp_cnt_log,-0.10492
BRD_20160771,2024,샤브보트,외식,한식,47.0,0.15385202069774886,0.44798609698943526,0.5866851595006934,Low,f_struct_stores_per_region,0.23306,f_chg_sales_growth,0.15264,f_trd_store_growth_mean,0.11872
BRD_20130100244,2024,청담이상,외식,주점,54.0,0.1538520137629361,0.4479093524302044,0.5859916782246879,Low,f_struct_stores_per_region,0.22103,f_trd_store_growth_std,0.12518,f_trd_sales_growth_std,0.08648
BRD_20090100545,2024,영구스피자,외식,피자,29.0,0.15385200682812333,0.4477542329054516,0.5852981969486823,Low,f_struct_stores_per_region,0.30977,f_trd_store_growth_mean,0.09815,f_trd_store_growth_std,0.08274
BRD_20171319,2024,테트리스찜닭,외식,치킨,49.0,0.15385199989331058,0.4474928668416672,0.5846047156726768,Low,f_trd_store_growth_mean,0.24351,f_lvl_avg_sales_log,0.18708,f_struct_stores_per_region,0.1685
BRD_20170699,2024,내담해물찜탕,외식,한식,23.0,0.15385199295849783,0.447250440568135,0.5839112343966713,Low,f_struct_stores_per_region,0.42477,f_lvl_avg_sales_log,0.15671,f_trd_store_growth_std,0.09068
BRD_20221147,2024,쏘시지요,외식,주점,117.0,0.15385198602368505,0.44616642199783224,0.5832177531206657,Low,f_lvl_avg_sales_log,0.24719,f_chg_sales_growth,0.11903,f_trd_sales_per_area_mean,0.09465
BRD_20191073,2024,정코다리,외식,한식,15.0,0.1538519790888723,0.44550820692715964,0.5825242718446602,Low,f_trd_store_growth_mean,0.24382,f_chg_sales_growth,0.11671,f_struct_stores_per_region,0.11209
BRD_20214600,2024,무청감자탕,외식,한식,71.0,0.15385197215405955,0.44541255413269326,0.5818307905686546,Low,f_struct_stores_per_region,0.15601,f_lvl_emp_cnt_log,-0.15012,f_trd_sales_per_area_std,0.14231
BRD_20150133,2024,크래프트한스(Craft Han&#39;s),외식,주점,24.0,0.1538519652192468,0.44532371540819166,0.5811373092926491,Low,f_trd_store_growth_std,0.12223,f_trd_sales_growth_std,0.12169,f_trd_sales_per_area_mean,0.1046
BRD_20201664,2024,꽈백최선생,외식,분식,38.0,0.15385195828443402,0.44499146883185603,0.5804438280166435,Low,f_struct_stores_per_region,0.18277,f_chg_sales_growth,0.11671,f_trd_store_growth_std,0.11258
BRD_20211711,2024,동네커피,외식,커피,64.0,0.15385195134962126,0.4449579966928658,0.579750346740638,Low,f_ind_contract_end_pct,-0.24562,f_struct_stores_per_region,0.17466,f_lvl_avg_sales_log,0.15102
BRD_20190157,2024,청춘당 찹쌀 꽈배기,외식,제과제빵,24.0,0.1538519444148085,0.44485757754388683,0.5790568654646324,Low,f_struct_stores_per_region,0.48172,f_trd_store_growth_std,0.09812,f_lvl_emp_cnt_log,0.09295
BRD_20090100082,2024,오늘통닭,외식,치킨,72.0,0.15385193747999573,0.444625560504505,0.5783633841886269,Low,f_ind_contract_end_pct,0.67275,f_struct_stores_per_region,0.26703,f_trd_store_growth_std,0.08341
BRD_20150909,2024,대독장,외식,한식,9.0,0.15385193054518298,0.4445393871788753,0.5776699029126213,Low,f_trd_store_growth_mean,0.17919,f_struct_stores_per_region,0.17734,f_lvl_n_stores,0.08253
BRD_20160327,2024,석관동떡볶이,외식,기타 외식,16.0,0.15385192361037023,0.4443137101000437,0.5769764216366158,Low,f_struct_stores_per_region,0.34742,f_ind_contract_end_pct,-0.18953,f_trd_sales_per_area_mean,0.14332
BRD_20190910,2024,요달의찜닭,외식,한식,91.0,0.15385191667555745,0.44398701717817246,0.5762829403606102,Low,f_struct_stores_per_region,0.13368,f_trd_sales_per_area_mean,0.11232,f_chg_sales_per_area_growth,0.10952
BRD_20212934,2024,옥된장,외식,한식,79.0,0.1538519097407447,0.4432368350873908,0.5755894590846047,Low,f_struct_stores_per_region,0.21252,f_chg_sales_growth,0.15264,f_trd_store_growth_mean,0.10103
BRD_20180948,2024,감동까스,외식,한식,82.0,0.15385190280593194,0.4429329482478895,0.5748959778085991,Low,f_struct_stores_per_region,0.1765,f_chg_sales_growth,0.11903,f_lvl_avg_sales_log,0.09679
BRD_20221049,2024,남썬치킨,외식,치킨,57.0,0.1538518958711192,0.4423008051622617,0.5742024965325936,Low,f_ind_contract_end_pct,0.4408,f_struct_stores_per_region,-0.36285,f_lvl_avg_sales_log,0.13162
BRD_20201592,2024,윤이불닭발,외식,기타 외식,93.0,0.1538518889363064,0.4420632872519147,0.573509015256588,Low,f_lvl_emp_cnt_log,0.16329,f_trd_sales_per_area_std,0.15838,f_trd_sales_growth_mean,0.14873
BRD_20200017,2024,채선당도시락&샐러드,외식,기타 외식,32.0,0.15385188200149366,0.4416872024006392,0.5728155339805825,Low,f_struct_stores_per_region,0.38856,f_trd_store_growth_mean,0.13491,f_struct_top_region_share,-0.11516
BRD_20150065,2024,타코비,외식,기타 외식,84.0,0.1538518750666809,0.4412497490190301,0.5721220527045769,Low,f_lvl_avg_sales_log,0.19418,f_struct_stores_per_region,0.13127,f_trd_store_growth_std,0.08111
BRD_20212629,2024,꾸아(Qua),외식,기타 외국식,31.0,0.15385186813186813,0.44100072732806167,0.5714285714285714,Low,f_struct_stores_per_region,0.2253,f_trd_store_growth_std,0.10631,f_chg_sales_per_area_growth,0.08368
BRD_20200778,2024,구구족,외식,한식,106.0,0.15385186119705538,0.4409367424779268,0.5707350901525658,Low,f_ind_contract_end_pct,0.65922,f_lvl_emp_cnt_log,-0.13167,f_trd_sales_per_area_mean,0.11726
BRD_20181194,2024,아부찌부대찌개,외식,한식,70.0,0.15385185426224263,0.44072591053515703,0.5700416088765603,Low,f_lvl_avg_sales_log,0.17186,f_struct_stores_per_region,0.11716,f_trd_store_growth_std,0.096
BRD_20201844,2024,샐러바웃,외식,기타 외식,26.0,0.15385184732742985,0.44058107550157877,0.5693481276005548,Low,f_struct_stores_per_region,0.42088,f_trd_store_growth_std,0.09499,f_lvl_emp_cnt_log,0.08189
BRD_20201595,2024,"쉼, 어묵 그리고 한잔 술",외식,주점,48.0,0.1538518403926171,0.44046575855185427,0.5686546463245492,Low,f_struct_stores_per_region,0.27611,f_trd_store_growth_std,0.12702,f_trd_sales_growth_std,0.12446
BRD_20201727,2024,남바완돈카츠,외식,일식,39.0,0.15385183345780434,0.44044421070398304,0.5679611650485437,Low,f_struct_stores_per_region,0.23914,f_chg_sales_growth,0.15264,f_trd_store_growth_std,0.08472
BRD_20161125,2024,고반식당,외식,기타 외식,93.0,0.1538518265229916,0.44035875297220567,0.5672676837725381,Low,f_ind_contract_end_pct,0.66667,f_struct_stores_per_region,0.21152,f_lvl_emp_cnt_log,-0.13243
BRD_20190033,2024,버텍스(VERTEX),외식,서양식,41.0,0.1538518195881788,0.43953739300761063,0.5665742024965326,Low,f_ind_contract_end_pct,0.72306,f_struct_stores_per_region,0.24984,f_trd_store_growth_std,-0.19586
BRD_20150164,2024,응급실국물떡볶이,외식,분식,148.0,0.15385181265336606,0.4394301523724829,0.565880721220527,Low,f_ind_contract_end_pct,0.58554,f_trd_store_growth_mean,0.19053,f_trd_sales_growth_std,0.12608
BRD_20211200,2024,라화공방,외식,중식,28.0,0.1538518057185533,0.4391645500151504,0.5651872399445215,Low,f_struct_stores_per_region,0.4618,f_trd_store_growth_std,0.10911,f_lvl_emp_cnt_log,0.09079
BRD_20210160,2024,쿼드커피(QUAD COFFEE),외식,커피,33.0,0.15385179878374053,0.4386660522015302,0.5644937586685159,Low,f_struct_stores_per_region,0.51562,f_ind_contract_end_pct,0.08294,f_trd_store_growth_std,0.08289
BRD_20201630,2024,감탄계숯불치킨,외식,치킨,34.0,0.15385179184892778,0.43854136951639483,0.5638002773925104,Low,f_struct_stores_per_region,0.43763,f_trd_store_growth_std,0.12855,f_chg_sales_per_area_growth,0.12769
BRD_20220920,2024,라스트춘선,외식,한식,35.0,0.15385178491411503,0.438019119507584,0.5631067961165048,Low,f_struct_stores_per_region,0.38366,f_trd_sales_per_area_std,-0.10606,f_trd_store_growth_std,0.09662
BRD_20120100323,2024,손문대구막창갈매기살,외식,한식,14.0,0.15385177797930227,0.4375989063301089,0.5624133148404993,Low,f_struct_stores_per_region,0.28868,f_lvl_avg_sales_log,0.1363,f_trd_store_growth_std,0.11239
BRD_20120500045,2024,샤브쌈주머니,외식,한식,30.0,0.1538517710444895,0.4372602913584694,0.5617198335644937,Low,f_struct_stores_per_region,0.47407,f_trd_store_growth_std,0.13153,f_lvl_emp_cnt_log,0.08081
BRD_20160478,2024,툴스돈카츠,외식,기타 외식,12.0,0.15385176410967674,0.4371983933354906,0.5610263522884882,Low,f_struct_stores_per_region,0.32433,f_struct_region_hhi_chg,-0.13871,f_trd_store_growth_std,0.08191
BRD_20190585,2024,피자 비토랩,외식,피자,21.0,0.153851757174864,0.4367813445654162,0.5603328710124826,Low,f_struct_stores_per_region,0.23256,f_struct_region_hhi_chg,-0.14682,f_chg_sales_growth,0.1006
BRD_20120100261,2024,팔색삼겹살,외식,한식,0.0,0.1538517502400512,0.4367324273332185,0.5596393897364771,Low,f_struct_stores_per_region,0.22723,f_chg_sales_growth,0.11903,f_trd_store_growth_mean,0.11109
BRD_20211923,2024,도리당,외식,한식,35.0,0.15385174330523846,0.4366281806599603,0.5589459084604715,Low,f_chg_sales_growth,0.15031,f_struct_stores_per_region,0.13949,f_trd_store_growth_std,0.10753
BRD_20211340,2024,순수덮밥,외식,한식,171.0,0.1538517363704257,0.43635587201725695,0.558252427184466,Low,f_lvl_avg_sales_log,0.21567,f_trd_sales_growth_std,0.13392,f_trd_sales_per_area_std,0.1195
BRD_20180893,2024,고기듬뿍 대왕비빔밥,외식,한식,101.0,0.15385172943561293,0.43634693266874897,0.5575589459084604,Low,f_lvl_avg_sales_log,0.17,f_trd_sales_growth_std,0.09649,f_trd_sales_per_area_std,0.09242
BRD_20220173,2024,밀면의 법칙,외식,한식,55.0,0.15385172250080018,0.43607875650366595,0.5568654646324549,Low,f_struct_stores_per_region,0.24893,f_chg_sales_growth,0.11844,f_trd_store_growth_std,0.11262
BRD_20130100350,2024,찰스숯불김밥,외식,분식,5.0,0.15385171556598742,0.4359750509521437,0.5561719833564494,Low,f_struct_stores_per_region,0.35267,f_trd_store_growth_mean,0.233,f_struct_region_hhi,-0.15355
BRD_20140399,2024,로봇김밥,외식,분식,3.0,0.15385170863117467,0.43589810335886614,0.5554785020804438,Low,f_struct_stores_per_region,0.45365,f_struct_region_hhi,-0.16744,f_trd_store_growth_std,0.11421
BRD_20120300101,2024,칠칠켄터키,외식,치킨,12.0,0.1538517016963619,0.43581261364650636,0.5547850208044383,Low,f_struct_stores_per_region,0.18031,f_trd_sales_per_area_mean,0.14752,f_struct_top_region_share,0.10817
BRD_20171098,2024,홍대쌀국수,외식,기타 외국식,62.0,0.15385169476154914,0.4357606431979368,0.5540915395284327,Low,f_struct_stores_per_region,0.12745,f_trd_store_growth_std,0.12272,f_chg_sales_growth,0.11671
BRD_20200032,2024,명랑부대찌개&낙곱새,외식,한식,63.0,0.1538516878267364,0.43574462724567886,0.5533980582524272,Low,f_trd_sales_growth_std,0.15669,f_trd_sales_per_area_std,0.13129,f_trd_store_growth_std,0.10945
BRD_20212168,2024,병아리김밥,외식,기타 외식,78.0,0.1538516808919236,0.4347495617424895,0.5527045769764216,Low,f_ind_contract_end_pct,-0.23359,f_struct_stores_per_region,0.16137,f_lvl_avg_sales_log,0.13838
BRD_20140599,2024,마시그래이,외식,커피,48.0,0.15385167395711086,0.4340657825171065,0.5520110957004161,Low,f_ind_contract_end_pct,0.69057,f_lvl_avg_sales_log,0.22147,f_struct_stores_per_region,-0.12274
BRD_20141116,2024,안동본가국밥,외식,한식,19.0,0.13235845435261484,0.43281054204689645,0.5513176144244105,Low,f_struct_stores_per_region,0.51295,f_trd_store_growth_std,0.13557,f_lvl_n_stores,0.10822
BRD_20210315,2024,소림마라,외식,중식,137.0,0.13235844741780206,0.43206053822067864,0.550624133148405,Low,f_ind_contract_end_pct,0.70432,f_trd_sales_per_area_mean,-0.06719,f_chg_store_growth,0.06533
BRD_20150031,2024,브라운돈까스,외식,기타 외식,74.0,0.1323584404829893,0.4316108051007553,0.5499306518723994,Low,f_trd_sales_growth_std,0.14026,f_struct_stores_per_region,0.13753,f_trd_store_growth_std,0.1199
BRD_20191275,2024,찐이야숯불치킨,외식,치킨,40.0,0.13235843354817656,0.4316083190029937,0.5492371705963939,Low,f_ind_contract_end_pct,0.55186,f_struct_region_hhi,-0.15019,f_lvl_emp_cnt_log,0.1111
BRD_20100100504,2024,꼬지사께,외식,주점,86.0,0.1323584266133638,0.4314795683326856,0.5485436893203883,Low,f_trd_sales_growth_std,0.11905,f_chg_sales_per_area_growth,0.10563,f_trd_store_growth_std,0.098
BRD_20140588,2024,짬뽕10101,외식,중식,29.0,0.13235841967855103,0.4309941151840657,0.5478502080443828,Low,f_struct_stores_per_region,0.32486,f_chg_sales_growth,0.08787,f_trd_store_growth_std,0.08067
BRD_20201358,2024,담꾹,외식,한식,266.0,0.13235841274373827,0.43070078721300276,0.5471567267683772,Low,f_ind_contract_end_pct,0.44679,f_struct_stores_per_region,-0.37035,f_lvl_avg_sales_log,0.14941
BRD_20160546,2024,잭아저씨족발&보쌈,외식,기타 외식,24.0,0.13235840580892552,0.4288459987189674,0.5464632454923717,Low,f_struct_stores_per_region,0.51314,f_trd_store_growth_std,0.10975,f_lvl_n_stores,0.10631
BRD_20211124,2024,휴게소,외식,커피,30.0,0.13235839887411274,0.42752044428128394,0.5457697642163661,Low,f_struct_stores_per_region,0.41368,f_ind_contract_end_pct,-0.23364,f_trd_store_growth_std,0.11704
BRD_20141217,2024,순곱이네,외식,기타 외식,21.0,0.1323583919393,0.4271263272147439,0.5450762829403606,Low,f_struct_stores_per_region,0.53217,f_ind_contract_end_pct,-0.1766,f_trd_store_growth_std,0.12333
BRD_20211037,2024,1키로탕수육,외식,중식,124.0,0.13235838500448724,0.42703565280569594,0.544382801664355,Low,f_ind_contract_end_pct,0.43497,f_struct_stores_per_region,-0.15731,f_lvl_emp_cnt_log,0.06963
BRD_20120600029,2024,빨봉분식,외식,기타 외식,31.0,0.1323583780696745,0.42659936510403373,0.5436893203883495,Low,f_trd_store_growth_mean,0.24287,f_struct_stores_per_region,0.24282,f_lvl_avg_sales_log,0.17546
BRD_20211122,2024,동백카츠,외식,일식,33.0,0.1323583711348617,0.4265972305302901,0.542995839112344,Low,f_struct_stores_per_region,0.47694,f_struct_top_region_share,-0.1681,f_trd_store_growth_std,0.12206
BRD_20130325,2024,인생극장,외식,한식,99.0,0.13235836420004896,0.42650642617056267,0.5423023578363384,Low,f_trd_sales_growth_std,0.12997,f_trd_sales_per_area_mean,0.10225,f_chg_sales_growth,0.10025
BRD_20201275,2024,호두당,외식,제과제빵,57.0,0.1323583572652362,0.4259678131076011,0.5416088765603329,Low,f_struct_stores_per_region,0.227,f_lvl_avg_sales_log,0.20367,f_struct_region_hhi,0.08549
BRD_20180793,2024,허갈닭강정,외식,치킨,28.0,0.13235835033042342,0.42459878307873944,0.5409153952843273,Low,f_struct_stores_per_region,0.39865,f_ind_contract_end_pct,-0.19653,f_lvl_avg_sales_log,0.15631
BRD_20160452,2024,쉐프삼촌,외식,한식,16.0,0.13235834339561067,0.42399379982075797,0.5402219140083218,Low,f_trd_store_growth_mean,0.21205,f_ind_contract_end_pct,-0.21077,f_struct_stores_per_region,0.20342
BRD_20212508,2024,구름계란덮밥,외식,한식,94.0,0.13235833646079792,0.4237942570807717,0.5395284327323162,Low,f_struct_stores_per_region,0.19472,f_trd_store_growth_std,0.10793,f_trd_sales_per_area_mean,0.09707
BRD_20210375,2024,바른보쌈1990,외식,기타 외식,166.0,0.13235832952598514,0.42354475799566577,0.5388349514563107,Low,f_ind_contract_end_pct,0.56431,f_struct_stores_per_region,-0.14873,f_trd_sales_per_area_mean,0.07387
BRD_20214649,2024,조선볶음밥,외식,한식,44.0,0.1323583225911724,0.4232305415589406,0.5381414701803051,Low,f_struct_stores_per_region,0.31223,f_lvl_biz_age,-0.27474,f_lvl_avg_sales_log,0.15598
BRD_20201036,2024,부라보맥주,외식,주점,19.0,0.13235831565635964,0.4232126751899542,0.5374479889042996,Low,f_struct_stores_per_region,0.35217,f_struct_region_hhi_chg,-0.13977,f_trd_store_growth_std,0.0786
BRD_20213743,2024,성북당 십원빵,외식,제과제빵,55.0,0.13235830872154689,0.4230122515655193,0.536754507628294,Low,f_struct_stores_per_region,0.22013,f_struct_top_region_share,-0.15976,f_lvl_avg_sales_log,0.12331
BRD_20213850,2024,일일수작,외식,주점,64.0,0.1323583017867341,0.42278046322502766,0.5360610263522885,Low,f_struct_stores_per_region,0.24834,f_trd_store_growth_std,0.11053,f_struct_region_hhi,0.09133
BRD_20080200005,2024,호아빈,외식,기타 외국식,13.0,0.13235829485192135,0.422640581621796,0.5353675450762829,Low,f_lvl_biz_age,-0.44609,f_ind_contract_end_pct,0.41236,f_struct_stores_per_region,0.37071
BRD_20213360,2024,파스타예요,외식,서양식,44.0,0.1323582879171086,0.4225747695183524,0.5346740638002774,Low,f_struct_stores_per_region,0.17303,f_trd_store_growth_std,0.12143,f_trd_store_growth_mean,0.11183
BRD_20180171,2024,달리는커피,외식,커피,240.0,0.13235828098229582,0.42218795870813963,0.5339805825242718,Low,f_struct_stores_per_region,-0.27482,f_trd_sales_growth_std,0.22748,f_lvl_avg_sales_log,0.16551
BRD_20211593,2024,파란만잔,외식,커피,46.0,0.13235827404748307,0.4214056557611886,0.5332871012482663,Low,f_struct_stores_per_region,0.21759,f_trd_store_growth_std,0.1193,f_lvl_emp_cnt_log,0.10738
BRD_20130100064,2024,미쓰족발,외식,기타 외식,13.0,0.13235826711267032,0.42112968981577953,0.5325936199722607,Low,f_struct_stores_per_region,0.37868,f_trd_store_growth_mean,0.09688,f_trd_store_growth_std,0.06701
BRD_20140220,2024,개미집,외식,한식,26.0,0.13235826017785754,0.4204553004958563,0.5319001386962552,Low,f_trd_store_growth_mean,0.17593,f_struct_region_hhi_chg,-0.14049,f_struct_stores_per_region,0.12228
BRD_20180277,2024,강경불고기,외식,기타 외식,37.0,0.1323582532430448,0.4204117356552777,0.5312066574202496,Low,f_ind_contract_end_pct,0.73182,f_struct_stores_per_region,0.39896,f_struct_region_hhi,-0.15421
BRD_20120100023,2024,청와삼대,외식,한식,21.0,0.13235824630823204,0.42039696160987394,0.5305131761442441,Low,f_struct_stores_per_region,0.42952,f_lvl_n_stores,0.10266,f_trd_store_growth_mean,0.07963
BRD_20211434,2024,요거트월드,외식,기타 외식,164.0,0.13235823937341928,0.4203959989773418,0.5298196948682385,Low,f_trd_sales_growth_std,0.21371,f_trd_sales_per_area_std,0.1606,f_trd_sales_growth_mean,0.104
BRD_20160517,2024,계경순대국,외식,한식,19.0,0.1323582324386065,0.420372032545547,0.529126213592233,Low,f_trd_store_growth_mean,0.20971,f_lvl_avg_sales_log,0.19432,f_struct_stores_per_region,0.15689
BRD_20230924,2024,고기듬뿍국물두루치기,외식,한식,159.0,0.13235822550379375,0.4203652042499915,0.5284327323162274,Low,f_ind_contract_end_pct,0.36021,f_struct_stores_per_region,-0.17227,f_trd_store_growth_std,0.0685
BRD_20212341,2024,바나타이거,외식,커피,54.0,0.132358218568981,0.42019139798206395,0.5277392510402219,Low,f_struct_stores_per_region,0.18348,f_lvl_avg_sales_log,0.17947,f_trd_store_growth_std,0.09468
BRD_20110300030,2024,다기야,외식,기타 외식,15.0,0.13235821163416822,0.4196267474413702,0.5270457697642164,Low,f_struct_stores_per_region,0.3806,f_trd_sales_per_area_mean,0.13264,f_struct_region_hhi,-0.10693
BRD_20140589,2024,교동짬뽕,외식,중식,19.0,0.13235820469935547,0.4195167273197031,0.5263522884882108,Low,f_ind_contract_end_pct,0.66797,f_struct_stores_per_region,0.2631,f_struct_region_hhi,-0.17362
BRD_20150749,2024,동네포차주민,외식,주점,39.0,0.13235819776454272,0.4194453745130554,0.5256588072122053,Low,f_struct_stores_per_region,0.21564,f_trd_store_growth_std,0.10591,f_trd_sales_per_area_mean,0.0999
BRD_20210213,2024,동복리 제주갈치조림,외식,한식,22.0,0.13235819082972994,0.4193727857704672,0.5249653259361997,Low,f_struct_stores_per_region,0.3772,f_struct_region_hhi,-0.16374,f_ind_contract_end_pct,-0.11304
BRD_20080200242,2024,청양일초,외식,한식,25.0,0.1323581838949172,0.41841068834052636,0.5242718446601942,Low,f_struct_stores_per_region,0.54064,f_trd_store_growth_std,0.10874,f_lvl_n_stores,0.09517
BRD_20161275,2024,한옥마을,외식,한식,51.0,0.13235817696010443,0.4183338657983075,0.5235783633841886,Low,f_struct_stores_per_region,0.22437,f_trd_store_growth_std,0.13066,f_lvl_emp_cnt_log,0.09496
BRD_20080100047,2024,놀부보쌈족발,외식,한식,63.0,0.13235817002529168,0.41809887555973774,0.5228848821081831,Low,f_ind_contract_end_pct,0.52666,f_lvl_biz_age,-0.43835,f_struct_stores_per_region,0.26905
BRD_20170014,2024,맘스케익,외식,제과제빵,35.0,0.1323581630904789,0.41791866029719293,0.5221914008321775,Low,f_struct_stores_per_region,0.33752,f_lvl_avg_sales_log,0.16736,f_trd_store_growth_std,0.1067
BRD_20221406,2024,라바게트,외식,커피,40.0,0.13235815615566615,0.4177002632263954,0.521497919556172,Low,f_struct_stores_per_region,0.31378,f_trd_store_growth_std,-0.2284,f_lvl_avg_sales_log,0.20598
BRD_20171372,2024,설맥(SEOL MAC),외식,주점,95.0,0.1323581492208534,0.4176419384816102,0.5208044382801664,Low,f_trd_sales_growth_std,0.15669,f_trd_sales_per_area_std,0.14879,f_trd_sales_growth_mean,0.13439
BRD_20212427,2024,고깃리88번지,외식,한식,31.0,0.13235814228604062,0.4172704542065307,0.5201109570041609,Low,f_struct_stores_per_region,0.51275,f_ind_contract_end_pct,-0.17087,f_trd_store_growth_std,0.12659
BRD_20214501,2024,왓더버거,외식,패스트푸드,71.0,0.13235813535122787,0.4168061066020041,0.5194174757281553,Low,f_struct_stores_per_region,0.20832,f_trd_sales_per_area_std,-0.1188,f_lvl_emp_cnt_log,0.10793
BRD_20110100608,2024,명동칼국수,외식,기타 외식,13.0,0.13235812841641512,0.41677523502906966,0.5187239944521498,Low,f_struct_stores_per_region,0.37266,f_ind_contract_end_pct,-0.16297,f_trd_store_growth_std,0.13867
BRD_20080100117,2024,구이가,외식,기타 외식,11.0,0.13235812148160236,0.41614328410948653,0.5180305131761442,Low,f_struct_stores_per_region,0.35347,f_ind_contract_end_pct,-0.1891,f_trd_store_growth_std,0.14382
BRD_20171067,2024,남다른대구막창,외식,한식,15.0,0.13235811454678958,0.415563418410286,0.5173370319001387,Low,f_struct_stores_per_region,0.43604,f_struct_region_hhi_chg,-0.14641,f_trd_sales_per_area_std,-0.10508
BRD_20212430,2024,미스터국수왕,외식,분식,44.0,0.13235810761197683,0.4155506307349885,0.5166435506241331,Low,f_lvl_avg_sales_log,0.23186,f_struct_stores_per_region,0.19468,f_struct_top_region_share,-0.12558
BRD_20191312,2024,언양닭칼국수,외식,한식,67.0,0.13235810067716408,0.41540277557379934,0.5159500693481276,Low,f_ind_contract_end_pct,-0.19789,f_trd_sales_growth_mean,0.16708,f_trd_sales_growth_std,0.1382
BRD_20211903,2024,제이델링,외식,제과제빵,43.0,0.1323580937423513,0.41473600590918824,0.515256588072122,Low,f_struct_stores_per_region,0.34825,f_lvl_avg_sales_log,0.12151,f_trd_sales_growth_std,0.10542
BRD_20211900,2024,식사하세요,외식,한식,63.0,0.13235808680753855,0.4146214644967553,0.5145631067961165,Low,f_struct_stores_per_region,0.28265,f_lvl_biz_age,-0.25875,f_chg_sales_growth,0.11903
BRD_20080100272,2024,송주불냉면앤칼국수,외식,한식,57.0,0.1323580798727258,0.4144927993222609,0.513869625520111,Low,f_struct_stores_per_region,0.20214,f_lvl_avg_sales_log,0.13558,f_chg_sales_per_area_growth,0.09485
BRD_20170332,2024,김영희아구찜&코다리냉면,외식,기타 외식,48.0,0.13235807293791302,0.4142640242613404,0.5131761442441054,Low,f_struct_stores_per_region,0.32789,f_trd_store_growth_std,0.11716,f_trd_sales_per_area_mean,0.10015
BRD_20215029,2024,순살몬스터,외식,치킨,139.0,0.13235806600310027,0.41404908824089753,0.5124826629680999,Low,f_lvl_avg_sales_log,0.21119,f_chg_store_growth,0.14764,f_trd_sales_per_area_std,-0.09997
BRD_20150315,2024,피자애,외식,피자,30.0,0.13235805906828751,0.41379795101676603,0.5117891816920943,Low,f_trd_store_growth_mean,0.26995,f_lvl_avg_sales_log,0.21123,f_struct_stores_per_region,0.19339
BRD_20201223,2024,눈꽃대패,외식,기타 외식,29.0,0.13235805213347476,0.41348447127399346,0.5110957004160888,Low,f_struct_stores_per_region,0.17469,f_trd_sales_per_area_mean,0.14091,f_trd_store_growth_std,0.11052
BRD_20221037,2024,김사부의곱창명가,외식,한식,127.0,0.13235804519866198,0.41336998694359783,0.5104022191400832,Low,f_lvl_avg_sales_log,0.24487,f_struct_stores_per_region,-0.11054,f_trd_sales_per_area_mean,0.09527
BRD_20221035,2024,김선생불닭발,외식,한식,127.0,0.13235803826384923,0.41336998694359783,0.5097087378640777,Low,f_lvl_avg_sales_log,0.25765,f_struct_stores_per_region,-0.11054,f_trd_sales_per_area_mean,0.09527
BRD_20080200132,2024,디디치킨(DD치킨),외식,치킨,83.0,0.13235803132903648,0.41270958309297157,0.5090152565880721,Low,f_ind_contract_end_pct,0.5771,f_lvl_biz_age,-0.44461,f_struct_stores_per_region,0.20139
BRD_20201587,2024,한신우동,외식,분식,163.0,0.1323580243942237,0.41223226509483657,0.5083217753120666,Low,f_trd_sales_growth_std,0.30284,f_struct_stores_per_region,-0.26423,f_trd_sales_per_area_std,0.14898
BRD_20231209,2024,생마차,외식,주점,181.0,0.13235801745941095,0.4116444357700272,0.507628294036061,Low,f_struct_stores_per_region,-0.16906,f_chg_sales_growth,0.15264,f_trd_store_growth_std,0.09777
BRD_20210534,2024,삼산회관,외식,한식,108.0,0.1323580105245982,0.4114309984966354,0.5069348127600555,Low,f_ind_contract_end_pct,0.67876,f_lvl_emp_cnt_log,-0.13274,f_chg_store_growth,0.09305
BRD_20100600048,2024,하늘보리피자,외식,피자,14.0,0.13235800358978542,0.41074866550617656,0.5062413314840499,Low,f_lvl_avg_sales_log,0.24197,f_trd_store_growth_mean,0.22208,f_struct_stores_per_region,0.20258
BRD_20200463,2024,핵밥,외식,기타 외국식,106.0,0.13235799665497266,0.4107357770888863,0.5055478502080444,Low,f_ind_contract_end_pct,0.59089,f_trd_store_growth_std,0.11505,f_lvl_emp_cnt_log,-0.11102
BRD_20160553,2024,헬로베트남 쌀국수,외식,기타 외국식,8.0,0.1323579897201599,0.41052555807171087,0.5048543689320388,Low,f_struct_stores_per_region,0.36445,f_lvl_avg_sales_log,0.12118,f_trd_store_growth_std,0.10808
NAME:커피마마@외식,2024,커피마마,외식,커피,92.0,0.13235798278534716,0.41050743788811056,0.5041608876560333,Low,f_lvl_avg_sales_log,0.31506,f_trd_store_growth_mean,0.22128,f_struct_stores_per_region,0.21203
BRD_20080200109,2024,따삐오,외식,제과제빵,29.0,0.13235797585053438,0.4102249649104005,0.5034674063800277,Low,f_lvl_biz_age,-0.43201,f_ind_contract_end_pct,0.40298,f_struct_stores_per_region,0.33294
BRD_20120100339,2024,사쿠사쿠,외식,치킨,23.0,0.13235796891572163,0.4102123887124087,0.5027739251040222,Low,f_struct_stores_per_region,0.20808,f_trd_sales_growth_std,0.1208,f_struct_region_hhi,-0.10462
BRD_20181220,2024,해산물직화구이전문점삼바리,외식,기타 외식,51.0,0.13235796198090888,0.4091558268329912,0.5020804438280166,Low,f_struct_stores_per_region,0.26482,f_ind_contract_end_pct,-0.25703,f_trd_store_growth_std,0.13473
BRD_20180231,2024,혼다라멘,외식,일식,13.0,0.1323579550460961,0.40886218843024275,0.5013869625520111,Low,f_struct_stores_per_region,0.37701,f_ind_contract_end_pct,-0.26241,f_lvl_avg_sales_log,0.10428
BRD_20213895,2024,몬스터탕수육,외식,중식,58.0,0.13235794811128335,0.40828049772160985,0.5006934812760055,Low,f_struct_stores_per_region,0.18249,f_lvl_emp_cnt_log,-0.12536,f_chg_sales_per_area_growth,0.11986
BRD_20120100089,2024,바빈스,외식,커피,48.0,0.1323579411764706,0.40794984285609703,0.5,Low,f_struct_stores_per_region,0.26604,f_lvl_avg_sales_log,0.15892,f_trd_store_growth_std,0.08068
BRD_20201288,2024,밥스토랑,외식,기타 외식,534.0,0.13235793424165784,0.4077992335175337,0.49930651872399445,Low,f_struct_stores_per_region,-0.2827,f_trd_sales_growth_std,0.25847,f_lvl_avg_sales_log,0.19045
BRD_20100100575,2024,아그집쭈꾸미,외식,기타 외식,14.0,0.13235792730684506,0.40756671595716304,0.4986130374479889,Low,f_struct_stores_per_region,0.25368,f_trd_sales_per_area_mean,0.15478,f_struct_region_hhi,-0.14593
BRD_20230528,2024,잇쇼타코야끼,외식,일식,32.0,0.1323579203720323,0.40720149407529066,0.49791955617198336,Low,f_struct_stores_per_region,0.2679,f_trd_store_growth_std,0.11597,f_chg_sales_growth,0.09019
BRD_20110100457,2024,더기발한치킨(The기발한치킨),외식,치킨,9.0,0.13235791343721956,0.4071195609269506,0.4972260748959778,Low,f_struct_stores_per_region,0.27962,f_ind_contract_end_pct,-0.22231,f_trd_store_growth_mean,0.22214
BRD_20212213,2024,안주가,외식,한식,50.0,0.13235790650240678,0.406984272524299,0.49653259361997226,Low,f_struct_stores_per_region,0.28602,f_trd_store_growth_std,0.10826,f_struct_region_hhi_chg,-0.10313
BRD_20200448,2024,왕손피자,외식,피자,35.0,0.13235789956759403,0.4068410233563019,0.4958391123439667,Low,f_struct_stores_per_region,0.17153,f_trd_store_growth_std,0.09652,f_lvl_emp_cnt_log,0.08515
BRD_20230450,2024,짜글이미식회,외식,한식,41.0,0.13235789263278128,0.40655649986849385,0.49514563106796117,Low,f_struct_stores_per_region,0.25223,f_trd_store_growth_std,0.12141,f_struct_region_hhi,0.09819
BRD_20171221,2024,꽉찬쌀통닭,외식,치킨,3.0,0.1323578856979685,0.40651342104085036,0.4944521497919556,Low,f_struct_stores_per_region,0.33099,f_lvl_avg_sales_log,0.16538,f_struct_region_hhi,-0.14877
BRD_20151263,2024,포차어게인,외식,주점,9.0,0.13235787876315575,0.40619227196011864,0.49375866851595007,Low,f_struct_stores_per_region,0.3562,f_ind_contract_end_pct,-0.1909,f_trd_store_growth_mean,0.15011
BRD_20160803,2024,뉴욕야시장,외식,주점,76.0,0.132357871828343,0.40595517459998237,0.4930651872399445,Low,f_trd_sales_per_area_std,0.13492,f_trd_sales_growth_std,0.12997,f_trd_sales_per_area_mean,0.09796
BRD_20210911,2024,야미마라탕,외식,중식,41.0,0.13235786489353024,0.4059261168729108,0.492371705963939,Low,f_struct_stores_per_region,0.39976,f_struct_top_region_share,-0.16733,f_lvl_emp_cnt_log,0.09534
BRD_20110600022,2024,파스타부오노바,외식,서양식,11.0,0.13235785795871746,0.40485805108952644,0.49167822468793343,Low,f_struct_stores_per_region,0.42454,f_trd_store_growth_mean,0.28733,f_trd_store_growth_std,-0.14079
BRD_20211699,2024,카페일분,외식,커피,112.0,0.1323578510239047,0.40351054153625476,0.4909847434119279,Low,f_ind_contract_end_pct,0.66554,f_lvl_avg_sales_log,0.23382,f_struct_stores_per_region,-0.10865
BRD_20171087,2024,가츠몽,외식,일식,20.0,0.13235784408909196,0.40306658888118047,0.49029126213592233,Low,f_chg_store_growth,0.13437,f_lvl_emp_cnt_log,0.10362,f_struct_top_region_share,0.10069
BRD_20080100138,2024,죠샌드위치,외식,패스트푸드,48.0,0.13235783715427918,0.4029874670493196,0.4895977808599168,Low,f_ind_contract_end_pct,0.55179,f_lvl_biz_age,-0.45448,f_struct_stores_per_region,0.22032
BRD_20150845,2024,산쪼메,외식,기타 외식,29.0,0.13235783021946643,0.40232649618413835,0.48890429958391124,Low,f_struct_stores_per_region,0.35814,f_trd_store_growth_std,0.13163,f_lvl_emp_cnt_log,0.09306
BRD_20190139,2024,더꼬치다,외식,기타 외식,93.0,0.13235782328465368,0.4018183582365076,0.4882108183079057,Low,f_lvl_avg_sales_log,0.2253,f_struct_stores_per_region,0.2035,f_trd_store_growth_std,0.08622
BRD_20090100341,2024,소노야,외식,일식,22.0,0.1323578163498409,0.4015580240902345,0.48751733703190014,Low,f_struct_stores_per_region,0.46555,f_trd_store_growth_std,0.16048,f_lvl_emp_cnt_log,-0.14903
BRD_20120100376,2024,옛날장터치킨,외식,치킨,22.0,0.13235780941502814,0.40132178973705607,0.4868238557558946,Low,f_trd_store_growth_mean,0.20715,f_lvl_avg_sales_log,0.19894,f_trd_sales_per_area_mean,-0.1044
BRD_20110300014,2024,삼겹파티,외식,한식,23.0,0.1323578024802154,0.4006255013916641,0.48613037447988905,Low,f_struct_stores_per_region,0.23355,f_trd_sales_per_area_mean,0.12032,f_struct_region_hhi,-0.10693
BRD_20230023,2024,프랭크커핀바,외식,커피,35.0,0.13235779554540264,0.4006083151275751,0.4854368932038835,Low,f_struct_stores_per_region,0.42218,f_ind_contract_end_pct,-0.13705,f_trd_store_growth_std,0.12443
BRD_20220073,2024,헬키푸키,외식,기타 외식,31.0,0.13235778861058986,0.40006992260654833,0.48474341192787795,Low,f_struct_stores_per_region,0.31593,f_trd_store_growth_std,0.12244,f_trd_sales_per_area_std,0.10458
BRD_20190195,2024,그놈포차,외식,주점,82.0,0.1323577816757771,0.4000648354127023,0.4840499306518724,Low,f_struct_stores_per_region,0.18898,f_trd_sales_per_area_std,0.11024,f_trd_store_growth_std,0.08218
BRD_20180260,2024,대마족발,외식,한식,4.0,0.13235777474096436,0.39977196804674664,0.48335644937586686,Low,f_struct_stores_per_region,0.23066,f_trd_store_growth_mean,0.19052,f_struct_region_hhi_chg,-0.14414
BRD_20140558,2024,육풍,외식,한식,19.0,0.13235776780615158,0.399055928230667,0.4826629680998613,Low,f_struct_stores_per_region,0.56675,f_trd_store_growth_std,0.14091,f_trd_sales_per_area_std,-0.11588
BRD_20080100209,2024,본가,외식,한식,16.0,0.13235776087133883,0.39840744203180556,0.48196948682385576,Low,f_ind_contract_end_pct,0.50648,f_struct_stores_per_region,0.45403,f_lvl_biz_age,-0.42575
BRD_20170380,2024,가마솥순대국밥,외식,한식,58.0,0.13235775393652607,0.3983270966440777,0.4812760055478502,Low,f_struct_stores_per_region,0.18417,f_trd_store_growth_std,0.10547,f_lvl_emp_cnt_log,0.10513
BRD_20190748,2024,정글비,외식,커피,31.0,0.13235774700171332,0.397594457656084,0.48058252427184467,Low,f_struct_stores_per_region,0.4547,f_struct_top_region_share,-0.16845,f_trd_sales_per_area_mean,0.10478
BRD_20214949,2024,솥고집,외식,한식,36.0,0.13235774006690054,0.39722736682321197,0.4798890429958391,Low,f_struct_stores_per_region,0.18879,f_trd_store_growth_mean,0.15138,f_trd_store_growth_std,0.09793
BRD_20180070,2024,감성커피,외식,커피,283.0,0.1323577331320878,0.396892823121226,0.4791955617198336,Low,f_struct_stores_per_region,-0.2844,f_ind_contract_end_pct,0.13785,f_lvl_avg_sales_log,0.12034
BRD_20180779,2024,조커닭 (Jokerdark),외식,치킨,8.0,0.13235772619727504,0.3960864751661343,0.478502080443828,Low,f_struct_stores_per_region,0.3772,f_struct_region_hhi,-0.14543,f_trd_store_growth_std,0.10584
BRD_20140594,2024,충만치킨,외식,치킨,70.0,0.13235771926246226,0.396077756712383,0.4778085991678225,Low,f_trd_store_growth_mean,0.19656,f_struct_stores_per_region,0.17697,f_lvl_emp_cnt_log,0.11881
BRD_20130100291,2024,본가집안동국밥곰탕,외식,한식,33.0,0.1323577123276495,0.39604599438825644,0.47711511789181693,Low,f_struct_stores_per_region,0.49917,f_struct_region_hhi_chg,-0.14641,f_trd_store_growth_std,0.11749
BRD_20200035,2024,얼맥당,외식,주점,30.0,0.13235770539283676,0.3949148357962866,0.4764216366158114,Low,f_struct_stores_per_region,0.27494,f_ind_contract_end_pct,-0.18704,f_trd_store_growth_std,0.1317
BRD_20211440,2024,평화김해뒷고기,외식,한식,49.0,0.13235769845802398,0.39421727753497254,0.47572815533980584,Low,f_struct_stores_per_region,0.19154,f_trd_store_growth_std,0.10552,f_trd_sales_per_area_std,0.09194
BRD_20215419,2024,김바삭군의 볼카츠마켙,외식,기타 외식,0.0,0.13235769152321122,0.394149577813739,0.4750346740638003,Low,f_lvl_biz_age,-0.26313,f_struct_stores_per_region,0.22601,f_chg_sales_growth,0.11903
BRD_20212610,2024,기떡찜,외식,분식,180.0,0.13235768458839847,0.39386614361867206,0.47434119278779474,Low,f_lvl_avg_sales_log,0.26999,f_struct_stores_per_region,-0.11025,f_lvl_emp_cnt_log,-0.10088
BRD_20120100267,2024,육장갈비,외식,기타 외식,49.0,0.13235767765358572,0.39363188294007273,0.4736477115117892,Low,f_struct_stores_per_region,0.52418,f_struct_top_region_share,-0.14379,f_trd_store_growth_std,0.11312
BRD_20210996,2024,다복향 마라탕,외식,기타 외국식,79.0,0.13235767071877294,0.39319479245658784,0.47295423023578365,Low,f_trd_sales_per_area_mean,0.12472,f_lvl_emp_cnt_log,0.12037,f_trd_store_growth_std,0.10729
BRD_20090100377,2024,코페아커피(COFFEA COFFEE),외식,커피,5.0,0.1323576637839602,0.3926069332556254,0.4722607489597781,Low,f_struct_stores_per_region,0.42346,f_trd_store_growth_mean,0.20877,f_struct_region_hhi_chg,-0.14707
BRD_20214660,2024,호주에서 온 스시,외식,일식,54.0,0.13235765684914744,0.392440119565199,0.47156726768377255,Low,f_struct_stores_per_region,0.22199,f_struct_top_region_share,-0.12494,f_trd_store_growth_mean,0.11375
BRD_20110400001,2024,삼백집,외식,한식,12.0,0.13235764991433466,0.3924212782310361,0.470873786407767,Low,f_struct_stores_per_region,0.4418,f_struct_region_hhi_chg,-0.10247,f_struct_region_hhi,-0.09732
BRD_20170900,2024,웅이네 오돌뼈,외식,기타 외식,70.0,0.1323576429795219,0.39179759207915404,0.47018030513176146,Low,f_ind_contract_end_pct,0.72138,f_trd_sales_per_area_mean,-0.09466,f_chg_store_growth,0.08645
BRD_20220147,2024,샐러리아 SALARIA,외식,커피,81.0,0.13235763604470915,0.3916598717018698,0.4694868238557559,Low,f_lvl_emp_cnt_log,0.17643,f_trd_store_growth_std,0.1116,f_trd_sales_per_area_mean,0.10779
BRD_20140288,2024,스트릿츄러스,외식,제과제빵,68.0,0.13235762910989637,0.39161790650911393,0.46879334257975036,Low,f_struct_stores_per_region,0.19704,f_trd_store_growth_std,0.13066,f_trd_sales_per_area_mean,0.07793
BRD_20180512,2024,홍루이젠,외식,제과제빵,120.0,0.13235762217508362,0.39097451128293437,0.4680998613037448,Low,f_lvl_avg_sales_log,0.35202,f_trd_store_growth_mean,0.20603,f_ind_store_growth_pct,0.0908
BRD_20080100111,2024,채선당,외식,한식,146.0,0.13235761524027087,0.3906324351913781,0.46740638002773927,Low,f_chg_sales_growth,0.15264,f_struct_stores_per_region,-0.13786,f_trd_store_growth_mean,0.13268
BRD_20110100503,2024,불불이족발,외식,기타 외식,11.0,0.13235760830545812,0.39004804497107337,0.4667128987517337,Low,f_struct_stores_per_region,0.34389,f_ind_contract_end_pct,-0.20346,f_trd_store_growth_mean,0.1847
BRD_20201281,2024,경성한우국밥,외식,기타 외식,46.0,0.13235760137064534,0.38951999022004163,0.46601941747572817,Low,f_struct_stores_per_region,0.35048,f_struct_top_region_share,-0.12457,f_trd_store_growth_mean,0.09648
BRD_20180414,2024,케이엠지엠홀덤앤이벤트펍(KMGM HOLD’EM & EVENT PUB),외식,주점,61.0,0.1323575944358326,0.3893870365517774,0.4653259361997226,Low,f_struct_stores_per_region,0.14755,f_lvl_avg_sales_log,0.13474,f_struct_region_hhi,0.08285
BRD_20210242,2024,전일맥주,외식,주점,41.0,0.13235758750101984,0.38934958679335074,0.4646324549237171,Low,f_struct_region_hhi,-0.16986,f_struct_stores_per_region,0.16811,f_trd_sales_growth_std,0.13733
BRD_20080100085,2024,나뚜루,외식,아이스크림/빙수,19.0,0.13235758056620706,0.3889400978079483,0.46393897364771153,Low,f_ind_contract_end_pct,0.49648,f_lvl_biz_age,-0.41988,f_struct_stores_per_region,0.37814
BRD_20214094,2024,압구정화로구이,외식,한식,77.0,0.1323575736313943,0.3887521385306446,0.463245492371706,Low,f_trd_store_growth_std,0.10822,f_lvl_emp_cnt_log,0.09376,f_chg_sales_per_area_growth,0.08368
BRD_20140171,2024,원조전통명가 통큰할매순대국,외식,한식,14.0,0.13235756669658155,0.38864087193121416,0.46255201109570043,Low,f_struct_stores_per_region,0.47357,f_struct_top_region_share,-0.13792,f_ind_contract_end_pct,-0.13362
BRD_20201482,2024,돼지게티,외식,한식,158.0,0.1226080151252788,0.3881210557458079,0.4618585298196949,Low,f_lvl_avg_sales_log,0.25992,f_ind_contract_end_pct,-0.25547,f_trd_sales_growth_std,0.16171
BRD_20171141,2024,전통맛집 할매순대국,외식,한식,32.0,0.1058869645916619,0.38719105575740026,0.46116504854368934,Low,f_struct_stores_per_region,0.15797,f_trd_sales_per_area_mean,0.13983,f_struct_region_hhi,-0.12744
BRD_20180554,2024,대패가1900,외식,기타 외식,71.0,0.10588695765684915,0.3869924424333247,0.4604715672676838,Low,f_struct_region_hhi_chg,-0.15913,f_trd_sales_growth_std,0.12997,f_trd_store_growth_std,0.12367
BRD_20201615,2024,손찬,외식,한식,34.0,0.10588695072203638,0.38691993745875736,0.45977808599167824,Low,f_struct_stores_per_region,0.25122,f_trd_store_growth_std,0.10272,f_lvl_emp_cnt_log,0.07933
BRD_20080100128,2024,디델리,외식,분식,18.0,0.10588694378722363,0.3868637286173822,0.4590846047156727,Low,f_struct_stores_per_region,0.30262,f_ind_contract_end_pct,-0.1709,f_trd_store_growth_mean,0.11887
BRD_20110600016,2024,달구지막창,외식,기타 외식,20.0,0.10588693685241087,0.3861078454053877,0.45839112343966715,Low,f_struct_stores_per_region,0.35585,f_struct_top_region_share,-0.14604,f_lvl_avg_sales_log,0.14332
BRD_20190293,2024,냠냠숯불두마리치킨,외식,치킨,76.0,0.1058869299175981,0.3860821960941469,0.4576976421636616,Low,f_struct_stores_per_region,0.18643,f_trd_store_growth_std,0.08439,f_chg_sales_per_area_growth,0.08368
BRD_20210896,2024,참다랑어 막주는 집,외식,일식,44.0,0.10588692298278535,0.3854905902294573,0.45700416088765605,Low,f_struct_stores_per_region,0.49362,f_trd_sales_per_area_std,-0.13185,f_trd_store_growth_std,0.09538
BRD_20201680,2024,벤티프레소,외식,커피,52.0,0.10588691604797258,0.38513982917493234,0.4563106796116505,Low,f_struct_stores_per_region,0.2187,f_lvl_avg_sales_log,0.14724,f_trd_store_growth_std,0.08183
BRD_20201018,2024,피자스톰,외식,피자,94.0,0.10588690911315983,0.3841776594900094,0.45561719833564496,Low,f_struct_stores_per_region,0.19284,f_trd_store_growth_std,0.12469,f_lvl_n_stores,-0.08312
BRD_20190677,2024,두레통닭,외식,치킨,65.0,0.10588690217834706,0.3839936698549037,0.4549237170596394,Low,f_ind_contract_end_pct,0.59911,f_struct_region_hhi,-0.19482,f_lvl_emp_cnt_log,0.10656
BRD_20190628,2024,김용덕의 소문난 부자국밥,외식,한식,28.0,0.1058868952435343,0.3839059317058843,0.45423023578363386,Low,f_trd_sales_per_area_mean,0.16034,f_struct_region_hhi,-0.10695,f_lvl_emp_cnt_log,0.10071
BRD_20201166,2024,교반,외식,한식,63.0,0.10588688830872155,0.38388310089624283,0.4535367545076283,Low,f_struct_stores_per_region,0.24351,f_ind_contract_end_pct,-0.23657,f_struct_top_region_share,-0.1602
BRD_20210826,2024,요거트아이스크림의 정석,외식,아이스크림/빙수,187.0,0.10588688137390878,0.3837659343512238,0.45284327323162277,Low,f_trd_sales_growth_std,0.20361,f_lvl_emp_cnt_log,-0.16919,f_trd_sales_per_area_std,0.14161
BRD_20170813,2024,해초과메기,외식,기타 외식,24.0,0.10588687443909603,0.38373933515169323,0.4521497919556172,Low,f_struct_stores_per_region,0.2478,f_lvl_avg_sales_log,0.21411,f_trd_store_growth_std,0.10456
BRD_20130100233,2024,나능이,외식,한식,46.0,0.10588686750428326,0.38330357666396614,0.45145631067961167,Low,f_struct_stores_per_region,0.23569,f_ind_contract_end_pct,-0.1516,f_trd_store_growth_std,0.12853
BRD_20180890,2024,에센스커피,외식,커피,10.0,0.10588686056947051,0.38328277445328307,0.4507628294036061,Low,f_struct_stores_per_region,0.28625,f_struct_region_hhi,-0.12723,f_struct_top_region_share,0.10735
BRD_20200808,2024,달빛에 구운 고등어,외식,한식,32.0,0.10588685363465775,0.38318582838568,0.4500693481276006,Low,f_struct_stores_per_region,0.50383,f_lvl_emp_cnt_log,-0.16425,f_ind_contract_end_pct,-0.13932
BRD_20210973,2024,피자덕,외식,피자,44.0,0.10588684669984498,0.3828127870266258,0.44937586685159503,Low,f_struct_stores_per_region,0.48744,f_ind_contract_end_pct,-0.26671,f_trd_store_growth_std,0.12047
BRD_20180732,2024,닭장수후라이드和,외식,치킨,43.0,0.10588683976503223,0.382433299837214,0.4486823855755895,Low,f_struct_stores_per_region,0.21249,f_trd_store_growth_std,0.10819,f_lvl_emp_cnt_log,0.09798
BRD_20220492,2024,구여사 컵밥,외식,한식,38.0,0.10588683283021946,0.3821884251975701,0.44798890429958393,Low,f_struct_stores_per_region,0.2103,f_trd_store_growth_std,0.09088,f_struct_region_hhi,0.09052
BRD_20231205,2024,탐나는피자,외식,피자,47.0,0.10588682589540671,0.3816411197914725,0.4472954230235784,Low,f_struct_stores_per_region,0.16391,f_trd_sales_per_area_mean,0.13465,f_lvl_emp_cnt_log,0.12251
BRD_20213068,2024,오사이초밥,외식,일식,35.0,0.10588681896059395,0.38152010960589694,0.44660194174757284,Low,f_struct_stores_per_region,0.27091,f_trd_store_growth_std,0.12343,f_lvl_biz_age,0.06947
BRD_20110100299,2024,더진국,외식,한식,61.0,0.10588681202578118,0.38133670965039085,0.4459084604715673,Low,f_ind_contract_end_pct,0.66441,f_lvl_emp_cnt_log,-0.13511,f_lvl_avg_sales_log,-0.07812
BRD_20200369,2024,탄광맥주,외식,주점,38.0,0.10588680509096843,0.3809707177805235,0.44521497919556174,Low,f_struct_stores_per_region,0.45026,f_ind_contract_end_pct,-0.14128,f_trd_store_growth_std,0.13103
BRD_20211278,2024,광안천지식당,외식,한식,54.0,0.10588679815615566,0.37978360707288633,0.4445214979195562,Low,f_ind_contract_end_pct,-0.24387,f_struct_stores_per_region,0.22666,f_trd_store_growth_mean,0.13535
BRD_20214152,2024,육회야문연어,외식,기타 외식,32.0,0.10588679122134291,0.379725721502205,0.44382801664355065,Low,f_struct_stores_per_region,0.59428,f_ind_contract_end_pct,-0.18817,f_trd_store_growth_std,0.11682
BRD_20201287,2024,카츠백,외식,일식,50.0,0.10588678428653014,0.3796515888084795,0.4431345353675451,Low,f_struct_stores_per_region,0.17088,f_trd_store_growth_std,0.11952,f_trd_store_growth_mean,0.10153
BRD_20141047,2024,쏭스클럽핫도그,외식,기타 외식,26.0,0.10588677735171738,0.37926985950832237,0.44244105409153955,Low,f_struct_stores_per_region,0.28657,f_trd_store_growth_std,-0.25511,f_ind_contract_end_pct,-0.24786
BRD_20100100052,2024,붐비어,외식,주점,22.0,0.10588677041690463,0.3784560345995547,0.441747572815534,Low,f_trd_sales_per_area_mean,0.18028,f_lvl_avg_sales_log,0.11934,f_struct_region_hhi,-0.1023
BRD_20180612,2024,샤브20,외식,한식,59.0,0.10588676348209186,0.37776371729503,0.44105409153952846,Low,f_trd_sales_growth_mean,0.20792,f_ind_contract_end_pct,-0.14595,f_trd_store_growth_std,0.13311
BRD_20150982,2024,노량진의 전설 미스사이공(miss420),외식,기타 외국식,88.0,0.10588675654727911,0.37749568797826233,0.4403606102635229,Low,f_trd_store_growth_mean,0.20059,f_struct_stores_per_region,0.15406,f_trd_sales_per_area_mean,0.08702
BRD_20180068,2024,방가네소고기국밥수육,외식,한식,74.0,0.10588674961246634,0.37702278975685943,0.43966712898751736,Low,f_struct_stores_per_region,0.24351,f_lvl_avg_sales_log,0.2251,f_struct_top_region_share,-0.1235
BRD_20120100560,2024,도스마스,외식,기타 외국식,33.0,0.10588674267765358,0.3766629493427613,0.4389736477115118,Low,f_struct_stores_per_region,0.54559,f_ind_contract_end_pct,-0.16057,f_trd_store_growth_std,0.10713
BRD_20210086,2024,삼겹식당,외식,기타 외식,29.0,0.10588673574284083,0.37611912915391627,0.43828016643550627,Low,f_struct_stores_per_region,0.2589,f_trd_store_growth_std,0.10336,f_lvl_emp_cnt_log,0.10066
BRD_20180511,2024,고피자(GOPIZZA),외식,피자,95.0,0.10588672880802806,0.3759449760241907,0.4375866851595007,Low,f_ind_contract_end_pct,0.69251,f_lvl_emp_cnt_log,-0.13371,f_trd_store_growth_std,0.10912
BRD_20090100370,2024,토대력,외식,기타 외식,19.0,0.10588672187321531,0.37589441122959,0.4368932038834951,Low,f_struct_stores_per_region,0.2229,f_ind_contract_end_pct,-0.19408,f_trd_store_growth_std,0.13761
BRD_20190275,2024,인생설렁탕,외식,한식,25.0,0.10588671493840254,0.3758604126314835,0.43619972260748957,Low,f_struct_stores_per_region,0.50133,f_lvl_emp_cnt_log,-0.16129,f_trd_store_growth_std,0.13235
BRD_20214454,2024,우규,외식,일식,35.0,0.10588670800358978,0.374564140356138,0.435506241331484,Low,f_ind_contract_end_pct,-0.24859,f_struct_stores_per_region,0.24319,f_trd_store_growth_std,0.13481
BRD_20100100175,2024,오가다,외식,음료 (커피 외),27.0,0.10588670106877703,0.37413730410598206,0.4348127600554785,Low,f_struct_stores_per_region,0.3669,f_trd_store_growth_std,-0.22332,f_trd_store_growth_mean,0.19942
BRD_20150722,2024,종로맥가,외식,기타 외식,41.0,0.10588669413396426,0.3737606768864383,0.43411927877947293,Low,f_struct_stores_per_region,0.22907,f_ind_contract_end_pct,-0.18965,f_trd_store_growth_std,0.11306
BRD_20080200222,2024,위드치킨,외식,치킨,16.0,0.10588668719915151,0.3735713506078593,0.4334257975034674,Low,f_lvl_avg_sales_log,0.257,f_struct_stores_per_region,0.1592,f_lvl_n_stores,0.09464
BRD_20160621,2024,홍대개미,외식,기타 외식,30.0,0.10588668026433874,0.37322919132186483,0.43273231622746183,Low,f_struct_stores_per_region,0.38328,f_lvl_emp_cnt_log,-0.14411,f_trd_store_growth_std,0.11541
BRD_20150732,2024,예향정,외식,한식,42.0,0.10588667332952599,0.37287432040628504,0.4320388349514563,Low,f_struct_stores_per_region,0.50551,f_ind_contract_end_pct,-0.26907,f_struct_top_region_share,-0.17056
BRD_20213927,2024,국민낙곱새,외식,한식,78.0,0.10588666639471322,0.37186335015363514,0.43134535367545074,Low,f_struct_stores_per_region,0.20345,f_trd_sales_per_area_std,-0.13573,f_trd_sales_per_area_mean,0.10334
BRD_20100100210,2024,오니기리와이규동,외식,기타 외식,35.0,0.10588665945990046,0.37162114629405785,0.4306518723994452,Low,f_struct_stores_per_region,0.21598,f_trd_store_growth_std,0.13557,f_chg_sales_growth,0.09793
BRD_20171271,2024,"고기,원칙",외식,한식,44.0,0.10588665252508771,0.3715942951205927,0.42995839112343964,Low,f_struct_stores_per_region,0.25354,f_struct_region_hhi_chg,-0.10562,f_trd_store_growth_std,0.0889
BRD_20214971,2024,규카츠정,외식,일식,41.0,0.10588664559027494,0.3710205346583452,0.4292649098474341,Low,f_struct_stores_per_region,0.49284,f_struct_top_region_share,-0.16501,f_trd_store_growth_std,0.12306
BRD_20230725,2024,번쩍피자,외식,피자,58.0,0.10588663865546219,0.36963639678502486,0.42857142857142855,Low,f_lvl_emp_cnt_log,0.12427,f_trd_store_growth_std,0.12008,f_chg_name_change_rate,0.11106
BRD_20200491,2024,어부김호권의청년어부,외식,일식,41.0,0.10588663172064942,0.3694564663865241,0.427877947295423,Low,f_struct_stores_per_region,0.39768,f_lvl_emp_cnt_log,0.10248,f_trd_sales_per_area_std,-0.09988
BRD_20221200,2024,구주,외식,주점,33.0,0.10588662478583666,0.3693033377170179,0.42718446601941745,Low,f_struct_stores_per_region,0.40471,f_ind_contract_end_pct,-0.20477,f_trd_store_growth_std,0.14743
BRD_20100100077,2024,죠스떡볶이,외식,분식,138.0,0.1058866178510239,0.3689176818403929,0.4264909847434119,Low,f_trd_store_growth_mean,0.17309,f_trd_sales_per_area_mean,0.11258,f_chg_store_growth,0.10522
BRD_20180600,2024,곱분이곱창,외식,한식,113.0,0.10588661091621114,0.3688735264475681,0.42579750346740636,Low,f_chg_sales_growth,0.15031,f_chg_store_growth,0.14503,f_trd_store_growth_std,0.10768
BRD_20161129,2024,뜨돈(DD'DON),외식,서양식,43.0,0.10588660398139839,0.368431000954726,0.4251040221914008,Low,f_struct_stores_per_region,0.34142,f_trd_store_growth_std,0.12695,f_struct_region_hhi,0.09257
BRD_20200394,2024,온센,외식,일식,35.0,0.10588659704658562,0.3677473506865872,0.42441054091539526,Low,f_struct_stores_per_region,0.43583,f_struct_region_hhi,0.08985,f_trd_store_growth_std,0.08753
BRD_20140759,2024,88켄터키치킨&떡볶이,외식,치킨,44.0,0.10588659011177286,0.3677396653059082,0.4237170596393897,Low,f_trd_sales_per_area_mean,0.13915,f_struct_stores_per_region,0.12423,f_trd_store_growth_std,0.10472
BRD_20231719,2024,마장동 고기집,외식,한식,194.0,0.1058865831769601,0.36760668898770743,0.42302357836338417,Low,f_struct_stores_per_region,-0.21272,f_trd_store_growth_mean,0.09723,f_chg_name_change_rate,0.09591
BRD_20190543,2024,파스타도 식사다,외식,기타 외국식,59.0,0.10588657624214734,0.3675104038136985,0.4223300970873786,Low,f_struct_stores_per_region,0.26207,f_lvl_avg_sales_log,0.20429,f_ind_contract_end_pct,-0.15
BRD_20150119,2024,화포식당,외식,기타 외식,35.0,0.10588656930733459,0.3671206869463023,0.42163661581137307,Low,f_trd_sales_per_area_mean,0.15763,f_trd_sales_per_area_std,0.12704,f_struct_region_hhi,-0.12055
BRD_20230484,2024,요커,외식,음료 (커피 외),37.0,0.10588656237252182,0.36680138860435246,0.4209431345353675,Low,f_struct_region_hhi,-0.16993,f_lvl_avg_sales_log,0.15873,f_struct_stores_per_region,0.14518
BRD_20190964,2024,신룽푸마라탕,외식,중식,37.0,0.10588655543770906,0.3665635130140936,0.420249653259362,Low,f_struct_stores_per_region,0.27728,f_trd_store_growth_std,0.10967,f_lvl_emp_cnt_log,-0.08467
BRD_20151265,2024,바우네나주곰탕,외식,한식,105.0,0.1058865485028963,0.3662791030426833,0.41955617198335643,Low,f_lvl_avg_sales_log,0.24753,f_trd_store_growth_std,0.09883,f_chg_sales_per_area_growth,0.09485
BRD_20212331,2024,응급닭발센터,외식,한식,40.0,0.10588654156808354,0.36623265294843893,0.4188626907073509,Low,f_struct_stores_per_region,0.25604,f_lvl_avg_sales_log,0.22002,f_struct_region_hhi_chg,-0.10206
BRD_20120300082,2024,압구정 봉구비어,외식,주점,182.0,0.10588653463327079,0.36550889540917436,0.41816920943134533,Low,f_lvl_avg_sales_log,0.29562,f_trd_store_growth_std,-0.18876,f_trd_sales_per_area_mean,0.13897
BRD_20191140,2024,두부만드는사람들,외식,한식,68.0,0.10588652769845802,0.36472877809694165,0.4174757281553398,Low,f_lvl_avg_sales_log,0.19699,f_struct_stores_per_region,0.18538,f_trd_store_growth_std,0.08846
BRD_20080100287,2024,퀴즈노스서브,외식,패스트푸드,66.0,0.10588652076364526,0.36434714417249825,0.41678224687933424,Low,f_struct_stores_per_region,0.29878,f_trd_store_growth_std,0.11875,f_struct_region_hhi,0.07276
BRD_20090100089,2024,오구피자,외식,피자,360.0,0.1058865138288325,0.36410460923859994,0.4160887656033287,Low,f_struct_stores_per_region,-0.23613,f_lvl_avg_sales_log,0.18197,f_chg_store_growth,0.13518
BRD_20100100306,2024,꽃마름,외식,한식,41.0,0.10588650689401974,0.36366187604941724,0.41539528432732314,Low,f_struct_stores_per_region,0.38479,f_trd_store_growth_mean,0.12752,f_struct_top_region_share,-0.11736
BRD_20130100180,2024,뉴욕버거,외식,기타 외식,161.0,0.10588649995920699,0.36348522810177103,0.4147018030513176,Low,f_ind_contract_end_pct,0.70724,f_struct_stores_per_region,-0.13698,f_lvl_avg_sales_log,-0.08758
BRD_20200218,2024,입술에 설렌다 빙수당,외식,아이스크림/빙수,32.0,0.10588649302439422,0.36322935577274046,0.41400832177531205,Low,f_struct_stores_per_region,0.23755,f_ind_contract_end_pct,-0.16214,f_trd_store_growth_std,0.12324
BRD_20090100258,2024,맛데이,외식,치킨,6.0,0.10588648608958146,0.363021760345864,0.4133148404993065,Low,f_struct_stores_per_region,0.31767,f_trd_store_growth_std,-0.25664,f_lvl_avg_sales_log,0.21463
BRD_20171425,2024,송사부고로케,외식,제과제빵,90.0,0.1058864791547687,0.36298180830927035,0.41262135922330095,Low,f_struct_stores_per_region,0.19796,f_trd_store_growth_std,0.13735,f_trd_sales_per_area_mean,-0.09235
BRD_20110100215,2024,아마떼,외식,커피,17.0,0.10588647221995594,0.3624583230634113,0.4119278779472954,Low,f_struct_stores_per_region,0.48419,f_ind_contract_end_pct,-0.28322,f_trd_store_growth_std,0.11791
BRD_20200174,2024,메이크어딜리버리,외식,기타 외식,44.0,0.10588646528514319,0.3620203140247437,0.41123439667128986,Low,f_struct_stores_per_region,0.31855,f_ind_contract_end_pct,-0.2439,f_trd_store_growth_std,0.1277
BRD_20191036,2024,궁 잔기지떡,외식,기타 외식,29.0,0.10588645835033042,0.3617270834004594,0.4105409153952843,Low,f_struct_stores_per_region,0.27662,f_ind_contract_end_pct,-0.19934,f_struct_region_hhi,-0.16374
BRD_20120100447,2024,카페아이엠티,외식,커피,10.0,0.10588645141551767,0.3614205350823743,0.40984743411927876,Low,f_trd_store_growth_mean,0.19766,f_trd_sales_per_area_mean,0.13152,f_struct_stores_per_region,-0.10679
BRD_20201276,2024,그리너,외식,기타 외식,34.0,0.1058864444807049,0.3600337112821159,0.4091539528432732,Low,f_struct_stores_per_region,0.338,f_trd_store_growth_std,0.11925,f_lvl_emp_cnt_log,0.08658
BRD_20170705,2024,별법동태탕왕해물찜,외식,한식,16.0,0.10588643754589214,0.35978426199319663,0.40846047156726767,Low,f_struct_stores_per_region,0.47274,f_struct_region_hhi,-0.10831,f_trd_sales_per_area_std,-0.10522
BRD_20080100473,2024,스테프핫도그(STEFF HOTDOG),외식,패스트푸드,41.0,0.10588643061107939,0.35866509281611736,0.4077669902912621,Low,f_lvl_biz_age,-0.46501,f_struct_stores_per_region,0.29614,f_trd_sales_per_area_std,0.09875
BRD_20214081,2024,올쿡24,외식,기타 외식,117.0,0.10588642367626662,0.3583599435049774,0.4070735090152566,Low,f_struct_stores_per_region,-0.35187,f_lvl_avg_sales_log,0.19649,f_trd_sales_per_area_mean,0.09355
BRD_20211246,2024,대동집,외식,한식,85.0,0.10588641674145387,0.3571444878590911,0.406380027739251,Low,f_trd_store_growth_std,0.12712,f_lvl_emp_cnt_log,0.12474,f_trd_sales_per_area_mean,-0.11027
BRD_20230835,2024,모토이시,외식,일식,68.0,0.1058864098066411,0.35709912601172894,0.4056865464632455,Low,f_struct_stores_per_region,0.25237,f_ind_contract_end_pct,-0.22222,f_trd_store_growth_std,0.13216
BRD_20140100,2024,신통치킨,외식,치킨,141.0,0.10588640287182834,0.35698607632725676,0.40499306518723993,Low,f_trd_sales_growth_std,0.21371,f_trd_sales_growth_mean,0.14193,f_trd_sales_per_area_mean,0.12919
BRD_20200845,2024,황해수육,외식,한식,50.0,0.10588639593701558,0.35685469801121056,0.4042995839112344,Low,f_ind_contract_end_pct,-0.24572,f_struct_stores_per_region,0.18373,f_trd_store_growth_std,0.11541
BRD_20220875,2024,담솥,외식,한식,37.0,0.10588638900220282,0.3567910621518091,0.40360610263522884,Low,f_ind_contract_end_pct,-0.25923,f_struct_stores_per_region,0.15208,f_trd_store_growth_std,0.13439
BRD_20212828,2024,소코아,외식,기타 외식,48.0,0.10588638206739007,0.35625221034545607,0.4029126213592233,Low,f_struct_stores_per_region,0.21254,f_struct_region_hhi_chg,-0.13669,f_trd_sales_per_area_std,-0.11675
BRD_20180168,2024,밀방떡,외식,분식,5.0,0.1058863751325773,0.3560097709831105,0.40221914008321774,Low,f_struct_stores_per_region,0.29906,f_struct_region_hhi_chg,-0.13823,f_struct_region_hhi,-0.11448
BRD_20100600055,2024,미쳐버린파닭,외식,치킨,51.0,0.10588636819776454,0.3557869861000073,0.4015256588072122,Low,f_struct_stores_per_region,0.26351,f_lvl_avg_sales_log,0.16986,f_struct_top_region_share,-0.14549
BRD_20080300019,2024,티바두마리치킨,외식,치킨,151.0,0.10588636126295178,0.3553759845311267,0.40083217753120665,Low,f_ind_contract_end_pct,0.61982,f_lvl_biz_age,-0.43009,f_lvl_avg_sales_log,0.14723
BRD_20110100216,2024,사나포차,외식,주점,20.0,0.10588635432813902,0.3546260859412004,0.4001386962552011,Low,f_struct_stores_per_region,0.49829,f_ind_contract_end_pct,-0.19336,f_struct_top_region_share,-0.114
BRD_20090100310,2024,서래갈매기,외식,한식,14.0,0.10588634739332627,0.35369057113057717,0.39944521497919555,Low,f_struct_stores_per_region,0.4438,f_ind_contract_end_pct,-0.2722,f_struct_top_region_share,-0.14852
BRD_20151155,2024,쥬씨(JUICY),외식,음료 (커피 외),175.0,0.1058863404585135,0.3533566700772438,0.39875173370319,Low,f_lvl_avg_sales_log,0.21029,f_trd_store_growth_mean,0.18141,f_trd_store_growth_std,-0.15226
BRD_20110600026,2024,서가앤쿡,외식,서양식,43.0,0.10588633352370073,0.3531767143078627,0.39805825242718446,Low,f_struct_stores_per_region,0.52819,f_trd_store_growth_mean,0.24954,f_lvl_emp_cnt_log,-0.15418
BRD_20171354,2024,링코(RINKO),외식,주점,30.0,0.10588632658888798,0.35305750316742746,0.3973647711511789,Low,f_ind_contract_end_pct,-0.19973,f_trd_sales_growth_std,0.15669,f_struct_region_hhi,-0.15077
BRD_20181061,2024,미태리,외식,서양식,99.0,0.10588631965407522,0.3528816978220951,0.39667128987517336,Low,f_struct_stores_per_region,0.22118,f_trd_store_growth_std,0.12133,f_struct_region_hhi,0.07747
BRD_20160150,2024,숯불에닭,외식,한식,66.0,0.10588631271926247,0.3528006761269192,0.3959778085991678,Low,f_struct_stores_per_region,0.20454,f_trd_store_growth_std,0.13201,f_struct_region_hhi,0.0848
BRD_20221254,2024,본가왕뼈 감자탕,외식,한식,58.0,0.1058863057844497,0.3527754789520268,0.39528432732316227,Low,f_ind_contract_end_pct,-0.19892,f_struct_stores_per_region,0.15112,f_trd_store_growth_std,0.11809
BRD_20170368,2024,백남옥달인손만두,외식,기타 외식,63.0,0.10588629884963693,0.35266334565438784,0.3945908460471567,Low,f_trd_sales_growth_std,0.29524,f_struct_stores_per_region,-0.221,f_trd_sales_growth_mean,0.18932
BRD_20190630,2024,배떡,외식,분식,325.0,0.10588629191482418,0.35237852451337104,0.39389736477115117,Low,f_struct_stores_per_region,-0.31577,f_lvl_avg_sales_log,0.16668,f_chg_store_growth,0.12607
BRD_20130100376,2024,맛찬들왕소금구이,외식,한식,84.0,0.10588628498001142,0.3510233466000852,0.3932038834951456,Low,f_struct_stores_per_region,0.149,f_trd_store_growth_std,0.133,f_trd_sales_per_area_mean,0.07901
BRD_20090100534,2024,아리스타,외식,커피,16.0,0.10588627804519866,0.3508057884785221,0.3925104022191401,Low,f_struct_stores_per_region,0.24924,f_ind_contract_end_pct,-0.15943,f_trd_sales_per_area_mean,0.13248
BRD_20160329,2024,불막열삼,외식,한식,118.0,0.1058862711103859,0.3507642012791248,0.39181692094313453,Low,f_trd_sales_per_area_std,0.16536,f_trd_sales_growth_std,0.15852,f_trd_sales_per_area_mean,0.11958
BRD_20171445,2024,카페일리터,외식,커피,118.0,0.10588626417557315,0.35073046444894734,0.391123439667129,Low,f_trd_sales_per_area_std,0.15779,f_trd_sales_growth_std,0.15669,f_trd_store_growth_std,0.13158
BRD_20200937,2024,마장동김씨,외식,한식,42.0,0.10588625724076038,0.35063211223421775,0.39042995839112343,Low,f_struct_stores_per_region,0.31251,f_trd_store_growth_std,0.11925,f_struct_region_hhi_chg,-0.10603
BRD_20210387,2024,싸다아구찜&탕,외식,한식,88.0,0.10588625030594762,0.35056673054327536,0.3897364771151179,Low,f_struct_stores_per_region,0.17336,f_struct_top_region_share,-0.13274,f_lvl_emp_cnt_log,0.10679
BRD_20210961,2024,백돈,외식,기타 외식,67.0,0.10588624337113486,0.350456223908241,0.38904299583911234,Low,f_struct_stores_per_region,0.15434,f_lvl_emp_cnt_log,0.12216,f_trd_store_growth_std,0.09815
BRD_20130227,2024,청담동말자싸롱,외식,기타 외식,83.0,0.1058862364363221,0.35019135459909073,0.3883495145631068,Low,f_ind_contract_end_pct,-0.28556,f_struct_stores_per_region,0.18322,f_lvl_avg_sales_log,0.11278
BRD_20214358,2024,부엉이산장,외식,한식,39.0,0.10588622950150935,0.35000503643825903,0.38765603328710124,Low,f_struct_stores_per_region,0.18264,f_trd_store_growth_std,0.12459,f_struct_region_hhi,0.09431
BRD_20190916,2024,세광양대창,외식,기타 외식,52.0,0.10588622256669658,0.34972764862141753,0.3869625520110957,Low,f_struct_stores_per_region,0.27197,f_trd_store_growth_std,0.10967,f_chg_store_growth,0.08195
BRD_20090300032,2024,히노아지,외식,일식,35.0,0.10588621563188381,0.3492888068844655,0.38626907073509015,Low,f_struct_stores_per_region,0.30446,f_lvl_emp_cnt_log,-0.12849,f_trd_store_growth_std,0.11569
BRD_20180886,2024,점순이 호떡,외식,패스트푸드,33.0,0.10588620869707106,0.34905166649915326,0.3855755894590846,Low,f_struct_stores_per_region,0.45232,f_lvl_avg_sales_log,0.1672,f_struct_region_hhi_chg,-0.10352
BRD_20181157,2024,동경에서먹었던규동,외식,일식,67.0,0.1058862017622583,0.3489602071108537,0.38488210818307905,Low,f_trd_sales_per_area_mean,0.15611,f_trd_sales_growth_mean,0.14822,f_struct_stores_per_region,-0.11104
BRD_20210924,2024,고기궁전,외식,한식,30.0,0.10588619482744555,0.348929080331827,0.3841886269070735,Low,f_struct_stores_per_region,0.53373,f_ind_contract_end_pct,-0.28092,f_lvl_emp_cnt_log,0.1075
BRD_20190909,2024,무지개맥주,외식,주점,93.0,0.10588618789263278,0.34735035743207304,0.38349514563106796,Low,f_trd_sales_growth_std,0.14143,f_trd_sales_per_area_mean,0.12754,f_trd_sales_per_area_std,0.11548
BRD_20220206,2024,일품대패,외식,한식,85.0,0.10588618095782001,0.34716580491348936,0.3828016643550624,Low,f_ind_contract_end_pct,-0.16301,f_struct_top_region_share,-0.16092,f_trd_store_growth_std,0.12885
BRD_20161185,2024,하노이별,외식,기타 외국식,32.0,0.10588617402300726,0.3470600052359644,0.38210818307905686,Low,f_struct_stores_per_region,0.15545,f_trd_store_growth_mean,0.12236,f_trd_store_growth_std,0.10705
BRD_20080200188,2024,쪽갈비전문점 예감,외식,기타 외식,38.0,0.1058861670881945,0.3464966148152668,0.3814147018030513,Low,f_lvl_biz_age,-0.45157,f_struct_stores_per_region,0.23405,f_trd_sales_per_area_mean,0.15311
BRD_20230021,2024,스모프치킨,외식,치킨,58.0,0.10588616015338174,0.34611059291067703,0.38072122052704577,Low,f_lvl_avg_sales_log,0.21392,f_struct_region_hhi,-0.17794,f_struct_stores_per_region,-0.11661
BRD_20130438,2024,박군치킨,외식,치킨,65.0,0.10588615321856898,0.34601473788305764,0.3800277392510402,Low,f_lvl_avg_sales_log,0.329,f_trd_store_growth_std,-0.25575,f_ind_contract_end_pct,-0.20486
BRD_20212782,2024,청기와타운,외식,한식,31.0,0.10588614628375621,0.34596159891732964,0.37933425797503467,Low,f_struct_stores_per_region,0.23075,f_struct_region_hhi,-0.12365,f_trd_sales_per_area_mean,0.09665
BRD_20220528,2024,맘스터치 피자앤치킨,외식,패스트푸드,37.0,0.10588613934894346,0.3459566124677019,0.3786407766990291,Low,f_struct_stores_per_region,0.19165,f_lvl_emp_cnt_log,-0.14476,f_trd_store_growth_std,0.13753
BRD_20231573,2024,상상오리,외식,한식,68.0,0.1058861324141307,0.34535564382263867,0.3779472954230236,Low,f_chg_sales_growth,0.15264,f_struct_stores_per_region,-0.15103,f_trd_store_growth_mean,0.10166
BRD_20200012,2024,돈카츠마켙,외식,서양식,62.0,0.10588612547931794,0.34316521069376965,0.37725381414701803,Low,f_struct_region_hhi_chg,-0.10734,f_struct_stores_per_region,0.0822,f_trd_store_growth_std,0.08035
BRD_20210622,2024,한라맥주,외식,주점,61.0,0.10588611854450518,0.34288210943828945,0.3765603328710125,Low,f_struct_stores_per_region,0.17271,f_struct_top_region_share,-0.16105,f_trd_store_growth_std,0.11348
BRD_20180361,2024,고돼지,외식,기타 외식,88.0,0.10588611160969241,0.3428201751636647,0.37586685159500693,Low,f_struct_stores_per_region,0.19539,f_trd_store_growth_std,0.11002,f_struct_region_hhi,0.07134
BRD_20201484,2024,리틀꼬마김밥,외식,분식,50.0,0.10588610467487966,0.3419806259601214,0.3751733703190014,Low,f_ind_contract_end_pct,-0.20686,f_trd_sales_growth_std,0.13516,f_struct_region_hhi,-0.11246
BRD_20080100676,2024,원당감자탕,외식,기타 외식,20.0,0.1058860977400669,0.34106117880773357,0.37447988904299584,Low,f_trd_store_growth_std,-0.24684,f_trd_sales_per_area_mean,0.18423,f_struct_top_region_share,0.13151
BRD_20190513,2024,탐나종합어시장,외식,일식,38.0,0.10588609080525414,0.34031876178884585,0.3737864077669903,Low,f_trd_store_growth_std,-0.18626,f_trd_sales_per_area_mean,0.17786,f_lvl_emp_cnt_log,0.13051
BRD_20170925,2024,브라더한정식도시락,외식,한식,65.0,0.10588608387044138,0.3397340746563286,0.37309292649098474,Low,f_struct_stores_per_region,0.26587,f_trd_store_growth_std,0.09696,f_struct_region_hhi,0.08053
BRD_20210460,2024,청솔로9,외식,커피,72.0,0.10588607693562863,0.33970605228555717,0.3723994452149792,Low,f_trd_sales_growth_std,0.1616,f_struct_region_hhi_chg,-0.15913,f_struct_region_hhi,-0.14231
BRD_20200732,2024,CAFE CANBUS(카페캔버스),외식,커피,36.0,0.10588607000081586,0.33952572035582734,0.37170596393897365,Low,f_struct_stores_per_region,0.2537,f_lvl_avg_sales_log,0.19166,f_struct_region_hhi,-0.16054
BRD_20211882,2024,솔솥,외식,한식,63.0,0.1058860630660031,0.33857624880609977,0.3710124826629681,Low,f_struct_stores_per_region,0.20881,f_trd_store_growth_std,0.12467,f_struct_region_hhi,0.09278
NAME:킹스타피자@외식,2024,킹스타피자,외식,피자,26.0,0.10588605613119034,0.3385559224247394,0.37031900138696255,Low,f_lvl_biz_age,-0.45019,f_trd_store_growth_mean,0.26084,f_lvl_avg_sales_log,0.16973
BRD_20200125,2024,킹스꼬마김밥,외식,분식,34.0,0.10588604919637758,0.3381383373012695,0.369625520110957,Low,f_struct_stores_per_region,0.3374,f_trd_store_growth_std,0.0902,f_lvl_avg_sales_log,-0.08504
BRD_20110100169,2024,바베큐통족구이,외식,한식,23.0,0.10588604226156483,0.3377809045171093,0.36893203883495146,Low,f_struct_stores_per_region,0.30075,f_struct_region_hhi,-0.17186,f_chg_sales_growth,0.11671
BRD_20130100076,2024,한방전주콩나물국밥,외식,한식,27.0,0.10588603532675206,0.33769773637401596,0.3682385575589459,Low,f_trd_store_growth_mean,0.22068,f_struct_region_hhi_chg,-0.14716,f_trd_sales_per_area_std,-0.10725
BRD_20160451,2024,하루엔소쿠,외식,일식,94.0,0.1058860283919393,0.3372591076188767,0.36754507628294036,Low,f_ind_contract_end_pct,0.76413,f_trd_store_growth_std,-0.20477,f_trd_sales_per_area_mean,-0.08642
BRD_20212045,2024,국밥참맛있는집,외식,한식,90.0,0.10588602145712654,0.33719456566206246,0.3668515950069348,Low,f_struct_stores_per_region,0.16994,f_trd_sales_per_area_std,-0.12359,f_chg_sales_growth,0.09793
BRD_20211034,2024,찌개공방,외식,한식,52.0,0.10588601452231378,0.3366579955514518,0.36615811373092927,Low,f_struct_stores_per_region,0.29928,f_ind_contract_end_pct,-0.28173,f_trd_store_growth_std,0.11713
BRD_20080100059,2024,생생돈까스,외식,분식,39.0,0.10588600758750102,0.3365223733662476,0.3654646324549237,Low,f_trd_store_growth_mean,0.29292,f_trd_store_growth_std,-0.19982,f_struct_stores_per_region,0.14586
BRD_20160331,2024,장혁민의 부대찌개,외식,기타 외식,27.0,0.10588600065268826,0.33634074287811533,0.3647711511789182,Low,f_struct_stores_per_region,0.24385,f_trd_store_growth_std,0.10631,f_trd_sales_per_area_std,-0.10324
BRD_20200830,2024,인생아구찜,외식,한식,175.0,0.10588599371787549,0.33511307714831456,0.3640776699029126,Low,f_struct_stores_per_region,-0.18696,f_ind_contract_end_pct,-0.15577,f_chg_sales_growth,0.10809
BRD_20110100237,2024,커피베이,외식,커피,286.0,0.10588598678306274,0.33494000828272213,0.3633841886269071,Low,f_ind_contract_end_pct,0.53928,f_struct_stores_per_region,-0.4749,f_lvl_avg_sales_log,0.26281
BRD_20100100628,2024,컬투치킨,외식,치킨,65.0,0.10588597984824998,0.33480825584676577,0.36269070735090153,Low,f_trd_store_growth_std,-0.27021,f_struct_stores_per_region,0.22323,f_trd_sales_per_area_mean,0.10464
BRD_20160683,2024,토고리 옛날막창,외식,한식,23.0,0.10588597291343722,0.3347926751379236,0.361997226074896,Low,f_struct_stores_per_region,0.13904,f_trd_store_growth_std,0.07902,f_trd_store_growth_mean,0.07189
BRD_20180102,2024,1도씨맥주(1℃ 맥주),외식,주점,61.0,0.10588596597862446,0.33473903557273,0.36130374479889044,Low,f_struct_stores_per_region,-0.16812,f_trd_sales_per_area_mean,0.12291,f_lvl_emp_cnt_log,0.1047
BRD_20212086,2024,30년 불멸의 닭발,외식,한식,42.0,0.10588595904381169,0.3342509232248795,0.3606102635228849,Low,f_struct_stores_per_region,0.17641,f_struct_region_hhi,-0.16187,f_lvl_avg_sales_log,0.13309
BRD_20190567,2024,금화왕돈까스,외식,한식,58.0,0.10588595210899894,0.3337808907894863,0.35991678224687934,Low,f_struct_stores_per_region,0.17861,f_trd_store_growth_std,0.12438,f_lvl_emp_cnt_log,-0.10416
BRD_20171173,2024,오백국수,외식,분식,52.0,0.10588594517418617,0.33328717727079876,0.3592233009708738,Low,f_struct_stores_per_region,0.31686,f_trd_sales_per_area_std,-0.1223,f_lvl_avg_sales_log,0.10005
BRD_20140160,2024,은화수식당,외식,기타 외식,53.0,0.10588593823937342,0.3329582163057204,0.35852981969486825,Low,f_struct_stores_per_region,0.26178,f_ind_contract_end_pct,-0.20405,f_struct_top_region_share,-0.14573
BRD_20080500029,2024,굴세상,외식,기타 외식,49.0,0.10588593130456066,0.3327998228775775,0.3578363384188627,Low,f_struct_stores_per_region,0.23058,f_ind_contract_end_pct,-0.19869,f_trd_store_growth_std,0.13249
BRD_20110300060,2024,원조의령소바,외식,한식,27.0,0.07826131508359258,0.33214277398799863,0.35714285714285715,Low,f_struct_stores_per_region,0.5514,f_struct_region_hhi,-0.14184,f_trd_store_growth_std,0.11433
BRD_20201331,2024,이태리양조장,외식,주점,51.0,0.06896908173513798,0.33161628513388575,0.3564493758668516,Low,f_struct_stores_per_region,0.56149,f_ind_contract_end_pct,-0.26126,f_trd_sales_per_area_std,-0.10559
BRD_20161139,2024,2도맥주 (2°C BEER),외식,주점,39.0,0.06896907480032521,0.33096855182482277,0.35575589459084606,Low,f_trd_store_growth_std,-0.32376,f_struct_stores_per_region,0.23416,f_chg_sales_growth,0.11671
BRD_20140164,2024,나드리김밥,외식,기타 외식,57.0,0.06896906786551246,0.3308498691372626,0.3550624133148405,Low,f_ind_contract_end_pct,-0.2109,f_struct_stores_per_region,0.15228,f_trd_sales_growth_std,0.13733
BRD_20130538,2024,썬더치킨,외식,치킨,132.0,0.0689690609306997,0.3306773660911677,0.35436893203883496,Low,f_trd_sales_growth_std,0.11666,f_trd_store_growth_std,0.108,f_lvl_n_stores,-0.10256
BRD_20212817,2024,참토스트,외식,기타 외식,40.0,0.06896905399588693,0.330564215049461,0.3536754507628294,Low,f_struct_stores_per_region,0.2153,f_ind_contract_end_pct,-0.21006,f_trd_store_growth_std,0.11772
BRD_20100500056,2024,청주본가,외식,기타 외식,31.0,0.06896904706107418,0.33010993016957035,0.35298196948682387,Low,f_struct_stores_per_region,0.44114,f_ind_contract_end_pct,-0.2807,f_trd_store_growth_std,0.13817
BRD_20150931,2024,육미명가옛날아우내순대&보쌈,외식,기타 외식,52.0,0.06896904012626141,0.32997649438946824,0.3522884882108183,Low,f_struct_stores_per_region,0.29991,f_struct_top_region_share,-0.16845,f_trd_store_growth_std,0.13237
BRD_20080500030,2024,치킨퐁,외식,치킨,11.0,0.06896903319144866,0.3291909737123022,0.35159500693481277,Low,f_struct_stores_per_region,0.42241,f_trd_store_growth_std,-0.28681,f_trd_sales_per_area_mean,0.09885
NAME:카페베네@외식,2024,카페베네,외식,음료 (커피 외),96.0,0.0689690262566359,0.3291492806155028,0.3509015256588072,Low,f_trd_store_growth_mean,0.20403,f_struct_stores_per_region,0.11309,f_lvl_avg_sales_log,-0.08295
BRD_20080400039,2024,까투리,외식,주점,154.0,0.06896901932182314,0.32889408013670607,0.3502080443828017,Low,f_lvl_biz_age,-0.45857,f_chg_store_growth,0.1534,f_chg_sales_growth,0.11671
BRD_20170547,2024,엑스오엑스오푸드카페,외식,기타 외식,275.0,0.06896901238701038,0.32869665878581467,0.34951456310679613,Low,f_struct_stores_per_region,-0.32426,f_lvl_avg_sales_log,0.20899,f_trd_sales_growth_std,0.15603
BRD_20211310,2024,정성순대,외식,한식,48.0,0.06896900545219761,0.32782475498400826,0.3488210818307906,Low,f_struct_stores_per_region,0.21191,f_trd_sales_per_area_std,-0.12694,f_trd_store_growth_std,0.09858
BRD_20220529,2024,하르당,외식,제과제빵,47.0,0.06896899851738486,0.3277654423699844,0.34812760055478503,Low,f_struct_stores_per_region,0.19815,f_trd_store_growth_std,0.10943,f_lvl_emp_cnt_log,0.10621
BRD_20200578,2024,거북이동네,외식,한식,36.0,0.0689689915825721,0.3276545573431409,0.3474341192787795,Low,f_struct_region_hhi,-0.19352,f_trd_sales_per_area_mean,0.13673,f_struct_stores_per_region,0.12967
BRD_20080100650,2024,올떡,외식,분식,67.0,0.06896898464775934,0.3274156189412736,0.34674063800277394,Low,f_lvl_avg_sales_log,0.21713,f_struct_stores_per_region,0.1415,f_trd_store_growth_std,0.10676
BRD_20180332,2024,백금당,외식,커피,29.0,0.06896897771294658,0.32711453819450736,0.3460471567267684,Low,f_struct_stores_per_region,0.50019,f_ind_contract_end_pct,-0.26275,f_trd_sales_per_area_std,-0.10935
BRD_20140971,2024,존슨켄터키,외식,치킨,15.0,0.06896897077813381,0.3265423750238281,0.34535367545076284,Low,f_trd_store_growth_std,-0.32603,f_struct_stores_per_region,0.28911,f_ind_contract_end_pct,-0.17112
BRD_20120300066,2024,화르화르,외식,치킨,27.0,0.06896896384332106,0.325688791241871,0.3446601941747573,Low,f_struct_stores_per_region,0.33951,f_trd_store_growth_std,-0.32684,f_ind_contract_end_pct,-0.08677
BRD_20230769,2024,맘스피자(MOM'S PIZZA),외식,패스트푸드,104.0,0.0689689569085083,0.32568340289428577,0.34396671289875175,Low,f_trd_store_growth_mean,0.12236,f_lvl_emp_cnt_log,-0.10915,f_trd_store_growth_std,0.09516
BRD_20080100162,2024,기소야,외식,일식,26.0,0.06896894997369554,0.3254766547231937,0.3432732316227462,Low,f_struct_stores_per_region,0.44851,f_lvl_biz_age,-0.41724,f_trd_store_growth_std,0.14751
BRD_20211511,2024,버거리(BURGERRY),외식,패스트푸드,86.0,0.06896894303888278,0.32483785548752786,0.34257975034674065,Low,f_ind_contract_end_pct,-0.15894,f_trd_store_growth_std,0.11809,f_trd_store_growth_mean,0.10281
BRD_20230766,2024,호시타코야끼,외식,분식,69.0,0.06896893610407001,0.32433686836554804,0.3418862690707351,Low,f_chg_sales_growth,0.15264,f_struct_stores_per_region,-0.14563,f_trd_store_growth_std,0.09758
BRD_20100100323,2024,아띠몽,외식,패스트푸드,38.0,0.06896892916925726,0.3238366585607714,0.34119278779472956,Low,f_struct_stores_per_region,0.44833,f_struct_top_region_share,-0.1381,f_trd_store_growth_std,0.10005
BRD_20080100373,2024,탐앤탐스커피(TOMNTOMS COFFEE),외식,커피,215.0,0.0689689222344445,0.323641489556281,0.340499306518724,Low,f_ind_contract_end_pct,0.47901,f_struct_stores_per_region,-0.26129,f_lvl_emp_cnt_log,-0.17276
BRD_20120100090,2024,홍대돈부리,외식,일식,14.0,0.06896891529963174,0.32182571824020584,0.33980582524271846,Low,f_struct_stores_per_region,0.28546,f_trd_store_growth_mean,0.23113,f_struct_region_hhi,-0.14312
BRD_20080100607,2024,700비어,외식,주점,27.0,0.06896890836481898,0.32116261125186574,0.3391123439667129,Low,f_ind_contract_end_pct,-0.19868,f_trd_sales_per_area_mean,0.15195,f_struct_region_hhi,-0.12178
BRD_20201014,2024,고기극찬,외식,한식,108.0,0.06896890143000621,0.32110469030952093,0.33841886269070737,Low,f_trd_store_growth_std,0.12169,f_trd_sales_per_area_std,0.11318,f_lvl_emp_cnt_log,0.10554
BRD_20190734,2024,잔잔,외식,주점,42.0,0.06896889449519346,0.3200964304002725,0.3377253814147018,Low,f_struct_region_hhi,-0.18545,f_ind_contract_end_pct,-0.16368,f_trd_sales_growth_std,0.15217
BRD_20100100018,2024,콩불,외식,한식,18.0,0.06896888756038069,0.3200885066708216,0.33703190013869627,Low,f_struct_stores_per_region,0.41923,f_trd_store_growth_std,-0.27152,f_lvl_emp_cnt_log,0.10213
BRD_20190218,2024,택이네 조개전골,외식,한식,81.0,0.06896888062556794,0.3200203518394219,0.3363384188626907,Low,f_struct_stores_per_region,0.19514,f_trd_store_growth_std,0.12407,f_trd_sales_per_area_mean,-0.08968
BRD_20130100408,2024,오춘자비어,외식,주점,19.0,0.06896887369075518,0.31994141873317583,0.3356449375866852,Low,f_lvl_avg_sales_log,0.31479,f_trd_store_growth_std,-0.23089,f_struct_stores_per_region,0.17579
BRD_20191303,2024,영커피,외식,커피,65.0,0.06896886675594241,0.31977648595881236,0.33495145631067963,Low,f_struct_stores_per_region,0.20107,f_trd_store_growth_std,0.10327,f_struct_region_hhi,0.09278
BRD_20080100099,2024,피쉬앤그릴too,외식,주점,0.0,0.06896885982112966,0.3197756070324556,0.3342579750346741,Low,f_lvl_biz_age,-0.45844,f_struct_stores_per_region,0.24577,f_trd_store_growth_mean,0.12206
BRD_20140773,2024,반포식스,외식,기타 외국식,30.0,0.06896885288631689,0.3181629562073203,0.33356449375866853,Low,f_struct_stores_per_region,-0.17469,f_trd_sales_per_area_mean,0.12693,f_lvl_emp_cnt_log,0.11559
BRD_20100600034,2024,BRD백록담,외식,치킨,18.0,0.06896884595150414,0.31726927010556116,0.332871012482663,Low,f_struct_stores_per_region,0.28705,f_struct_region_hhi,-0.18061,f_ind_contract_end_pct,-0.14039
BRD_20141063,2024,생활맥주,외식,주점,179.0,0.06896883901669137,0.3165153094748191,0.33217753120665744,Low,f_lvl_emp_cnt_log,-0.16294,f_trd_sales_per_area_std,0.15882,f_trd_sales_growth_std,0.14841
BRD_20200193,2024,무공돈까스,외식,분식,58.0,0.06896883208187862,0.3145295625339619,0.3314840499306519,Low,f_struct_stores_per_region,0.3469,f_trd_sales_per_area_std,-0.12304,f_trd_store_growth_std,0.09176
BRD_20190976,2024,꼬꼬아찌,외식,치킨,25.0,0.06896882514706586,0.31425651887900913,0.33079056865464634,Low,f_lvl_biz_age,-0.41491,f_trd_store_growth_mean,0.2536,f_struct_stores_per_region,0.22727
BRD_20210991,2024,카페16온스,외식,커피,31.0,0.06896881821225309,0.3142523943381097,0.3300970873786408,Low,f_struct_region_hhi,-0.22506,f_struct_stores_per_region,0.19409,f_trd_sales_per_area_mean,-0.08332
BRD_20180833,2024,자가제빵 선명희피자,외식,피자,87.0,0.06896881127744034,0.3137540778313107,0.32940360610263525,Low,f_ind_contract_end_pct,-0.19058,f_lvl_emp_cnt_log,0.13369,f_trd_store_growth_std,0.13247
BRD_20120500005,2024,디에떼에스프레소,외식,커피,33.0,0.06896880434262757,0.31189280971105465,0.3287101248266297,Low,f_lvl_avg_sales_log,0.31078,f_trd_store_growth_mean,0.24885,f_ind_contract_end_pct,-0.16178
BRD_20201728,2024,호미스(HOMIES),외식,서양식,41.0,0.06896879740781482,0.31161465190552023,0.32801664355062415,Low,f_struct_region_hhi,-0.1967,f_ind_contract_end_pct,-0.17659,f_lvl_emp_cnt_log,0.16414
BRD_20220024,2024,이우철한방누룽지삼계탕,외식,한식,48.0,0.06896879047300206,0.3110565337371462,0.3273231622746186,Low,f_ind_contract_end_pct,-0.29758,f_struct_stores_per_region,0.25656,f_trd_store_growth_std,0.1218
BRD_20160600,2024,주식회사포차천국,외식,주점,132.0,0.06896878353818929,0.31097149365970395,0.32662968099861306,Low,f_trd_store_growth_std,0.11683,f_trd_sales_per_area_mean,0.10804,f_ind_contract_end_pct,0.10222
BRD_20130123,2024,쌀통닭,외식,치킨,77.0,0.06896877660337654,0.30966844878965244,0.3259361997226075,Low,f_trd_store_growth_std,0.13141,f_lvl_n_stores,0.07431,f_trd_sales_per_area_mean,0.07414
BRD_20090600054,2024,봉대박스파게티,외식,서양식,18.0,0.06896876966856377,0.30954279092426296,0.32524271844660196,Low,f_struct_stores_per_region,0.31537,f_trd_store_growth_std,-0.27797,f_struct_region_hhi_chg,-0.14682
BRD_20221022,2024,까몬(CAMO’N),외식,기타 외국식,45.0,0.06896876273375102,0.30809897418617044,0.3245492371705964,Low,f_struct_stores_per_region,0.31826,f_trd_sales_per_area_std,-0.12471,f_trd_store_growth_std,0.10605
BRD_20200152,2024,서오릉피자,외식,피자,64.0,0.06896875579893826,0.3077200416823377,0.32385575589459087,Low,f_struct_stores_per_region,-0.30114,f_trd_sales_growth_std,0.28057,f_trd_sales_growth_mean,0.17998
BRD_20080200103,2024,이바돔감자탕,외식,한식,53.0,0.06896874886412549,0.30671270684550195,0.3231622746185853,Low,f_lvl_biz_age,-0.44145,f_struct_stores_per_region,0.18622,f_trd_store_growth_std,0.13
BRD_20230455,2024,샤브로21,외식,한식,49.0,0.06896874192931274,0.3066177983752926,0.3224687933425798,Low,f_struct_region_hhi,-0.23026,f_struct_stores_per_region,0.22743,f_ind_contract_end_pct,-0.15334
BRD_20100500044,2024,화화돼지왕갈비,외식,기타 외식,61.0,0.06896873499449997,0.305979295527564,0.3217753120665742,Low,f_struct_stores_per_region,0.22182,f_trd_store_growth_std,0.11794,f_trd_sales_per_area_mean,-0.08878
BRD_20213267,2024,기영이숯불두마리치킨,외식,치킨,248.0,0.06896872805968722,0.305187648323005,0.3210818307905687,Low,f_struct_stores_per_region,-0.28515,f_trd_sales_growth_std,0.28513,f_lvl_emp_cnt_log,-0.16846
BRD_20080200076,2024,빚은,외식,기타 외식,31.0,0.06896872112487445,0.30517924727798645,0.32038834951456313,Low,f_struct_stores_per_region,0.37626,f_ind_contract_end_pct,-0.27956,f_lvl_avg_sales_log,0.16035
BRD_20150426,2024,백스비어,외식,주점,69.0,0.06896871419006169,0.3047470611659392,0.3196948682385576,Low,f_struct_stores_per_region,0.23809,f_trd_store_growth_std,0.12481,f_lvl_emp_cnt_log,-0.11173
BRD_20160718,2024,네오피자,외식,피자,48.0,0.06896870725524894,0.3045034892267083,0.31900138696255204,Low,f_trd_store_growth_mean,0.34341,f_struct_stores_per_region,0.2709,f_trd_store_growth_std,-0.13434
BRD_20100300029,2024,돈오락쪽갈비,외식,한식,35.0,0.06896870032043617,0.3043559730502399,0.3183079056865465,Low,f_struct_stores_per_region,0.39974,f_trd_store_growth_std,-0.27837,f_chg_sales_per_area_growth,0.11098
BRD_20100100309,2024,앗싸곱창,외식,한식,22.0,0.06896869338562342,0.30411649233581106,0.31761442441054094,Low,f_struct_stores_per_region,0.19968,f_struct_region_hhi,-0.17446,f_chg_sales_growth,0.15031
BRD_202126,2024,고더커피,외식,커피,43.0,0.06896868645081065,0.3038622497487676,0.3169209431345354,Low,f_ind_contract_end_pct,-0.28008,f_lvl_avg_sales_log,0.17287,f_struct_region_hhi,-0.16349
BRD_20221246,2024,열정국밥,외식,한식,234.0,0.06896867951599789,0.3038278847005998,0.31622746185852985,Low,f_struct_stores_per_region,-0.31581,f_ind_contract_end_pct,0.1197,f_trd_store_growth_mean,0.08995
BRD_20200107,2024,미진축산,외식,한식,110.0,0.06896867258118514,0.30366369552475514,0.3155339805825243,Low,f_ind_contract_end_pct,0.61748,f_struct_stores_per_region,-0.17984,f_struct_region_hhi,-0.13557
BRD_20080100207,2024,백종원의원조쌈밥집,외식,한식,14.0,0.06896866564637237,0.3032811329966062,0.31484049930651875,Low,f_struct_stores_per_region,0.53503,f_lvl_biz_age,-0.4168,f_ind_contract_end_pct,-0.22022
BRD_20171186,2024,DK동키치킨,외식,치킨,92.0,0.06896865871155962,0.3023138855041011,0.3141470180305132,Low,f_struct_stores_per_region,-0.31398,f_ind_contract_end_pct,-0.25661,f_trd_sales_growth_std,0.23233
BRD_20220299,2024,사랑해베이글,외식,기타 외식,34.0,0.06896865177674685,0.3022001886973315,0.31345353675450766,Low,f_struct_stores_per_region,0.34529,f_ind_contract_end_pct,-0.23548,f_trd_sales_per_area_std,-0.11002
BRD_20130400,2024,누리마을감자탕,외식,한식,57.0,0.06896864484193409,0.3019569924564478,0.3127600554785021,Low,f_lvl_biz_age,-0.43993,f_chg_sales_growth,0.15264,f_trd_store_growth_mean,0.12638
BRD_20170185,2024,제주스,외식,음료 (커피 외),39.0,0.06896863790712134,0.3007424883501104,0.3120665742024965,Low,f_struct_stores_per_region,0.47697,f_trd_store_growth_std,-0.32257,f_ind_contract_end_pct,-0.27479
BRD_20201215,2024,청담피자,외식,피자,48.0,0.06896863097230857,0.3005683881209663,0.31137309292649096,Low,f_struct_stores_per_region,0.27563,f_struct_top_region_share,-0.16583,f_trd_store_growth_std,0.108
BRD_20080100635,2024,요거프레소,외식,커피,281.0,0.06896862403749582,0.3004708126271674,0.3106796116504854,Low,f_struct_stores_per_region,-0.35826,f_lvl_avg_sales_log,0.23134,f_trd_store_growth_mean,0.21995
BRD_20170826,2024,마마쿡(MAMA COOK),외식,한식,33.0,0.06896861710268305,0.29980600468504254,0.30998613037447986,Low,f_ind_contract_end_pct,0.75343,f_struct_stores_per_region,-0.14651,f_struct_region_hhi,-0.12708
BRD_20120100400,2024,알바트로스,외식,주점,10.0,0.0689686101678703,0.29955178661258697,0.3092926490984743,Low,f_lvl_biz_age,-0.48402,f_struct_stores_per_region,0.29039,f_ind_contract_end_pct,-0.15573
BRD_20090100151,2024,림스치킨,외식,치킨,68.0,0.06896860323305753,0.2987419166413369,0.30859916782246877,Low,f_lvl_biz_age,-0.44089,f_struct_stores_per_region,0.19394,f_trd_store_growth_std,0.13613
BRD_20200638,2024,천씨씨커피,외식,커피,109.0,0.06896859629824477,0.2984712508850701,0.3079056865464632,Low,f_struct_stores_per_region,-0.17224,f_trd_sales_per_area_std,0.15095,f_trd_sales_per_area_mean,0.10619
BRD_20200496,2024,코지하우스,외식,서양식,45.0,0.06896858936343202,0.29807398257278633,0.30721220527045767,Low,f_struct_stores_per_region,0.29186,f_ind_contract_end_pct,-0.21585,f_lvl_emp_cnt_log,-0.17772
NAME:삼송빵집@외식,2024,삼송빵집,외식,제과제빵,31.0,0.06896858242861925,0.29773520093906286,0.3065187239944521,Low,f_struct_stores_per_region,0.33593,f_lvl_emp_cnt_log,-0.1436,f_trd_store_growth_std,0.12947
BRD_20191174,2024,153구포국수,외식,한식,58.0,0.0689685754938065,0.29732905846189184,0.3058252427184466,Low,f_ind_contract_end_pct,-0.2558,f_trd_sales_growth_std,0.22132,f_struct_region_hhi,-0.18701
BRD_20200599,2024,미미고,외식,분식,16.0,0.06896856855899373,0.2962184345944338,0.30513176144244103,Low,f_struct_stores_per_region,0.41959,f_ind_contract_end_pct,-0.27371,f_trd_store_growth_std,-0.20451
BRD_20200341,2024,청년치킨,외식,치킨,45.0,0.06896856162418097,0.2962133793325297,0.3044382801664355,Low,f_struct_stores_per_region,0.33386,f_ind_contract_end_pct,-0.23049,f_trd_store_growth_std,0.12325
BRD_20212074,2024,도로시파스타,외식,서양식,93.0,0.06896855468936822,0.29535100562951916,0.30374479889042993,Low,f_lvl_emp_cnt_log,0.15321,f_lvl_n_stores,-0.11625,f_trd_sales_per_area_mean,0.105
BRD_20180720,2024,철뚝집,외식,한식,37.0,0.06896854775455545,0.2949694504073914,0.3030513176144244,Low,f_struct_stores_per_region,0.24857,f_struct_region_hhi,-0.2123,f_lvl_biz_age,0.06361
BRD_20212416,2024,하노이맥주밤거리,외식,주점,50.0,0.0689685408197427,0.2934407160502914,0.30235783633841884,Low,f_struct_stores_per_region,0.34745,f_trd_sales_per_area_std,-0.12412,f_struct_region_hhi,0.09007
BRD_20100100256,2024,김명자낙지마당,외식,한식,28.0,0.06896853388492993,0.2932434701128454,0.3016643550624133,Low,f_struct_region_hhi_chg,-0.14823,f_struct_stores_per_region,0.12533,f_trd_sales_per_area_mean,0.10726
BRD_20220831,2024,노모어피자,외식,피자,174.0,0.06896852695011717,0.2931222019259693,0.30097087378640774,Low,f_struct_stores_per_region,-0.17853,f_trd_store_growth_std,0.11398,f_chg_sales_growth,0.09019
BRD_20110100528,2024,짱닭치킨,외식,치킨,40.0,0.06896852001530442,0.2930666176082843,0.3002773925104022,Low,f_trd_store_growth_std,-0.24997,f_struct_stores_per_region,0.16087,f_trd_sales_per_area_mean,0.10759
BRD_20130139,2024,빌리엔젤,외식,커피,18.0,0.06896851308049165,0.2929555657096857,0.29958391123439665,Low,f_trd_store_growth_mean,0.35765,f_chg_store_growth,0.15832,f_lvl_emp_cnt_log,-0.15564
BRD_20150052,2024,빵장수단팥빵,외식,제과제빵,42.0,0.0689685061456789,0.2928463297158584,0.2988904299583911,Low,f_struct_stores_per_region,0.36093,f_lvl_emp_cnt_log,-0.18071,f_trd_store_growth_std,0.13566
BRD_20080400030,2024,임실N치즈피자,외식,피자,44.0,0.06896849921086613,0.2924096585061413,0.29819694868238555,Low,f_trd_store_growth_std,-0.27731,f_lvl_avg_sales_log,0.24415,f_ind_contract_end_pct,-0.20447
NAME:촌댁맥주@외식,2024,촌댁맥주,외식,주점,32.0,0.06896849227605337,0.2921437211122328,0.29750346740638,Low,f_trd_store_growth_std,-0.23219,f_trd_store_growth_mean,0.22736,f_struct_stores_per_region,0.16769
BRD_20110100154,2024,드롭탑(DROPTOP),외식,커피,142.0,0.06896848534124062,0.2918466359673901,0.29680998613037446,Low,f_trd_store_growth_mean,0.3086,f_lvl_emp_cnt_log,-0.16674,f_chg_store_growth,0.11778
BRD_20220232,2024,커피나인,외식,커피,67.0,0.06896847840642785,0.29150939762184164,0.2961165048543689,Low,f_struct_region_hhi,-0.19298,f_ind_contract_end_pct,-0.17413,f_lvl_avg_sales_log,0.14037
BRD_20220572,2024,카페요아정,외식,아이스크림/빙수,372.0,0.0689684714716151,0.2913557977871582,0.29542302357836336,Low,f_struct_stores_per_region,-0.33721,f_lvl_emp_cnt_log,-0.14859,f_trd_store_growth_mean,0.11707
BRD_20212464,2024,피자와썹,외식,피자,59.0,0.06896846453680233,0.29049831899966994,0.2947295423023578,Low,f_struct_stores_per_region,0.34451,f_ind_contract_end_pct,-0.28689,f_struct_top_region_share,-0.17087
BRD_20220426,2024,편편집,외식,한식,79.0,0.06896845760198957,0.2903163547232171,0.29403606102635227,Low,f_trd_store_growth_std,0.11875,f_lvl_emp_cnt_log,0.11211,f_lvl_avg_sales_log,-0.0757
BRD_20211017,2024,용용선생,외식,주점,111.0,0.06896845066717681,0.28956829567086134,0.2933425797503467,Low,f_trd_sales_per_area_mean,0.19976,f_chg_sales_per_area_growth,0.16009,f_trd_sales_per_area_std,-0.14089
BRD_20080600010,2024,땅땅치킨,외식,치킨,177.0,0.06779953666047626,0.2884338790233311,0.2926490984743412,Low,f_struct_stores_per_region,-0.25262,f_trd_store_growth_mean,0.17595,f_ind_contract_end_pct,0.13613
BRD_20110100125,2024,커피스미스,외식,기타 외식,29.0,0.06779952972566351,0.2878889372684386,0.2919556171983356,Low,f_struct_stores_per_region,0.45548,f_trd_store_growth_std,-0.29642,f_struct_top_region_share,-0.14964
BRD_20110100278,2024,교동전선생,외식,한식,29.0,0.06779952279085075,0.2869526498588005,0.2912621359223301,Low,f_trd_store_growth_std,-0.24495,f_struct_stores_per_region,0.16009,f_trd_sales_per_area_mean,0.10772
BRD_20140694,2024,정정아식당,외식,기타 외식,25.0,0.067799515856038,0.28676578335313596,0.29056865464632453,Low,f_ind_contract_end_pct,-0.22129,f_struct_region_hhi,-0.17374,f_struct_stores_per_region,0.15517
NAME:손큰할매순대국@외식,2024,손큰할매순대국,외식,한식,50.0,0.06779950892122523,0.2861656718757197,0.289875173370319,Low,f_ind_contract_end_pct,-0.30191,f_struct_stores_per_region,0.22105,f_trd_sales_growth_std,0.12996
BRD_20161227,2024,굿맘할매순대국&양선지해장국,외식,한식,35.0,0.06779950198641246,0.2856690873244606,0.28918169209431344,Low,f_struct_stores_per_region,-0.18079,f_trd_sales_per_area_mean,0.16139,f_chg_store_growth,0.13885
BRD_20150522,2024,리김밥,외식,분식,28.0,0.06779949505159971,0.28544024786289884,0.2884882108183079,Low,f_ind_contract_end_pct,-0.29159,f_struct_stores_per_region,0.15064,f_trd_sales_per_area_mean,0.14083
BRD_20220867,2024,김치찜은못참지,외식,한식,82.0,0.06779948811678695,0.28507295801509636,0.28779472954230234,Low,f_ind_contract_end_pct,-0.24984,f_trd_store_growth_std,0.13127,f_lvl_emp_cnt_log,0.10943
BRD_20190860,2024,밀포유,외식,기타 외식,1.0,0.0677994811819742,0.28424552966173755,0.2871012482662968,Low,f_lvl_biz_age,-0.4799,f_struct_stores_per_region,0.33246,f_struct_region_hhi,-0.10824
BRD_20140188,2024,그린브라우니(green brownie),외식,제과제빵,21.0,0.06779947424716143,0.2840374424428821,0.28640776699029125,Low,f_trd_store_growth_std,-0.1764,f_lvl_avg_sales_log,0.12993,f_struct_stores_per_region,0.12591
BRD_20080300010,2024,목촌사골돼지국밥,외식,한식,27.0,0.06779946731234866,0.2839407838873005,0.2857142857142857,Low,f_struct_region_hhi,-0.14138,f_trd_sales_per_area_mean,0.13688,f_lvl_avg_sales_log,-0.09321
BRD_20211506,2024,팔팔포장마차,외식,주점,95.0,0.06779946037753591,0.2833232638213732,0.28502080443828015,Low,f_trd_sales_per_area_mean,0.12766,f_trd_sales_per_area_std,-0.12422,f_lvl_n_stores,-0.11734
BRD_20210148,2024,잭슨피자,외식,피자,42.0,0.06779945344272315,0.2829668081892929,0.2843273231622746,Low,f_ind_contract_end_pct,-0.21491,f_struct_stores_per_region,0.20454,f_struct_region_hhi,-0.18042
BRD_20211891,2024,PC토랑,외식,패스트푸드,676.0,0.0677994465079104,0.28270786907321577,0.28363384188626906,Low,f_struct_stores_per_region,-0.43052,f_ind_contract_end_pct,-0.15489,f_trd_store_growth_mean,0.1387
BRD_20200136,2024,상무초밥,외식,일식,50.0,0.06779943957309763,0.28265499601291916,0.2829403606102635,Low,f_struct_stores_per_region,0.36053,f_trd_sales_per_area_std,-0.12523,f_trd_store_growth_std,0.12481
BRD_20080200283,2024,1인자감자탕,외식,한식,33.0,0.06779943263828486,0.2804395585101064,0.28224687933425796,Low,f_trd_store_growth_std,-0.20391,f_trd_sales_per_area_mean,0.19244,f_ind_contract_end_pct,-0.16426
BRD_20080100717,2024,버무리떡볶이,외식,분식,57.0,0.06779942570347211,0.2799560568835718,0.2815533980582524,Low,f_struct_stores_per_region,0.18532,f_trd_sales_per_area_std,-0.10562,f_trd_store_growth_std,0.09246
BRD_20140422,2024,홍익궁중전통육개장,외식,한식,33.0,0.06779941876865934,0.2798828191954122,0.28085991678224687,Low,f_struct_stores_per_region,0.45089,f_trd_store_growth_std,-0.26111,f_lvl_emp_cnt_log,0.10595
BRD_20080400023,2024,임실치즈피자,외식,피자,18.0,0.06779941183384659,0.27972846442031174,0.2801664355062413,Low,f_lvl_biz_age,-0.44797,f_struct_stores_per_region,0.36081,f_ind_contract_end_pct,-0.23005
BRD_20080100317,2024,준코노래타운,외식,주점,60.0,0.06779940489903383,0.27948476331920946,0.27947295423023577,Low,f_lvl_biz_age,-0.37058,f_trd_store_growth_std,0.1378,f_trd_sales_growth_std,0.13034
BRD_20201243,2024,피자는 치즈빨,외식,피자,55.0,0.06779939796422106,0.2788236238481932,0.2787794729542302,Low,f_struct_stores_per_region,0.33857,f_trd_sales_per_area_std,-0.12424,f_lvl_avg_sales_log,-0.09657
BRD_20230159,2024,카페프리헷,외식,커피,151.0,0.06779939102940831,0.27843981702344656,0.2780859916782247,Low,f_lvl_avg_sales_log,0.29656,f_ind_contract_end_pct,-0.2039,f_struct_stores_per_region,-0.151
BRD_20212229,2024,삼동소바,외식,일식,78.0,0.06779938409459554,0.2770912591178504,0.27739251040221913,Low,f_trd_store_growth_std,0.1243,f_ind_contract_end_pct,-0.11367,f_chg_sales_growth,0.09019
BRD_20200798,2024,명가통닭,외식,치킨,87.0,0.06779937715978279,0.2770028109989585,0.2766990291262136,Low,f_struct_region_hhi,-0.19352,f_trd_sales_per_area_mean,0.17061,f_struct_stores_per_region,-0.15889
BRD_20210570,2024,모리커피,외식,커피,81.0,0.06779937022497003,0.27691164800337736,0.27600554785020803,Low,f_ind_contract_end_pct,-0.22229,f_struct_stores_per_region,0.16832,f_trd_store_growth_std,0.11044
BRD_20130482,2024,한가네숯불닭갈비,외식,한식,35.0,0.06779936329015726,0.27684179220796523,0.2753120665742025,Low,f_struct_region_hhi,-0.18176,f_chg_store_growth,0.17083,f_trd_store_growth_mean,0.12089
BRD_20100100554,2024,돈까스클럽,외식,서양식,28.0,0.06779935635534451,0.2767901902816069,0.27461858529819694,Low,f_struct_stores_per_region,0.25401,f_trd_store_growth_std,-0.20886,f_trd_sales_per_area_mean,0.14495
BRD_20140647,2024,두거리우신탕,외식,한식,30.0,0.06779934942053174,0.2767552633079849,0.2739251040221914,Low,f_struct_stores_per_region,0.42207,f_trd_store_growth_std,-0.3144,f_ind_contract_end_pct,-0.29017
BRD_20171222,2024,보승회관,외식,한식,34.0,0.06779934248571899,0.2761583513984801,0.27323162274618584,Low,f_ind_contract_end_pct,-0.20015,f_struct_stores_per_region,0.12961,f_struct_region_hhi,-0.10793
BRD_20191188,2024,오븐에 빠진 막창,외식,한식,56.0,0.06779933555090623,0.27527656791571403,0.2725381414701803,Low,f_trd_store_growth_std,-0.22959,f_lvl_avg_sales_log,0.19534,f_struct_stores_per_region,0.15837
BRD_20230433,2024,갓잇,외식,기타 외식,30.0,0.06779932861609347,0.274964092250745,0.27184466019417475,Low,f_struct_region_hhi,-0.23235,f_struct_stores_per_region,0.13381,f_trd_store_growth_mean,0.11935
BRD_20190545,2024,호맥,외식,주점,128.0,0.06779932168128071,0.2745496094558846,0.2711511789181692,Low,f_ind_contract_end_pct,-0.20853,f_lvl_emp_cnt_log,0.14922,f_trd_sales_per_area_mean,-0.13121
BRD_20212010,2024,복호두,외식,제과제빵,131.0,0.06779931474646794,0.2726113437959338,0.27045769764216365,Low,f_ind_contract_end_pct,-0.21823,f_trd_sales_per_area_mean,0.16562,f_trd_store_growth_std,0.12836
BRD_20140752,2024,대구우야지막창,외식,기타 외식,20.0,0.06779930781165519,0.2722772135739896,0.2697642163661581,Low,f_struct_region_hhi_chg,-0.15754,f_trd_sales_per_area_mean,0.14182,f_trd_store_growth_std,-0.13658
BRD_20171304,2024,현풍닭칼국수,외식,한식,74.0,0.06779930087684242,0.27210504905025906,0.26907073509015256,Low,f_trd_store_growth_std,-0.29375,f_chg_sales_growth,0.15031,f_trd_sales_per_area_mean,0.10994
BRD_20190930,2024,사이공본가,외식,기타 외국식,38.0,0.06779929394202967,0.27207215605414636,0.268377253814147,Low,f_struct_region_hhi,-0.1911,f_trd_sales_growth_std,0.13733,f_lvl_emp_cnt_log,0.10152
BRD_20080200049,2024,사바사바치킨&비어,외식,치킨,4.0,0.06779928700721691,0.27153138154079315,0.26768377253814146,Low,f_struct_stores_per_region,0.41568,f_lvl_biz_age,-0.39651,f_trd_store_growth_mean,0.23387
BRD_20190477,2024,후라토식당,외식,일식,31.0,0.06779928007240414,0.2710895130358248,0.2669902912621359,Low,f_struct_stores_per_region,0.37699,f_ind_contract_end_pct,-0.22919,f_lvl_emp_cnt_log,-0.14313
BRD_20120500057,2024,정가대박집,외식,한식,25.0,0.06779927313759139,0.27088240904965344,0.26629680998613037,Low,f_struct_stores_per_region,0.17399,f_struct_region_hhi,-0.1542,f_struct_region_hhi_chg,-0.14702
BRD_20230189,2024,꽈배기진,외식,제과제빵,30.0,0.06779926620277862,0.2707367033341617,0.2656033287101248,Low,f_struct_region_hhi,-0.16727,f_struct_region_hhi_chg,-0.13887,f_ind_contract_end_pct,-0.09263
BRD_20130100381,2024,알통떡강정,외식,치킨,123.0,0.06779925926796587,0.27037271129682655,0.26490984743411927,Low,f_lvl_avg_sales_log,0.32446,f_trd_store_growth_std,-0.18465,f_trd_sales_per_area_mean,-0.11428
BRD_20171499,2024,양계장집아들,외식,치킨,41.0,0.0677992523331531,0.27021896499163955,0.2642163661581137,Low,f_struct_region_hhi,-0.21564,f_chg_sales_growth,0.15031,f_struct_stores_per_region,-0.12468
BRD_20080200050,2024,참이맛감자탕,외식,한식,72.0,0.06779924539834034,0.26992837035807604,0.2635228848821082,Low,f_struct_stores_per_region,0.19176,f_trd_store_growth_std,0.11459,f_trd_sales_per_area_mean,-0.08672
BRD_20170922,2024,풍국면,외식,기타 외식,43.0,0.06779923846352759,0.2696118754541065,0.26282940360610263,Low,f_struct_stores_per_region,0.3404,f_trd_sales_per_area_std,-0.12522,f_trd_store_growth_std,0.11976
BRD_20200774,2024,다가치통닭,외식,치킨,37.0,0.06779923152871482,0.2692679199432263,0.2621359223300971,Low,f_struct_region_hhi,-0.19233,f_lvl_avg_sales_log,0.15879,f_struct_stores_per_region,-0.13026
BRD_20110100502,2024,돈가네김치찌개,외식,한식,39.0,0.06779922459390207,0.2692113085118402,0.26144244105409153,Low,f_struct_region_hhi,-0.149,f_struct_region_hhi_chg,-0.13986,f_chg_store_growth,0.1126
BRD_20151202,2024,THE LITER (더리터),외식,커피,416.0,0.0677992176590893,0.2686220042301726,0.260748959778086,Low,f_struct_stores_per_region,-0.34071,f_trd_sales_growth_std,0.14269,f_lvl_avg_sales_log,0.13611
BRD_20230142,2024,샹츠마라,외식,중식,35.0,0.06779921072427654,0.2686138322593073,0.26005547850208044,Low,f_struct_region_hhi,-0.23104,f_ind_contract_end_pct,-0.20981,f_struct_stores_per_region,0.15678
BRD_20090100597,2024,만복집,외식,기타 외식,85.0,0.06779920378946379,0.2680903056104795,0.2593619972260749,Low,f_ind_contract_end_pct,-0.28041,f_trd_store_growth_std,0.12302,f_trd_sales_per_area_mean,0.12291
BRD_20090100366,2024,돈통마늘보쌈,외식,기타 외식,47.0,0.06779919685465102,0.26808462343369677,0.25866851595006934,Low,f_struct_stores_per_region,0.16186,f_struct_region_hhi,-0.1436,f_trd_store_growth_std,0.10111
BRD_20180711,2024,비스트로피자,외식,패스트푸드,68.0,0.06779918991983827,0.2677730653771293,0.2579750346740638,Low,f_struct_stores_per_region,0.30595,f_struct_top_region_share,-0.13938,f_trd_sales_per_area_std,-0.08532
BRD_20150062,2024,매스커피,외식,음료 (커피 외),37.0,0.0677991829850255,0.26768930142905234,0.25728155339805825,Low,f_ind_contract_end_pct,-0.30625,f_trd_sales_per_area_mean,0.16634,f_trd_sales_per_area_std,0.13159
BRD_20190694,2024,순대실록,외식,한식,39.0,0.06779917605021274,0.2674399842362152,0.2565880721220527,Low,f_ind_contract_end_pct,-0.26947,f_struct_region_hhi,-0.19086,f_struct_stores_per_region,0.14303
BRD_20110100362,2024,지지고(GGGO),외식,분식,65.0,0.06779916911539999,0.26728655473290397,0.25589459084604715,Low,f_ind_contract_end_pct,-0.24946,f_struct_stores_per_region,0.18875,f_lvl_avg_sales_log,0.17958
BRD_20210041,2024,아덴블랑제리,외식,커피,48.0,0.06779916218058722,0.2669856333099679,0.2552011095700416,Low,f_struct_stores_per_region,0.22811,f_struct_region_hhi,-0.22514,f_chg_sales_per_area_growth,0.10048
BRD_20181029,2024,빅쭌부대찌개,외식,기타 외식,33.0,0.06779915524577447,0.26656414409471196,0.25450762829403606,Low,f_struct_stores_per_region,0.29401,f_ind_contract_end_pct,-0.2364,f_trd_sales_per_area_std,-0.1264
BRD_20160195,2024,내가찜한닭,외식,한식,24.0,0.0677991483109617,0.26546626938055384,0.2538141470180305,Low,f_ind_contract_end_pct,-0.27365,f_trd_store_growth_std,-0.245,f_lvl_avg_sales_log,0.20642
BRD_20213816,2024,완미족발,외식,한식,150.0,0.06779914137614894,0.2652843999531777,0.25312066574202496,Low,f_ind_contract_end_pct,-0.22548,f_trd_sales_growth_mean,0.15997,f_chg_sales_growth,0.11815
BRD_20120100412,2024,빨라쪼 델 프레도,외식,아이스크림/빙수,15.0,0.06779913444133619,0.26528229842134154,0.2524271844660194,Low,f_lvl_biz_age,-0.46315,f_struct_stores_per_region,0.38141,f_struct_top_region_share,-0.14555
BRD_20211014,2024,도야짬뽕,외식,중식,80.0,0.06779912750652342,0.26508381461594704,0.25173370319001387,Low,f_ind_contract_end_pct,-0.26893,f_struct_stores_per_region,0.2143,f_lvl_emp_cnt_log,0.11188
BRD_20130184,2024,쿠우쿠우,외식,일식,89.0,0.06779912057171067,0.26504139898436674,0.2510402219140083,Low,f_ind_contract_end_pct,-0.27587,f_trd_store_growth_std,0.16694,f_lvl_emp_cnt_log,-0.15479
BRD_20160713,2024,79대포,외식,주점,126.0,0.0677991136368979,0.26492877977188295,0.2503467406380028,Low,f_trd_store_growth_std,0.1299,f_lvl_n_stores,-0.12192,f_trd_sales_per_area_mean,0.11024
BRD_20090100471,2024,치킨주막,외식,치킨,21.0,0.06779910670208515,0.2642470438354534,0.24965325936199723,Low,f_struct_stores_per_region,-0.3163,f_struct_region_hhi,-0.15402,f_lvl_avg_sales_log,0.12029
BRD_20214429,2024,NiceCaffeinClub(NCC),외식,커피,36.0,0.06779909976727239,0.26339968354467874,0.24895977808599168,Low,f_struct_region_hhi,-0.21844,f_ind_contract_end_pct,-0.18278,f_struct_stores_per_region,0.17055
BRD_20220525,2024,동래정 백탄직화,외식,한식,54.0,0.06779909283245962,0.2630915591247987,0.24826629680998613,Low,f_ind_contract_end_pct,-0.26394,f_struct_stores_per_region,0.19416,f_trd_store_growth_std,0.1072
BRD_20080200060,2024,용추골순대미궁,외식,한식,43.0,0.06779908589764687,0.2627962771481147,0.24757281553398058,Low,f_lvl_avg_sales_log,0.28479,f_trd_store_growth_std,-0.22834,f_struct_stores_per_region,0.1741
BRD_20090100067,2024,야들리애,외식,치킨,31.0,0.0677990789628341,0.26259018320908706,0.24687933425797504,Low,f_ind_contract_end_pct,-0.29144,f_trd_sales_per_area_mean,0.14091,f_struct_region_hhi,-0.12757
BRD_201001002121,2024,대구반야월막창,외식,기타 외식,95.0,0.06779907202802135,0.2616627862096446,0.2461858529819695,Low,f_struct_top_region_share,-0.13919,f_struct_stores_per_region,0.13582,f_trd_store_growth_std,0.1261
BRD_20080100034,2024,오븐에빠진닭,외식,치킨,55.0,0.06779906509320859,0.26148446363447825,0.24549237170596394,Low,f_trd_store_growth_std,-0.33484,f_trd_sales_per_area_mean,0.13264,f_lvl_avg_sales_log,-0.12647
BRD_20160811,2024,베러먼데이,외식,커피,136.0,0.06779905815839582,0.26141561888907194,0.2447988904299584,Low,f_lvl_avg_sales_log,0.36716,f_ind_contract_end_pct,-0.15124,f_trd_store_growth_std,0.11535
NAME:첨단돌솥감자탕@외식,2024,첨단돌솥감자탕,외식,한식,30.0,0.06779905122358307,0.260753976962166,0.24410540915395285,Low,f_struct_stores_per_region,0.30455,f_ind_contract_end_pct,-0.26462,f_trd_store_growth_std,0.13114
BRD_20231207,2024,카페인24,외식,커피,68.0,0.0677990442887703,0.26047898459874247,0.2434119278779473,Low,f_lvl_avg_sales_log,0.28247,f_ind_contract_end_pct,-0.26602,f_struct_region_hhi,-0.20747
BRD_20220301,2024,마케집,외식,일식,29.0,0.06779903735395755,0.2603895447112173,0.24271844660194175,Low,f_struct_stores_per_region,0.18725,f_struct_region_hhi,-0.17191,f_trd_sales_per_area_std,-0.12102
BRD_20151153,2024,송촌꼬마김밥,외식,한식,36.0,0.06779903041914478,0.2592420775966417,0.2420249653259362,Low,f_lvl_avg_sales_log,0.3269,f_ind_contract_end_pct,-0.25048,f_trd_store_growth_std,-0.21434
BRD_20080500036,2024,가르텐호프앤레스트,외식,주점,28.0,0.06779902348433202,0.25922747884605846,0.24133148404993066,Low,f_ind_contract_end_pct,-0.27702,f_trd_store_growth_std,-0.27406,f_struct_stores_per_region,0.11284
BRD_20080100101,2024,코바코,외식,기타 외식,129.0,0.06779901654951927,0.25796066396336975,0.2406380027739251,Low,f_lvl_biz_age,-0.40933,f_lvl_avg_sales_log,0.17652,f_ind_contract_end_pct,-0.16099
BRD_20080200075,2024,명동칼국수샤브샤브,외식,한식,35.0,0.0677990096147065,0.25792690707233923,0.23994452149791956,Low,f_struct_stores_per_region,0.16438,f_trd_store_growth_std,0.10752,f_struct_region_hhi,-0.09951
BRD_20141134,2024,라무진,외식,기타 외식,123.0,0.06779900267989375,0.25754685775523595,0.239251040221914,Low,f_ind_contract_end_pct,-0.27962,f_struct_stores_per_region,-0.22918,f_chg_store_growth,0.14769
BRD_20220015,2024,토리아에즈,외식,일식,45.0,0.06779899574508098,0.25746952384689115,0.23855755894590847,Low,f_ind_contract_end_pct,-0.2329,f_struct_stores_per_region,0.21316,f_struct_region_hhi,-0.16505
BRD_20150624,2024,콩심,외식,기타 외식,79.0,0.06779898881026822,0.2571529295191204,0.23786407766990292,Low,f_trd_store_growth_std,-0.32017,f_trd_sales_per_area_mean,0.12165,f_lvl_avg_sales_log,-0.0978
BRD_20161030,2024,노군꼬치,외식,기타 외식,99.0,0.06779898187545547,0.2545831095964007,0.23717059639389737,Low,f_ind_contract_end_pct,-0.29397,f_struct_stores_per_region,0.19571,f_struct_top_region_share,-0.17265
BRD_20171164,2024,종로계림닭도리탕원조,외식,기타 외식,39.0,0.0677989749406427,0.2536825864072851,0.23647711511789182,Low,f_trd_sales_per_area_mean,0.17022,f_struct_region_hhi,-0.1534,f_trd_store_growth_std,0.09656
BRD_20080500053,2024,노걸대,외식,한식,50.0,0.06779896800582995,0.2536605259869559,0.23578363384188628,Low,f_struct_region_hhi,-0.19352,f_trd_sales_growth_mean,0.19065,f_trd_sales_per_area_mean,0.17187
BRD_20080200002,2024,두리아,외식,치킨,23.0,0.06779896107101718,0.25346399254658525,0.23509015256588073,Low,f_lvl_biz_age,-0.44924,f_struct_stores_per_region,0.21185,f_lvl_avg_sales_log,0.2079
BRD_20211162,2024,향리원 마라탕,외식,중식,33.0,0.06779895413620442,0.2532407052678835,0.23439667128987518,Low,f_struct_stores_per_region,0.19078,f_struct_region_hhi,-0.17055,f_struct_region_hhi_chg,-0.10582
BRD_20080600017,2024,계동치킨,외식,치킨,70.0,0.06779894720139167,0.25295016135354165,0.23370319001386963,Low,f_trd_store_growth_std,-0.29505,f_ind_contract_end_pct,-0.21431,f_chg_sales_growth,0.15205
BRD_20130100263,2024,구이구이쪽갈비,외식,한식,39.0,0.0677989402665789,0.2522922863842901,0.23300970873786409,Low,f_struct_stores_per_region,-0.14758,f_trd_sales_per_area_mean,0.14422,f_struct_region_hhi,-0.11218
BRD_20140218,2024,계림원누릉지통닭구이,외식,치킨,49.0,0.06779893333176615,0.25209787319288895,0.23231622746185854,Low,f_trd_store_growth_std,-0.24201,f_struct_region_hhi_chg,-0.16725,f_struct_stores_per_region,0.12003
BRD_20190591,2024,오슬로우(OHSLOW),외식,커피,31.0,0.0490623348689967,0.2514218126706396,0.231622746185853,Low,f_lvl_avg_sales_log,0.23687,f_trd_store_growth_std,-0.18599,f_struct_stores_per_region,0.16115
BRD_20120100533,2024,가장맛있는족발,외식,한식,384.0,0.03333564262598243,0.25114589827669115,0.23092926490984744,Low,f_struct_stores_per_region,-0.31864,f_ind_contract_end_pct,-0.23683,f_trd_store_growth_mean,0.10941
BRD_20201098,2024,내조국국밥,외식,한식,37.0,0.03333563569116967,0.2507779791150694,0.2302357836338419,Low,f_ind_contract_end_pct,-0.26703,f_struct_stores_per_region,0.23753,f_trd_store_growth_std,-0.15238
BRD_20214794,2024,미미관마라탕,외식,중식,40.0,0.033335628756356914,0.24966308766865644,0.22954230235783635,Low,f_trd_store_growth_std,0.11607,f_lvl_emp_cnt_log,-0.10878,f_trd_sales_per_area_mean,0.10721
BRD_20080100048,2024,놀부부대찌개,외식,한식,156.0,0.03333562182154415,0.24912288178343858,0.2288488210818308,Low,f_ind_contract_end_pct,0.58191,f_lvl_biz_age,-0.43629,f_struct_stores_per_region,-0.13747
BRD_20170565,2024,우거지품은순대국,외식,한식,13.0,0.03333561488673139,0.24892482776492292,0.22815533980582525,Low,f_ind_contract_end_pct,-0.29829,f_trd_store_growth_std,-0.19461,f_struct_stores_per_region,0.19346
BRD_20200279,2024,삼환축산,외식,한식,30.0,0.03333560795191863,0.2485187013506617,0.2274618585298197,Low,f_ind_contract_end_pct,-0.27806,f_struct_stores_per_region,0.22872,f_struct_region_hhi,-0.13173
BRD_20080200287,2024,브레댄코(bread&amp;co.DAILY-NEW),외식,제과제빵,58.0,0.03333560101710587,0.24803288346607547,0.22676837725381416,Low,f_struct_stores_per_region,0.21468,f_lvl_emp_cnt_log,-0.16517,f_trd_store_growth_std,0.10767
BRD_20150930,2024,바른치킨,외식,치킨,185.0,0.03333559408229311,0.24793306071481253,0.2260748959778086,Low,f_lvl_emp_cnt_log,-0.14195,f_chg_store_growth,0.13967,f_struct_stores_per_region,-0.12427
BRD_20080600001,2024,신떡,외식,분식,21.0,0.033335587147480354,0.24663346222997934,0.22538141470180306,Low,f_struct_stores_per_region,0.44071,f_lvl_biz_age,-0.42308,f_ind_contract_end_pct,-0.19474
BRD_20090100355,2024,아이러브피자,외식,피자,23.0,0.03333558021266759,0.24565280244756188,0.22468793342579751,Low,f_ind_contract_end_pct,-0.31816,f_lvl_avg_sales_log,0.16422,f_struct_region_hhi,-0.12184
BRD_20090100165,2024,홍짜장,외식,중식,58.0,0.03333557327785483,0.2444321933269741,0.22399445214979197,Low,f_struct_region_hhi,-0.12941,f_trd_sales_per_area_mean,-0.10088,f_trd_store_growth_std,0.10056
BRD_20214050,2024,김종구식맛치킨ㆍ 전기바베큐 옛날통닭,외식,치킨,121.0,0.03333556634304207,0.24270093638412701,0.22330097087378642,Low,f_lvl_emp_cnt_log,-0.16561,f_struct_stores_per_region,-0.15083,f_trd_sales_per_area_mean,0.12528
BRD_20120100604,2024,코코호도,외식,제과제빵,167.0,0.03333555940822931,0.24264759001578795,0.22260748959778087,Low,f_struct_stores_per_region,-0.15511,f_trd_sales_growth_std,0.14511,f_trd_sales_per_area_mean,-0.10877
BRD_20141157,2024,아이벗 치킨,외식,치킨,28.0,0.03333555247341655,0.2420781946025021,0.22191400832177532,Low,f_ind_contract_end_pct,-0.28164,f_struct_stores_per_region,0.25281,f_trd_store_growth_std,-0.22446
BRD_20220568,2024,테라커피(TERA COFFEE),외식,커피,58.0,0.03333554553860379,0.24195579415706314,0.22122052704576978,Low,f_trd_store_growth_std,-0.16188,f_struct_stores_per_region,-0.13362,f_struct_region_hhi,-0.12511
BRD_20080100052,2024,치킨마루,외식,치킨,152.0,0.03333553860379103,0.24185486215118607,0.22052704576976423,Low,f_lvl_emp_cnt_log,-0.16752,f_trd_store_growth_std,-0.15917,f_chg_store_growth,0.12704
BRD_20171226,2024,최고당돈가스,외식,기타 외식,137.0,0.03333553166897827,0.24106904621444944,0.21983356449375868,Low,f_struct_stores_per_region,-0.15216,f_chg_store_growth,0.13232,f_trd_store_growth_std,0.10255
BRD_20140203,2024,아마스빈코리아,외식,음료 (커피 외),60.0,0.03333552473416551,0.24083325138034334,0.21914008321775313,Low,f_struct_stores_per_region,-0.15168,f_chg_store_growth,0.1296,f_trd_sales_per_area_std,-0.11515
BRD_20090100499,2024,미정국수0410,외식,분식,17.0,0.03333551779935275,0.2406597213946633,0.21844660194174756,Low,f_ind_contract_end_pct,-0.29107,f_trd_store_growth_mean,0.22656,f_struct_stores_per_region,0.17795
BRD_20200632,2024,유미카츠,외식,일식,67.0,0.03333551086453999,0.23934278673737372,0.217753120665742,Low,f_struct_stores_per_region,0.16189,f_trd_store_growth_std,0.12043,f_struct_region_hhi_chg,-0.11675
BRD_20080300031,2024,가얏골감자탕,외식,한식,33.0,0.03333550392972723,0.23900282858029,0.21705963938973646,Low,f_ind_contract_end_pct,-0.23255,f_trd_sales_per_area_mean,0.1713,f_struct_region_hhi,-0.12914
BRD_20141003,2024,장수본가해장국,외식,한식,30.0,0.03333549699491447,0.238559660473898,0.21636615811373092,Low,f_struct_stores_per_region,-0.19003,f_trd_sales_per_area_mean,0.16133,f_struct_region_hhi,-0.12756
BRD_20080500012,2024,5.5닭갈비,외식,한식,53.0,0.03333549006010171,0.2382182171822883,0.21567267683772537,Low,f_lvl_avg_sales_log,0.28436,f_trd_store_growth_std,-0.22338,f_struct_stores_per_region,0.20146
BRD_20180661,2024,한상차림코다리명가,외식,한식,33.0,0.03333548312528895,0.23802377368074615,0.21497919556171982,Low,f_ind_contract_end_pct,-0.17429,f_trd_sales_per_area_mean,0.16948,f_lvl_emp_cnt_log,0.14398
BRD_20130261,2024,김영희강남동태찜,외식,한식,35.0,0.03333547619047619,0.2367951227821391,0.21428571428571427,Low,f_struct_stores_per_region,0.46169,f_trd_store_growth_std,-0.32284,f_lvl_avg_sales_log,-0.10429
BRD_20150098,2024,곤지암할매소머리국밥,외식,한식,194.0,0.03333546925566343,0.23583959084045342,0.21359223300970873,Low,f_struct_stores_per_region,-0.31032,f_trd_sales_per_area_mean,-0.11519,f_trd_sales_growth_std,0.0957
BRD_20213078,2024,육칠이,외식,한식,117.0,0.03333546232085067,0.23580847325450924,0.21289875173370318,Low,f_ind_contract_end_pct,-0.28732,f_lvl_emp_cnt_log,0.12619,f_trd_store_growth_std,0.10937
BRD_20190770,2024,지랄닭발,외식,치킨,32.0,0.03333545538603791,0.2355417361042378,0.21220527045769763,Low,f_struct_region_hhi,-0.13878,f_trd_sales_per_area_mean,-0.12547,f_trd_store_growth_std,0.10646
BRD_20220226,2024,PLUS 82(플러스 82),외식,커피,146.0,0.03333544845122515,0.2353952132608482,0.21151178918169208,Low,f_struct_stores_per_region,-0.19092,f_trd_store_growth_std,0.10039,f_lvl_emp_cnt_log,-0.09559
BRD_20180413,2024,추닭집,외식,치킨,40.0,0.03333544151641239,0.23532757086212167,0.21081830790568654,Low,f_ind_contract_end_pct,-0.19544,f_struct_stores_per_region,0.18429,f_struct_region_hhi_chg,-0.11609
BRD_20120100694,2024,육대장,외식,기타 외식,139.0,0.03333543458159963,0.2342753787965418,0.210124826629681,Low,f_ind_contract_end_pct,-0.1937,f_struct_stores_per_region,-0.17393,f_trd_store_growth_mean,0.12882
BRD_20171254,2024,명륜진사갈비,외식,한식,606.0,0.03333542764678687,0.23301131627900207,0.20943134535367544,Low,f_struct_stores_per_region,-0.30202,f_trd_sales_growth_std,0.28513,f_ind_contract_end_pct,-0.2475
BRD_20120100629,2024,봉이치킨,외식,치킨,50.0,0.03333542071197411,0.23269161940948732,0.2087378640776699,Low,f_ind_contract_end_pct,-0.22748,f_lvl_avg_sales_log,0.22421,f_struct_region_hhi,-0.18188
BRD_20170519,2024,국제통닭,외식,치킨,56.0,0.03333541377716135,0.23234556626031724,0.20804438280166435,Low,f_trd_store_growth_std,-0.30897,f_struct_stores_per_region,0.182,f_lvl_emp_cnt_log,0.12085
BRD_20110100577,2024,얌샘,외식,분식,7.0,0.03333540684234859,0.23170538091749174,0.2073509015256588,Low,f_struct_stores_per_region,0.46402,f_trd_store_growth_std,-0.24502,f_lvl_emp_cnt_log,-0.10527
BRD_20150404,2024,에슬로우커피 (ESLOW COFFEE),외식,커피,25.0,0.033335399907535826,0.2306321723426893,0.20665742024965325,Low,f_struct_stores_per_region,-0.25929,f_trd_sales_per_area_mean,-0.12475,f_struct_top_region_share,0.12173
BRD_20170511,2024,오마뎅,외식,분식,81.0,0.03333539297272307,0.2290819423705797,0.2059639389736477,Low,f_lvl_avg_sales_log,0.1926,f_struct_region_hhi,-0.14349,f_struct_stores_per_region,-0.12228
BRD_20201402,2024,강다짐,외식,분식,80.0,0.03333538603791031,0.2280779622166177,0.20527045769764216,Low,f_struct_stores_per_region,0.21296,f_ind_contract_end_pct,-0.19952,f_lvl_emp_cnt_log,-0.17872
BRD_20160628,2024,메가엠지씨커피(MEGA MGC COFFEE),외식,커피,3325.0,0.03333537910309755,0.2280231379182163,0.2045769764216366,Low,f_struct_stores_per_region,-0.31187,f_ind_contract_end_pct,-0.17633,f_lvl_emp_cnt_log,-0.16405
BRD_20150724,2024,오부장치킨,외식,치킨,29.0,0.03333537216828479,0.22708012089327514,0.20388349514563106,Low,f_ind_contract_end_pct,-0.30497,f_trd_store_growth_std,-0.22059,f_struct_stores_per_region,0.1635
BRD_20190603,2024,한뚝수육국밥,외식,한식,22.0,0.03333536523347203,0.2258691669063813,0.2031900138696255,Low,f_trd_store_growth_std,-0.31103,f_struct_stores_per_region,0.19549,f_lvl_biz_age,0.09269
BRD_20170520,2024,에이바우트커피,외식,커피,53.0,0.033335358298659266,0.22568756047706715,0.20249653259361997,Low,f_lvl_emp_cnt_log,-0.13099,f_trd_store_growth_std,-0.11909,f_lvl_avg_sales_log,-0.10396
BRD_20120100362,2024,북촌손만두,외식,기타 외식,142.0,0.03333535136384651,0.22546767634832304,0.20180305131761442,Low,f_lvl_emp_cnt_log,-0.20526,f_chg_store_growth,0.13955,f_struct_stores_per_region,-0.12422
BRD_20211548,2024,짬뽕관,외식,중식,62.0,0.03333534442903375,0.22534350931000185,0.20110957004160887,Low,f_ind_contract_end_pct,-0.29946,f_struct_stores_per_region,0.19052,f_trd_sales_per_area_std,-0.12218
BRD_20080100259,2024,돈치킨,외식,치킨,140.0,0.03333533749422099,0.2253141660913704,0.20041608876560332,Low,f_trd_store_growth_std,-0.23166,f_struct_top_region_share,-0.17387,f_lvl_emp_cnt_log,-0.15148
BRD_20120100525,2024,호치킨,외식,치킨,112.0,0.03333533055940823,0.2234520182753936,0.19972260748959778,Low,f_ind_contract_end_pct,0.71249,f_struct_stores_per_region,-0.49942,f_trd_store_growth_std,-0.11273
BRD_20130155,2024,이화수전통육개장,외식,한식,157.0,0.033335323624595466,0.2230442977412946,0.19902912621359223,Low,f_ind_contract_end_pct,-0.26762,f_struct_stores_per_region,-0.16556,f_trd_store_growth_mean,0.10941
BRD_20181008,2024,김복남맥주,외식,주점,253.0,0.03333531668978271,0.2228094404298456,0.19833564493758668,Low,f_struct_stores_per_region,-0.34647,f_ind_contract_end_pct,-0.21264,f_trd_sales_growth_std,0.20116
BRD_20080500005,2024,장충동왕족발보쌈,외식,한식,78.0,0.03333530975496995,0.22265702635549356,0.19764216366158113,Low,f_lvl_biz_age,-0.424,f_trd_store_growth_std,-0.25026,f_lvl_avg_sales_log,0.1887
BRD_20140747,2024,빅스타피자(Bigstar Pizza),외식,피자,114.0,0.03333530282015719,0.22250884856323971,0.19694868238557559,Low,f_trd_store_growth_std,-0.27516,f_lvl_n_stores,-0.0914,f_chg_sales_per_area_growth,0.08151
BRD_20080200073,2024,불로만치킨바베큐,외식,치킨,111.0,0.03333529588534443,0.22194081663542822,0.19625520110957004,Low,f_lvl_biz_age,-0.42522,f_struct_stores_per_region,-0.14129,f_ind_contract_end_pct,-0.12237
BRD_20110300071,2024,더만족,외식,한식,20.0,0.03333528895053167,0.2217317974252455,0.1955617198335645,Low,f_struct_stores_per_region,0.32302,f_ind_contract_end_pct,-0.31267,f_trd_store_growth_std,0.12867
BRD_20130399,2024,올리앤(Ollien),외식,서양식,31.0,0.033335282015718906,0.22029457598249413,0.19486823855755894,Low,f_trd_store_growth_std,-0.27735,f_struct_stores_per_region,0.25246,f_ind_contract_end_pct,-0.23306
BRD_20140058,2024,바르다김선생,외식,분식,104.0,0.03333527508090615,0.21953076106429767,0.1941747572815534,Low,f_trd_sales_per_area_std,-0.13553,f_trd_sales_per_area_mean,-0.11123,f_lvl_emp_cnt_log,0.08805
BRD_20130181,2024,포베이,외식,기타 외식,32.0,0.03333526814609339,0.2193649866082002,0.19348127600554785,Low,f_struct_stores_per_region,0.40443,f_lvl_biz_age,-0.32653,f_trd_store_growth_std,-0.26669
BRD_20213411,2024,백억커피,외식,커피,165.0,0.03333526121128063,0.2193620235443305,0.1927877947295423,Low,f_trd_sales_per_area_mean,0.19381,f_struct_stores_per_region,-0.16808,f_ind_contract_end_pct,-0.15445
BRD_20080100261,2024,훌랄라,외식,치킨,298.0,0.03333525427646787,0.21833700647234883,0.19209431345353675,Low,f_struct_stores_per_region,-0.32273,f_trd_sales_growth_std,0.29147,f_trd_store_growth_std,-0.24735
BRD_20215857,2024,마일로(MILO),외식,커피,48.0,0.033335247341655105,0.21814156957824862,0.1914008321775312,Low,f_struct_region_hhi,-0.2304,f_ind_contract_end_pct,-0.18717,f_lvl_emp_cnt_log,0.10056
BRD_20200441,2024,해쉬커피,외식,커피,41.0,0.03333524040684235,0.21795243446758655,0.19070735090152566,Low,f_struct_region_hhi,-0.20441,f_ind_contract_end_pct,-0.19625,f_trd_sales_growth_std,0.15669
BRD_20161199,2024,동근이숯불두마리치킨,외식,치킨,172.0,0.03333523347202959,0.21616356311707124,0.1900138696255201,Low,f_struct_stores_per_region,-0.1689,f_struct_top_region_share,-0.16123,f_ind_contract_end_pct,0.09887
BRD_20100600021,2024,닥엔돈스,외식,기타 외식,116.0,0.03333522653721683,0.2160965970698659,0.18932038834951456,Low,f_trd_sales_per_area_mean,-0.11964,f_lvl_avg_sales_log,-0.10389,f_trd_sales_per_area_std,-0.10026
BRD_20100600076,2024,남다른감자탕,외식,한식,54.0,0.03333521960240407,0.2158433473640841,0.18862690707350901,Low,f_trd_store_growth_std,-0.32004,f_struct_stores_per_region,0.19962,f_struct_top_region_share,-0.14621
NAME:맥도날드@외식,2024,맥도날드,외식,패스트푸드,55.0,0.033335212667591305,0.21478120906430215,0.18793342579750347,Low,f_lvl_biz_age,-0.40015,f_struct_stores_per_region,0.22402,f_trd_store_growth_mean,0.19779
BRD_20141065,2024,부엉이돈가스,외식,기타 외식,25.0,0.033335205732778546,0.21471707124644482,0.18723994452149792,Low,f_struct_stores_per_region,0.5087,f_trd_store_growth_std,-0.31618,f_ind_contract_end_pct,-0.30114
BRD_20211947,2024,오한수우육면가,외식,중식,50.0,0.03333519879796579,0.2146902099997931,0.18654646324549237,Low,f_struct_stores_per_region,-0.36316,f_lvl_emp_cnt_log,0.12951,f_trd_sales_per_area_std,-0.12899
BRD_20170517,2024,쑝쑝돈까스,외식,서양식,131.0,0.03333519186315303,0.21400901695397662,0.18585298196948682,Low,f_trd_sales_per_area_mean,-0.12532,f_trd_store_growth_std,0.11459,f_lvl_avg_sales_log,-0.09157
BRD_20090100037,2024,종로김밥,외식,기타 외식,42.0,0.03333518492834027,0.21375733496693544,0.18515950069348128,Low,f_struct_region_hhi,-0.16387,f_lvl_emp_cnt_log,0.14246,f_struct_stores_per_region,-0.11839
BRD_20080200100,2024,배터지는생동까스,외식,일식,78.0,0.03333517799352751,0.21271225399452048,0.18446601941747573,Low,f_trd_store_growth_std,-0.24392,f_struct_stores_per_region,0.15298,f_lvl_n_stores,0.08568
BRD_20080500052,2024,병천황토방순대,외식,기타 외식,33.0,0.033335171058714745,0.21212363357414943,0.18377253814147018,Low,f_lvl_biz_age,-0.45908,f_struct_stores_per_region,0.4339,f_trd_store_growth_std,-0.23586
BRD_20212760,2024,브런치빈,외식,서양식,58.0,0.033335164123901986,0.21157375529894698,0.18307905686546463,Low,f_ind_contract_end_pct,-0.27477,f_struct_region_hhi,-0.16422,f_trd_sales_per_area_mean,0.14838
BRD_20080100077,2024,맛깔참죽,외식,한식,73.0,0.03333515718908923,0.2111848600074557,0.1823855755894591,Low,f_lvl_biz_age,-0.42228,f_struct_stores_per_region,0.22965,f_trd_store_growth_std,-0.20883
BRD_20090100259,2024,육쌈냉면,외식,한식,75.0,0.03333515025427647,0.2109774281611884,0.18169209431345354,Low,f_struct_stores_per_region,-0.17533,f_trd_sales_per_area_mean,-0.12632,f_trd_store_growth_std,0.11146
BRD_20170446,2024,스파게티스토리,외식,기타 외식,36.0,0.03333514331946371,0.21083994967877018,0.180998613037448,Low,f_struct_region_hhi,-0.14592,f_lvl_emp_cnt_log,0.13036,f_struct_stores_per_region,-0.12795
BRD_20110100524,2024,전설의치킨,외식,치킨,52.0,0.033335136384650944,0.20991941982516465,0.18030513176144244,Low,f_lvl_avg_sales_log,0.19436,f_struct_region_hhi,-0.15015,f_struct_region_hhi_chg,-0.10295
BRD_20080100675,2024,호밀호두,외식,제과제빵,56.0,0.033335129449838186,0.20929438543470272,0.1796116504854369,Low,f_struct_stores_per_region,0.30467,f_trd_store_growth_std,-0.26872,f_ind_contract_end_pct,-0.09965
BRD_20161261,2024,황금코다리,외식,한식,137.0,0.03333512251502543,0.20908282382905177,0.17891816920943135,Low,f_struct_stores_per_region,-0.15823,f_struct_top_region_share,-0.14368,f_lvl_n_stores,-0.11
BRD_20211115,2024,영계소문옛날통닭,외식,치킨,53.0,0.03333511558021267,0.20876623524920324,0.1782246879334258,Low,f_struct_stores_per_region,-0.29386,f_struct_region_hhi,-0.20608,f_ind_contract_end_pct,-0.17695
BRD_20150573,2024,모미락,외식,기타 외식,31.0,0.03333510864539991,0.20836415645868023,0.17753120665742025,Low,f_ind_contract_end_pct,-0.29927,f_struct_stores_per_region,0.22035,f_struct_region_hhi,-0.20608
BRD_20190526,2024,샤브마니아,외식,한식,110.0,0.033335101710587144,0.20798505670850367,0.1768377253814147,Low,f_ind_contract_end_pct,-0.19582,f_struct_top_region_share,-0.16569,f_trd_store_growth_std,0.11549
BRD_20210567,2024,오늘도빙수,외식,음료 (커피 외),39.0,0.033335094775774385,0.20777080281112764,0.17614424410540916,Low,f_ind_contract_end_pct,-0.25455,f_struct_region_hhi,-0.2332,f_struct_stores_per_region,0.1394
BRD_20150700,2024,청년다방,외식,분식,352.0,0.033335087840961626,0.20748068759045388,0.1754507628294036,Low,f_struct_stores_per_region,-0.33536,f_lvl_emp_cnt_log,-0.19885,f_trd_store_growth_std,0.13553
BRD_20220470,2024,바나프레소,외식,커피,52.0,0.03333508090614887,0.2074703644674327,0.17475728155339806,Low,f_ind_contract_end_pct,-0.21536,f_struct_region_hhi,-0.20912,f_struct_stores_per_region,0.1879
BRD_20214614,2024,마녀김밥,외식,분식,46.0,0.03333507397133611,0.20729275173286332,0.17406380027739252,Low,f_ind_contract_end_pct,-0.23762,f_lvl_emp_cnt_log,0.1503,f_trd_sales_per_area_mean,-0.12397
BRD_20170726,2024,라화쿵부,외식,중식,96.0,0.03333506703652335,0.20624367804526478,0.17337031900138697,Low,f_trd_sales_per_area_mean,-0.11694,f_trd_sales_per_area_std,-0.10271,f_chg_store_growth,0.09597
BRD_20170274,2024,길동우동,외식,기타 외식,93.0,0.033335060101710584,0.2060360177321865,0.17267683772538142,Low,f_struct_stores_per_region,-0.1713,f_struct_region_hhi,-0.13101,f_trd_sales_per_area_mean,0.12317
BRD_20080100455,2024,뽕잎사랑샤브칼국수보쌈냉면,외식,기타 외식,20.0,0.033335053166897825,0.20570486543144673,0.17198335644937587,Low,f_lvl_biz_age,-0.40927,f_struct_stores_per_region,0.1825,f_struct_region_hhi,-0.13707
BRD_20160493,2024,하우돈곱창,외식,기타 외식,24.0,0.03333504623208507,0.20554404652287905,0.17128987517337033,Low,f_struct_stores_per_region,0.18551,f_struct_region_hhi,-0.1669,f_lvl_emp_cnt_log,0.09985
BRD_20090100325,2024,닐리,외식,서양식,17.0,0.03333503929727231,0.2047420867538948,0.17059639389736478,Low,f_ind_contract_end_pct,-0.23036,f_trd_sales_per_area_mean,0.11478,f_struct_stores_per_region,-0.11216
BRD_20130100223,2024,메콩타이,외식,기타 외국식,26.0,0.03333503236245955,0.20467560283399266,0.16990291262135923,Low,f_trd_store_growth_std,-0.32929,f_struct_stores_per_region,0.21748,f_lvl_emp_cnt_log,0.10029
BRD_20130505,2024,오븐마루,외식,치킨,149.0,0.03333502542764678,0.20409444516503794,0.16920943134535368,Low,f_struct_stores_per_region,-0.17777,f_struct_top_region_share,-0.15823,f_ind_contract_end_pct,-0.14915
BRD_20211004,2024,더마니,외식,한식,111.0,0.033335018492834025,0.20132196586290668,0.16851595006934814,Low,f_ind_contract_end_pct,-0.18719,f_struct_stores_per_region,-0.15121,f_trd_sales_per_area_std,0.14076
BRD_20230178,2024,카페만월경,외식,커피,340.0,0.033335011558021266,0.2012159641474622,0.1678224687933426,Low,f_struct_stores_per_region,-0.43126,f_lvl_avg_sales_log,0.37184,f_struct_region_hhi,-0.13169
BRD_20190011,2024,상상짬뽕,외식,중식,22.0,0.03333500462320851,0.20102013011947795,0.16712898751733704,Low,f_trd_store_growth_std,-0.28462,f_struct_stores_per_region,0.19238,f_lvl_avg_sales_log,-0.08936
BRD_20080100445,2024,목우촌웰빙마을,외식,기타 외식,29.0,0.03333499768839575,0.20063323698889218,0.1664355062413315,Low,f_lvl_biz_age,-0.43421,f_struct_stores_per_region,0.14631,f_trd_store_growth_std,0.11677
BRD_20080600013,2024,종국이두마리치킨,외식,치킨,31.0,0.03333499075358299,0.20002970042195967,0.16574202496532595,Low,f_lvl_biz_age,-0.46224,f_chg_store_growth,0.1306,f_struct_stores_per_region,-0.12191
BRD_20120100007,2024,담소 소사골 순대 육개장,외식,기타 외식,97.0,0.033334983818770224,0.19945247747344427,0.1650485436893204,Low,f_trd_store_growth_std,-0.20522,f_lvl_emp_cnt_log,0.13642,f_trd_sales_per_area_mean,0.13481
BRD_20181053,2024,장호덕손만두,외식,분식,178.0,0.033334976883957465,0.19894921348132524,0.16435506241331485,Low,f_lvl_avg_sales_log,0.29413,f_trd_store_growth_std,-0.15792,f_struct_stores_per_region,-0.1372
BRD_20100500023,2024,시루향기,외식,한식,28.0,0.033334969949144706,0.1988700455967977,0.1636615811373093,Low,f_trd_store_growth_std,-0.32625,f_struct_stores_per_region,0.17885,f_struct_region_hhi_chg,-0.1499
BRD_20200991,2024,씨네마얼음맥주,외식,기타 외식,78.0,0.03333496301433195,0.19854448444328318,0.16296809986130376,Low,f_ind_contract_end_pct,-0.24421,f_struct_stores_per_region,-0.17362,f_struct_region_hhi_chg,-0.14838
BRD_20080100172,2024,둘둘치킨,외식,치킨,80.0,0.03333495607951919,0.19816586861494975,0.1622746185852982,Low,f_lvl_biz_age,-0.39214,f_trd_store_growth_std,-0.20137,f_trd_sales_per_area_mean,0.19446
BRD_20090600019,2024,커피명가,외식,커피,37.0,0.03333494914470642,0.19810828759336083,0.16158113730929266,Low,f_struct_stores_per_region,0.17526,f_struct_region_hhi,-0.16336,f_trd_store_growth_std,0.10449
BRD_20201227,2024,오복 오봉집,외식,한식,232.0,0.033334942209893664,0.1972527466280108,0.1608876560332871,Low,f_struct_stores_per_region,-0.36024,f_trd_store_growth_std,0.09781,f_trd_sales_per_area_mean,-0.09681
BRD_20080100328,2024,죽이야기,외식,한식,318.0,0.033334935275080906,0.1965225681465805,0.16019417475728157,Low,f_struct_stores_per_region,-0.29233,f_lvl_avg_sales_log,0.22236,f_trd_store_growth_std,-0.21123
BRD_20130347,2024,달인의찜닭,외식,기타 외식,46.0,0.03333492834026815,0.19636547483793335,0.15950069348127602,Low,f_trd_store_growth_std,-0.1668,f_struct_region_hhi_chg,-0.14199,f_struct_region_hhi,-0.13267
BRD_20171244,2024,크라운호프보리장인,외식,주점,456.0,0.03333492140545539,0.1955577467918453,0.15880721220527047,Low,f_struct_stores_per_region,-0.33183,f_trd_sales_growth_std,0.28333,f_lvl_emp_cnt_log,-0.20258
BRD_20191099,2024,더맛있는족발보쌈,외식,한식,54.0,0.03333491447064262,0.19539922958585934,0.15811373092926492,Low,f_ind_contract_end_pct,-0.22031,f_struct_stores_per_region,-0.19978,f_struct_region_hhi,-0.19352
BRD_20080500020,2024,박가부대,외식,한식,94.0,0.033334907535829864,0.19512195679899877,0.15742024965325938,Low,f_struct_stores_per_region,0.21003,f_lvl_emp_cnt_log,-0.16645,f_trd_store_growth_std,0.14365
BRD_20140624,2024,도야족발보쌈,외식,한식,98.0,0.033334900601017105,0.1949447131560781,0.15672676837725383,Low,f_trd_store_growth_std,-0.32961,f_struct_top_region_share,-0.16936,f_lvl_avg_sales_log,-0.10705
BRD_20150811,2024,디저트39,외식,커피,504.0,0.033334893666204346,0.19478459599771672,0.15603328710124825,Low,f_struct_stores_per_region,-0.53305,f_chg_sales_per_area_growth,0.12914,f_lvl_emp_cnt_log,-0.12563
BRD_20200597,2024,경원해물찜0427,외식,한식,34.0,0.03333488673139159,0.19468701668294958,0.1553398058252427,Low,f_trd_sales_per_area_mean,-0.12701,f_struct_region_hhi,-0.12467,f_struct_stores_per_region,-0.10545
BRD_20220057,2024,철길부산집,외식,주점,280.0,0.03333487979657883,0.19409743644605015,0.15464632454923716,Low,f_struct_stores_per_region,-0.43339,f_ind_contract_end_pct,-0.15543,f_lvl_n_stores,-0.11734
BRD_20120300030,2024,로띠번,외식,제과제빵,95.0,0.03333487286176606,0.19395741894080817,0.1539528432732316,Low,f_lvl_avg_sales_log,0.36618,f_ind_contract_end_pct,-0.2547,f_struct_top_region_share,-0.12823
BRD_20120100160,2024,또봉이통닭,외식,치킨,462.0,0.033334865926953304,0.1938498656462299,0.15325936199722606,Low,f_struct_stores_per_region,-0.39396,f_lvl_avg_sales_log,0.23938,f_trd_store_growth_std,-0.21474
BRD_20110100012,2024,짚신매운갈비찜,외식,한식,67.0,0.033334858992140545,0.19324699131343953,0.15256588072122051,Low,f_trd_store_growth_std,-0.20535,f_lvl_avg_sales_log,-0.12882,f_trd_sales_per_area_mean,-0.12149
BRD_20080100396,2024,JBD 본 종로빈대떡,외식,한식,28.0,0.033334852057327787,0.19272698712634845,0.15187239944521497,Low,f_lvl_biz_age,-0.40663,f_ind_contract_end_pct,-0.24968,f_trd_store_growth_std,-0.22714
BRD_20080200026,2024,닭이봉춘천닭갈비,외식,기타 외식,29.0,0.03333484512251503,0.19267448011512012,0.15117891816920942,Low,f_lvl_biz_age,-0.35816,f_ind_contract_end_pct,-0.22432,f_struct_stores_per_region,0.17007
BRD_20212334,2024,포트캔커피 PORT CAN COFFEE,외식,커피,119.0,0.03333483818770226,0.19219999007193203,0.15048543689320387,Low,f_struct_stores_per_region,-0.19879,f_lvl_n_stores,-0.11247,f_trd_sales_per_area_mean,-0.10204
BRD_20080200240,2024,뚝배기양평해장국,외식,한식,46.0,0.0333348312528895,0.19193327392950812,0.14979195561719832,Low,f_lvl_biz_age,-0.42156,f_struct_stores_per_region,0.16538,f_struct_region_hhi,-0.12477
BRD_20180410,2024,일품양평해장국,외식,한식,394.0,0.033334824318076745,0.1908562143807535,0.14909847434119278,Low,f_struct_stores_per_region,-0.4395,f_lvl_emp_cnt_log,-0.1735,f_ind_contract_end_pct,0.11301
BRD_20171137,2024,카페인중독,외식,커피,183.0,0.033334817383263986,0.19047773332449733,0.14840499306518723,Low,f_struct_stores_per_region,-0.22166,f_trd_sales_per_area_mean,-0.12122,f_trd_store_growth_std,0.10495
BRD_20212439,2024,피자먹다,외식,피자,102.0,0.03333481044845123,0.19034013079596696,0.14771151178918168,Low,f_trd_sales_per_area_std,-0.11898,f_trd_sales_per_area_mean,-0.10053,f_lvl_n_stores,-0.09995
BRD_20190037,2024,정통집,외식,한식,72.0,0.03333480351363846,0.19026024078648432,0.14701803051317613,Low,f_trd_store_growth_std,-0.26907,f_struct_stores_per_region,0.13626,f_lvl_emp_cnt_log,0.12192
BRD_20200239,2024,인쌩맥주,외식,주점,217.0,0.0333347965788257,0.1899982060996347,0.1463245492371706,Low,f_struct_stores_per_region,-0.32548,f_ind_contract_end_pct,-0.22939,f_lvl_emp_cnt_log,-0.19298
BRD_20080100393,2024,치킨뱅이,외식,치킨,37.0,0.033334789644012944,0.18954292299885553,0.14563106796116504,Low,f_lvl_biz_age,-0.40602,f_trd_store_growth_std,-0.19269,f_trd_sales_per_area_mean,0.18441
BRD_20080200055,2024,명인만두,외식,분식,87.0,0.033334782709200185,0.18913666792488262,0.1449375866851595,Low,f_lvl_biz_age,-0.39483,f_trd_store_growth_std,-0.24054,f_struct_stores_per_region,0.15098
BRD_20080100239,2024,틈새라면,외식,분식,58.0,0.033334775774387426,0.18741085707332314,0.14424410540915394,Low,f_lvl_biz_age,-0.43987,f_trd_store_growth_std,-0.23142,f_ind_contract_end_pct,-0.22132
BRD_20160690,2024,김밥일번지,외식,분식,37.0,0.03333476883957467,0.18702769267403285,0.1435506241331484,Low,f_ind_contract_end_pct,-0.22785,f_trd_store_growth_std,-0.17849,f_trd_sales_per_area_mean,-0.12554
BRD_20200365,2024,맛있는 고기에 솜씨를 더하다,외식,한식,78.0,0.0333347619047619,0.18661918228871371,0.14285714285714285,Low,f_ind_contract_end_pct,-0.28611,f_struct_stores_per_region,-0.2726,f_trd_sales_per_area_mean,-0.12632
BRD_20170358,2024,33떡볶이,외식,기타 외식,183.0,0.03333475496994914,0.18638198025010486,0.1421636615811373,Low,f_struct_stores_per_region,-0.20358,f_trd_sales_per_area_mean,-0.10204,f_trd_store_growth_std,0.09244
BRD_20080100487,2024,부어치킨,외식,치킨,260.0,0.033334748035136384,0.185798242135638,0.14147018030513175,Low,f_struct_stores_per_region,-0.35862,f_ind_contract_end_pct,-0.20634,f_trd_sales_per_area_mean,-0.10214
BRD_20201631,2024,커스텀커피,외식,커피,104.0,0.033334741100323625,0.1854771350662305,0.1407766990291262,Low,f_struct_region_hhi,-0.15713,f_struct_stores_per_region,-0.14721,f_trd_sales_per_area_mean,-0.12092
BRD_20080100545,2024,치킨매니아,외식,치킨,123.0,0.03333473416551087,0.185191069684592,0.14008321775312066,Low,f_trd_store_growth_std,-0.21064,f_trd_sales_per_area_mean,-0.12313,f_struct_stores_per_region,-0.09935
BRD_20200740,2024,브런치앤다이닝37.5(Brunch&Dining37.5),외식,기타 외식,56.0,0.0333347272306981,0.1850691945507985,0.1393897364771151,Low,f_struct_region_hhi,-0.16336,f_trd_sales_per_area_mean,-0.13189,f_trd_sales_per_area_std,-0.09857
BRD_20160666,2024,한마음정육식당,외식,한식,137.0,0.03333472029588534,0.18448931820700704,0.13869625520110956,Low,f_lvl_emp_cnt_log,-0.19073,f_trd_store_growth_std,0.13333,f_trd_sales_per_area_mean,-0.12532
BRD_20120100651,2024,가마로강정,외식,치킨,128.0,0.033334713361072583,0.1838580113116972,0.13800277392510402,Low,f_struct_stores_per_region,-0.2476,f_ind_contract_end_pct,-0.20285,f_trd_store_growth_mean,0.15654
BRD_20160924,2024,강창구찹쌀진순대,외식,한식,46.0,0.033334706426259825,0.18116587789446206,0.13730929264909847,Low,f_struct_region_hhi,-0.18439,f_struct_stores_per_region,-0.16352,f_trd_sales_per_area_mean,0.09048
BRD_20213303,2024,춘리마라탕,외식,중식,202.0,0.033334699491447066,0.18029562551245934,0.13661581137309292,Low,f_struct_stores_per_region,-0.35963,f_ind_contract_end_pct,-0.19083,f_lvl_emp_cnt_log,0.11224
BRD_20201685,2024,푸줏간 고기도시락,외식,한식,128.0,0.03333469255663431,0.18003169037709163,0.13592233009708737,Low,f_struct_top_region_share,-0.16777,f_trd_store_growth_std,0.11935,f_trd_sales_per_area_mean,-0.10502
BRD_20180812,2024,돈까스짱,외식,기타 외식,69.0,0.03333468562182154,0.179965846257514,0.13522884882108183,Low,f_ind_contract_end_pct,-0.28733,f_trd_store_growth_std,-0.17505,f_lvl_avg_sales_log,0.15194
BRD_20151211,2024,청자다방,외식,커피,124.0,0.03333467868700878,0.1795556346325098,0.13453536754507628,Low,f_trd_store_growth_std,-0.23929,f_struct_stores_per_region,-0.12804,f_lvl_avg_sales_log,-0.12356
BRD_20151284,2024,101번지 남산돈까스,외식,기타 외식,42.0,0.033334671752196024,0.1791205975561408,0.13384188626907073,Low,f_trd_store_growth_std,-0.31755,f_ind_contract_end_pct,-0.30637,f_struct_stores_per_region,0.30358
BRD_20170439,2024,후라이드 참 잘하는집,외식,치킨,280.0,0.033334664817383265,0.17890650748708656,0.13314840499306518,Low,f_struct_stores_per_region,-0.30935,f_trd_store_growth_std,-0.28641,f_trd_sales_growth_std,0.25513
BRD_20151228,2024,막창도둑,외식,기타 외식,99.0,0.033334657882570506,0.17812084858229352,0.13245492371705964,Low,f_ind_contract_end_pct,-0.30475,f_trd_store_growth_std,0.1308,f_trd_sales_per_area_mean,-0.12418
BRD_20190216,2024,명태어장,외식,한식,67.0,0.03333465094775774,0.17802587620335528,0.1317614424410541,Low,f_trd_store_growth_std,-0.2747,f_lvl_emp_cnt_log,0.16293,f_trd_sales_per_area_mean,-0.11467
BRD_20200121,2024,발도스커피(valdos coffee),외식,커피,91.0,0.03333464401294498,0.17772769535807167,0.13106796116504854,Low,f_struct_stores_per_region,-0.33459,f_struct_region_hhi,-0.19325,f_lvl_avg_sales_log,0.14073
BRD_20170356,2024,보돌미역,외식,기타 외식,50.0,0.03333463707813222,0.1775927820014383,0.130374479889043,Low,f_trd_store_growth_std,-0.32453,f_ind_contract_end_pct,-0.24754,f_struct_stores_per_region,0.18098
BRD_20190599,2024,애플꼬마김밥,외식,분식,105.0,0.033334630143319464,0.1773867426695265,0.12968099861303745,Low,f_lvl_emp_cnt_log,0.13042,f_trd_sales_per_area_std,-0.12801,f_trd_sales_per_area_mean,-0.11112
BRD_20190794,2024,족발신선생,외식,한식,117.0,0.033334623208506706,0.17659027117773773,0.1289875173370319,Low,f_ind_contract_end_pct,-0.24947,f_trd_store_growth_std,0.11335,f_trd_sales_per_area_std,-0.11179
BRD_20080600030,2024,핸즈커피 (HANDS COFFEE),외식,커피,58.0,0.03333461627369394,0.17608355342746015,0.12829403606102635,Low,f_struct_region_hhi,-0.14604,f_trd_sales_per_area_mean,-0.13723,f_lvl_avg_sales_log,-0.11399
BRD_20080200112,2024,씨에프숯불바베큐치킨,외식,치킨,29.0,0.03333460933888118,0.17534407904088065,0.1276005547850208,Low,f_lvl_biz_age,-0.38901,f_lvl_avg_sales_log,0.25627,f_struct_stores_per_region,0.20443
BRD_20090100498,2024,한신포차,외식,한식,124.0,0.03333460240406842,0.1750962000964475,0.12690707350901526,Low,f_lvl_emp_cnt_log,-0.16279,f_trd_store_growth_std,0.15548,f_trd_sales_per_area_mean,-0.12236
BRD_20110500023,2024,천안옛날호두과자,외식,제과제빵,31.0,0.033334595469255664,0.1749230143975514,0.1262135922330097,Low,f_struct_stores_per_region,0.18695,f_trd_store_growth_std,-0.13361,f_ind_contract_end_pct,-0.12893
BRD_20110100532,2024,추오정,외식,기타 외식,49.0,0.033334588534442905,0.1741588160312696,0.12552011095700416,Low,f_trd_store_growth_std,-0.26582,f_ind_contract_end_pct,-0.2543,f_trd_sales_per_area_mean,0.17947
NAME:화통삼@외식,2024,화통삼,외식,한식,16.0,0.033334581599630146,0.17393709665566592,0.12482662968099861,Low,f_trd_store_growth_std,-0.33311,f_ind_contract_end_pct,-0.30328,f_struct_stores_per_region,0.28153
BRD_20230855,2024,이가네양꼬치,외식,중식,34.0,0.03333457466481738,0.17221765721310275,0.12413314840499307,Low,f_ind_contract_end_pct,-0.23464,f_struct_stores_per_region,-0.17461,f_struct_region_hhi,-0.1693
BRD_20201443,2024,라홍방 마라탕,외식,중식,129.0,0.03333456773000462,0.1720158096050488,0.12343966712898752,Low,f_struct_stores_per_region,-0.19857,f_ind_contract_end_pct,-0.18893,f_struct_region_hhi,-0.17719
BRD_20141179,2024,소담촌,외식,기타 외식,108.0,0.03333456079519186,0.1718393931386942,0.12274618585298197,Low,f_trd_store_growth_std,-0.26958,f_lvl_avg_sales_log,-0.12945,f_struct_stores_per_region,-0.11277
BRD_20200127,2024,고기싸롱,외식,한식,118.0,0.033334553860379104,0.17164195652052597,0.12205270457697642,Low,f_ind_contract_end_pct,-0.2954,f_struct_stores_per_region,-0.22081,f_trd_sales_per_area_mean,-0.11137
BRD_20130012,2024,라라코스트(raracost),외식,기타 외식,90.0,0.033334546925566345,0.17129362428860792,0.12135922330097088,Low,f_trd_store_growth_std,-0.3196,f_struct_stores_per_region,0.17278,f_struct_top_region_share,-0.14242
NAME:달떡볶이@외식,2024,달떡볶이,외식,분식,64.0,0.03333453999075358,0.17122830509787662,0.12066574202496533,Low,f_ind_contract_end_pct,-0.32838,f_struct_stores_per_region,0.28452,f_trd_store_growth_std,-0.28378
BRD_20191034,2024,긴자료코,외식,일식,109.0,0.03333453305594082,0.17114329241708678,0.11997226074895978,Low,f_ind_contract_end_pct,-0.24225,f_trd_store_growth_std,0.12472,f_trd_sales_per_area_mean,-0.11031
BRD_20130245,2024,전주남문조춘자토종피순대국,외식,한식,28.0,0.03333452612112806,0.17045795436067274,0.11927877947295423,Low,f_trd_store_growth_std,-0.30233,f_struct_stores_per_region,0.25033,f_ind_contract_end_pct,-0.20397
BRD_20080100055,2024,본스치킨,외식,치킨,109.0,0.0333345191863153,0.16976413511795618,0.11858529819694869,Low,f_ind_contract_end_pct,-0.21204,f_struct_stores_per_region,-0.18112,f_trd_store_growth_std,0.1216
BRD_20170126,2024,미카도스시,외식,일식,78.0,0.033334512251502545,0.1697627559139315,0.11789181692094314,Low,f_trd_store_growth_std,-0.31569,f_struct_stores_per_region,0.18692,f_struct_top_region_share,-0.14745
BRD_20110300082,2024,아웃닭,외식,치킨,57.0,0.02701405711887291,0.16941424679996062,0.11719833564493759,Low,f_trd_store_growth_std,-0.29524,f_struct_stores_per_region,0.18862,f_lvl_avg_sales_log,-0.10692
BRD_20213043,2024,히스피(HISFFEE),외식,커피,34.0,0.0003011650485436893,0.16795588028936467,0.11650485436893204,Low,f_struct_region_hhi,-0.20371,f_ind_contract_end_pct,-0.20278,f_lvl_emp_cnt_log,0.13939
BRD_20150085,2024,못난이꽈배기,외식,제과제빵,117.0,0.00030115811373092923,0.16790570864967258,0.1158113730929265,Low,f_ind_contract_end_pct,-0.29825,f_lvl_avg_sales_log,0.2705,f_trd_store_growth_std,-0.24601
BRD_20140093,2024,수유리우동집,외식,분식,107.0,0.00030115117891816917,0.1667709542520153,0.11511789181692095,Low,f_trd_store_growth_std,-0.25471,f_ind_contract_end_pct,-0.21707,f_struct_stores_per_region,-0.13822
BRD_20190955,2024,봉명동내커피,외식,커피,148.0,0.0003011442441054091,0.16601524497232326,0.1144244105409154,Low,f_ind_contract_end_pct,-0.2894,f_struct_stores_per_region,-0.19221,f_lvl_emp_cnt_log,-0.15311
BRD_20171308,2024,교동면옥,외식,한식,59.0,0.0003011373092926491,0.16576326720584508,0.11373092926490985,Low,f_trd_store_growth_std,-0.31569,f_struct_stores_per_region,0.17824,f_lvl_avg_sales_log,-0.11803
BRD_20080100657,2024,춘향골남원추어탕,외식,한식,35.0,0.00030113037447988903,0.1644824392149404,0.1130374479889043,Low,f_lvl_biz_age,-0.36334,f_ind_contract_end_pct,-0.24076,f_trd_sales_per_area_mean,0.16491
BRD_20080600014,2024,호식이두마리치킨,외식,치킨,722.0,0.00030112343966712897,0.1632143559473149,0.11234396671289876,Low,f_lvl_biz_age,-0.36171,f_struct_stores_per_region,-0.33479,f_trd_store_growth_mean,0.1571
BRD_20190058,2024,포트리스,외식,기타 외국식,35.0,0.0003011165048543689,0.16308695102682355,0.11165048543689321,Low,f_trd_store_growth_std,-0.27137,f_struct_stores_per_region,0.24863,f_ind_contract_end_pct,-0.21942
BRD_20080400017,2024,조선CH.S치킨,외식,치킨,21.0,0.00030110957004160884,0.1618230473760197,0.11095700416088766,Low,f_lvl_biz_age,-0.44035,f_ind_contract_end_pct,-0.12202,f_trd_sales_per_area_mean,-0.11976
BRD_20191016,2024,삼첩분식,외식,분식,232.0,0.0003011026352288488,0.16124142792877263,0.11026352288488211,Low,f_struct_stores_per_region,-0.28794,f_trd_store_growth_std,-0.25379,f_lvl_emp_cnt_log,-0.14892
BRD_20080100033,2024,피자에땅,외식,피자,138.0,0.00030109570041608876,0.1612141152359847,0.10957004160887657,Low,f_lvl_biz_age,-0.40749,f_lvl_avg_sales_log,0.23502,f_trd_store_growth_std,-0.18255
BRD_20151210,2024,깐깐한족발,외식,기타 외식,29.0,0.0003010887656033287,0.1610279870452783,0.108876560332871,Low,f_ind_contract_end_pct,-0.28026,f_struct_stores_per_region,0.1923,f_trd_store_growth_std,-0.1556
BRD_20214343,2024,화락바베큐치킨,외식,치킨,159.0,0.00030108183079056864,0.1609782849047822,0.10818307905686546,Low,f_lvl_emp_cnt_log,-0.18784,f_struct_stores_per_region,-0.17299,f_lvl_avg_sales_log,-0.10437
BRD_20170454,2024,감탄떡볶이,외식,분식,182.0,0.00030107489597780857,0.1598394958254195,0.10748959778085991,Low,f_struct_stores_per_region,-0.30271,f_lvl_avg_sales_log,0.29116,f_trd_store_growth_std,-0.19663
BRD_20211005,2024,하이오커피,외식,커피,277.0,0.0003010679611650485,0.15943220573129196,0.10679611650485436,Low,f_struct_stores_per_region,-0.29296,f_trd_sales_growth_std,0.28513,f_ind_contract_end_pct,-0.27224
BRD_20190753,2024,갓튀긴후라이드,외식,치킨,105.0,0.00030106102635228844,0.15908022618967968,0.10610263522884882,Low,f_ind_contract_end_pct,-0.212,f_struct_top_region_share,-0.16569,f_trd_store_growth_std,0.12472
BRD_20200802,2024,Blu Shaak(블루샥),외식,커피,225.0,0.0003010540915395284,0.1589604685351023,0.10540915395284327,Low,f_struct_stores_per_region,-0.43564,f_trd_sales_per_area_std,-0.13212,f_trd_store_growth_slope,0.09446
BRD_20150790,2024,자연임실치즈피자,외식,피자,45.0,0.00030104715672676837,0.15811829791722729,0.10471567267683772,Low,f_trd_store_growth_std,-0.32514,f_ind_contract_end_pct,-0.32297,f_struct_stores_per_region,0.22974
BRD_20110100535,2024,홍익돈까스,외식,서양식,88.0,0.0003010402219140083,0.15809216485054162,0.10402219140083217,Low,f_trd_store_growth_std,-0.33057,f_ind_contract_end_pct,-0.25919,f_struct_stores_per_region,0.17923
BRD_20120100399,2024,디오니스,외식,주점,15.0,0.00030103328710124824,0.15799575279049435,0.10332871012482663,Low,f_lvl_biz_age,-0.47965,f_struct_stores_per_region,0.25691,f_trd_store_growth_std,-0.23188
BRD_20200807,2024,덮덮밥,외식,한식,188.0,0.0003010263522884882,0.15797249541427744,0.10263522884882108,Low,f_trd_store_growth_std,-0.20664,f_struct_stores_per_region,-0.16245,f_struct_top_region_share,-0.16214
BRD_20190227,2024,롤링파스타,외식,서양식,130.0,0.0003010194174757281,0.1579642958433021,0.10194174757281553,Low,f_ind_contract_end_pct,-0.24141,f_lvl_emp_cnt_log,-0.17527,f_trd_sales_per_area_mean,-0.13421
BRD_20110100589,2024,어처구니없는두릉도원북촌순두부,외식,한식,60.0,0.00030101248266296805,0.1558968199314347,0.10124826629680998,Low,f_ind_contract_end_pct,-0.32436,f_trd_store_growth_std,-0.24197,f_lvl_emp_cnt_log,0.18286
BRD_20150407,2024,오투닭갈비&부대찌개,외식,한식,35.0,0.00030100554785020804,0.153583435465988,0.10055478502080444,Low,f_struct_stores_per_region,-0.18117,f_trd_sales_per_area_std,-0.13697,f_trd_sales_per_area_mean,-0.13484
BRD_20161137,2024,명랑시대쌀핫도그,외식,제과제빵,480.0,0.000300998613037448,0.15269054632352164,0.09986130374479889,Low,f_struct_stores_per_region,-0.32516,f_trd_store_growth_std,-0.2582,f_lvl_emp_cnt_log,-0.12334
BRD_20200522,2024,프레드피자,외식,피자,168.0,0.0003009916782246879,0.15050087505846066,0.09916782246879334,Low,f_struct_stores_per_region,-0.24466,f_struct_top_region_share,-0.16777,f_lvl_emp_cnt_log,-0.16747
BRD_20090100126,2024,스쿨푸드,외식,분식,62.0,0.00030098474341192785,0.1504236999826472,0.09847434119278779,Low,f_lvl_emp_cnt_log,-0.18074,f_struct_stores_per_region,0.14864,f_trd_sales_per_area_std,-0.11331
BRD_20100100136,2024,피자알볼로,외식,피자,249.0,0.0003009778085991678,0.14983626796638505,0.09778085991678225,Low,f_struct_stores_per_region,-0.4539,f_lvl_emp_cnt_log,-0.17836,f_chg_store_growth,0.15179
BRD_20160124,2024,설동궁찜닭,외식,한식,184.0,0.0003009708737864077,0.14827703490703478,0.0970873786407767,Low,f_trd_store_growth_std,-0.26343,f_struct_stores_per_region,-0.16983,f_struct_top_region_share,-0.15227
BRD_20100100603,2024,펀비어킹,외식,주점,327.0,0.0003009639389736477,0.147746001893245,0.09639389736477115,Low,f_trd_sales_growth_std,0.28001,f_ind_contract_end_pct,-0.26779,f_struct_stores_per_region,-0.23292
BRD_20110500019,2024,진성아구찜,외식,한식,31.0,0.00030095700416088764,0.14770153904245722,0.0957004160887656,Low,f_ind_contract_end_pct,-0.28545,f_trd_store_growth_std,-0.19844,f_struct_stores_per_region,0.16821
BRD_20100300022,2024,등뼈家,외식,한식,78.0,0.0003009500693481276,0.14644100292726991,0.09500693481276005,Low,f_trd_store_growth_std,-0.25965,f_ind_contract_end_pct,-0.23677,f_trd_sales_per_area_mean,0.11418
BRD_20210211,2024,제육대가,외식,기타 외식,100.0,0.0003009431345353675,0.14573538497936417,0.09431345353675451,Low,f_trd_store_growth_std,-0.26832,f_lvl_emp_cnt_log,0.13714,f_lvl_n_stores,-0.12032
BRD_20141250,2024,컴포즈커피(COMPOSE COFFEE),외식,커피,2649.0,0.00030093619972260745,0.14572276141165671,0.09361997226074896,Low,f_struct_stores_per_region,-0.48608,f_ind_contract_end_pct,-0.2058,f_trd_sales_per_area_std,0.15823
BRD_20171478,2024,커피사피엔스,외식,커피,77.0,0.0003009292649098474,0.1453073365307349,0.09292649098474341,Low,f_struct_stores_per_region,-0.23706,f_struct_region_hhi,-0.18574,f_trd_sales_per_area_mean,-0.13661
BRD_20160773,2024,족발야시장,외식,기타 외식,219.0,0.0003009223300970874,0.14426354738502295,0.09223300970873786,Low,f_struct_stores_per_region,-0.37236,f_trd_store_growth_std,-0.28952,f_ind_contract_end_pct,-0.20882
NAME:국수나무@외식,2024,국수나무,외식,분식,173.0,0.0003009153952843273,0.14399678002381366,0.09153952843273232,Low,f_trd_store_growth_std,-0.29608,f_struct_stores_per_region,0.24884,f_lvl_n_stores,-0.11255
BRD_20080200233,2024,송담추어탕,외식,한식,93.0,0.00030090846047156725,0.1438416502068394,0.09084604715672677,Low,f_trd_store_growth_std,-0.31823,f_lvl_avg_sales_log,-0.1564,f_trd_sales_per_area_mean,0.11139
BRD_20201156,2024,마실커피,외식,커피,53.0,0.0003009015256588072,0.14357320254451708,0.09015256588072122,Low,f_ind_contract_end_pct,-0.21412,f_struct_region_hhi,-0.21016,f_trd_sales_per_area_mean,-0.13484
BRD_20201343,2024,포케올데이,외식,기타 외국식,135.0,0.0003008945908460471,0.14292018759559086,0.08945908460471567,Low,f_struct_stores_per_region,-0.2049,f_lvl_emp_cnt_log,-0.18478,f_struct_region_hhi_chg,-0.15188
BRD_20200376,2024,읍천리 382,외식,음료 (커피 외),188.0,0.00030088765603328706,0.1424358983680643,0.08876560332871013,Low,f_ind_contract_end_pct,-0.21625,f_struct_stores_per_region,-0.20248,f_trd_sales_per_area_std,-0.11151
BRD_20100100405,2024,포메인,외식,기타 외식,81.0,0.00030088072122052705,0.1413763362379791,0.08807212205270458,Low,f_struct_region_hhi,-0.16336,f_struct_stores_per_region,-0.15074,f_chg_store_growth,0.14571
BRD_20211774,2024,육회바른연어,외식,기타 외식,138.0,0.000300873786407767,0.14092649708621188,0.08737864077669903,Low,f_ind_contract_end_pct,-0.23232,f_lvl_emp_cnt_log,-0.1891,f_struct_stores_per_region,-0.17107
BRD_20130176,2024,노랑통닭,외식,치킨,751.0,0.0003008668515950069,0.14079090601767247,0.08668515950069348,Low,f_struct_stores_per_region,-0.29476,f_ind_contract_end_pct,-0.28012,f_lvl_emp_cnt_log,-0.19503
BRD_20080100257,2024,더카페,외식,커피,145.0,0.00030085991678224685,0.14054139616477743,0.08599167822468794,Low,f_lvl_biz_age,-0.39063,f_trd_store_growth_std,-0.22666,f_lvl_emp_cnt_log,-0.13254
BRD_20080300015,2024,무봤나촌닭,외식,치킨,27.0,0.0003008529819694868,0.14047979463344484,0.08529819694868239,Low,f_lvl_biz_age,-0.38037,f_struct_stores_per_region,-0.19973,f_ind_contract_end_pct,-0.14272
BRD_20212140,2024,스텔라떡볶이,외식,분식,179.0,0.0003008460471567267,0.1401425846554851,0.08460471567267684,Low,f_ind_contract_end_pct,-0.2266,f_lvl_emp_cnt_log,-0.20566,f_struct_stores_per_region,-0.18435
BRD_20080100201,2024,간이역,외식,주점,349.0,0.00030083911234396666,0.13996686540934447,0.0839112343966713,Low,f_lvl_biz_age,-0.40231,f_struct_stores_per_region,-0.33173,f_trd_store_growth_std,-0.21849
BRD_20191342,2024,우리할매 떡볶이,외식,분식,319.0,0.00030083217753120665,0.13974338138353584,0.08321775312066575,Low,f_struct_stores_per_region,-0.44887,f_ind_contract_end_pct,-0.19729,f_trd_sales_per_area_std,-0.13858
BRD_20160311,2024,바다양푼이동태탕찜,외식,기타 외식,334.0,0.0003008252427184466,0.13764409433009353,0.0825242718446602,Low,f_struct_stores_per_region,-0.36526,f_ind_contract_end_pct,-0.32887,f_lvl_avg_sales_log,0.17387
BRD_20200220,2024,마라공방,외식,중식,92.0,0.0003008183079056865,0.13724744137681305,0.08183079056865465,Low,f_ind_contract_end_pct,-0.32924,f_trd_sales_per_area_std,-0.13858,f_lvl_emp_cnt_log,0.10383
BRD_20151296,2024,백채,외식,한식,191.0,0.00030081137309292646,0.13723398579752855,0.0811373092926491,Low,f_struct_stores_per_region,-0.32071,f_lvl_emp_cnt_log,0.16596,f_trd_sales_per_area_mean,-0.0972
BRD_20190497,2024,정직유부,외식,한식,174.0,0.0003008044382801664,0.13607435078687063,0.08044382801664356,Low,f_struct_stores_per_region,-0.20025,f_trd_sales_per_area_std,-0.1294,f_trd_sales_per_area_mean,-0.10204
BRD_20215019,2024,빽보이피자,외식,피자,243.0,0.00030079750346740633,0.1352020674586248,0.07975034674063801,Low,f_struct_stores_per_region,-0.46118,f_ind_contract_end_pct,-0.20269,f_lvl_emp_cnt_log,-0.19359
BRD_20080400028,2024,지정환피자,외식,패스트푸드,59.0,0.0003007905686546463,0.13424467573828194,0.07905686546463246,Low,f_lvl_biz_age,-0.38321,f_ind_contract_end_pct,-0.23493,f_trd_store_growth_std,-0.20735
BRD_20170774,2024,싸다김밥,외식,분식,97.0,0.00030078363384188625,0.13356371776069823,0.07836338418862691,Low,f_ind_contract_end_pct,-0.2323,f_struct_stores_per_region,-0.2155,f_struct_region_hhi,-0.17462
BRD_20170818,2024,고집센그집갈비탕,외식,한식,71.0,0.0003007766990291262,0.13354812116091622,0.07766990291262135,Low,f_ind_contract_end_pct,-0.23685,f_trd_store_growth_std,-0.22465,f_struct_stores_per_region,-0.1313
BRD_20090400025,2024,현대옥,외식,한식,179.0,0.0003007697642163661,0.13337657999290928,0.0769764216366158,Low,f_ind_contract_end_pct,-0.31473,f_lvl_emp_cnt_log,-0.19373,f_struct_stores_per_region,-0.18334
BRD_20080200047,2024,코리안바베큐,외식,치킨,100.0,0.00030076282940360606,0.1323722293168703,0.07628294036061026,Low,f_lvl_biz_age,-0.38606,f_ind_contract_end_pct,-0.21598,f_trd_store_growth_std,-0.19435
BRD_20120300012,2024,더웨이닝커피,외식,커피,42.0,0.000300755894590846,0.13184396382893568,0.07558945908460471,Low,f_struct_stores_per_region,-0.40747,f_lvl_avg_sales_log,0.16059,f_trd_store_growth_std,-0.11919
BRD_20180249,2024,청년피자,외식,피자,312.0,0.000300748959778086,0.1311079812541713,0.07489597780859916,Low,f_struct_stores_per_region,-0.4163,f_ind_contract_end_pct,-0.23498,f_lvl_emp_cnt_log,-0.16476
BRD_20080100324,2024,북창동순두부,외식,한식,79.0,0.0003007420249653259,0.13046693153376782,0.07420249653259361,Low,f_lvl_biz_age,-0.32989,f_trd_store_growth_std,-0.23377,f_lvl_emp_cnt_log,-0.16512
BRD_20212066,2024,역북집,외식,한식,35.0,0.00030073509015256586,0.13025236089309397,0.07350901525658807,Low,f_struct_stores_per_region,-0.44131,f_ind_contract_end_pct,-0.17965,f_struct_region_hhi,-0.15605
BRD_20130100004,2024,봉구스밥버거,외식,기타 외식,473.0,0.0003007281553398058,0.12913337109875894,0.07281553398058252,Low,f_struct_stores_per_region,-0.42034,f_lvl_avg_sales_log,0.31339,f_ind_contract_end_pct,-0.23208
BRD_20171233,2024,남도술상,외식,기타 외식,41.0,0.00030072122052704573,0.12858261497980594,0.07212205270457697,Low,f_struct_stores_per_region,-0.2518,f_ind_contract_end_pct,-0.24072,f_struct_region_hhi,-0.22807
BRD_20201869,2024,댄싱컵(DANCINGCUP),외식,커피,114.0,0.00030071428571428567,0.1283157584692182,0.07142857142857142,Low,f_struct_stores_per_region,-0.19744,f_struct_region_hhi,-0.18735,f_trd_sales_per_area_mean,-0.1312
BRD_20100100482,2024,본도시락,외식,한식,405.0,0.00030070735090152566,0.12805002177967964,0.07073509015256588,Low,f_struct_stores_per_region,-0.40435,f_lvl_emp_cnt_log,-0.20564,f_chg_store_growth,0.16057
BRD_20080100208,2024,새마을식당,외식,한식,92.0,0.0003007004160887656,0.12801918251410946,0.07004160887656033,Low,f_trd_store_growth_std,-0.32937,f_lvl_emp_cnt_log,-0.21325,f_lvl_avg_sales_log,-0.13516
BRD_20080100087,2024,김밥천국,외식,분식,284.0,0.00030069348127600553,0.12776776590736258,0.06934812760055478,Low,f_lvl_biz_age,-0.44836,f_struct_stores_per_region,-0.35095,f_trd_store_growth_std,-0.24739
BRD_20180092,2024,소플러스,외식,한식,39.0,0.00030068654646324546,0.12738177040768578,0.06865464632454923,Low,f_ind_contract_end_pct,-0.33027,f_trd_store_growth_std,-0.26658,f_struct_stores_per_region,0.15901
BRD_20170182,2024,79네수육국밥,외식,기타 외식,36.0,0.0003006796116504854,0.12688251119416347,0.06796116504854369,Low,f_lvl_emp_cnt_log,-0.1632,f_trd_sales_per_area_mean,-0.13729,f_struct_region_hhi,-0.11579
BRD_20160884,2024,마왕족발,외식,기타 외식,231.0,0.00030067267683772534,0.12547667282351158,0.06726768377253814,Low,f_struct_stores_per_region,-0.41474,f_lvl_emp_cnt_log,-0.20176,f_ind_contract_end_pct,-0.18266
BRD_20120400012,2024,난타5000피자,외식,피자,86.0,0.0003006657420249653,0.12536214930546039,0.06657420249653259,Low,f_lvl_avg_sales_log,0.32064,f_struct_stores_per_region,-0.31542,f_ind_contract_end_pct,-0.25823
BRD_20191049,2024,탕화쿵푸마라탕,외식,중식,492.0,0.00030065880721220526,0.1250979373496959,0.06588072122052704,Low,f_struct_stores_per_region,-0.50808,f_ind_contract_end_pct,-0.20366,f_trd_store_growth_std,0.10318
BRD_20200543,2024,목구멍,외식,한식,169.0,0.0003006518723994452,0.12404099834066588,0.0651872399445215,Low,f_ind_contract_end_pct,-0.30357,f_struct_stores_per_region,-0.23665,f_lvl_avg_sales_log,-0.11727
BRD_20181340,2024,보배반점,외식,중식,198.0,0.00030064493758668513,0.12320829709833866,0.06449375866851595,Low,f_ind_contract_end_pct,-0.2446,f_struct_stores_per_region,-0.23173,f_trd_sales_per_area_mean,-0.11389
BRD_20180479,2024,벌크커피(BULK COFFEE),외식,커피,210.0,0.00030063800277392507,0.12006784538140775,0.0638002773925104,Low,f_struct_stores_per_region,-0.47128,f_trd_sales_per_area_mean,-0.10207,f_lvl_avg_sales_log,-0.09835
BRD_20190451,2024,고향옥얼큰순대국,외식,한식,40.0,0.000300631067961165,0.11922332452339889,0.06310679611650485,Low,f_struct_stores_per_region,-0.48317,f_struct_region_hhi,-0.21116,f_trd_sales_per_area_mean,-0.09686
BRD_20080200229,2024,신의주찹쌀순대,외식,한식,175.0,0.00030062413314840494,0.11848296232300765,0.06241331484049931,Low,f_struct_stores_per_region,-0.46073,f_lvl_emp_cnt_log,-0.17593,f_trd_sales_per_area_mean,0.11511
BRD_20120100251,2024,킹콩부대찌개,외식,한식,112.0,0.00030061719833564493,0.11761558803035804,0.06171983356449376,Low,f_trd_store_growth_std,-0.29838,f_lvl_avg_sales_log,-0.13402,f_trd_sales_per_area_mean,-0.12347
BRD_20150189,2024,카페봄봄,외식,커피,414.0,0.00030061026352288487,0.11721676227970136,0.06102635228848821,Low,f_struct_stores_per_region,-0.47128,f_lvl_emp_cnt_log,-0.16348,f_trd_store_growth_std,0.10144
BRD_20161188,2024,이태리부대찌개,외식,한식,42.0,0.0003006033287101248,0.11409743094914845,0.060332871012482664,Low,f_ind_contract_end_pct,-0.3163,f_trd_store_growth_std,-0.29896,f_lvl_emp_cnt_log,0.14726
BRD_20080300020,2024,치킨신드롬,외식,치킨,175.0,0.00030059639389736474,0.11404638502120765,0.059639389736477116,Low,f_lvl_biz_age,-0.40122,f_struct_stores_per_region,-0.3011,f_trd_store_growth_std,-0.22827
BRD_20190687,2024,귀한족발,외식,기타 외식,148.0,0.0003005894590846047,0.11344711906705975,0.05894590846047157,Low,f_ind_contract_end_pct,-0.24959,f_struct_stores_per_region,-0.21204,f_trd_sales_per_area_std,-0.13811
BRD_20130100197,2024,맛나감자탕,외식,한식,70.0,0.0003005825242718446,0.1132067305670765,0.05825242718446602,Low,f_ind_contract_end_pct,-0.32166,f_trd_store_growth_std,-0.31382,f_trd_sales_per_area_mean,-0.12539
BRD_20130100056,2024,하남돼지집,외식,한식,150.0,0.0003005755894590846,0.1127896528537797,0.057558945908460474,Low,f_lvl_biz_age,-0.39049,f_struct_stores_per_region,-0.3339,f_trd_store_growth_std,0.12526
BRD_20080300005,2024,장모님치킨,외식,치킨,108.0,0.00030056865464632453,0.11264617133676169,0.056865464632454926,Low,f_struct_stores_per_region,-0.43504,f_lvl_biz_age,-0.39808,f_lvl_avg_sales_log,0.24718
BRD_20190199,2024,자연정가 양평해장국,외식,한식,74.0,0.00030056171983356447,0.11261235256097617,0.05617198335644938,Low,f_lvl_emp_cnt_log,-0.16557,f_struct_region_hhi,-0.14141,f_trd_sales_per_area_mean,-0.13608
BRD_20130100052,2024,공차,외식,음료 (커피 외),836.0,0.0003005547850208044,0.1119262583255696,0.05547850208044383,Low,f_struct_stores_per_region,-0.47053,f_lvl_emp_cnt_log,-0.19177,f_trd_store_growth_std,0.10831
BRD_20180244,2024,텐퍼센트스페셜티커피,외식,커피,814.0,0.00030054785020804434,0.10980980008321846,0.054785020804438284,Low,f_struct_stores_per_region,-0.44084,f_ind_contract_end_pct,-0.2632,f_lvl_emp_cnt_log,-0.183
BRD_20161219,2024,역전할머니맥주1982,외식,주점,963.0,0.0003005409153952843,0.10963914741416858,0.05409153952843273,Low,f_struct_stores_per_region,-0.30893,f_trd_store_growth_std,-0.26155,f_lvl_emp_cnt_log,-0.20551
BRD_20214362,2024,월간맥주,외식,주점,60.0,0.00030053398058252427,0.10919090513211609,0.05339805825242718,Low,f_ind_contract_end_pct,-0.26176,f_struct_stores_per_region,-0.2201,f_struct_region_hhi,-0.20456
BRD_20161169,2024,강순자옛맛김치찌개,외식,한식,54.0,0.0003005270457697642,0.1086781191532601,0.052704576976421634,Low,f_ind_contract_end_pct,-0.31278,f_trd_store_growth_std,-0.1571,f_struct_stores_per_region,-0.14467
BRD_20141221,2024,본죽&비빔밥,외식,한식,1150.0,0.00030052011095700414,0.10825358595584969,0.052011095700416086,Low,f_struct_stores_per_region,-0.47367,f_ind_contract_end_pct,-0.21064,f_lvl_emp_cnt_log,-0.19374
BRD_20090300039,2024,오븐에 꾸운 닭,외식,치킨,100.0,0.0003005131761442441,0.10748795514821581,0.05131761442441054,Low,f_struct_stores_per_region,-0.32569,f_ind_contract_end_pct,-0.30568,f_trd_store_growth_std,-0.21602
BRD_20080100243,2024,본죽,외식,한식,575.0,0.000300506241331484,0.10682727095537506,0.05062413314840499,Low,f_lvl_biz_age,-0.35598,f_struct_stores_per_region,-0.26255,f_trd_store_growth_std,-0.24203
BRD_20170127,2024,치킨플러스,외식,치킨,279.0,0.00030049930651872395,0.10681378243737165,0.049930651872399444,Low,f_struct_stores_per_region,-0.46772,f_lvl_emp_cnt_log,-0.15474,f_trd_sales_per_area_std,-0.15211
BRD_20190929,2024,노브랜드 버거(No Brand Burger),외식,패스트푸드,189.0,0.00030049237170596394,0.10521317998076149,0.049237170596393896,Low,f_ind_contract_end_pct,-0.24212,f_struct_stores_per_region,-0.23449,f_lvl_emp_cnt_log,-0.21026
BRD_20080100109,2024,김가네,외식,분식,377.0,0.00030048543689320387,0.10269744363209653,0.04854368932038835,Low,f_struct_stores_per_region,-0.33834,f_trd_store_growth_std,-0.26276,f_lvl_emp_cnt_log,-0.20176
BRD_20170451,2024,선비꼬마김밥,외식,분식,248.0,0.0003004785020804438,0.10207077652528664,0.0478502080443828,Low,f_struct_stores_per_region,-0.4326,f_ind_contract_end_pct,-0.21504,f_lvl_emp_cnt_log,-0.18196
BRD_20191192,2024,프랭크버거,외식,패스트푸드,622.0,0.00030047156726768374,0.10051446074074315,0.047156726768377254,Low,f_struct_stores_per_region,-0.45802,f_ind_contract_end_pct,-0.22883,f_lvl_emp_cnt_log,-0.19451
BRD_20120100672,2024,한스(HANS),외식,제과제빵,40.0,0.0003004646324549237,0.09997665356095072,0.046463245492371706,Low,f_ind_contract_end_pct,-0.21607,f_struct_stores_per_region,-0.20008,f_lvl_emp_cnt_log,-0.15661
BRD_20090100349,2024,우리집다음에맛있는집양평해장국,외식,기타 외식,94.0,0.0003004576976421636,0.09969419068935968,0.04576976421636616,Low,f_lvl_biz_age,-0.40016,f_struct_region_hhi_chg,-0.12095,f_trd_sales_per_area_mean,-0.11733
BRD_20080100646,2024,앤티앤스,외식,제과제빵,197.0,0.0003004507628294036,0.09800280655969054,0.04507628294036061,Low,f_struct_stores_per_region,-0.29648,f_trd_store_growth_std,-0.26276,f_lvl_emp_cnt_log,-0.20679
BRD_20080400025,2024,다사랑,외식,치킨,107.0,0.00030044382801664354,0.09796530865914717,0.044382801664355064,Low,f_lvl_biz_age,-0.3237,f_trd_store_growth_std,-0.2338,f_lvl_emp_cnt_log,-0.17488
BRD_20080100190,2024,피자스쿨,외식,피자,628.0,0.0003004368932038835,0.0971260568272096,0.043689320388349516,Low,f_struct_stores_per_region,-0.46888,f_trd_store_growth_std,-0.19905,f_ind_contract_end_pct,-0.1644
BRD_20110100603,2024,누구나홀딱반한닭,외식,치킨,260.0,0.0003004299583911234,0.09673414985228639,0.04299583911234397,Low,f_struct_stores_per_region,-0.36699,f_trd_store_growth_std,-0.28092,f_ind_contract_end_pct,-0.22737
BRD_20160798,2024,가마치통닭,외식,치킨,788.0,0.00030042302357836335,0.09499403425007087,0.04230235783633842,Low,f_struct_stores_per_region,-0.50361,f_trd_store_growth_std,-0.22903,f_ind_contract_end_pct,-0.1577
BRD_20110100490,2024,맛닭꼬,외식,치킨,130.0,0.0003004160887656033,0.09406058855383992,0.04160887656033287,Low,f_struct_stores_per_region,-0.39493,f_ind_contract_end_pct,-0.23927,f_trd_store_growth_std,-0.22121
BRD_20150253,2024,카페게이트,외식,커피,146.0,0.0003004091539528432,0.09225382020774009,0.040915395284327326,Low,f_trd_store_growth_std,-0.23737,f_struct_stores_per_region,-0.21808,f_lvl_emp_cnt_log,-0.18102
BRD_20080100061,2024,네네치킨,외식,치킨,869.0,0.0003004022191400832,0.09153710769446455,0.04022191400832178,Low,f_struct_stores_per_region,-0.36386,f_trd_store_growth_std,-0.25551,f_ind_contract_end_pct,-0.23146
BRD_20080100655,2024,비에이치씨(BHC),외식,치킨,2228.0,0.00030039528432732315,0.09047622975142577,0.03952843273231623,Low,f_struct_stores_per_region,-0.4831,f_ind_contract_end_pct,-0.20054,f_lvl_emp_cnt_log,-0.19271
BRD_20201203,2024,하삼동커피,외식,커피,644.0,0.0003003883495145631,0.08868857005120205,0.038834951456310676,Low,f_struct_stores_per_region,-0.43805,f_ind_contract_end_pct,-0.24164,f_lvl_emp_cnt_log,-0.18414
BRD_20080200276,2024,맥시칸치킨,외식,기타 외식,418.0,0.000300381414701803,0.08748190877337729,0.03814147018030513,Low,f_struct_stores_per_region,-0.45636,f_lvl_biz_age,-0.33403,f_ind_contract_end_pct,-0.1987
BRD_20210705,2024,우지커피(OOZYCOFFEE),외식,커피,199.0,0.00030037447988904295,0.08737522129270202,0.03744798890429958,Low,f_struct_stores_per_region,-0.38351,f_ind_contract_end_pct,-0.29429,f_lvl_emp_cnt_log,-0.15907
BRD_20080400001,2024,아주커,외식,치킨,68.0,0.0003003675450762829,0.08719407990022666,0.036754507628294034,Low,f_struct_stores_per_region,-0.37014,f_lvl_biz_age,-0.34677,f_ind_contract_end_pct,-0.15108
BRD_20191191,2024,몬스터커피,외식,커피,99.0,0.0003003606102635229,0.08625920535118904,0.036061026352288486,Low,f_ind_contract_end_pct,-0.32748,f_struct_stores_per_region,-0.17679,f_trd_sales_per_area_mean,-0.12978
BRD_20080100233,2024,용우동,외식,분식,160.0,0.0003003536754507628,0.08586814730863845,0.03536754507628294,Low,f_lvl_biz_age,-0.28532,f_ind_contract_end_pct,-0.27512,f_trd_store_growth_std,-0.18902
BRD_20151039,2024,60계,외식,치킨,665.0,0.00030034674063800275,0.08497586086043055,0.03467406380027739,Low,f_struct_stores_per_region,-0.32685,f_trd_store_growth_std,-0.27023,f_lvl_emp_cnt_log,-0.21255
BRD_20080200019,2024,투다리,외식,주점,1292.0,0.0003003398058252427,0.08406906817633908,0.03398058252427184,Low,f_lvl_biz_age,-0.37231,f_struct_stores_per_region,-0.34495,f_trd_store_growth_std,-0.22251
BRD_20080200033,2024,조마루감자탕,외식,한식,157.0,0.0003003328710124826,0.083323823941592,0.033287101248266296,Low,f_lvl_biz_age,-0.32522,f_ind_contract_end_pct,-0.23214,f_trd_store_growth_std,-0.22402
BRD_20090100504,2024,아비꼬,외식,기타 외식,97.0,0.00030032593619972256,0.08258780365442794,0.03259361997226075,Low,f_trd_store_growth_std,-0.30363,f_lvl_emp_cnt_log,-0.19708,f_lvl_avg_sales_log,-0.14802
BRD_20090100195,2024,국수나무,외식,분식,236.0,0.00030031900138696255,0.08212433538176696,0.0319001386962552,Low,f_struct_stores_per_region,-0.35135,f_trd_store_growth_std,-0.253,f_struct_top_region_share,-0.13588
BRD_20110600008,2024,신전떡볶이,외식,분식,671.0,0.0003003120665742025,0.07984313207556466,0.031206657420249653,Low,f_struct_stores_per_region,-0.4246,f_trd_store_growth_std,-0.2928,f_ind_contract_end_pct,-0.21004
BRD_20080100240,2024,봉추찜닭,외식,한식,120.0,0.0003003051317614424,0.07950760279712732,0.030513176144244106,Low,f_lvl_biz_age,-0.35918,f_ind_contract_end_pct,-0.25306,f_trd_store_growth_std,-0.22402
BRD_20080500035,2024,페리카나,외식,치킨,995.0,0.00030029819694868236,0.07773343155694264,0.029819694868238558,Low,f_struct_stores_per_region,-0.43226,f_lvl_biz_age,-0.33412,f_ind_contract_end_pct,-0.2135
BRD_20080100180,2024,또래오래,외식,치킨,527.0,0.0003002912621359223,0.07773343155694264,0.02912621359223301,Low,f_struct_stores_per_region,-0.43213,f_lvl_biz_age,-0.33496,f_ind_contract_end_pct,-0.2502
BRD_20080100014,2024,이디야커피,외식,커피,2562.0,0.00030028432732316223,0.07653096079890721,0.028432732316227463,Low,f_struct_stores_per_region,-0.35472,f_lvl_biz_age,-0.2973,f_trd_store_growth_std,-0.19907
BRD_20080100397,2024,피자헛,외식,피자,260.0,0.0003002773925104022,0.07594465717271548,0.027739251040221916,Low,f_lvl_biz_age,-0.37181,f_struct_stores_per_region,-0.34487,f_trd_store_growth_std,-0.23502
BRD_20100100377,2024,깐부치킨,외식,치킨,152.0,0.00030027045769764215,0.07576131084766073,0.027045769764216365,Low,f_struct_stores_per_region,-0.39839,f_ind_contract_end_pct,-0.29999,f_lvl_emp_cnt_log,-0.14347
BRD_20130452,2024,유가네,외식,한식,201.0,0.0003002635228848821,0.07516671069589438,0.026352288488210817,Low,f_struct_stores_per_region,-0.4054,f_lvl_biz_age,-0.34082,f_trd_store_growth_std,-0.23151
BRD_20080200150,2024,지호한방삼계탕,외식,한식,72.0,0.000300256588072122,0.07226229367986049,0.02565880721220527,Low,f_lvl_biz_age,-0.29808,f_ind_contract_end_pct,-0.25444,f_trd_store_growth_std,-0.22508
BRD_20090100478,2024,한촌설렁탕,외식,한식,141.0,0.00030024965325936196,0.0703075018257399,0.024965325936199722,Low,f_lvl_biz_age,-0.30055,f_ind_contract_end_pct,-0.25769,f_trd_store_growth_std,-0.22861
BRD_20130249,2024,설빙,외식,아이스크림/빙수,576.0,0.0003002427184466019,0.06911180382863392,0.024271844660194174,Low,f_struct_stores_per_region,-0.4153,f_ind_contract_end_pct,-0.27934,f_trd_store_growth_std,-0.25285
BRD_20120600009,2024,피자스쿨,외식,피자,324.0,0.0003002357836338419,0.06895489955603387,0.023578363384188627,Low,f_struct_stores_per_region,-0.43538,f_trd_store_growth_std,-0.22452,f_ind_contract_end_pct,-0.19085
BRD_20141019,2024,반올림피자,외식,피자,365.0,0.0003002288488210818,0.06869956472515923,0.02288488210818308,Low,f_struct_stores_per_region,-0.42728,f_trd_store_growth_std,-0.24676,f_ind_contract_end_pct,-0.21794
BRD_20140475,2024,자담치킨,외식,치킨,708.0,0.00030022191400832176,0.06867133639256062,0.022191400832177532,Low,f_struct_stores_per_region,-0.42767,f_ind_contract_end_pct,-0.3004,f_trd_store_growth_std,-0.26642
BRD_20160835,2024,얌샘김밥,외식,분식,226.0,0.0003002149791955617,0.06791072571635516,0.021497919556171984,Low,f_struct_stores_per_region,-0.41926,f_trd_store_growth_std,-0.23626,f_lvl_emp_cnt_log,-0.20679
BRD_20140722,2024,더벤티,외식,커피,1230.0,0.00030020804438280163,0.06782556991972112,0.020804438280166437,Low,f_struct_stores_per_region,-0.47622,f_ind_contract_end_pct,-0.31012,f_lvl_emp_cnt_log,-0.19271
BRD_20120100352,2024,역전우동0410,외식,분식,218.0,0.00030020110957004157,0.066721708848938,0.02011095700416089,Low,f_struct_stores_per_region,-0.38994,f_trd_store_growth_std,-0.25778,f_ind_contract_end_pct,-0.24359
BRD_20150218,2024,푸라닭,외식,치킨,715.0,0.0003001941747572815,0.06609780946483658,0.019417475728155338,Low,f_struct_stores_per_region,-0.41188,f_trd_store_growth_std,-0.28442,f_lvl_emp_cnt_log,-0.19708
BRD_20110500053,2024,이비가짬뽕,외식,중식,132.0,0.0003001872399445215,0.06512000886975802,0.01872399445214979,Low,f_ind_contract_end_pct,-0.33107,f_trd_store_growth_std,-0.30692,f_lvl_emp_cnt_log,-0.19405
BRD_20130100358,2024,버거킹(Burger King),외식,패스트푸드,132.0,0.0003001803051317614,0.062038278196947655,0.018030513176144243,Low,f_trd_store_growth_std,-0.30592,f_ind_contract_end_pct,-0.22471,f_lvl_emp_cnt_log,-0.2045
BRD_20080500019,2024,원할머니,외식,한식,278.0,0.00030017337031900136,0.05860860319694441,0.017337031900138695,Low,f_struct_stores_per_region,-0.41647,f_lvl_biz_age,-0.38537,f_trd_store_growth_std,-0.23771
BRD_20080100739,2024,피자마루,외식,피자,498.0,0.0003001664355062413,0.05840421684722764,0.016643550624133148,Low,f_struct_stores_per_region,-0.44443,f_ind_contract_end_pct,-0.24355,f_trd_store_growth_std,-0.23565
BRD_20161159,2024,매머드익스프레스(Mammoth Express),외식,커피,742.0,0.00030015950069348123,0.058013850915682584,0.0159500693481276,Low,f_struct_stores_per_region,-0.46898,f_ind_contract_end_pct,-0.30047,f_struct_region_hhi,-0.17591
BRD_20090300004,2024,7번가피자,외식,피자,191.0,0.00030015256588072117,0.05767484839413551,0.015256588072122053,Low,f_lvl_biz_age,-0.26934,f_ind_contract_end_pct,-0.2519,f_struct_stores_per_region,-0.21682
BRD_20080400035,2024,신포우리만두,외식,분식,102.0,0.00030014563106796116,0.05765736079479405,0.014563106796116505,Low,f_lvl_biz_age,-0.27471,f_ind_contract_end_pct,-0.26601,f_trd_store_growth_std,-0.21336
BRD_20150828,2024,샐러디,외식,기타 외식,333.0,0.0003001386962552011,0.05726180268978402,0.013869625520110958,Low,f_struct_stores_per_region,-0.41395,f_trd_store_growth_std,-0.24923,f_ind_contract_end_pct,-0.21963
BRD_20080100210,2024,홍콩반점0410,외식,중식,293.0,0.00030013176144244103,0.05691184923325159,0.013176144244105409,Low,f_struct_stores_per_region,-0.3999,f_ind_contract_end_pct,-0.24794,f_trd_store_growth_std,-0.24586
BRD_20160858,2024,두찜,외식,한식,603.0,0.00030012482662968097,0.05670365915952451,0.012482662968099861,Low,f_struct_stores_per_region,-0.4134,f_ind_contract_end_pct,-0.3037,f_trd_store_growth_std,-0.25803
BRD_20090100502,2024,빽다방,외식,커피,1712.0,0.0003001178918169209,0.05484484665945133,0.011789181692094313,Low,f_struct_stores_per_region,-0.41338,f_ind_contract_end_pct,-0.24448,f_trd_store_growth_std,-0.23406
BRD_20160973,2024,카페051(cafe051),외식,커피,226.0,0.00030011095700416084,0.05454378623756532,0.011095700416088766,Low,f_struct_stores_per_region,-0.44262,f_ind_contract_end_pct,-0.30351,f_lvl_emp_cnt_log,-0.16416
BRD_20080100159,2024,도미노피자,외식,피자,373.0,0.00030010402219140083,0.05444857072649616,0.010402219140083218,Low,f_struct_stores_per_region,-0.41658,f_lvl_biz_age,-0.33753,f_trd_store_growth_std,-0.2323
BRD_20080200106,2024,처갓집양념치킨,외식,치킨,1254.0,0.00030009708737864076,0.05413557436541281,0.009708737864077669,Low,f_struct_stores_per_region,-0.43571,f_lvl_biz_age,-0.29048,f_trd_store_growth_std,-0.24248
BRD_20080100076,2024,파파존스피자,외식,피자,250.0,0.0003000901525658807,0.053816684189893285,0.009015256588072122,Low,f_struct_stores_per_region,-0.41221,f_trd_store_growth_std,-0.23718,f_lvl_emp_cnt_log,-0.21026
BRD_20130100283,2024,불닭발땡초동대문엽기떡볶이,외식,기타 외식,650.0,0.00030008321775312064,0.053556736344683185,0.008321775312066574,Low,f_struct_stores_per_region,-0.40056,f_lvl_biz_age,-0.26464,f_ind_contract_end_pct,-0.208
BRD_20080500015,2024,배스킨라빈스,외식,아이스크림/빙수,1706.0,0.00030007628294036057,0.05341151700516125,0.0076282940360610264,Low,f_struct_stores_per_region,-0.43062,f_lvl_biz_age,-0.30564,f_trd_store_growth_std,-0.23648
BRD_20080100430,2024,미소야,외식,일식,180.0,0.0003000693481276005,0.05335960316877916,0.006934812760055479,Low,f_struct_stores_per_region,-0.35616,f_lvl_biz_age,-0.29173,f_ind_contract_end_pct,-0.24787
BRD_20080500016,2024,던킨/던킨도너츠,외식,제과제빵,616.0,0.0003000624133148405,0.053357360883222925,0.0062413314840499305,Low,f_struct_stores_per_region,-0.41574,f_lvl_biz_age,-0.30055,f_ind_contract_end_pct,-0.23743
BRD_20080200030,2024,굽네치킨,외식,치킨,1154.0,0.00030005547850208043,0.052323355508370833,0.005547850208044383,Low,f_struct_stores_per_region,-0.41304,f_trd_store_growth_std,-0.24586,f_ind_contract_end_pct,-0.20869
BRD_20080100157,2024,맘스터치,외식,패스트푸드,1444.0,0.00030004854368932037,0.052292860089530116,0.0048543689320388345,Low,f_struct_stores_per_region,-0.39664,f_lvl_biz_age,-0.28286,f_trd_store_growth_std,-0.21811
BRD_20080500031,2024,이삭토스트,외식,분식,894.0,0.0003000416088765603,0.05194620793186402,0.004160887656033287,Low,f_struct_stores_per_region,-0.40369,f_lvl_biz_age,-0.2798,f_trd_store_growth_std,-0.21948
BRD_20100100453,2024,토마토김밥,외식,분식,103.0,0.00030003467406380024,0.05100218441759947,0.0034674063800277394,Low,f_struct_stores_per_region,-0.42185,f_ind_contract_end_pct,-0.30507,f_trd_store_growth_std,-0.2123
BRD_20080100039,2024,뚜레쥬르,외식,제과제빵,1307.0,0.0003000277392510402,0.05094863893761404,0.0027739251040221915,Low,f_struct_stores_per_region,-0.39634,f_ind_contract_end_pct,-0.25434,f_lvl_biz_age,-0.23716
BRD_20080600002,2024,교촌치킨,외식,치킨,1361.0,0.00030002080443828017,0.05064637862271289,0.0020804438280166435,Low,f_struct_stores_per_region,-0.41112,f_lvl_biz_age,-0.2798,f_trd_store_growth_std,-0.21948
BRD_20080100308,2024,한솥,외식,한식,811.0,0.0003000138696255201,0.04535175593290345,0.0013869625520110957,Low,f_struct_stores_per_region,-0.43316,f_lvl_biz_age,-0.27155,f_ind_contract_end_pct,-0.24921
BRD_20080300013,2024,지코바양념치킨,외식,치킨,743.0,0.00030000693481276004,0.04450774466834449,0.0006934812760055479,Low,f_struct_stores_per_region,-0.40292,f_lvl_biz_age,-0.31033,f_trd_store_growth_std,-0.25667
